t,x,u_pred,u_exact
0.000000,0.000000,0.000000,0.000000
0.000000,0.010000,0.031411,0.031411
0.000000,0.020000,0.062791,0.062791
0.000000,0.030000,0.094108,0.094108
0.000000,0.040000,0.125333,0.125333
0.000000,0.050000,0.156434,0.156434
0.000000,0.060000,0.187381,0.187381
0.000000,0.070000,0.218143,0.218143
0.000000,0.080000,0.248690,0.248690
0.000000,0.090000,0.278991,0.278991
0.000000,0.100000,0.309017,0.309017
0.000000,0.110000,0.338738,0.338738
0.000000,0.120000,0.368125,0.368125
0.000000,0.130000,0.397148,0.397148
0.000000,0.140000,0.425779,0.425779
0.000000,0.150000,0.453991,0.453991
0.000000,0.160000,0.481754,0.481754
0.000000,0.170000,0.509041,0.509041
0.000000,0.180000,0.535827,0.535827
0.000000,0.190000,0.562083,0.562083
0.000000,0.200000,0.587785,0.587785
0.000000,0.210000,0.612907,0.612907
0.000000,0.220000,0.637424,0.637424
0.000000,0.230000,0.661312,0.661312
0.000000,0.240000,0.684547,0.684547
0.000000,0.250000,0.707107,0.707107
0.000000,0.260000,0.728969,0.728969
0.000000,0.270000,0.750111,0.750111
0.000000,0.280000,0.770513,0.770513
0.000000,0.290000,0.790155,0.790155
0.000000,0.300000,0.809017,0.809017
0.000000,0.310000,0.827081,0.827081
0.000000,0.320000,0.844328,0.844328
0.000000,0.330000,0.860742,0.860742
0.000000,0.340000,0.876307,0.876307
0.000000,0.350000,0.891007,0.891007
0.000000,0.360000,0.904827,0.904827
0.000000,0.370000,0.917755,0.917755
0.000000,0.380000,0.929776,0.929776
0.000000,0.390000,0.940881,0.940881
0.000000,0.400000,0.951057,0.951057
0.000000,0.410000,0.960294,0.960294
0.000000,0.420000,0.968583,0.968583
0.000000,0.430000,0.975917,0.975917
0.000000,0.440000,0.982287,0.982287
0.000000,0.450000,0.987688,0.987688
0.000000,0.460000,0.992115,0.992115
0.000000,0.470000,0.995562,0.995562
0.000000,0.480000,0.998027,0.998027
0.000000,0.490000,0.999507,0.999507
0.000000,0.500000,1.000000,1.000000
0.000000,0.510000,0.999507,0.999507
0.000000,0.520000,0.998027,0.998027
0.000000,0.530000,0.995562,0.995562
0.000000,0.540000,0.992115,0.992115
0.000000,0.550000,0.987688,0.987688
0.000000,0.560000,0.982287,0.982287
0.000000,0.570000,0.975917,0.975917
0.000000,0.580000,0.968583,0.968583
0.000000,0.590000,0.960294,0.960294
0.000000,0.600000,0.951056,0.951056
0.000000,0.610000,0.940881,0.940881
0.000000,0.620000,0.929776,0.929776
0.000000,0.630000,0.917755,0.917755
0.000000,0.640000,0.904827,0.904827
0.000000,0.650000,0.891007,0.891007
0.000000,0.660000,0.876307,0.876307
0.000000,0.670000,0.860742,0.860742
0.000000,0.680000,0.844328,0.844328
0.000000,0.690000,0.827080,0.827080
0.000000,0.700000,0.809017,0.809017
0.000000,0.710000,0.790155,0.790155
0.000000,0.720000,0.770513,0.770513
0.000000,0.730000,0.750111,0.750111
0.000000,0.740000,0.728969,0.728969
0.000000,0.750000,0.707107,0.707107
0.000000,0.760000,0.684547,0.684547
0.000000,0.770000,0.661312,0.661312
0.000000,0.780000,0.637424,0.637424
0.000000,0.790000,0.612907,0.612907
0.000000,0.800000,0.587785,0.587785
0.000000,0.810000,0.562083,0.562083
0.000000,0.820000,0.535827,0.535827
0.000000,0.830000,0.509041,0.509041
0.000000,0.840000,0.481754,0.481754
0.000000,0.850000,0.453990,0.453990
0.000000,0.860000,0.425779,0.425779
0.000000,0.870000,0.397148,0.397148
0.000000,0.880000,0.368124,0.368124
0.000000,0.890000,0.338738,0.338738
0.000000,0.900000,0.309017,0.309017
0.000000,0.910000,0.278991,0.278991
0.000000,0.920000,0.248690,0.248690
0.000000,0.930000,0.218143,0.218143
0.000000,0.940000,0.187381,0.187381
0.000000,0.950000,0.156434,0.156434
0.000000,0.960000,0.125333,0.125333
0.000000,0.970000,0.094108,0.094108
0.000000,0.980000,0.062790,0.062790
0.000000,0.990000,0.031411,0.031411
0.000000,1.000000,-0.000000,-0.000000
0.010000,0.000000,0.000000,0.000000
0.010000,0.010000,0.031096,0.031102
0.010000,0.020000,0.062162,0.062174
0.010000,0.030000,0.093166,0.093184
0.010000,0.040000,0.124078,0.124102
0.010000,0.050000,0.154868,0.154898
0.010000,0.060000,0.185505,0.185541
0.010000,0.070000,0.215959,0.216001
0.010000,0.080000,0.246200,0.246248
0.010000,0.090000,0.276198,0.276251
0.010000,0.100000,0.305923,0.305982
0.010000,0.110000,0.335346,0.335411
0.010000,0.120000,0.364439,0.364509
0.010000,0.130000,0.393171,0.393247
0.010000,0.140000,0.421516,0.421598
0.010000,0.150000,0.449445,0.449532
0.010000,0.160000,0.476930,0.477022
0.010000,0.170000,0.503945,0.504042
0.010000,0.180000,0.530462,0.530564
0.010000,0.190000,0.556455,0.556563
0.010000,0.200000,0.581900,0.582013
0.010000,0.210000,0.606770,0.606888
0.010000,0.220000,0.631042,0.631164
0.010000,0.230000,0.654690,0.654817
0.010000,0.240000,0.677693,0.677824
0.010000,0.250000,0.700027,0.700162
0.010000,0.260000,0.721670,0.721809
0.010000,0.270000,0.742601,0.742744
0.010000,0.280000,0.762798,0.762946
0.010000,0.290000,0.782243,0.782395
0.010000,0.300000,0.800917,0.801072
0.010000,0.310000,0.818799,0.818958
0.010000,0.320000,0.835874,0.836036
0.010000,0.330000,0.852124,0.852289
0.010000,0.340000,0.867533,0.867700
0.010000,0.350000,0.882085,0.882256
0.010000,0.360000,0.895767,0.895941
0.010000,0.370000,0.908566,0.908741
0.010000,0.380000,0.920467,0.920645
0.010000,0.390000,0.931460,0.931640
0.010000,0.400000,0.941534,0.941716
0.010000,0.410000,0.950679,0.950863
0.010000,0.420000,0.958885,0.959071
0.010000,0.430000,0.966145,0.966332
0.010000,0.440000,0.972452,0.972640
0.010000,0.450000,0.977799,0.977988
0.010000,0.460000,0.982181,0.982371
0.010000,0.470000,0.985594,0.985784
0.010000,0.480000,0.988034,0.988225
0.010000,0.490000,0.989499,0.989690
0.010000,0.500000,0.989987,0.990179
0.010000,0.510000,0.989499,0.989690
0.010000,0.520000,0.988034,0.988225
0.010000,0.530000,0.985594,0.985784
0.010000,0.540000,0.982181,0.982371
0.010000,0.550000,0.977799,0.977988
0.010000,0.560000,0.972452,0.972640
0.010000,0.570000,0.966145,0.966332
0.010000,0.580000,0.958885,0.959071
0.010000,0.590000,0.950679,0.950863
0.010000,0.600000,0.941534,0.941716
0.010000,0.610000,0.931460,0.931640
0.010000,0.620000,0.920467,0.920645
0.010000,0.630000,0.908565,0.908741
0.010000,0.640000,0.895767,0.895941
0.010000,0.650000,0.882085,0.882256
0.010000,0.660000,0.867532,0.867700
0.010000,0.670000,0.852124,0.852289
0.010000,0.680000,0.835874,0.836036
0.010000,0.690000,0.818799,0.818958
0.010000,0.700000,0.800917,0.801072
0.010000,0.710000,0.782244,0.782395
0.010000,0.720000,0.762798,0.762946
0.010000,0.730000,0.742600,0.742744
0.010000,0.740000,0.721670,0.721809
0.010000,0.750000,0.700027,0.700162
0.010000,0.760000,0.677693,0.677824
0.010000,0.770000,0.654690,0.654817
0.010000,0.780000,0.631042,0.631164
0.010000,0.790000,0.606770,0.606888
0.010000,0.800000,0.581900,0.582013
0.010000,0.810000,0.556455,0.556563
0.010000,0.820000,0.530462,0.530564
0.010000,0.830000,0.503944,0.504042
0.010000,0.840000,0.476930,0.477022
0.010000,0.850000,0.449445,0.449532
0.010000,0.860000,0.421516,0.421598
0.010000,0.870000,0.393171,0.393247
0.010000,0.880000,0.364439,0.364509
0.010000,0.890000,0.335346,0.335411
0.010000,0.900000,0.305923,0.305982
0.010000,0.910000,0.276197,0.276251
0.010000,0.920000,0.246200,0.246247
0.010000,0.930000,0.215959,0.216001
0.010000,0.940000,0.185505,0.185541
0.010000,0.950000,0.154868,0.154898
0.010000,0.960000,0.124078,0.124102
0.010000,0.970000,0.093166,0.093184
0.010000,0.980000,0.062162,0.062174
0.010000,0.990000,0.031096,0.031102
0.010000,1.000000,-0.000000,-0.000000
0.020000,0.000000,0.000000,0.000000
0.020000,0.010000,0.030786,0.030797
0.020000,0.020000,0.061541,0.061563
0.020000,0.030000,0.092235,0.092269
0.020000,0.040000,0.122838,0.122884
0.020000,0.050000,0.153321,0.153377
0.020000,0.060000,0.183651,0.183719
0.020000,0.070000,0.213801,0.213879
0.020000,0.080000,0.243740,0.243829
0.020000,0.090000,0.273438,0.273538
0.020000,0.100000,0.302866,0.302977
0.020000,0.110000,0.331995,0.332117
0.020000,0.120000,0.360797,0.360929
0.020000,0.130000,0.389243,0.389385
0.020000,0.140000,0.417304,0.417457
0.020000,0.150000,0.444954,0.445117
0.020000,0.160000,0.472164,0.472338
0.020000,0.170000,0.498909,0.499092
0.020000,0.180000,0.525161,0.525354
0.020000,0.190000,0.550895,0.551097
0.020000,0.200000,0.576085,0.576297
0.020000,0.210000,0.600707,0.600927
0.020000,0.220000,0.624736,0.624965
0.020000,0.230000,0.648148,0.648386
0.020000,0.240000,0.670921,0.671167
0.020000,0.250000,0.693032,0.693286
0.020000,0.260000,0.714458,0.714720
0.020000,0.270000,0.735180,0.735450
0.020000,0.280000,0.755176,0.755453
0.020000,0.290000,0.774427,0.774711
0.020000,0.300000,0.792914,0.793204
0.020000,0.310000,0.810618,0.810915
0.020000,0.320000,0.827522,0.827825
0.020000,0.330000,0.843609,0.843918
0.020000,0.340000,0.858864,0.859179
0.020000,0.350000,0.873271,0.873591
0.020000,0.360000,0.886817,0.887142
0.020000,0.370000,0.899487,0.899817
0.020000,0.380000,0.911269,0.911603
0.020000,0.390000,0.922153,0.922491
0.020000,0.400000,0.932126,0.932468
0.020000,0.410000,0.941179,0.941524
0.020000,0.420000,0.949304,0.949652
0.020000,0.430000,0.956491,0.956842
0.020000,0.440000,0.962735,0.963088
0.020000,0.450000,0.968028,0.968383
0.020000,0.460000,0.972367,0.972723
0.020000,0.470000,0.975745,0.976103
0.020000,0.480000,0.978161,0.978520
0.020000,0.490000,0.979611,0.979971
0.020000,0.500000,0.980095,0.980454
0.020000,0.510000,0.979611,0.979971
0.020000,0.520000,0.978161,0.978520
0.020000,0.530000,0.975745,0.976103
0.020000,0.540000,0.972367,0.972723
0.020000,0.550000,0.968028,0.968383
0.020000,0.560000,0.962735,0.963088
0.020000,0.570000,0.956491,0.956842
0.020000,0.580000,0.949304,0.949652
0.020000,0.590000,0.941179,0.941524
0.020000,0.600000,0.932126,0.932467
0.020000,0.610000,0.922153,0.922491
0.020000,0.620000,0.911269,0.911603
0.020000,0.630000,0.899487,0.899816
0.020000,0.640000,0.886816,0.887142
0.020000,0.650000,0.873271,0.873591
0.020000,0.660000,0.858864,0.859179
0.020000,0.670000,0.843609,0.843918
0.020000,0.680000,0.827522,0.827825
0.020000,0.690000,0.810617,0.810915
0.020000,0.700000,0.792913,0.793204
0.020000,0.710000,0.774427,0.774711
0.020000,0.720000,0.755176,0.755453
0.020000,0.730000,0.735180,0.735449
0.020000,0.740000,0.714458,0.714720
0.020000,0.750000,0.693032,0.693286
0.020000,0.760000,0.670921,0.671167
0.020000,0.770000,0.648148,0.648386
0.020000,0.780000,0.624736,0.624965
0.020000,0.790000,0.600707,0.600927
0.020000,0.800000,0.576085,0.576297
0.020000,0.810000,0.550895,0.551097
0.020000,0.820000,0.525161,0.525354
0.020000,0.830000,0.498909,0.499092
0.020000,0.840000,0.472164,0.472338
0.020000,0.850000,0.444954,0.445117
0.020000,0.860000,0.417304,0.417457
0.020000,0.870000,0.389243,0.389385
0.020000,0.880000,0.360797,0.360929
0.020000,0.890000,0.331995,0.332117
0.020000,0.900000,0.302866,0.302977
0.020000,0.910000,0.273438,0.273538
0.020000,0.920000,0.243739,0.243829
0.020000,0.930000,0.213801,0.213879
0.020000,0.940000,0.183651,0.183719
0.020000,0.950000,0.153321,0.153377
0.020000,0.960000,0.122838,0.122883
0.020000,0.970000,0.092235,0.092269
0.020000,0.980000,0.061541,0.061563
0.020000,0.990000,0.030785,0.030797
0.020000,1.000000,-0.000000,-0.000000
0.030000,0.000000,0.000000,0.000000
0.030000,0.010000,0.030478,0.030494
0.030000,0.020000,0.060927,0.060959
0.030000,0.030000,0.091315,0.091363
0.030000,0.040000,0.121613,0.121677
0.030000,0.050000,0.151792,0.151871
0.030000,0.060000,0.181820,0.181915
0.030000,0.070000,0.211669,0.211779
0.030000,0.080000,0.241309,0.241434
0.030000,0.090000,0.270711,0.270852
0.030000,0.100000,0.299845,0.300002
0.030000,0.110000,0.328684,0.328855
0.030000,0.120000,0.357199,0.357385
0.030000,0.130000,0.385361,0.385561
0.030000,0.140000,0.413142,0.413357
0.030000,0.150000,0.440516,0.440746
0.030000,0.160000,0.467455,0.467699
0.030000,0.170000,0.493933,0.494190
0.030000,0.180000,0.519924,0.520194
0.030000,0.190000,0.545401,0.545685
0.030000,0.200000,0.570340,0.570637
0.030000,0.210000,0.594716,0.595026
0.030000,0.220000,0.618505,0.618827
0.030000,0.230000,0.641684,0.642018
0.030000,0.240000,0.664230,0.664576
0.030000,0.250000,0.686120,0.686477
0.030000,0.260000,0.707333,0.707701
0.030000,0.270000,0.727848,0.728227
0.030000,0.280000,0.747645,0.748034
0.030000,0.290000,0.766703,0.767102
0.030000,0.300000,0.785006,0.785414
0.030000,0.310000,0.802533,0.802951
0.030000,0.320000,0.819269,0.819695
0.030000,0.330000,0.835195,0.835630
0.030000,0.340000,0.850298,0.850741
0.030000,0.350000,0.864562,0.865012
0.030000,0.360000,0.877972,0.878429
0.030000,0.370000,0.890516,0.890979
0.030000,0.380000,0.902181,0.902650
0.030000,0.390000,0.912956,0.913431
0.030000,0.400000,0.922829,0.923310
0.030000,0.410000,0.931792,0.932277
0.030000,0.420000,0.939836,0.940325
0.030000,0.430000,0.946952,0.947445
0.030000,0.440000,0.953133,0.953629
0.030000,0.450000,0.958374,0.958873
0.030000,0.460000,0.962669,0.963170
0.030000,0.470000,0.966014,0.966517
0.030000,0.480000,0.968406,0.968910
0.030000,0.490000,0.969841,0.970346
0.030000,0.500000,0.970320,0.970825
0.030000,0.510000,0.969841,0.970346
0.030000,0.520000,0.968406,0.968910
0.030000,0.530000,0.966014,0.966517
0.030000,0.540000,0.962669,0.963170
0.030000,0.550000,0.958374,0.958873
0.030000,0.560000,0.953133,0.953629
0.030000,0.570000,0.946952,0.947445
0.030000,0.580000,0.939836,0.940325
0.030000,0.590000,0.931792,0.932277
0.030000,0.600000,0.922829,0.923310
0.030000,0.610000,0.912956,0.913431
0.030000,0.620000,0.902181,0.902650
0.030000,0.630000,0.890516,0.890979
0.030000,0.640000,0.877972,0.878429
0.030000,0.650000,0.864562,0.865012
0.030000,0.660000,0.850298,0.850741
0.030000,0.670000,0.835195,0.835630
0.030000,0.680000,0.819268,0.819695
0.030000,0.690000,0.802533,0.802951
0.030000,0.700000,0.785006,0.785414
0.030000,0.710000,0.766703,0.767102
0.030000,0.720000,0.747644,0.748034
0.030000,0.730000,0.727848,0.728227
0.030000,0.740000,0.707333,0.707701
0.030000,0.750000,0.686120,0.686477
0.030000,0.760000,0.664230,0.664576
0.030000,0.770000,0.641684,0.642018
0.030000,0.780000,0.618505,0.618827
0.030000,0.790000,0.594716,0.595026
0.030000,0.800000,0.570340,0.570637
0.030000,0.810000,0.545401,0.545685
0.030000,0.820000,0.519924,0.520194
0.030000,0.830000,0.493933,0.494190
0.030000,0.840000,0.467455,0.467699
0.030000,0.850000,0.440516,0.440745
0.030000,0.860000,0.413142,0.413357
0.030000,0.870000,0.385361,0.385561
0.030000,0.880000,0.357199,0.357384
0.030000,0.890000,0.328684,0.328855
0.030000,0.900000,0.299845,0.300002
0.030000,0.910000,0.270711,0.270851
0.030000,0.920000,0.241309,0.241434
0.030000,0.930000,0.211669,0.211779
0.030000,0.940000,0.181820,0.181914
0.030000,0.950000,0.151792,0.151871
0.030000,0.960000,0.121613,0.121677
0.030000,0.970000,0.091315,0.091362
0.030000,0.980000,0.060927,0.060959
0.030000,0.990000,0.030478,0.030494
0.030000,1.000000,-0.000000,-0.000000
0.040000,0.000000,0.000000,0.000000
0.040000,0.010000,0.030175,0.030195
0.040000,0.020000,0.060320,0.060360
0.040000,0.030000,0.090406,0.090465
0.040000,0.040000,0.120403,0.120482
0.040000,0.050000,0.150281,0.150379
0.040000,0.060000,0.180010,0.180128
0.040000,0.070000,0.209562,0.209699
0.040000,0.080000,0.238907,0.239063
0.040000,0.090000,0.268016,0.268192
0.040000,0.100000,0.296861,0.297055
0.040000,0.110000,0.325412,0.325626
0.040000,0.120000,0.353643,0.353875
0.040000,0.130000,0.381525,0.381775
0.040000,0.140000,0.409030,0.409298
0.040000,0.150000,0.436131,0.436417
0.040000,0.160000,0.462802,0.463105
0.040000,0.170000,0.489016,0.489337
0.040000,0.180000,0.514748,0.515085
0.040000,0.190000,0.539972,0.540326
0.040000,0.200000,0.564662,0.565032
0.040000,0.210000,0.588796,0.589182
0.040000,0.220000,0.612348,0.612750
0.040000,0.230000,0.635297,0.635713
0.040000,0.240000,0.657618,0.658049
0.040000,0.250000,0.679290,0.679735
0.040000,0.260000,0.700292,0.700751
0.040000,0.270000,0.720602,0.721075
0.040000,0.280000,0.740202,0.740687
0.040000,0.290000,0.759071,0.759569
0.040000,0.300000,0.777191,0.777701
0.040000,0.310000,0.794544,0.795065
0.040000,0.320000,0.811113,0.811645
0.040000,0.330000,0.826881,0.827423
0.040000,0.340000,0.841834,0.842386
0.040000,0.350000,0.855955,0.856516
0.040000,0.360000,0.869232,0.869802
0.040000,0.370000,0.881651,0.882229
0.040000,0.380000,0.893200,0.893786
0.040000,0.390000,0.903867,0.904460
0.040000,0.400000,0.913643,0.914242
0.040000,0.410000,0.922517,0.923121
0.040000,0.420000,0.930480,0.931090
0.040000,0.430000,0.937525,0.938140
0.040000,0.440000,0.943645,0.944264
0.040000,0.450000,0.948834,0.949456
0.040000,0.460000,0.953086,0.953711
0.040000,0.470000,0.956398,0.957024
0.040000,0.480000,0.958765,0.959394
0.040000,0.490000,0.960187,0.960816
0.040000,0.500000,0.960661,0.961291
0.040000,0.510000,0.960187,0.960816
0.040000,0.520000,0.958765,0.959394
0.040000,0.530000,0.956398,0.957024
0.040000,0.540000,0.953086,0.953711
0.040000,0.550000,0.948834,0.949456
0.040000,0.560000,0.943645,0.944264
0.040000,0.570000,0.937525,0.938140
0.040000,0.580000,0.930480,0.931090
0.040000,0.590000,0.922517,0.923121
0.040000,0.600000,0.913643,0.914242
0.040000,0.610000,0.903867,0.904460
0.040000,0.620000,0.893200,0.893785
0.040000,0.630000,0.881651,0.882229
0.040000,0.640000,0.869232,0.869802
0.040000,0.650000,0.855955,0.856516
0.040000,0.660000,0.841834,0.842385
0.040000,0.670000,0.826881,0.827423
0.040000,0.680000,0.811113,0.811645
0.040000,0.690000,0.794544,0.795065
0.040000,0.700000,0.777191,0.777701
0.040000,0.710000,0.759071,0.759569
0.040000,0.720000,0.740202,0.740687
0.040000,0.730000,0.720602,0.721075
0.040000,0.740000,0.700292,0.700751
0.040000,0.750000,0.679290,0.679735
0.040000,0.760000,0.657618,0.658049
0.040000,0.770000,0.635297,0.635713
0.040000,0.780000,0.612348,0.612750
0.040000,0.790000,0.588796,0.589182
0.040000,0.800000,0.564662,0.565032
0.040000,0.810000,0.539972,0.540325
0.040000,0.820000,0.514748,0.515085
0.040000,0.830000,0.489016,0.489337
0.040000,0.840000,0.462802,0.463105
0.040000,0.850000,0.436131,0.436417
0.040000,0.860000,0.409029,0.409298
0.040000,0.870000,0.381524,0.381774
0.040000,0.880000,0.353643,0.353875
0.040000,0.890000,0.325412,0.325626
0.040000,0.900000,0.296861,0.297055
0.040000,0.910000,0.268016,0.268191
0.040000,0.920000,0.238906,0.239063
0.040000,0.930000,0.209562,0.209699
0.040000,0.940000,0.180010,0.180128
0.040000,0.950000,0.150280,0.150379
0.040000,0.960000,0.120403,0.120482
0.040000,0.970000,0.090406,0.090465
0.040000,0.980000,0.060320,0.060360
0.040000,0.990000,0.030175,0.030195
0.040000,1.000000,-0.000000,-0.000000
0.050000,0.000000,0.000000,0.000000
0.050000,0.010000,0.029875,0.029898
0.050000,0.020000,0.059721,0.059767
0.050000,0.030000,0.089508,0.089577
0.050000,0.040000,0.119206,0.119298
0.050000,0.050000,0.148787,0.148902
0.050000,0.060000,0.178221,0.178359
0.050000,0.070000,0.207479,0.207640
0.050000,0.080000,0.236533,0.236715
0.050000,0.090000,0.265353,0.265558
0.050000,0.100000,0.293911,0.294138
0.050000,0.110000,0.322179,0.322428
0.050000,0.120000,0.350129,0.350399
0.050000,0.130000,0.377733,0.378025
0.050000,0.140000,0.404965,0.405278
0.050000,0.150000,0.431797,0.432131
0.050000,0.160000,0.458203,0.458557
0.050000,0.170000,0.484157,0.484531
0.050000,0.180000,0.509633,0.510027
0.050000,0.190000,0.534606,0.535019
0.050000,0.200000,0.559051,0.559483
0.050000,0.210000,0.582945,0.583395
0.050000,0.220000,0.606263,0.606732
0.050000,0.230000,0.628983,0.629470
0.050000,0.240000,0.651083,0.651586
0.050000,0.250000,0.672539,0.673059
0.050000,0.260000,0.693333,0.693869
0.050000,0.270000,0.713442,0.713993
0.050000,0.280000,0.732846,0.733413
0.050000,0.290000,0.751528,0.752109
0.050000,0.300000,0.769468,0.770063
0.050000,0.310000,0.786648,0.787257
0.050000,0.320000,0.803052,0.803673
0.050000,0.330000,0.818664,0.819297
0.050000,0.340000,0.833468,0.834112
0.050000,0.350000,0.847449,0.848104
0.050000,0.360000,0.860594,0.861260
0.050000,0.370000,0.872890,0.873565
0.050000,0.380000,0.884324,0.885008
0.050000,0.390000,0.894885,0.895577
0.050000,0.400000,0.904564,0.905263
0.050000,0.410000,0.913349,0.914055
0.050000,0.420000,0.921233,0.921946
0.050000,0.430000,0.928209,0.928926
0.050000,0.440000,0.934268,0.934990
0.050000,0.450000,0.939405,0.940131
0.050000,0.460000,0.943615,0.944344
0.050000,0.470000,0.946893,0.947625
0.050000,0.480000,0.949238,0.949972
0.050000,0.490000,0.950645,0.951380
0.050000,0.500000,0.951114,0.951850
0.050000,0.510000,0.950645,0.951380
0.050000,0.520000,0.949238,0.949972
0.050000,0.530000,0.946893,0.947625
0.050000,0.540000,0.943615,0.944344
0.050000,0.550000,0.939405,0.940131
0.050000,0.560000,0.934268,0.934990
0.050000,0.570000,0.928209,0.928926
0.050000,0.580000,0.921233,0.921946
0.050000,0.590000,0.913349,0.914055
0.050000,0.600000,0.904564,0.905263
0.050000,0.610000,0.894885,0.895577
0.050000,0.620000,0.884324,0.885008
0.050000,0.630000,0.872890,0.873565
0.050000,0.640000,0.860594,0.861259
0.050000,0.650000,0.847449,0.848104
0.050000,0.660000,0.833468,0.834112
0.050000,0.670000,0.818664,0.819297
0.050000,0.680000,0.803052,0.803673
0.050000,0.690000,0.786648,0.787256
0.050000,0.700000,0.769468,0.770063
0.050000,0.710000,0.751528,0.752109
0.050000,0.720000,0.732846,0.733413
0.050000,0.730000,0.713441,0.713993
0.050000,0.740000,0.693333,0.693869
0.050000,0.750000,0.672539,0.673059
0.050000,0.760000,0.651083,0.651586
0.050000,0.770000,0.628983,0.629470
0.050000,0.780000,0.606263,0.606732
0.050000,0.790000,0.582945,0.583395
0.050000,0.800000,0.559051,0.559483
0.050000,0.810000,0.534606,0.535019
0.050000,0.820000,0.509633,0.510027
0.050000,0.830000,0.484157,0.484531
0.050000,0.840000,0.458203,0.458557
0.050000,0.850000,0.431797,0.432131
0.050000,0.860000,0.404965,0.405278
0.050000,0.870000,0.377733,0.378025
0.050000,0.880000,0.350128,0.350399
0.050000,0.890000,0.322179,0.322428
0.050000,0.900000,0.293911,0.294138
0.050000,0.910000,0.265352,0.265557
0.050000,0.920000,0.236532,0.236715
0.050000,0.930000,0.207479,0.207640
0.050000,0.940000,0.178221,0.178359
0.050000,0.950000,0.148787,0.148902
0.050000,0.960000,0.119206,0.119298
0.050000,0.970000,0.089508,0.089577
0.050000,0.980000,0.059721,0.059767
0.050000,0.990000,0.029875,0.029898
0.050000,1.000000,-0.000000,-0.000000
0.060000,0.000000,0.000000,0.000000
0.060000,0.010000,0.029579,0.029605
0.060000,0.020000,0.059128,0.059180
0.060000,0.030000,0.088620,0.088697
0.060000,0.040000,0.118024,0.118127
0.060000,0.050000,0.147311,0.147440
0.060000,0.060000,0.176453,0.176607
0.060000,0.070000,0.205421,0.205600
0.060000,0.080000,0.234186,0.234391
0.060000,0.090000,0.262720,0.262950
0.060000,0.100000,0.290995,0.291249
0.060000,0.110000,0.318982,0.319261
0.060000,0.120000,0.346655,0.346958
0.060000,0.130000,0.373986,0.374313
0.060000,0.140000,0.400947,0.401298
0.060000,0.150000,0.427513,0.427887
0.060000,0.160000,0.453657,0.454054
0.060000,0.170000,0.479353,0.479772
0.060000,0.180000,0.504577,0.505018
0.060000,0.190000,0.529302,0.529764
0.060000,0.200000,0.553505,0.553989
0.060000,0.210000,0.577161,0.577666
0.060000,0.220000,0.600249,0.600773
0.060000,0.230000,0.622743,0.623288
0.060000,0.240000,0.644623,0.645187
0.060000,0.250000,0.665867,0.666449
0.060000,0.260000,0.686454,0.687054
0.060000,0.270000,0.706363,0.706981
0.060000,0.280000,0.725576,0.726210
0.060000,0.290000,0.744072,0.744722
0.060000,0.300000,0.761834,0.762500
0.060000,0.310000,0.778844,0.779525
0.060000,0.320000,0.795085,0.795780
0.060000,0.330000,0.810542,0.811251
0.060000,0.340000,0.825199,0.825920
0.060000,0.350000,0.839042,0.839775
0.060000,0.360000,0.852056,0.852801
0.060000,0.370000,0.864230,0.864985
0.060000,0.380000,0.875551,0.876316
0.060000,0.390000,0.886007,0.886782
0.060000,0.400000,0.895590,0.896372
0.060000,0.410000,0.904288,0.905078
0.060000,0.420000,0.912094,0.912891
0.060000,0.430000,0.919000,0.919803
0.060000,0.440000,0.924999,0.925807
0.060000,0.450000,0.930085,0.930898
0.060000,0.460000,0.934253,0.935070
0.060000,0.470000,0.937499,0.938319
0.060000,0.480000,0.939820,0.940642
0.060000,0.490000,0.941214,0.942037
0.060000,0.500000,0.941679,0.942502
0.060000,0.510000,0.941214,0.942037
0.060000,0.520000,0.939820,0.940642
0.060000,0.530000,0.937499,0.938319
0.060000,0.540000,0.934253,0.935070
0.060000,0.550000,0.930085,0.930898
0.060000,0.560000,0.924999,0.925807
0.060000,0.570000,0.919000,0.919803
0.060000,0.580000,0.912094,0.912891
0.060000,0.590000,0.904288,0.905078
0.060000,0.600000,0.895589,0.896372
0.060000,0.610000,0.886007,0.886782
0.060000,0.620000,0.875551,0.876316
0.060000,0.630000,0.864230,0.864985
0.060000,0.640000,0.852056,0.852801
0.060000,0.650000,0.839042,0.839775
0.060000,0.660000,0.825199,0.825920
0.060000,0.670000,0.810542,0.811251
0.060000,0.680000,0.795085,0.795780
0.060000,0.690000,0.778844,0.779525
0.060000,0.700000,0.761834,0.762500
0.060000,0.710000,0.744072,0.744722
0.060000,0.720000,0.725576,0.726210
0.060000,0.730000,0.706363,0.706981
0.060000,0.740000,0.686454,0.687054
0.060000,0.750000,0.665867,0.666449
0.060000,0.760000,0.644623,0.645187
0.060000,0.770000,0.622743,0.623287
0.060000,0.780000,0.600248,0.600773
0.060000,0.790000,0.577161,0.577666
0.060000,0.800000,0.553505,0.553988
0.060000,0.810000,0.529302,0.529764
0.060000,0.820000,0.504577,0.505018
0.060000,0.830000,0.479353,0.479772
0.060000,0.840000,0.453657,0.454054
0.060000,0.850000,0.427513,0.427887
0.060000,0.860000,0.400947,0.401298
0.060000,0.870000,0.373985,0.374312
0.060000,0.880000,0.346655,0.346958
0.060000,0.890000,0.318982,0.319261
0.060000,0.900000,0.290995,0.291249
0.060000,0.910000,0.262720,0.262949
0.060000,0.920000,0.234186,0.234390
0.060000,0.930000,0.205421,0.205600
0.060000,0.940000,0.176453,0.176607
0.060000,0.950000,0.147311,0.147440
0.060000,0.960000,0.118024,0.118127
0.060000,0.970000,0.088620,0.088697
0.060000,0.980000,0.059128,0.059180
0.060000,0.990000,0.029579,0.029605
0.060000,1.000000,-0.000000,-0.000000
0.070000,0.000000,0.000000,0.000000
0.070000,0.010000,0.029286,0.029314
0.070000,0.020000,0.058543,0.058599
0.070000,0.030000,0.087742,0.087826
0.070000,0.040000,0.116855,0.116967
0.070000,0.050000,0.145852,0.145992
0.070000,0.060000,0.174705,0.174873
0.070000,0.070000,0.203386,0.203581
0.070000,0.080000,0.231866,0.232089
0.070000,0.090000,0.260118,0.260367
0.070000,0.100000,0.288112,0.288389
0.070000,0.110000,0.315823,0.316126
0.070000,0.120000,0.343221,0.343550
0.070000,0.130000,0.370281,0.370636
0.070000,0.140000,0.396976,0.397356
0.070000,0.150000,0.423279,0.423685
0.070000,0.160000,0.449164,0.449594
0.070000,0.170000,0.474605,0.475060
0.070000,0.180000,0.499579,0.500058
0.070000,0.190000,0.524059,0.524562
0.070000,0.200000,0.548022,0.548548
0.070000,0.210000,0.571444,0.571993
0.070000,0.220000,0.594303,0.594873
0.070000,0.230000,0.616575,0.617166
0.070000,0.240000,0.638238,0.638850
0.070000,0.250000,0.659272,0.659904
0.070000,0.260000,0.679655,0.680306
0.070000,0.270000,0.699367,0.700038
0.070000,0.280000,0.718389,0.719078
0.070000,0.290000,0.736702,0.737408
0.070000,0.300000,0.754288,0.755011
0.070000,0.310000,0.771129,0.771869
0.070000,0.320000,0.787210,0.787965
0.070000,0.330000,0.802514,0.803283
0.070000,0.340000,0.817025,0.817809
0.070000,0.350000,0.830731,0.831528
0.070000,0.360000,0.843616,0.844426
0.070000,0.370000,0.855669,0.856490
0.070000,0.380000,0.866878,0.867709
0.070000,0.390000,0.877231,0.878073
0.070000,0.400000,0.886718,0.887569
0.070000,0.410000,0.895331,0.896190
0.070000,0.420000,0.903059,0.903926
0.070000,0.430000,0.909897,0.910770
0.070000,0.440000,0.915836,0.916715
0.070000,0.450000,0.920872,0.921755
0.070000,0.460000,0.924999,0.925886
0.070000,0.470000,0.928213,0.929103
0.070000,0.480000,0.930511,0.931404
0.070000,0.490000,0.931891,0.932785
0.070000,0.500000,0.932351,0.933245
0.070000,0.510000,0.931891,0.932785
0.070000,0.520000,0.930511,0.931404
0.070000,0.530000,0.928213,0.929103
0.070000,0.540000,0.924999,0.925886
0.070000,0.550000,0.920872,0.921755
0.070000,0.560000,0.915836,0.916715
0.070000,0.570000,0.909897,0.910770
0.070000,0.580000,0.903059,0.903926
0.070000,0.590000,0.895331,0.896190
0.070000,0.600000,0.886718,0.887569
0.070000,0.610000,0.877231,0.878073
0.070000,0.620000,0.866878,0.867709
0.070000,0.630000,0.855669,0.856490
0.070000,0.640000,0.843616,0.844425
0.070000,0.650000,0.830731,0.831528
0.070000,0.660000,0.817025,0.817809
0.070000,0.670000,0.802514,0.803283
0.070000,0.680000,0.787210,0.787965
0.070000,0.690000,0.771129,0.771869
0.070000,0.700000,0.754288,0.755011
0.070000,0.710000,0.736702,0.737408
0.070000,0.720000,0.718389,0.719078
0.070000,0.730000,0.699367,0.700037
0.070000,0.740000,0.679655,0.680306
0.070000,0.750000,0.659272,0.659904
0.070000,0.760000,0.638238,0.638850
0.070000,0.770000,0.616575,0.617166
0.070000,0.780000,0.594303,0.594873
0.070000,0.790000,0.571444,0.571993
0.070000,0.800000,0.548022,0.548548
0.070000,0.810000,0.524059,0.524562
0.070000,0.820000,0.499579,0.500058
0.070000,0.830000,0.474605,0.475060
0.070000,0.840000,0.449164,0.449594
0.070000,0.850000,0.423278,0.423684
0.070000,0.860000,0.396976,0.397356
0.070000,0.870000,0.370281,0.370636
0.070000,0.880000,0.343221,0.343550
0.070000,0.890000,0.315823,0.316126
0.070000,0.900000,0.288112,0.288389
0.070000,0.910000,0.260117,0.260367
0.070000,0.920000,0.231866,0.232088
0.070000,0.930000,0.203386,0.203581
0.070000,0.940000,0.174705,0.174873
0.070000,0.950000,0.145852,0.145992
0.070000,0.960000,0.116855,0.116967
0.070000,0.970000,0.087742,0.087826
0.070000,0.980000,0.058543,0.058599
0.070000,0.990000,0.029286,0.029314
0.070000,1.000000,-0.000000,-0.000000
0.080000,0.000000,0.000000,0.000000
0.080000,0.010000,0.028996,0.029026
0.080000,0.020000,0.057964,0.058023
0.080000,0.030000,0.086874,0.086964
0.080000,0.040000,0.115699,0.115818
0.080000,0.050000,0.144409,0.144558
0.080000,0.060000,0.172977,0.173155
0.080000,0.070000,0.201374,0.201582
0.080000,0.080000,0.229573,0.229809
0.080000,0.090000,0.257545,0.257810
0.080000,0.100000,0.285263,0.285556
0.080000,0.110000,0.312699,0.313021
0.080000,0.120000,0.339827,0.340176
0.080000,0.130000,0.366619,0.366996
0.080000,0.140000,0.393049,0.393454
0.080000,0.150000,0.419092,0.419523
0.080000,0.160000,0.444721,0.445179
0.080000,0.170000,0.469911,0.470395
0.080000,0.180000,0.494638,0.495147
0.080000,0.190000,0.518876,0.519410
0.080000,0.200000,0.542602,0.543160
0.080000,0.210000,0.565793,0.566375
0.080000,0.220000,0.588425,0.589031
0.080000,0.230000,0.610477,0.611105
0.080000,0.240000,0.631926,0.632576
0.080000,0.250000,0.652751,0.653423
0.080000,0.260000,0.672933,0.673625
0.080000,0.270000,0.692450,0.693163
0.080000,0.280000,0.711284,0.712016
0.080000,0.290000,0.729415,0.730166
0.080000,0.300000,0.746828,0.747596
0.080000,0.310000,0.763503,0.764288
0.080000,0.320000,0.779424,0.780226
0.080000,0.330000,0.794576,0.795394
0.080000,0.340000,0.808945,0.809777
0.080000,0.350000,0.822514,0.823361
0.080000,0.360000,0.835273,0.836132
0.080000,0.370000,0.847206,0.848078
0.080000,0.380000,0.858304,0.859188
0.080000,0.390000,0.868555,0.869449
0.080000,0.400000,0.877948,0.878852
0.080000,0.410000,0.886476,0.887388
0.080000,0.420000,0.894128,0.895048
0.080000,0.430000,0.900898,0.901825
0.080000,0.440000,0.906778,0.907712
0.080000,0.450000,0.911764,0.912703
0.080000,0.460000,0.915850,0.916793
0.080000,0.470000,0.919033,0.919979
0.080000,0.480000,0.921308,0.922256
0.080000,0.490000,0.922674,0.923624
0.080000,0.500000,0.923130,0.924080
0.080000,0.510000,0.922674,0.923624
0.080000,0.520000,0.921308,0.922256
0.080000,0.530000,0.919033,0.919979
0.080000,0.540000,0.915850,0.916793
0.080000,0.550000,0.911764,0.912703
0.080000,0.560000,0.906778,0.907712
0.080000,0.570000,0.900898,0.901825
0.080000,0.580000,0.894128,0.895048
0.080000,0.590000,0.886476,0.887388
0.080000,0.600000,0.877948,0.878852
0.080000,0.610000,0.868555,0.869449
0.080000,0.620000,0.858304,0.859188
0.080000,0.630000,0.847206,0.848078
0.080000,0.640000,0.835273,0.836132
0.080000,0.650000,0.822515,0.823361
0.080000,0.660000,0.808945,0.809777
0.080000,0.670000,0.794576,0.795394
0.080000,0.680000,0.779424,0.780226
0.080000,0.690000,0.763502,0.764288
0.080000,0.700000,0.746827,0.747596
0.080000,0.710000,0.729415,0.730166
0.080000,0.720000,0.711283,0.712016
0.080000,0.730000,0.692450,0.693162
0.080000,0.740000,0.672933,0.673625
0.080000,0.750000,0.652751,0.653423
0.080000,0.760000,0.631926,0.632576
0.080000,0.770000,0.610477,0.611105
0.080000,0.780000,0.588425,0.589031
0.080000,0.790000,0.565793,0.566375
0.080000,0.800000,0.542602,0.543160
0.080000,0.810000,0.518876,0.519410
0.080000,0.820000,0.494637,0.495147
0.080000,0.830000,0.469911,0.470395
0.080000,0.840000,0.444721,0.445179
0.080000,0.850000,0.419092,0.419523
0.080000,0.860000,0.393049,0.393454
0.080000,0.870000,0.366619,0.366996
0.080000,0.880000,0.339827,0.340176
0.080000,0.890000,0.312699,0.313021
0.080000,0.900000,0.285263,0.285556
0.080000,0.910000,0.257545,0.257810
0.080000,0.920000,0.229573,0.229809
0.080000,0.930000,0.201374,0.201582
0.080000,0.940000,0.172977,0.173155
0.080000,0.950000,0.144409,0.144558
0.080000,0.960000,0.115699,0.115818
0.080000,0.970000,0.086874,0.086963
0.080000,0.980000,0.057964,0.058023
0.080000,0.990000,0.028996,0.029026
0.080000,1.000000,-0.000000,-0.000000
0.090000,0.000000,0.000000,0.000000
0.090000,0.010000,0.028710,0.028741
0.090000,0.020000,0.057391,0.057454
0.090000,0.030000,0.086016,0.086110
0.090000,0.040000,0.114556,0.114680
0.090000,0.050000,0.142983,0.143138
0.090000,0.060000,0.171269,0.171455
0.090000,0.070000,0.199386,0.199602
0.090000,0.080000,0.227306,0.227552
0.090000,0.090000,0.255001,0.255278
0.090000,0.100000,0.282445,0.282752
0.090000,0.110000,0.309611,0.309947
0.090000,0.120000,0.336470,0.336836
0.090000,0.130000,0.362998,0.363392
0.090000,0.140000,0.389168,0.389590
0.090000,0.150000,0.414953,0.415403
0.090000,0.160000,0.440329,0.440807
0.090000,0.170000,0.465270,0.465775
0.090000,0.180000,0.489752,0.490284
0.090000,0.190000,0.513751,0.514309
0.090000,0.200000,0.537243,0.537826
0.090000,0.210000,0.560205,0.560813
0.090000,0.220000,0.582613,0.583246
0.090000,0.230000,0.604447,0.605103
0.090000,0.240000,0.625685,0.626364
0.090000,0.250000,0.646304,0.647006
0.090000,0.260000,0.666286,0.667009
0.090000,0.270000,0.685611,0.686355
0.090000,0.280000,0.704259,0.705023
0.090000,0.290000,0.722211,0.722995
0.090000,0.300000,0.739452,0.740254
0.090000,0.310000,0.755962,0.756782
0.090000,0.320000,0.771726,0.772564
0.090000,0.330000,0.786729,0.787583
0.090000,0.340000,0.800955,0.801824
0.090000,0.350000,0.814391,0.815275
0.090000,0.360000,0.827023,0.827921
0.090000,0.370000,0.838839,0.839750
0.090000,0.380000,0.849827,0.850750
0.090000,0.390000,0.859977,0.860910
0.090000,0.400000,0.869277,0.870221
0.090000,0.410000,0.877720,0.878673
0.090000,0.420000,0.885297,0.886258
0.090000,0.430000,0.892000,0.892968
0.090000,0.440000,0.897823,0.898797
0.090000,0.450000,0.902759,0.903739
0.090000,0.460000,0.906805,0.907789
0.090000,0.470000,0.909956,0.910944
0.090000,0.480000,0.912209,0.913199
0.090000,0.490000,0.913561,0.914553
0.090000,0.500000,0.914012,0.915004
0.090000,0.510000,0.913561,0.914553
0.090000,0.520000,0.912209,0.913199
0.090000,0.530000,0.909956,0.910944
0.090000,0.540000,0.906805,0.907789
0.090000,0.550000,0.902759,0.903739
0.090000,0.560000,0.897823,0.898797
0.090000,0.570000,0.892000,0.892968
0.090000,0.580000,0.885297,0.886258
0.090000,0.590000,0.877720,0.878673
0.090000,0.600000,0.869277,0.870221
0.090000,0.610000,0.859977,0.860910
0.090000,0.620000,0.849827,0.850749
0.090000,0.630000,0.838839,0.839749
0.090000,0.640000,0.827023,0.827921
0.090000,0.650000,0.814391,0.815275
0.090000,0.660000,0.800955,0.801824
0.090000,0.670000,0.786729,0.787583
0.090000,0.680000,0.771726,0.772564
0.090000,0.690000,0.755962,0.756782
0.090000,0.700000,0.739452,0.740254
0.090000,0.710000,0.722211,0.722995
0.090000,0.720000,0.704259,0.705023
0.090000,0.730000,0.685611,0.686355
0.090000,0.740000,0.666286,0.667009
0.090000,0.750000,0.646304,0.647006
0.090000,0.760000,0.625684,0.626364
0.090000,0.770000,0.604447,0.605103
0.090000,0.780000,0.582613,0.583246
0.090000,0.790000,0.560205,0.560813
0.090000,0.800000,0.537243,0.537826
0.090000,0.810000,0.513751,0.514309
0.090000,0.820000,0.489752,0.490284
0.090000,0.830000,0.465270,0.465775
0.090000,0.840000,0.440329,0.440807
0.090000,0.850000,0.414953,0.415403
0.090000,0.860000,0.389167,0.389590
0.090000,0.870000,0.362998,0.363392
0.090000,0.880000,0.336470,0.336835
0.090000,0.890000,0.309611,0.309947
0.090000,0.900000,0.282445,0.282752
0.090000,0.910000,0.255001,0.255278
0.090000,0.920000,0.227305,0.227552
0.090000,0.930000,0.199386,0.199602
0.090000,0.940000,0.171269,0.171455
0.090000,0.950000,0.142983,0.143138
0.090000,0.960000,0.114556,0.114680
0.090000,0.970000,0.086016,0.086109
0.090000,0.980000,0.057391,0.057454
0.090000,0.990000,0.028710,0.028741
0.090000,1.000000,-0.000000,-0.000000
0.100000,0.000000,0.000000,0.000000
0.100000,0.010000,0.028427,0.028459
0.100000,0.020000,0.056825,0.056889
0.100000,0.030000,0.085168,0.085264
0.100000,0.040000,0.113426,0.113554
0.100000,0.050000,0.141573,0.141732
0.100000,0.060000,0.169580,0.169771
0.100000,0.070000,0.197419,0.197642
0.100000,0.080000,0.225064,0.225318
0.100000,0.090000,0.252486,0.252771
0.100000,0.100000,0.279660,0.279975
0.100000,0.110000,0.306557,0.306903
0.100000,0.120000,0.333152,0.333527
0.100000,0.130000,0.359418,0.359823
0.100000,0.140000,0.385329,0.385764
0.100000,0.150000,0.410860,0.411324
0.100000,0.160000,0.435986,0.436478
0.100000,0.170000,0.460681,0.461201
0.100000,0.180000,0.484922,0.485469
0.100000,0.190000,0.508684,0.509258
0.100000,0.200000,0.531944,0.532544
0.100000,0.210000,0.554679,0.555305
0.100000,0.220000,0.576867,0.577518
0.100000,0.230000,0.598486,0.599160
0.100000,0.240000,0.619513,0.620212
0.100000,0.250000,0.639930,0.640651
0.100000,0.260000,0.659715,0.660459
0.100000,0.270000,0.678849,0.679614
0.100000,0.280000,0.697312,0.698099
0.100000,0.290000,0.715088,0.715895
0.100000,0.300000,0.732158,0.732984
0.100000,0.310000,0.748506,0.749350
0.100000,0.320000,0.764115,0.764976
0.100000,0.330000,0.778969,0.779848
0.100000,0.340000,0.793055,0.793950
0.100000,0.350000,0.806359,0.807268
0.100000,0.360000,0.818866,0.819790
0.100000,0.370000,0.830565,0.831502
0.100000,0.380000,0.841445,0.842394
0.100000,0.390000,0.851495,0.852455
0.100000,0.400000,0.860704,0.861674
0.100000,0.410000,0.869063,0.870043
0.100000,0.420000,0.876565,0.877554
0.100000,0.430000,0.883202,0.884198
0.100000,0.440000,0.888967,0.889970
0.100000,0.450000,0.893855,0.894863
0.100000,0.460000,0.897861,0.898874
0.100000,0.470000,0.900981,0.901997
0.100000,0.480000,0.903212,0.904230
0.100000,0.490000,0.904551,0.905571
0.100000,0.500000,0.904997,0.906018
0.100000,0.510000,0.904551,0.905571
0.100000,0.520000,0.903211,0.904230
0.100000,0.530000,0.900981,0.901997
0.100000,0.540000,0.897861,0.898874
0.100000,0.550000,0.893855,0.894863
0.100000,0.560000,0.888967,0.889970
0.100000,0.570000,0.883202,0.884198
0.100000,0.580000,0.876565,0.877554
0.100000,0.590000,0.869063,0.870043
0.100000,0.600000,0.860704,0.861674
0.100000,0.610000,0.851495,0.852455
0.100000,0.620000,0.841445,0.842394
0.100000,0.630000,0.830565,0.831502
0.100000,0.640000,0.818866,0.819790
0.100000,0.650000,0.806359,0.807268
0.100000,0.660000,0.793055,0.793950
0.100000,0.670000,0.778969,0.779848
0.100000,0.680000,0.764114,0.764976
0.100000,0.690000,0.748506,0.749350
0.100000,0.700000,0.732158,0.732984
0.100000,0.710000,0.715088,0.715895
0.100000,0.720000,0.697312,0.698099
0.100000,0.730000,0.678848,0.679614
0.100000,0.740000,0.659715,0.660459
0.100000,0.750000,0.639930,0.640651
0.100000,0.760000,0.619513,0.620212
0.100000,0.770000,0.598485,0.599160
0.100000,0.780000,0.576867,0.577518
0.100000,0.790000,0.554679,0.555305
0.100000,0.800000,0.531944,0.532544
0.100000,0.810000,0.508684,0.509258
0.100000,0.820000,0.484922,0.485469
0.100000,0.830000,0.460681,0.461201
0.100000,0.840000,0.435986,0.436478
0.100000,0.850000,0.410860,0.411323
0.100000,0.860000,0.385329,0.385764
0.100000,0.870000,0.359418,0.359823
0.100000,0.880000,0.333152,0.333527
0.100000,0.890000,0.306557,0.306903
0.100000,0.900000,0.279660,0.279975
0.100000,0.910000,0.252486,0.252771
0.100000,0.920000,0.225063,0.225317
0.100000,0.930000,0.197419,0.197642
0.100000,0.940000,0.169580,0.169771
0.100000,0.950000,0.141573,0.141732
0.100000,0.960000,0.113426,0.113554
0.100000,0.970000,0.085168,0.085264
0.100000,0.980000,0.056825,0.056889
0.100000,0.990000,0.028427,0.028459
0.100000,1.000000,-0.000000,-0.000000
0.110000,0.000000,0.000000,0.000000
0.110000,0.010000,0.028147,0.028179
0.110000,0.020000,0.056265,0.056331
0.110000,0.030000,0.084329,0.084426
0.110000,0.040000,0.112309,0.112439
0.110000,0.050000,0.140178,0.140340
0.110000,0.060000,0.167909,0.168104
0.110000,0.070000,0.195474,0.195701
0.110000,0.080000,0.222847,0.223105
0.110000,0.090000,0.249999,0.250289
0.110000,0.100000,0.276905,0.277225
0.110000,0.110000,0.303537,0.303889
0.110000,0.120000,0.329870,0.330252
0.110000,0.130000,0.355877,0.356289
0.110000,0.140000,0.381533,0.381975
0.110000,0.150000,0.406813,0.407284
0.110000,0.160000,0.431691,0.432191
0.110000,0.170000,0.456143,0.456671
0.110000,0.180000,0.480145,0.480701
0.110000,0.190000,0.503673,0.504256
0.110000,0.200000,0.526704,0.527314
0.110000,0.210000,0.549215,0.549851
0.110000,0.220000,0.571184,0.571846
0.110000,0.230000,0.592590,0.593276
0.110000,0.240000,0.613411,0.614121
0.110000,0.250000,0.633626,0.634360
0.110000,0.260000,0.653216,0.653972
0.110000,0.270000,0.672161,0.672940
0.110000,0.280000,0.690443,0.691243
0.110000,0.290000,0.708044,0.708864
0.110000,0.300000,0.724946,0.725785
0.110000,0.310000,0.741132,0.741991
0.110000,0.320000,0.756587,0.757463
0.110000,0.330000,0.771296,0.772189
0.110000,0.340000,0.785243,0.786152
0.110000,0.350000,0.798415,0.799340
0.110000,0.360000,0.810800,0.811738
0.110000,0.370000,0.822384,0.823336
0.110000,0.380000,0.833156,0.834121
0.110000,0.390000,0.843107,0.844083
0.110000,0.400000,0.852225,0.853212
0.110000,0.410000,0.860502,0.861499
0.110000,0.420000,0.867930,0.868935
0.110000,0.430000,0.874502,0.875515
0.110000,0.440000,0.880210,0.881230
0.110000,0.450000,0.885050,0.886075
0.110000,0.460000,0.889017,0.890046
0.110000,0.470000,0.892106,0.893139
0.110000,0.480000,0.894314,0.895350
0.110000,0.490000,0.895640,0.896677
0.110000,0.500000,0.896082,0.897120
0.110000,0.510000,0.895640,0.896677
0.110000,0.520000,0.894314,0.895350
0.110000,0.530000,0.892106,0.893139
0.110000,0.540000,0.889017,0.890046
0.110000,0.550000,0.885050,0.886075
0.110000,0.560000,0.880210,0.881230
0.110000,0.570000,0.874502,0.875514
0.110000,0.580000,0.867930,0.868935
0.110000,0.590000,0.860502,0.861499
0.110000,0.600000,0.852225,0.853212
0.110000,0.610000,0.843107,0.844083
0.110000,0.620000,0.833156,0.834121
0.110000,0.630000,0.822384,0.823336
0.110000,0.640000,0.810800,0.811738
0.110000,0.650000,0.798415,0.799340
0.110000,0.660000,0.785243,0.786152
0.110000,0.670000,0.771296,0.772189
0.110000,0.680000,0.756587,0.757463
0.110000,0.690000,0.741132,0.741990
0.110000,0.700000,0.724946,0.725785
0.110000,0.710000,0.708044,0.708864
0.110000,0.720000,0.690443,0.691243
0.110000,0.730000,0.672161,0.672940
0.110000,0.740000,0.653216,0.653972
0.110000,0.750000,0.633626,0.634360
0.110000,0.760000,0.613411,0.614121
0.110000,0.770000,0.592590,0.593276
0.110000,0.780000,0.571184,0.571846
0.110000,0.790000,0.549215,0.549851
0.110000,0.800000,0.526704,0.527314
0.110000,0.810000,0.503673,0.504256
0.110000,0.820000,0.480145,0.480701
0.110000,0.830000,0.456143,0.456671
0.110000,0.840000,0.431691,0.432191
0.110000,0.850000,0.406813,0.407284
0.110000,0.860000,0.381533,0.381975
0.110000,0.870000,0.355877,0.356289
0.110000,0.880000,0.329870,0.330252
0.110000,0.890000,0.303537,0.303889
0.110000,0.900000,0.276905,0.277225
0.110000,0.910000,0.249999,0.250288
0.110000,0.920000,0.222846,0.223104
0.110000,0.930000,0.195474,0.195701
0.110000,0.940000,0.167909,0.168104
0.110000,0.950000,0.140178,0.140340
0.110000,0.960000,0.112309,0.112439
0.110000,0.970000,0.084329,0.084426
0.110000,0.980000,0.056265,0.056331
0.110000,0.990000,0.028147,0.028179
0.110000,1.000000,-0.000000,-0.000000
0.120000,0.000000,0.000000,0.000000
0.120000,0.010000,0.027870,0.027902
0.120000,0.020000,0.055712,0.055777
0.120000,0.030000,0.083499,0.083597
0.120000,0.040000,0.111204,0.111335
0.120000,0.050000,0.138799,0.138962
0.120000,0.060000,0.166257,0.166453
0.120000,0.070000,0.193551,0.193779
0.120000,0.080000,0.220654,0.220914
0.120000,0.090000,0.247539,0.247830
0.120000,0.100000,0.274180,0.274503
0.120000,0.110000,0.300551,0.300904
0.120000,0.120000,0.326624,0.327008
0.120000,0.130000,0.352376,0.352790
0.120000,0.140000,0.377779,0.378224
0.120000,0.150000,0.402810,0.403284
0.120000,0.160000,0.427444,0.427946
0.120000,0.170000,0.451655,0.452186
0.120000,0.180000,0.475421,0.475980
0.120000,0.190000,0.498717,0.499304
0.120000,0.200000,0.521522,0.522135
0.120000,0.210000,0.543812,0.544451
0.120000,0.220000,0.565565,0.566230
0.120000,0.230000,0.586760,0.587450
0.120000,0.240000,0.607375,0.608090
0.120000,0.250000,0.627392,0.628130
0.120000,0.260000,0.646789,0.647550
0.120000,0.270000,0.665548,0.666331
0.120000,0.280000,0.683650,0.684454
0.120000,0.290000,0.701078,0.701902
0.120000,0.300000,0.717813,0.718657
0.120000,0.310000,0.733840,0.734703
0.120000,0.320000,0.749143,0.750024
0.120000,0.330000,0.763707,0.764605
0.120000,0.340000,0.777517,0.778431
0.120000,0.350000,0.790560,0.791489
0.120000,0.360000,0.802822,0.803766
0.120000,0.370000,0.814292,0.815250
0.120000,0.380000,0.824959,0.825929
0.120000,0.390000,0.834811,0.835793
0.120000,0.400000,0.843840,0.844832
0.120000,0.410000,0.852036,0.853038
0.120000,0.420000,0.859391,0.860401
0.120000,0.430000,0.865898,0.866916
0.120000,0.440000,0.871550,0.872575
0.120000,0.450000,0.876342,0.877373
0.120000,0.460000,0.880270,0.881305
0.120000,0.470000,0.883328,0.884367
0.120000,0.480000,0.885515,0.886556
0.120000,0.490000,0.886828,0.887871
0.120000,0.500000,0.887266,0.888309
0.120000,0.510000,0.886828,0.887871
0.120000,0.520000,0.885515,0.886556
0.120000,0.530000,0.883328,0.884367
0.120000,0.540000,0.880270,0.881305
0.120000,0.550000,0.876342,0.877373
0.120000,0.560000,0.871550,0.872575
0.120000,0.570000,0.865898,0.866916
0.120000,0.580000,0.859391,0.860401
0.120000,0.590000,0.852036,0.853038
0.120000,0.600000,0.843840,0.844832
0.120000,0.610000,0.834811,0.835793
0.120000,0.620000,0.824959,0.825929
0.120000,0.630000,0.814292,0.815250
0.120000,0.640000,0.802822,0.803766
0.120000,0.650000,0.790560,0.791489
0.120000,0.660000,0.777517,0.778431
0.120000,0.670000,0.763707,0.764605
0.120000,0.680000,0.749143,0.750024
0.120000,0.690000,0.733840,0.734703
0.120000,0.700000,0.717813,0.718657
0.120000,0.710000,0.701078,0.701902
0.120000,0.720000,0.683650,0.684454
0.120000,0.730000,0.665548,0.666331
0.120000,0.740000,0.646789,0.647550
0.120000,0.750000,0.627392,0.628130
0.120000,0.760000,0.607375,0.608090
0.120000,0.770000,0.586760,0.587449
0.120000,0.780000,0.565565,0.566230
0.120000,0.790000,0.543812,0.544451
0.120000,0.800000,0.521522,0.522135
0.120000,0.810000,0.498717,0.499304
0.120000,0.820000,0.475421,0.475980
0.120000,0.830000,0.451655,0.452186
0.120000,0.840000,0.427444,0.427946
0.120000,0.850000,0.402810,0.403284
0.120000,0.860000,0.377779,0.378224
0.120000,0.870000,0.352376,0.352790
0.120000,0.880000,0.326624,0.327008
0.120000,0.890000,0.300551,0.300904
0.120000,0.900000,0.274180,0.274503
0.120000,0.910000,0.247539,0.247830
0.120000,0.920000,0.220654,0.220913
0.120000,0.930000,0.193551,0.193779
0.120000,0.940000,0.166257,0.166453
0.120000,0.950000,0.138799,0.138962
0.120000,0.960000,0.111204,0.111335
0.120000,0.970000,0.083499,0.083597
0.120000,0.980000,0.055712,0.055777
0.120000,0.990000,0.027870,0.027902
0.120000,1.000000,-0.000000,-0.000000
0.130000,0.000000,0.000000,0.000000
0.130000,0.010000,0.027596,0.027628
0.130000,0.020000,0.055164,0.055230
0.130000,0.030000,0.082678,0.082776
0.130000,0.040000,0.110111,0.110241
0.130000,0.050000,0.137435,0.137597
0.130000,0.060000,0.164623,0.164818
0.130000,0.070000,0.191649,0.191876
0.130000,0.080000,0.218486,0.218744
0.130000,0.090000,0.245107,0.245396
0.130000,0.100000,0.271486,0.271807
0.130000,0.110000,0.297597,0.297949
0.130000,0.120000,0.323414,0.323797
0.130000,0.130000,0.348913,0.349325
0.130000,0.140000,0.374067,0.374509
0.130000,0.150000,0.398852,0.399323
0.130000,0.160000,0.423243,0.423743
0.130000,0.170000,0.447216,0.447745
0.130000,0.180000,0.470749,0.471305
0.130000,0.190000,0.493816,0.494400
0.130000,0.200000,0.516396,0.517007
0.130000,0.210000,0.538467,0.539104
0.130000,0.220000,0.560006,0.560669
0.130000,0.230000,0.580993,0.581680
0.130000,0.240000,0.601406,0.602118
0.130000,0.250000,0.621226,0.621961
0.130000,0.260000,0.640433,0.641190
0.130000,0.270000,0.659007,0.659787
0.130000,0.280000,0.676931,0.677732
0.130000,0.290000,0.694188,0.695009
0.130000,0.300000,0.710759,0.711599
0.130000,0.310000,0.726628,0.727488
0.130000,0.320000,0.741781,0.742658
0.130000,0.330000,0.756202,0.757096
0.130000,0.340000,0.769876,0.770786
0.130000,0.350000,0.782790,0.783716
0.130000,0.360000,0.794932,0.795873
0.130000,0.370000,0.806290,0.807243
0.130000,0.380000,0.816851,0.817818
0.130000,0.390000,0.826607,0.827585
0.130000,0.400000,0.835547,0.836535
0.130000,0.410000,0.843662,0.844660
0.130000,0.420000,0.850945,0.851951
0.130000,0.430000,0.857388,0.858402
0.130000,0.440000,0.862985,0.864005
0.130000,0.450000,0.867730,0.868756
0.130000,0.460000,0.871619,0.872649
0.130000,0.470000,0.874647,0.875682
0.130000,0.480000,0.876812,0.877850
0.130000,0.490000,0.878113,0.879151
0.130000,0.500000,0.878546,0.879585
0.130000,0.510000,0.878113,0.879151
0.130000,0.520000,0.876812,0.877850
0.130000,0.530000,0.874647,0.875682
0.130000,0.540000,0.871618,0.872649
0.130000,0.550000,0.867730,0.868756
0.130000,0.560000,0.862985,0.864005
0.130000,0.570000,0.857388,0.858402
0.130000,0.580000,0.850945,0.851951
0.130000,0.590000,0.843662,0.844660
0.130000,0.600000,0.835547,0.836535
0.130000,0.610000,0.826607,0.827585
0.130000,0.620000,0.816851,0.817818
0.130000,0.630000,0.806290,0.807243
0.130000,0.640000,0.794932,0.795872
0.130000,0.650000,0.782790,0.783716
0.130000,0.660000,0.769876,0.770786
0.130000,0.670000,0.756201,0.757096
0.130000,0.680000,0.741781,0.742658
0.130000,0.690000,0.726628,0.727488
0.130000,0.700000,0.710759,0.711599
0.130000,0.710000,0.694188,0.695009
0.130000,0.720000,0.676931,0.677732
0.130000,0.730000,0.659007,0.659786
0.130000,0.740000,0.640433,0.641190
0.130000,0.750000,0.621226,0.621961
0.130000,0.760000,0.601406,0.602117
0.130000,0.770000,0.580993,0.581680
0.130000,0.780000,0.560006,0.560669
0.130000,0.790000,0.538467,0.539104
0.130000,0.800000,0.516396,0.517007
0.130000,0.810000,0.493816,0.494400
0.130000,0.820000,0.470748,0.471305
0.130000,0.830000,0.447216,0.447745
0.130000,0.840000,0.423243,0.423743
0.130000,0.850000,0.398851,0.399323
0.130000,0.860000,0.374067,0.374509
0.130000,0.870000,0.348913,0.349325
0.130000,0.880000,0.323414,0.323797
0.130000,0.890000,0.297597,0.297949
0.130000,0.900000,0.271486,0.271807
0.130000,0.910000,0.245106,0.245396
0.130000,0.920000,0.218485,0.218744
0.130000,0.930000,0.191649,0.191876
0.130000,0.940000,0.164623,0.164818
0.130000,0.950000,0.137435,0.137597
0.130000,0.960000,0.110111,0.110241
0.130000,0.970000,0.082678,0.082776
0.130000,0.980000,0.055164,0.055230
0.130000,0.990000,0.027596,0.027628
0.130000,1.000000,-0.000000,-0.000000
0.140000,0.000000,0.000000,0.000000
0.140000,0.010000,0.027325,0.027357
0.140000,0.020000,0.054623,0.054687
0.140000,0.030000,0.081867,0.081963
0.140000,0.040000,0.109030,0.109159
0.140000,0.050000,0.136086,0.136246
0.140000,0.060000,0.163007,0.163199
0.140000,0.070000,0.189767,0.189991
0.140000,0.080000,0.216341,0.216596
0.140000,0.090000,0.242700,0.242986
0.140000,0.100000,0.268820,0.269137
0.140000,0.110000,0.294675,0.295023
0.140000,0.120000,0.320239,0.320617
0.140000,0.130000,0.345487,0.345895
0.140000,0.140000,0.370394,0.370831
0.140000,0.150000,0.394936,0.395402
0.140000,0.160000,0.419088,0.419582
0.140000,0.170000,0.442826,0.443348
0.140000,0.180000,0.466127,0.466677
0.140000,0.190000,0.488968,0.489545
0.140000,0.200000,0.511327,0.511930
0.140000,0.210000,0.533181,0.533809
0.140000,0.220000,0.554509,0.555162
0.140000,0.230000,0.575289,0.575967
0.140000,0.240000,0.595502,0.596204
0.140000,0.250000,0.615127,0.615852
0.140000,0.260000,0.634145,0.634893
0.140000,0.270000,0.652537,0.653307
0.140000,0.280000,0.670286,0.671076
0.140000,0.290000,0.687372,0.688183
0.140000,0.300000,0.703781,0.704611
0.140000,0.310000,0.719495,0.720343
0.140000,0.320000,0.734499,0.735365
0.140000,0.330000,0.748778,0.749660
0.140000,0.340000,0.762318,0.763216
0.140000,0.350000,0.775105,0.776019
0.140000,0.360000,0.787128,0.788056
0.140000,0.370000,0.798374,0.799315
0.140000,0.380000,0.808832,0.809786
0.140000,0.390000,0.818492,0.819457
0.140000,0.400000,0.827344,0.828320
0.140000,0.410000,0.835380,0.836365
0.140000,0.420000,0.842591,0.843584
0.140000,0.430000,0.848971,0.849972
0.140000,0.440000,0.854512,0.855520
0.140000,0.450000,0.859211,0.860224
0.140000,0.460000,0.863061,0.864079
0.140000,0.470000,0.866060,0.867081
0.140000,0.480000,0.868204,0.869228
0.140000,0.490000,0.869492,0.870517
0.140000,0.500000,0.869921,0.870947
0.140000,0.510000,0.869492,0.870517
0.140000,0.520000,0.868204,0.869228
0.140000,0.530000,0.866060,0.867081
0.140000,0.540000,0.863061,0.864079
0.140000,0.550000,0.859211,0.860224
0.140000,0.560000,0.854512,0.855520
0.140000,0.570000,0.848970,0.849971
0.140000,0.580000,0.842591,0.843584
0.140000,0.590000,0.835380,0.836365
0.140000,0.600000,0.827344,0.828319
0.140000,0.610000,0.818492,0.819457
0.140000,0.620000,0.808832,0.809786
0.140000,0.630000,0.798374,0.799315
0.140000,0.640000,0.787128,0.788056
0.140000,0.650000,0.775105,0.776019
0.140000,0.660000,0.762318,0.763216
0.140000,0.670000,0.748778,0.749660
0.140000,0.680000,0.734499,0.735365
0.140000,0.690000,0.719495,0.720343
0.140000,0.700000,0.703781,0.704611
0.140000,0.710000,0.687373,0.688183
0.140000,0.720000,0.670286,0.671076
0.140000,0.730000,0.652537,0.653307
0.140000,0.740000,0.634145,0.634893
0.140000,0.750000,0.615127,0.615852
0.140000,0.760000,0.595502,0.596204
0.140000,0.770000,0.575289,0.575967
0.140000,0.780000,0.554509,0.555162
0.140000,0.790000,0.533181,0.533809
0.140000,0.800000,0.511327,0.511930
0.140000,0.810000,0.488968,0.489545
0.140000,0.820000,0.466127,0.466676
0.140000,0.830000,0.442826,0.443348
0.140000,0.840000,0.419088,0.419582
0.140000,0.850000,0.394936,0.395401
0.140000,0.860000,0.370394,0.370831
0.140000,0.870000,0.345487,0.345895
0.140000,0.880000,0.320239,0.320617
0.140000,0.890000,0.294675,0.295023
0.140000,0.900000,0.268820,0.269137
0.140000,0.910000,0.242700,0.242986
0.140000,0.920000,0.216340,0.216595
0.140000,0.930000,0.189767,0.189991
0.140000,0.940000,0.163007,0.163199
0.140000,0.950000,0.136086,0.136246
0.140000,0.960000,0.109030,0.109159
0.140000,0.970000,0.081867,0.081963
0.140000,0.980000,0.054623,0.054687
0.140000,0.990000,0.027325,0.027357
0.140000,1.000000,-0.000000,-0.000000
0.150000,0.000000,0.000000,0.000000
0.150000,0.010000,0.027057,0.027088
0.150000,0.020000,0.054087,0.054150
0.150000,0.030000,0.081064,0.081158
0.150000,0.040000,0.107961,0.108087
0.150000,0.050000,0.134751,0.134908
0.150000,0.060000,0.161408,0.161596
0.150000,0.070000,0.187906,0.188125
0.150000,0.080000,0.214219,0.214468
0.150000,0.090000,0.240320,0.240600
0.150000,0.100000,0.266184,0.266494
0.150000,0.110000,0.291785,0.292125
0.150000,0.120000,0.317099,0.317468
0.150000,0.130000,0.342099,0.342498
0.150000,0.140000,0.366762,0.367189
0.150000,0.150000,0.391063,0.391518
0.150000,0.160000,0.414977,0.415461
0.150000,0.170000,0.438483,0.438994
0.150000,0.180000,0.461556,0.462093
0.150000,0.190000,0.484173,0.484737
0.150000,0.200000,0.506312,0.506902
0.150000,0.210000,0.527952,0.528567
0.150000,0.220000,0.549070,0.549710
0.150000,0.230000,0.569647,0.570311
0.150000,0.240000,0.589662,0.590349
0.150000,0.250000,0.609094,0.609804
0.150000,0.260000,0.627926,0.628658
0.150000,0.270000,0.646138,0.646891
0.150000,0.280000,0.663712,0.664485
0.150000,0.290000,0.680631,0.681424
0.150000,0.300000,0.696879,0.697691
0.150000,0.310000,0.712438,0.713269
0.150000,0.320000,0.727295,0.728143
0.150000,0.330000,0.741434,0.742298
0.150000,0.340000,0.754841,0.755721
0.150000,0.350000,0.767503,0.768398
0.150000,0.360000,0.779408,0.780317
0.150000,0.370000,0.790544,0.791465
0.150000,0.380000,0.800900,0.801833
0.150000,0.390000,0.810465,0.811409
0.150000,0.400000,0.819230,0.820185
0.150000,0.410000,0.827187,0.828151
0.150000,0.420000,0.834327,0.835299
0.150000,0.430000,0.840644,0.841624
0.150000,0.440000,0.846132,0.847118
0.150000,0.450000,0.850784,0.851776
0.150000,0.460000,0.854597,0.855593
0.150000,0.470000,0.857566,0.858566
0.150000,0.480000,0.859690,0.860691
0.150000,0.490000,0.860964,0.861968
0.150000,0.500000,0.861389,0.862393
0.150000,0.510000,0.860964,0.861968
0.150000,0.520000,0.859690,0.860691
0.150000,0.530000,0.857566,0.858566
0.150000,0.540000,0.854597,0.855593
0.150000,0.550000,0.850784,0.851776
0.150000,0.560000,0.846132,0.847118
0.150000,0.570000,0.840644,0.841624
0.150000,0.580000,0.834327,0.835299
0.150000,0.590000,0.827187,0.828151
0.150000,0.600000,0.819230,0.820185
0.150000,0.610000,0.810465,0.811409
0.150000,0.620000,0.800899,0.801833
0.150000,0.630000,0.790544,0.791465
0.150000,0.640000,0.779408,0.780317
0.150000,0.650000,0.767503,0.768398
0.150000,0.660000,0.754841,0.755721
0.150000,0.670000,0.741434,0.742298
0.150000,0.680000,0.727295,0.728142
0.150000,0.690000,0.712438,0.713269
0.150000,0.700000,0.696879,0.697691
0.150000,0.710000,0.680631,0.681424
0.150000,0.720000,0.663712,0.664485
0.150000,0.730000,0.646138,0.646890
0.150000,0.740000,0.627926,0.628658
0.150000,0.750000,0.609094,0.609804
0.150000,0.760000,0.589661,0.590349
0.150000,0.770000,0.569647,0.570311
0.150000,0.780000,0.549070,0.549710
0.150000,0.790000,0.527952,0.528567
0.150000,0.800000,0.506312,0.506902
0.150000,0.810000,0.484173,0.484737
0.150000,0.820000,0.461555,0.462093
0.150000,0.830000,0.438483,0.438994
0.150000,0.840000,0.414978,0.415461
0.150000,0.850000,0.391062,0.391518
0.150000,0.860000,0.366762,0.367189
0.150000,0.870000,0.342099,0.342497
0.150000,0.880000,0.317098,0.317468
0.150000,0.890000,0.291785,0.292125
0.150000,0.900000,0.266184,0.266494
0.150000,0.910000,0.240320,0.240600
0.150000,0.920000,0.214219,0.214468
0.150000,0.930000,0.187906,0.188125
0.150000,0.940000,0.161408,0.161596
0.150000,0.950000,0.134751,0.134908
0.150000,0.960000,0.107961,0.108086
0.150000,0.970000,0.081064,0.081158
0.150000,0.980000,0.054087,0.054150
0.150000,0.990000,0.027057,0.027088
0.150000,1.000000,-0.000000,-0.000000
0.160000,0.000000,0.000000,0.000000
0.160000,0.010000,0.026792,0.026822
0.160000,0.020000,0.053557,0.053618
0.160000,0.030000,0.080270,0.080361
0.160000,0.040000,0.106903,0.107025
0.160000,0.050000,0.133431,0.133583
0.160000,0.060000,0.159827,0.160009
0.160000,0.070000,0.186065,0.186278
0.160000,0.080000,0.212120,0.212362
0.160000,0.090000,0.237965,0.238237
0.160000,0.100000,0.263576,0.263877
0.160000,0.110000,0.288926,0.289256
0.160000,0.120000,0.313991,0.314350
0.160000,0.130000,0.338747,0.339134
0.160000,0.140000,0.363168,0.363583
0.160000,0.150000,0.387231,0.387673
0.160000,0.160000,0.410911,0.411381
0.160000,0.170000,0.434186,0.434682
0.160000,0.180000,0.457033,0.457555
0.160000,0.190000,0.479428,0.479976
0.160000,0.200000,0.501351,0.501924
0.160000,0.210000,0.522779,0.523376
0.160000,0.220000,0.543690,0.544311
0.160000,0.230000,0.564065,0.564710
0.160000,0.240000,0.583884,0.584551
0.160000,0.250000,0.603126,0.603815
0.160000,0.260000,0.621773,0.622483
0.160000,0.270000,0.639807,0.640538
0.160000,0.280000,0.657209,0.657959
0.160000,0.290000,0.673962,0.674732
0.160000,0.300000,0.690050,0.690839
0.160000,0.310000,0.705458,0.706264
0.160000,0.320000,0.720169,0.720991
0.160000,0.330000,0.734169,0.735008
0.160000,0.340000,0.747445,0.748299
0.160000,0.350000,0.759983,0.760851
0.160000,0.360000,0.771771,0.772653
0.160000,0.370000,0.782798,0.783692
0.160000,0.380000,0.793052,0.793958
0.160000,0.390000,0.802523,0.803440
0.160000,0.400000,0.811203,0.812130
0.160000,0.410000,0.819082,0.820017
0.160000,0.420000,0.826152,0.827096
0.160000,0.430000,0.832407,0.833358
0.160000,0.440000,0.837841,0.838798
0.160000,0.450000,0.842448,0.843410
0.160000,0.460000,0.846223,0.847190
0.160000,0.470000,0.849164,0.850134
0.160000,0.480000,0.851266,0.852238
0.160000,0.490000,0.852528,0.853502
0.160000,0.500000,0.852949,0.853923
0.160000,0.510000,0.852528,0.853502
0.160000,0.520000,0.851266,0.852238
0.160000,0.530000,0.849164,0.850134
0.160000,0.540000,0.846223,0.847190
0.160000,0.550000,0.842448,0.843410
0.160000,0.560000,0.837841,0.838798
0.160000,0.570000,0.832407,0.833358
0.160000,0.580000,0.826152,0.827096
0.160000,0.590000,0.819082,0.820017
0.160000,0.600000,0.811203,0.812129
0.160000,0.610000,0.802523,0.803440
0.160000,0.620000,0.793052,0.793958
0.160000,0.630000,0.782798,0.783692
0.160000,0.640000,0.771771,0.772653
0.160000,0.650000,0.759983,0.760851
0.160000,0.660000,0.747445,0.748299
0.160000,0.670000,0.734169,0.735008
0.160000,0.680000,0.720169,0.720991
0.160000,0.690000,0.705458,0.706263
0.160000,0.700000,0.690050,0.690839
0.160000,0.710000,0.673962,0.674732
0.160000,0.720000,0.657208,0.657959
0.160000,0.730000,0.639806,0.640537
0.160000,0.740000,0.621773,0.622483
0.160000,0.750000,0.603126,0.603815
0.160000,0.760000,0.583884,0.584551
0.160000,0.770000,0.564065,0.564710
0.160000,0.780000,0.543690,0.544311
0.160000,0.790000,0.522778,0.523376
0.160000,0.800000,0.501351,0.501924
0.160000,0.810000,0.479428,0.479976
0.160000,0.820000,0.457033,0.457555
0.160000,0.830000,0.434186,0.434682
0.160000,0.840000,0.410911,0.411381
0.160000,0.850000,0.387231,0.387673
0.160000,0.860000,0.363168,0.363583
0.160000,0.870000,0.338747,0.339134
0.160000,0.880000,0.313991,0.314350
0.160000,0.890000,0.288926,0.289256
0.160000,0.900000,0.263576,0.263877
0.160000,0.910000,0.237965,0.238237
0.160000,0.920000,0.212120,0.212362
0.160000,0.930000,0.186065,0.186278
0.160000,0.940000,0.159827,0.160009
0.160000,0.950000,0.133431,0.133583
0.160000,0.960000,0.106903,0.107025
0.160000,0.970000,0.080269,0.080361
0.160000,0.980000,0.053557,0.053618
0.160000,0.990000,0.026792,0.026822
0.160000,1.000000,-0.000000,-0.000000
0.170000,0.000000,0.000000,0.000000
0.170000,0.010000,0.026529,0.026559
0.170000,0.020000,0.053033,0.053092
0.170000,0.030000,0.079484,0.079572
0.170000,0.040000,0.105856,0.105974
0.170000,0.050000,0.132124,0.132271
0.170000,0.060000,0.158262,0.158438
0.170000,0.070000,0.184244,0.184448
0.170000,0.080000,0.210043,0.210277
0.170000,0.090000,0.235636,0.235897
0.170000,0.100000,0.260995,0.261285
0.170000,0.110000,0.286098,0.286415
0.170000,0.120000,0.310918,0.311263
0.170000,0.130000,0.335431,0.335803
0.170000,0.140000,0.359613,0.360012
0.170000,0.150000,0.383440,0.383866
0.170000,0.160000,0.406889,0.407341
0.170000,0.170000,0.429936,0.430413
0.170000,0.180000,0.452559,0.453061
0.170000,0.190000,0.474735,0.475262
0.170000,0.200000,0.496443,0.496994
0.170000,0.210000,0.517661,0.518236
0.170000,0.220000,0.538368,0.538966
0.170000,0.230000,0.558543,0.559164
0.170000,0.240000,0.578168,0.578810
0.170000,0.250000,0.597222,0.597885
0.170000,0.260000,0.615686,0.616370
0.170000,0.270000,0.633543,0.634247
0.170000,0.280000,0.650775,0.651497
0.170000,0.290000,0.667364,0.668105
0.170000,0.300000,0.683295,0.684054
0.170000,0.310000,0.698551,0.699327
0.170000,0.320000,0.713118,0.713911
0.170000,0.330000,0.726982,0.727789
0.170000,0.340000,0.740128,0.740950
0.170000,0.350000,0.752543,0.753379
0.170000,0.360000,0.764216,0.765065
0.170000,0.370000,0.775135,0.775996
0.170000,0.380000,0.785288,0.786160
0.170000,0.390000,0.794667,0.795550
0.170000,0.400000,0.803261,0.804154
0.170000,0.410000,0.811063,0.811964
0.170000,0.420000,0.818064,0.818973
0.170000,0.430000,0.824258,0.825174
0.170000,0.440000,0.829639,0.830560
0.170000,0.450000,0.834201,0.835127
0.170000,0.460000,0.837939,0.838870
0.170000,0.470000,0.840851,0.841785
0.170000,0.480000,0.842932,0.843869
0.170000,0.490000,0.844182,0.845120
0.170000,0.500000,0.844599,0.845537
0.170000,0.510000,0.844182,0.845120
0.170000,0.520000,0.842932,0.843869
0.170000,0.530000,0.840851,0.841785
0.170000,0.540000,0.837939,0.838870
0.170000,0.550000,0.834200,0.835127
0.170000,0.560000,0.829639,0.830560
0.170000,0.570000,0.824258,0.825174
0.170000,0.580000,0.818064,0.818973
0.170000,0.590000,0.811063,0.811964
0.170000,0.600000,0.803261,0.804154
0.170000,0.610000,0.794667,0.795550
0.170000,0.620000,0.785288,0.786160
0.170000,0.630000,0.775135,0.775996
0.170000,0.640000,0.764216,0.765065
0.170000,0.650000,0.752543,0.753379
0.170000,0.660000,0.740128,0.740950
0.170000,0.670000,0.726982,0.727789
0.170000,0.680000,0.713118,0.713911
0.170000,0.690000,0.698551,0.699327
0.170000,0.700000,0.683295,0.684054
0.170000,0.710000,0.667364,0.668105
0.170000,0.720000,0.650775,0.651497
0.170000,0.730000,0.633543,0.634247
0.170000,0.740000,0.615686,0.616370
0.170000,0.750000,0.597222,0.597885
0.170000,0.760000,0.578168,0.578810
0.170000,0.770000,0.558543,0.559164
0.170000,0.780000,0.538368,0.538966
0.170000,0.790000,0.517661,0.518236
0.170000,0.800000,0.496443,0.496994
0.170000,0.810000,0.474735,0.475262
0.170000,0.820000,0.452559,0.453061
0.170000,0.830000,0.429936,0.430413
0.170000,0.840000,0.406889,0.407341
0.170000,0.850000,0.383440,0.383866
0.170000,0.860000,0.359613,0.360012
0.170000,0.870000,0.335431,0.335803
0.170000,0.880000,0.310917,0.311263
0.170000,0.890000,0.286098,0.286416
0.170000,0.900000,0.260995,0.261285
0.170000,0.910000,0.235635,0.235897
0.170000,0.920000,0.210043,0.210276
0.170000,0.930000,0.184244,0.184448
0.170000,0.940000,0.158262,0.158438
0.170000,0.950000,0.132124,0.132271
0.170000,0.960000,0.105856,0.105974
0.170000,0.970000,0.079484,0.079572
0.170000,0.980000,0.053033,0.053092
0.170000,0.990000,0.026529,0.026559
0.170000,1.000000,-0.000000,-0.000000
0.180000,0.000000,0.000000,0.000000
0.180000,0.010000,0.026270,0.026298
0.180000,0.020000,0.052514,0.052570
0.180000,0.030000,0.078706,0.078791
0.180000,0.040000,0.104821,0.104933
0.180000,0.050000,0.130832,0.130972
0.180000,0.060000,0.156714,0.156882
0.180000,0.070000,0.182441,0.182637
0.180000,0.080000,0.207989,0.208211
0.180000,0.090000,0.233331,0.233581
0.180000,0.100000,0.258442,0.258719
0.180000,0.110000,0.283299,0.283603
0.180000,0.120000,0.307876,0.308206
0.180000,0.130000,0.332150,0.332505
0.180000,0.140000,0.356095,0.356476
0.180000,0.150000,0.379689,0.380096
0.180000,0.160000,0.402909,0.403340
0.180000,0.170000,0.425730,0.426186
0.180000,0.180000,0.448132,0.448612
0.180000,0.190000,0.470091,0.470595
0.180000,0.200000,0.491587,0.492113
0.180000,0.210000,0.512597,0.513146
0.180000,0.220000,0.533101,0.533672
0.180000,0.230000,0.553080,0.553672
0.180000,0.240000,0.572512,0.573125
0.180000,0.250000,0.591380,0.592013
0.180000,0.260000,0.609664,0.610317
0.180000,0.270000,0.627346,0.628018
0.180000,0.280000,0.644409,0.645099
0.180000,0.290000,0.660836,0.661544
0.180000,0.300000,0.676611,0.677336
0.180000,0.310000,0.691718,0.692459
0.180000,0.320000,0.706143,0.706899
0.180000,0.330000,0.719871,0.720642
0.180000,0.340000,0.732888,0.733673
0.180000,0.350000,0.745182,0.745980
0.180000,0.360000,0.756741,0.757551
0.180000,0.370000,0.767552,0.768375
0.180000,0.380000,0.777607,0.778440
0.180000,0.390000,0.786894,0.787736
0.180000,0.400000,0.795404,0.796256
0.180000,0.410000,0.803129,0.803990
0.180000,0.420000,0.810062,0.810930
0.180000,0.430000,0.816195,0.817070
0.180000,0.440000,0.821523,0.822403
0.180000,0.450000,0.826040,0.826925
0.180000,0.460000,0.829742,0.830631
0.180000,0.470000,0.832625,0.833517
0.180000,0.480000,0.834687,0.835581
0.180000,0.490000,0.835924,0.836820
0.180000,0.500000,0.836337,0.837233
0.180000,0.510000,0.835924,0.836820
0.180000,0.520000,0.834687,0.835581
0.180000,0.530000,0.832625,0.833517
0.180000,0.540000,0.829742,0.830631
0.180000,0.550000,0.826040,0.826925
0.180000,0.560000,0.821523,0.822403
0.180000,0.570000,0.816195,0.817070
0.180000,0.580000,0.810062,0.810930
0.180000,0.590000,0.803129,0.803990
0.180000,0.600000,0.795404,0.796256
0.180000,0.610000,0.786894,0.787736
0.180000,0.620000,0.777607,0.778440
0.180000,0.630000,0.767552,0.768374
0.180000,0.640000,0.756740,0.757551
0.180000,0.650000,0.745182,0.745980
0.180000,0.660000,0.732888,0.733673
0.180000,0.670000,0.719870,0.720642
0.180000,0.680000,0.706143,0.706899
0.180000,0.690000,0.691718,0.692459
0.180000,0.700000,0.676611,0.677336
0.180000,0.710000,0.660836,0.661544
0.180000,0.720000,0.644409,0.645099
0.180000,0.730000,0.627346,0.628018
0.180000,0.740000,0.609664,0.610317
0.180000,0.750000,0.591380,0.592013
0.180000,0.760000,0.572512,0.573125
0.180000,0.770000,0.553080,0.553672
0.180000,0.780000,0.533101,0.533672
0.180000,0.790000,0.512597,0.513146
0.180000,0.800000,0.491587,0.492113
0.180000,0.810000,0.470091,0.470595
0.180000,0.820000,0.448132,0.448612
0.180000,0.830000,0.425730,0.426186
0.180000,0.840000,0.402909,0.403340
0.180000,0.850000,0.379689,0.380096
0.180000,0.860000,0.356095,0.356476
0.180000,0.870000,0.332149,0.332505
0.180000,0.880000,0.307876,0.308206
0.180000,0.890000,0.283299,0.283603
0.180000,0.900000,0.258442,0.258719
0.180000,0.910000,0.233330,0.233580
0.180000,0.920000,0.207988,0.208211
0.180000,0.930000,0.182441,0.182637
0.180000,0.940000,0.156714,0.156882
0.180000,0.950000,0.130832,0.130972
0.180000,0.960000,0.104821,0.104933
0.180000,0.970000,0.078706,0.078790
0.180000,0.980000,0.052514,0.052570
0.180000,0.990000,0.026270,0.026298
0.180000,1.000000,-0.000000,-0.000000
0.190000,0.000000,0.000000,0.000000
0.190000,0.010000,0.026013,0.026040
0.190000,0.020000,0.052001,0.052054
0.190000,0.030000,0.077937,0.078017
0.190000,0.040000,0.103796,0.103903
0.190000,0.050000,0.129553,0.129686
0.190000,0.060000,0.155182,0.155341
0.190000,0.070000,0.180658,0.180843
0.190000,0.080000,0.205956,0.206167
0.190000,0.090000,0.231050,0.231287
0.190000,0.100000,0.255916,0.256178
0.190000,0.110000,0.280530,0.280817
0.190000,0.120000,0.304867,0.305179
0.190000,0.130000,0.328903,0.329240
0.190000,0.140000,0.352614,0.352975
0.190000,0.150000,0.375978,0.376363
0.190000,0.160000,0.398970,0.399379
0.190000,0.170000,0.421569,0.422001
0.190000,0.180000,0.443752,0.444206
0.190000,0.190000,0.465496,0.465973
0.190000,0.200000,0.486782,0.487280
0.190000,0.210000,0.507587,0.508106
0.190000,0.220000,0.527891,0.528431
0.190000,0.230000,0.547674,0.548235
0.190000,0.240000,0.566916,0.567497
0.190000,0.250000,0.585599,0.586199
0.190000,0.260000,0.603704,0.604323
0.190000,0.270000,0.621214,0.621850
0.190000,0.280000,0.638110,0.638764
0.190000,0.290000,0.654377,0.655047
0.190000,0.300000,0.669998,0.670684
0.190000,0.310000,0.684957,0.685659
0.190000,0.320000,0.699241,0.699957
0.190000,0.330000,0.712834,0.713564
0.190000,0.340000,0.725724,0.726467
0.190000,0.350000,0.737898,0.738654
0.190000,0.360000,0.749344,0.750111
0.190000,0.370000,0.760050,0.760828
0.190000,0.380000,0.770006,0.770794
0.190000,0.390000,0.779202,0.780000
0.190000,0.400000,0.787629,0.788436
0.190000,0.410000,0.795279,0.796094
0.190000,0.420000,0.802144,0.802966
0.190000,0.430000,0.808218,0.809045
0.190000,0.440000,0.813493,0.814326
0.190000,0.450000,0.817966,0.818804
0.190000,0.460000,0.821632,0.822474
0.190000,0.470000,0.824487,0.825331
0.190000,0.480000,0.826528,0.827375
0.190000,0.490000,0.827754,0.828601
0.190000,0.500000,0.828162,0.829010
0.190000,0.510000,0.827754,0.828601
0.190000,0.520000,0.826528,0.827375
0.190000,0.530000,0.824487,0.825331
0.190000,0.540000,0.821632,0.822473
0.190000,0.550000,0.817966,0.818804
0.190000,0.560000,0.813493,0.814326
0.190000,0.570000,0.808218,0.809045
0.190000,0.580000,0.802144,0.802966
0.190000,0.590000,0.795279,0.796094
0.190000,0.600000,0.787629,0.788436
0.190000,0.610000,0.779202,0.780000
0.190000,0.620000,0.770006,0.770794
0.190000,0.630000,0.760050,0.760828
0.190000,0.640000,0.749344,0.750111
0.190000,0.650000,0.737898,0.738654
0.190000,0.660000,0.725724,0.726467
0.190000,0.670000,0.712834,0.713564
0.190000,0.680000,0.699241,0.699957
0.190000,0.690000,0.684957,0.685658
0.190000,0.700000,0.669997,0.670684
0.190000,0.710000,0.654377,0.655047
0.190000,0.720000,0.638110,0.638763
0.190000,0.730000,0.621214,0.621850
0.190000,0.740000,0.603704,0.604323
0.190000,0.750000,0.585599,0.586199
0.190000,0.760000,0.566916,0.567497
0.190000,0.770000,0.547674,0.548234
0.190000,0.780000,0.527891,0.528431
0.190000,0.790000,0.507586,0.508106
0.190000,0.800000,0.486782,0.487280
0.190000,0.810000,0.465496,0.465973
0.190000,0.820000,0.443751,0.444206
0.190000,0.830000,0.421569,0.422001
0.190000,0.840000,0.398970,0.399379
0.190000,0.850000,0.375978,0.376363
0.190000,0.860000,0.352614,0.352975
0.190000,0.870000,0.328903,0.329240
0.190000,0.880000,0.304867,0.305179
0.190000,0.890000,0.280530,0.280817
0.190000,0.900000,0.255916,0.256178
0.190000,0.910000,0.231050,0.231286
0.190000,0.920000,0.205955,0.206166
0.190000,0.930000,0.180658,0.180843
0.190000,0.940000,0.155182,0.155341
0.190000,0.950000,0.129553,0.129686
0.190000,0.960000,0.103796,0.103903
0.190000,0.970000,0.077937,0.078017
0.190000,0.980000,0.052001,0.052054
0.190000,0.990000,0.026013,0.026040
0.190000,1.000000,-0.000000,-0.000000
0.200000,0.000000,0.000000,0.000000
0.200000,0.010000,0.025759,0.025784
0.200000,0.020000,0.051493,0.051543
0.200000,0.030000,0.077176,0.077251
0.200000,0.040000,0.102782,0.102882
0.200000,0.050000,0.128288,0.128412
0.200000,0.060000,0.153666,0.153815
0.200000,0.070000,0.178893,0.179067
0.200000,0.080000,0.203944,0.204142
0.200000,0.090000,0.228793,0.229015
0.200000,0.100000,0.253417,0.253662
0.200000,0.110000,0.277790,0.278059
0.200000,0.120000,0.301889,0.302182
0.200000,0.130000,0.325690,0.326006
0.200000,0.140000,0.349170,0.349509
0.200000,0.150000,0.372306,0.372667
0.200000,0.160000,0.395073,0.395457
0.200000,0.170000,0.417451,0.417856
0.200000,0.180000,0.439417,0.439844
0.200000,0.190000,0.460950,0.461397
0.200000,0.200000,0.482027,0.482495
0.200000,0.210000,0.502629,0.503116
0.200000,0.220000,0.522735,0.523241
0.200000,0.230000,0.542324,0.542850
0.200000,0.240000,0.561379,0.561923
0.200000,0.250000,0.579879,0.580442
0.200000,0.260000,0.597808,0.598388
0.200000,0.270000,0.615146,0.615743
0.200000,0.280000,0.631877,0.632490
0.200000,0.290000,0.647985,0.648614
0.200000,0.300000,0.663453,0.664097
0.200000,0.310000,0.678267,0.678925
0.200000,0.320000,0.692411,0.693082
0.200000,0.330000,0.705872,0.706556
0.200000,0.340000,0.718636,0.719333
0.200000,0.350000,0.730691,0.731399
0.200000,0.360000,0.742025,0.742744
0.200000,0.370000,0.752626,0.753356
0.200000,0.380000,0.762485,0.763224
0.200000,0.390000,0.771591,0.772340
0.200000,0.400000,0.779936,0.780693
0.200000,0.410000,0.787511,0.788275
0.200000,0.420000,0.794309,0.795080
0.200000,0.430000,0.800323,0.801100
0.200000,0.440000,0.805548,0.806329
0.200000,0.450000,0.809977,0.810762
0.200000,0.460000,0.813607,0.814396
0.200000,0.470000,0.816434,0.817226
0.200000,0.480000,0.818455,0.819249
0.200000,0.490000,0.819669,0.820464
0.200000,0.500000,0.820073,0.820869
0.200000,0.510000,0.819669,0.820464
0.200000,0.520000,0.818455,0.819249
0.200000,0.530000,0.816434,0.817226
0.200000,0.540000,0.813607,0.814396
0.200000,0.550000,0.809977,0.810762
0.200000,0.560000,0.805548,0.806329
0.200000,0.570000,0.800323,0.801100
0.200000,0.580000,0.794309,0.795080
0.200000,0.590000,0.787511,0.788275
0.200000,0.600000,0.779936,0.780693
0.200000,0.610000,0.771591,0.772340
0.200000,0.620000,0.762485,0.763224
0.200000,0.630000,0.752626,0.753356
0.200000,0.640000,0.742025,0.742744
0.200000,0.650000,0.730691,0.731399
0.200000,0.660000,0.718636,0.719333
0.200000,0.670000,0.705872,0.706556
0.200000,0.680000,0.692411,0.693082
0.200000,0.690000,0.678267,0.678925
0.200000,0.700000,0.663453,0.664097
0.200000,0.710000,0.647985,0.648614
0.200000,0.720000,0.631877,0.632490
0.200000,0.730000,0.615146,0.615743
0.200000,0.740000,0.597808,0.598388
0.200000,0.750000,0.579879,0.580442
0.200000,0.760000,0.561379,0.561923
0.200000,0.770000,0.542324,0.542850
0.200000,0.780000,0.522734,0.523241
0.200000,0.790000,0.502629,0.503116
0.200000,0.800000,0.482027,0.482494
0.200000,0.810000,0.460950,0.461397
0.200000,0.820000,0.439417,0.439843
0.200000,0.830000,0.417451,0.417856
0.200000,0.840000,0.395073,0.395457
0.200000,0.850000,0.372305,0.372667
0.200000,0.860000,0.349170,0.349509
0.200000,0.870000,0.325690,0.326006
0.200000,0.880000,0.301889,0.302182
0.200000,0.890000,0.277790,0.278059
0.200000,0.900000,0.253417,0.253662
0.200000,0.910000,0.228793,0.229015
0.200000,0.920000,0.203944,0.204142
0.200000,0.930000,0.178893,0.179067
0.200000,0.940000,0.153666,0.153815
0.200000,0.950000,0.128288,0.128412
0.200000,0.960000,0.102782,0.102882
0.200000,0.970000,0.077175,0.077250
0.200000,0.980000,0.051493,0.051543
0.200000,0.990000,0.025759,0.025784
0.200000,1.000000,-0.000000,-0.000000
0.210000,0.000000,0.000000,0.000000
0.210000,0.010000,0.025508,0.025531
0.210000,0.020000,0.050990,0.051037
0.210000,0.030000,0.076422,0.076492
0.210000,0.040000,0.101779,0.101872
0.210000,0.050000,0.127036,0.127151
0.210000,0.060000,0.152166,0.152305
0.210000,0.070000,0.177147,0.177308
0.210000,0.080000,0.201953,0.202137
0.210000,0.090000,0.226560,0.226766
0.210000,0.100000,0.250943,0.251171
0.210000,0.110000,0.275078,0.275329
0.210000,0.120000,0.298942,0.299214
0.210000,0.130000,0.322511,0.322805
0.210000,0.140000,0.345762,0.346076
0.210000,0.150000,0.368671,0.369007
0.210000,0.160000,0.391217,0.391573
0.210000,0.170000,0.413377,0.413752
0.210000,0.180000,0.435128,0.435524
0.210000,0.190000,0.456450,0.456865
0.210000,0.200000,0.477322,0.477756
0.210000,0.210000,0.497723,0.498175
0.210000,0.220000,0.517632,0.518103
0.210000,0.230000,0.537031,0.537519
0.210000,0.240000,0.555899,0.556405
0.210000,0.250000,0.574219,0.574741
0.210000,0.260000,0.591973,0.592511
0.210000,0.270000,0.609142,0.609695
0.210000,0.280000,0.625710,0.626278
0.210000,0.290000,0.641660,0.642243
0.210000,0.300000,0.656977,0.657575
0.210000,0.310000,0.671646,0.672257
0.210000,0.320000,0.685652,0.686276
0.210000,0.330000,0.698982,0.699617
0.210000,0.340000,0.711621,0.712268
0.210000,0.350000,0.723558,0.724216
0.210000,0.360000,0.734782,0.735450
0.210000,0.370000,0.745280,0.745957
0.210000,0.380000,0.755042,0.755729
0.210000,0.390000,0.764060,0.764754
0.210000,0.400000,0.772323,0.773025
0.210000,0.410000,0.779824,0.780533
0.210000,0.420000,0.786556,0.787271
0.210000,0.430000,0.792511,0.793232
0.210000,0.440000,0.797685,0.798410
0.210000,0.450000,0.802071,0.802800
0.210000,0.460000,0.805665,0.806398
0.210000,0.470000,0.808465,0.809200
0.210000,0.480000,0.810466,0.811203
0.210000,0.490000,0.811668,0.812406
0.210000,0.500000,0.812069,0.812807
0.210000,0.510000,0.811668,0.812406
0.210000,0.520000,0.810466,0.811203
0.210000,0.530000,0.808465,0.809200
0.210000,0.540000,0.805665,0.806398
0.210000,0.550000,0.802071,0.802800
0.210000,0.560000,0.797685,0.798410
0.210000,0.570000,0.792511,0.793232
0.210000,0.580000,0.786556,0.787271
0.210000,0.590000,0.779824,0.780533
0.210000,0.600000,0.772323,0.773025
0.210000,0.610000,0.764060,0.764754
0.210000,0.620000,0.755042,0.755729
0.210000,0.630000,0.745280,0.745957
0.210000,0.640000,0.734782,0.735450
0.210000,0.650000,0.723558,0.724216
0.210000,0.660000,0.711621,0.712268
0.210000,0.670000,0.698982,0.699617
0.210000,0.680000,0.685652,0.686276
0.210000,0.690000,0.671646,0.672257
0.210000,0.700000,0.656977,0.657575
0.210000,0.710000,0.641660,0.642244
0.210000,0.720000,0.625710,0.626278
0.210000,0.730000,0.609142,0.609695
0.210000,0.740000,0.591973,0.592511
0.210000,0.750000,0.574219,0.574741
0.210000,0.760000,0.555899,0.556405
0.210000,0.770000,0.537031,0.537519
0.210000,0.780000,0.517632,0.518103
0.210000,0.790000,0.497723,0.498175
0.210000,0.800000,0.477322,0.477756
0.210000,0.810000,0.456450,0.456865
0.210000,0.820000,0.435128,0.435524
0.210000,0.830000,0.413376,0.413752
0.210000,0.840000,0.391217,0.391573
0.210000,0.850000,0.368671,0.369007
0.210000,0.860000,0.345762,0.346076
0.210000,0.870000,0.322511,0.322804
0.210000,0.880000,0.298942,0.299214
0.210000,0.890000,0.275078,0.275329
0.210000,0.900000,0.250943,0.251171
0.210000,0.910000,0.226560,0.226766
0.210000,0.920000,0.201953,0.202137
0.210000,0.930000,0.177147,0.177308
0.210000,0.940000,0.152166,0.152305
0.210000,0.950000,0.127036,0.127151
0.210000,0.960000,0.101779,0.101872
0.210000,0.970000,0.076422,0.076492
0.210000,0.980000,0.050990,0.051037
0.210000,0.990000,0.025508,0.025531
0.210000,1.000000,-0.000000,-0.000000
0.220000,0.000000,0.000000,0.000000
0.220000,0.010000,0.025259,0.025280
0.220000,0.020000,0.050493,0.050535
0.220000,0.030000,0.075677,0.075741
0.220000,0.040000,0.100786,0.100871
0.220000,0.050000,0.125796,0.125902
0.220000,0.060000,0.150682,0.150809
0.220000,0.070000,0.175419,0.175567
0.220000,0.080000,0.199983,0.200152
0.220000,0.090000,0.224350,0.224539
0.220000,0.100000,0.248495,0.248704
0.220000,0.110000,0.272395,0.272625
0.220000,0.120000,0.296026,0.296276
0.220000,0.130000,0.319365,0.319634
0.220000,0.140000,0.342389,0.342678
0.220000,0.150000,0.365075,0.365383
0.220000,0.160000,0.387401,0.387727
0.220000,0.170000,0.409344,0.409689
0.220000,0.180000,0.430883,0.431246
0.220000,0.190000,0.451997,0.452378
0.220000,0.200000,0.472666,0.473064
0.220000,0.210000,0.492867,0.493282
0.220000,0.220000,0.512582,0.513014
0.220000,0.230000,0.531792,0.532240
0.220000,0.240000,0.550476,0.550940
0.220000,0.250000,0.568618,0.569097
0.220000,0.260000,0.586198,0.586692
0.220000,0.270000,0.603199,0.603708
0.220000,0.280000,0.619606,0.620128
0.220000,0.290000,0.635401,0.635936
0.220000,0.300000,0.650568,0.651117
0.220000,0.310000,0.665094,0.665655
0.220000,0.320000,0.678964,0.679536
0.220000,0.330000,0.692163,0.692746
0.220000,0.340000,0.704679,0.705273
0.220000,0.350000,0.716500,0.717104
0.220000,0.360000,0.727614,0.728227
0.220000,0.370000,0.738009,0.738631
0.220000,0.380000,0.747677,0.748307
0.220000,0.390000,0.756606,0.757244
0.220000,0.400000,0.764789,0.765433
0.220000,0.410000,0.772217,0.772868
0.220000,0.420000,0.778883,0.779539
0.220000,0.430000,0.784780,0.785442
0.220000,0.440000,0.789903,0.790569
0.220000,0.450000,0.794246,0.794916
0.220000,0.460000,0.797806,0.798478
0.220000,0.470000,0.800578,0.801252
0.220000,0.480000,0.802560,0.803236
0.220000,0.490000,0.803750,0.804427
0.220000,0.500000,0.804147,0.804824
0.220000,0.510000,0.803750,0.804427
0.220000,0.520000,0.802560,0.803236
0.220000,0.530000,0.800578,0.801252
0.220000,0.540000,0.797806,0.798478
0.220000,0.550000,0.794246,0.794916
0.220000,0.560000,0.789903,0.790569
0.220000,0.570000,0.784780,0.785442
0.220000,0.580000,0.778883,0.779539
0.220000,0.590000,0.772217,0.772868
0.220000,0.600000,0.764789,0.765433
0.220000,0.610000,0.756606,0.757244
0.220000,0.620000,0.747677,0.748307
0.220000,0.630000,0.738009,0.738631
0.220000,0.640000,0.727614,0.728227
0.220000,0.650000,0.716500,0.717104
0.220000,0.660000,0.704679,0.705273
0.220000,0.670000,0.692163,0.692746
0.220000,0.680000,0.678963,0.679536
0.220000,0.690000,0.665094,0.665654
0.220000,0.700000,0.650568,0.651117
0.220000,0.710000,0.635401,0.635936
0.220000,0.720000,0.619606,0.620128
0.220000,0.730000,0.603199,0.603707
0.220000,0.740000,0.586198,0.586692
0.220000,0.750000,0.568618,0.569097
0.220000,0.760000,0.550476,0.550940
0.220000,0.770000,0.531792,0.532240
0.220000,0.780000,0.512582,0.513014
0.220000,0.790000,0.492867,0.493282
0.220000,0.800000,0.472666,0.473064
0.220000,0.810000,0.451997,0.452378
0.220000,0.820000,0.430883,0.431246
0.220000,0.830000,0.409344,0.409689
0.220000,0.840000,0.387401,0.387727
0.220000,0.850000,0.365075,0.365382
0.220000,0.860000,0.342389,0.342677
0.220000,0.870000,0.319365,0.319634
0.220000,0.880000,0.296026,0.296275
0.220000,0.890000,0.272395,0.272625
0.220000,0.900000,0.248495,0.248704
0.220000,0.910000,0.224350,0.224539
0.220000,0.920000,0.199983,0.200151
0.220000,0.930000,0.175419,0.175567
0.220000,0.940000,0.150682,0.150809
0.220000,0.950000,0.125796,0.125902
0.220000,0.960000,0.100786,0.100871
0.220000,0.970000,0.075677,0.075740
0.220000,0.980000,0.050493,0.050535
0.220000,0.990000,0.025259,0.025280
0.220000,1.000000,-0.000000,-0.000000
0.230000,0.000000,0.000000,0.000000
0.230000,0.010000,0.025013,0.025032
0.230000,0.020000,0.050000,0.050039
0.230000,0.030000,0.074939,0.074997
0.230000,0.040000,0.099804,0.099881
0.230000,0.050000,0.124570,0.124666
0.230000,0.060000,0.149213,0.149328
0.230000,0.070000,0.173709,0.173843
0.230000,0.080000,0.198033,0.198186
0.230000,0.090000,0.222162,0.222334
0.230000,0.100000,0.246072,0.246262
0.230000,0.110000,0.269739,0.269947
0.230000,0.120000,0.293140,0.293366
0.230000,0.130000,0.316251,0.316495
0.230000,0.140000,0.339051,0.339312
0.230000,0.150000,0.361516,0.361794
0.230000,0.160000,0.383624,0.383919
0.230000,0.170000,0.405353,0.405665
0.230000,0.180000,0.426682,0.427011
0.230000,0.190000,0.447591,0.447936
0.230000,0.200000,0.468057,0.468418
0.230000,0.210000,0.488062,0.488438
0.230000,0.220000,0.507585,0.507976
0.230000,0.230000,0.526607,0.527013
0.230000,0.240000,0.545109,0.545529
0.230000,0.250000,0.563074,0.563508
0.230000,0.260000,0.580482,0.580930
0.230000,0.270000,0.597318,0.597779
0.230000,0.280000,0.613565,0.614037
0.230000,0.290000,0.629206,0.629690
0.230000,0.300000,0.644225,0.644722
0.230000,0.310000,0.658610,0.659117
0.230000,0.320000,0.672344,0.672862
0.230000,0.330000,0.685414,0.685943
0.230000,0.340000,0.697809,0.698346
0.230000,0.350000,0.709514,0.710061
0.230000,0.360000,0.720520,0.721075
0.230000,0.370000,0.730814,0.731377
0.230000,0.380000,0.740387,0.740958
0.230000,0.390000,0.749229,0.749807
0.230000,0.400000,0.757333,0.757916
0.230000,0.410000,0.764688,0.765277
0.230000,0.420000,0.771289,0.771883
0.230000,0.430000,0.777129,0.777728
0.230000,0.440000,0.782202,0.782804
0.230000,0.450000,0.786503,0.787109
0.230000,0.460000,0.790027,0.790636
0.230000,0.470000,0.792772,0.793383
0.230000,0.480000,0.794735,0.795348
0.230000,0.490000,0.795914,0.796527
0.230000,0.500000,0.796306,0.796920
0.230000,0.510000,0.795914,0.796527
0.230000,0.520000,0.794735,0.795348
0.230000,0.530000,0.792772,0.793383
0.230000,0.540000,0.790027,0.790636
0.230000,0.550000,0.786503,0.787109
0.230000,0.560000,0.782202,0.782804
0.230000,0.570000,0.777129,0.777728
0.230000,0.580000,0.771289,0.771883
0.230000,0.590000,0.764688,0.765277
0.230000,0.600000,0.757332,0.757916
0.230000,0.610000,0.749229,0.749807
0.230000,0.620000,0.740387,0.740957
0.230000,0.630000,0.730814,0.731377
0.230000,0.640000,0.720520,0.721075
0.230000,0.650000,0.709514,0.710061
0.230000,0.660000,0.697809,0.698346
0.230000,0.670000,0.685414,0.685943
0.230000,0.680000,0.672344,0.672862
0.230000,0.690000,0.658610,0.659117
0.230000,0.700000,0.644225,0.644722
0.230000,0.710000,0.629206,0.629690
0.230000,0.720000,0.613565,0.614037
0.230000,0.730000,0.597318,0.597778
0.230000,0.740000,0.580482,0.580930
0.230000,0.750000,0.563074,0.563508
0.230000,0.760000,0.545109,0.545529
0.230000,0.770000,0.526607,0.527013
0.230000,0.780000,0.507585,0.507976
0.230000,0.790000,0.488062,0.488438
0.230000,0.800000,0.468057,0.468418
0.230000,0.810000,0.447591,0.447935
0.230000,0.820000,0.426682,0.427011
0.230000,0.830000,0.405353,0.405665
0.230000,0.840000,0.383624,0.383919
0.230000,0.850000,0.361515,0.361794
0.230000,0.860000,0.339051,0.339312
0.230000,0.870000,0.316251,0.316495
0.230000,0.880000,0.293140,0.293366
0.230000,0.890000,0.269739,0.269947
0.230000,0.900000,0.246072,0.246262
0.230000,0.910000,0.222162,0.222333
0.230000,0.920000,0.198033,0.198186
0.230000,0.930000,0.173709,0.173843
0.230000,0.940000,0.149213,0.149328
0.230000,0.950000,0.124570,0.124666
0.230000,0.960000,0.099804,0.099881
0.230000,0.970000,0.074939,0.074997
0.230000,0.980000,0.050000,0.050039
0.230000,0.990000,0.025013,0.025032
0.230000,1.000000,-0.000000,-0.000000
0.240000,0.000000,0.000000,0.000000
0.240000,0.010000,0.024769,0.024786
0.240000,0.020000,0.049513,0.049548
0.240000,0.030000,0.074209,0.074260
0.240000,0.040000,0.098831,0.098900
0.240000,0.050000,0.123356,0.123441
0.240000,0.060000,0.147759,0.147861
0.240000,0.070000,0.172016,0.172135
0.240000,0.080000,0.196104,0.196240
0.240000,0.090000,0.219998,0.220150
0.240000,0.100000,0.243674,0.243843
0.240000,0.110000,0.267111,0.267296
0.240000,0.120000,0.290283,0.290485
0.240000,0.130000,0.313170,0.313387
0.240000,0.140000,0.335747,0.335980
0.240000,0.150000,0.357993,0.358241
0.240000,0.160000,0.379885,0.380149
0.240000,0.170000,0.401403,0.401681
0.240000,0.180000,0.422524,0.422817
0.240000,0.190000,0.443229,0.443536
0.240000,0.200000,0.463496,0.463817
0.240000,0.210000,0.483306,0.483641
0.240000,0.220000,0.502639,0.502987
0.240000,0.230000,0.521475,0.521837
0.240000,0.240000,0.539797,0.540172
0.240000,0.250000,0.557587,0.557973
0.240000,0.260000,0.574826,0.575224
0.240000,0.270000,0.591498,0.591908
0.240000,0.280000,0.607586,0.608007
0.240000,0.290000,0.623074,0.623506
0.240000,0.300000,0.637948,0.638390
0.240000,0.310000,0.652192,0.652644
0.240000,0.320000,0.665792,0.666254
0.240000,0.330000,0.678735,0.679206
0.240000,0.340000,0.691009,0.691488
0.240000,0.350000,0.702600,0.703087
0.240000,0.360000,0.713498,0.713993
0.240000,0.370000,0.723692,0.724194
0.240000,0.380000,0.733172,0.733681
0.240000,0.390000,0.741928,0.742443
0.240000,0.400000,0.749952,0.750472
0.240000,0.410000,0.757236,0.757761
0.240000,0.420000,0.763773,0.764303
0.240000,0.430000,0.769556,0.770090
0.240000,0.440000,0.774579,0.775116
0.240000,0.450000,0.778838,0.779378
0.240000,0.460000,0.782329,0.782871
0.240000,0.470000,0.785047,0.785591
0.240000,0.480000,0.786991,0.787536
0.240000,0.490000,0.788158,0.788704
0.240000,0.500000,0.788547,0.789093
0.240000,0.510000,0.788158,0.788704
0.240000,0.520000,0.786991,0.787536
0.240000,0.530000,0.785047,0.785591
0.240000,0.540000,0.782329,0.782871
0.240000,0.550000,0.778838,0.779378
0.240000,0.560000,0.774579,0.775116
0.240000,0.570000,0.769556,0.770090
0.240000,0.580000,0.763773,0.764303
0.240000,0.590000,0.757236,0.757761
0.240000,0.600000,0.749952,0.750472
0.240000,0.610000,0.741928,0.742443
0.240000,0.620000,0.733172,0.733680
0.240000,0.630000,0.723692,0.724194
0.240000,0.640000,0.713498,0.713993
0.240000,0.650000,0.702600,0.703087
0.240000,0.660000,0.691009,0.691488
0.240000,0.670000,0.678735,0.679206
0.240000,0.680000,0.665792,0.666254
0.240000,0.690000,0.652192,0.652644
0.240000,0.700000,0.637948,0.638390
0.240000,0.710000,0.623074,0.623506
0.240000,0.720000,0.607585,0.608007
0.240000,0.730000,0.591497,0.591908
0.240000,0.740000,0.574826,0.575224
0.240000,0.750000,0.557587,0.557973
0.240000,0.760000,0.539797,0.540172
0.240000,0.770000,0.521475,0.521837
0.240000,0.780000,0.502638,0.502987
0.240000,0.790000,0.483306,0.483641
0.240000,0.800000,0.463496,0.463817
0.240000,0.810000,0.443229,0.443536
0.240000,0.820000,0.422524,0.422817
0.240000,0.830000,0.401403,0.401681
0.240000,0.840000,0.379885,0.380149
0.240000,0.850000,0.357993,0.358241
0.240000,0.860000,0.335747,0.335980
0.240000,0.870000,0.313170,0.313387
0.240000,0.880000,0.290283,0.290485
0.240000,0.890000,0.267111,0.267296
0.240000,0.900000,0.243674,0.243843
0.240000,0.910000,0.219997,0.220150
0.240000,0.920000,0.196103,0.196239
0.240000,0.930000,0.172016,0.172135
0.240000,0.940000,0.147759,0.147861
0.240000,0.950000,0.123356,0.123441
0.240000,0.960000,0.098831,0.098900
0.240000,0.970000,0.074209,0.074260
0.240000,0.980000,0.049513,0.049548
0.240000,0.990000,0.024769,0.024786
0.240000,1.000000,-0.000000,-0.000000
0.250000,0.000000,0.000000,0.000000
0.250000,0.010000,0.024528,0.024543
0.250000,0.020000,0.049031,0.049061
0.250000,0.030000,0.073486,0.073531
0.250000,0.040000,0.097868,0.097928
0.250000,0.050000,0.122154,0.122229
0.250000,0.060000,0.146320,0.146409
0.250000,0.070000,0.170341,0.170445
0.250000,0.080000,0.194193,0.194312
0.250000,0.090000,0.217855,0.217988
0.250000,0.100000,0.241301,0.241448
0.250000,0.110000,0.264509,0.264671
0.250000,0.120000,0.287456,0.287632
0.250000,0.130000,0.310119,0.310309
0.250000,0.140000,0.332477,0.332680
0.250000,0.150000,0.354506,0.354723
0.250000,0.160000,0.376185,0.376415
0.250000,0.170000,0.397493,0.397736
0.250000,0.180000,0.418409,0.418665
0.250000,0.190000,0.438912,0.439180
0.250000,0.200000,0.458982,0.459262
0.250000,0.210000,0.478598,0.478891
0.250000,0.220000,0.497743,0.498047
0.250000,0.230000,0.516396,0.516712
0.250000,0.240000,0.534540,0.534867
0.250000,0.250000,0.552156,0.552493
0.250000,0.260000,0.569227,0.569575
0.250000,0.270000,0.585736,0.586095
0.250000,0.280000,0.601668,0.602036
0.250000,0.290000,0.617005,0.617383
0.250000,0.300000,0.631734,0.632120
0.250000,0.310000,0.645839,0.646234
0.250000,0.320000,0.659307,0.659710
0.250000,0.330000,0.672124,0.672535
0.250000,0.340000,0.684278,0.684697
0.250000,0.350000,0.695757,0.696182
0.250000,0.360000,0.706549,0.706981
0.250000,0.370000,0.716643,0.717082
0.250000,0.380000,0.726031,0.726475
0.250000,0.390000,0.734702,0.735151
0.250000,0.400000,0.742648,0.743102
0.250000,0.410000,0.749861,0.750319
0.250000,0.420000,0.756334,0.756796
0.250000,0.430000,0.762060,0.762526
0.250000,0.440000,0.767035,0.767504
0.250000,0.450000,0.771252,0.771724
0.250000,0.460000,0.774709,0.775183
0.250000,0.470000,0.777400,0.777876
0.250000,0.480000,0.779325,0.779802
0.250000,0.490000,0.780481,0.780958
0.250000,0.500000,0.780866,0.781344
0.250000,0.510000,0.780481,0.780958
0.250000,0.520000,0.779325,0.779802
0.250000,0.530000,0.777400,0.777876
0.250000,0.540000,0.774709,0.775183
0.250000,0.550000,0.771252,0.771724
0.250000,0.560000,0.767035,0.767504
0.250000,0.570000,0.762060,0.762526
0.250000,0.580000,0.756334,0.756796
0.250000,0.590000,0.749861,0.750319
0.250000,0.600000,0.742648,0.743102
0.250000,0.610000,0.734702,0.735151
0.250000,0.620000,0.726031,0.726475
0.250000,0.630000,0.716643,0.717082
0.250000,0.640000,0.706549,0.706981
0.250000,0.650000,0.695757,0.696182
0.250000,0.660000,0.684278,0.684697
0.250000,0.670000,0.672124,0.672535
0.250000,0.680000,0.659307,0.659710
0.250000,0.690000,0.645839,0.646234
0.250000,0.700000,0.631734,0.632120
0.250000,0.710000,0.617005,0.617383
0.250000,0.720000,0.601667,0.602036
0.250000,0.730000,0.585736,0.586094
0.250000,0.740000,0.569227,0.569575
0.250000,0.750000,0.552156,0.552493
0.250000,0.760000,0.534540,0.534867
0.250000,0.770000,0.516396,0.516712
0.250000,0.780000,0.497743,0.498047
0.250000,0.790000,0.478598,0.478891
0.250000,0.800000,0.458981,0.459262
0.250000,0.810000,0.438912,0.439180
0.250000,0.820000,0.418409,0.418665
0.250000,0.830000,0.397493,0.397736
0.250000,0.840000,0.376185,0.376415
0.250000,0.850000,0.354506,0.354723
0.250000,0.860000,0.332476,0.332680
0.250000,0.870000,0.310119,0.310309
0.250000,0.880000,0.287456,0.287632
0.250000,0.890000,0.264509,0.264671
0.250000,0.900000,0.241301,0.241449
0.250000,0.910000,0.217855,0.217988
0.250000,0.920000,0.194193,0.194312
0.250000,0.930000,0.170341,0.170445
0.250000,0.940000,0.146320,0.146409
0.250000,0.950000,0.122154,0.122229
0.250000,0.960000,0.097868,0.097928
0.250000,0.970000,0.073486,0.073531
0.250000,0.980000,0.049031,0.049061
0.250000,0.990000,0.024528,0.024543
0.250000,1.000000,-0.000000,-0.000000
0.260000,0.000000,0.000000,0.000000
0.260000,0.010000,0.024289,0.024302
0.260000,0.020000,0.048554,0.048579
0.260000,0.030000,0.072770,0.072809
0.260000,0.040000,0.096916,0.096967
0.260000,0.050000,0.120965,0.121029
0.260000,0.060000,0.144895,0.144971
0.260000,0.070000,0.168682,0.168771
0.260000,0.080000,0.192303,0.192404
0.260000,0.090000,0.215734,0.215847
0.260000,0.100000,0.238951,0.239077
0.260000,0.110000,0.261934,0.262071
0.260000,0.120000,0.284657,0.284807
0.260000,0.130000,0.307100,0.307261
0.260000,0.140000,0.329239,0.329413
0.260000,0.150000,0.351054,0.351239
0.260000,0.160000,0.372522,0.372718
0.260000,0.170000,0.393623,0.393830
0.260000,0.180000,0.414335,0.414553
0.260000,0.190000,0.434638,0.434867
0.260000,0.200000,0.454513,0.454752
0.260000,0.210000,0.473938,0.474188
0.260000,0.220000,0.492897,0.493156
0.260000,0.230000,0.511368,0.511637
0.260000,0.240000,0.529335,0.529614
0.260000,0.250000,0.546780,0.547067
0.260000,0.260000,0.563685,0.563981
0.260000,0.270000,0.580033,0.580339
0.260000,0.280000,0.595810,0.596123
0.260000,0.290000,0.610998,0.611319
0.260000,0.300000,0.625583,0.625912
0.260000,0.310000,0.639551,0.639888
0.260000,0.320000,0.652888,0.653231
0.260000,0.330000,0.665580,0.665930
0.260000,0.340000,0.677616,0.677972
0.260000,0.350000,0.688983,0.689345
0.260000,0.360000,0.699669,0.700038
0.260000,0.370000,0.709666,0.710039
0.260000,0.380000,0.718962,0.719340
0.260000,0.390000,0.727548,0.727931
0.260000,0.400000,0.735417,0.735804
0.260000,0.410000,0.742560,0.742950
0.260000,0.420000,0.748970,0.749364
0.260000,0.430000,0.754641,0.755038
0.260000,0.440000,0.759567,0.759966
0.260000,0.450000,0.763743,0.764145
0.260000,0.460000,0.767166,0.767569
0.260000,0.470000,0.769831,0.770236
0.260000,0.480000,0.771737,0.772143
0.260000,0.490000,0.772882,0.773288
0.260000,0.500000,0.773263,0.773670
0.260000,0.510000,0.772882,0.773288
0.260000,0.520000,0.771737,0.772143
0.260000,0.530000,0.769831,0.770236
0.260000,0.540000,0.767166,0.767569
0.260000,0.550000,0.763743,0.764145
0.260000,0.560000,0.759567,0.759966
0.260000,0.570000,0.754641,0.755038
0.260000,0.580000,0.748970,0.749364
0.260000,0.590000,0.742560,0.742950
0.260000,0.600000,0.735417,0.735804
0.260000,0.610000,0.727548,0.727931
0.260000,0.620000,0.718962,0.719340
0.260000,0.630000,0.709666,0.710039
0.260000,0.640000,0.699669,0.700038
0.260000,0.650000,0.688983,0.689345
0.260000,0.660000,0.677616,0.677972
0.260000,0.670000,0.665580,0.665930
0.260000,0.680000,0.652888,0.653231
0.260000,0.690000,0.639551,0.639887
0.260000,0.700000,0.625583,0.625912
0.260000,0.710000,0.610998,0.611319
0.260000,0.720000,0.595809,0.596123
0.260000,0.730000,0.580033,0.580338
0.260000,0.740000,0.563685,0.563981
0.260000,0.750000,0.546780,0.547067
0.260000,0.760000,0.529335,0.529614
0.260000,0.770000,0.511368,0.511637
0.260000,0.780000,0.492896,0.493156
0.260000,0.790000,0.473938,0.474188
0.260000,0.800000,0.454513,0.454752
0.260000,0.810000,0.434638,0.434867
0.260000,0.820000,0.414335,0.414553
0.260000,0.830000,0.393623,0.393830
0.260000,0.840000,0.372522,0.372718
0.260000,0.850000,0.351054,0.351239
0.260000,0.860000,0.329239,0.329413
0.260000,0.870000,0.307100,0.307261
0.260000,0.880000,0.284657,0.284807
0.260000,0.890000,0.261934,0.262071
0.260000,0.900000,0.238952,0.239077
0.260000,0.910000,0.215733,0.215847
0.260000,0.920000,0.192303,0.192404
0.260000,0.930000,0.168682,0.168771
0.260000,0.940000,0.144895,0.144971
0.260000,0.950000,0.120965,0.121029
0.260000,0.960000,0.096916,0.096967
0.260000,0.970000,0.072770,0.072809
0.260000,0.980000,0.048554,0.048579
0.260000,0.990000,0.024289,0.024302
0.260000,1.000000,-0.000000,-0.000000
0.270000,0.000000,0.000000,0.000000
0.270000,0.010000,0.024052,0.024063
0.270000,0.020000,0.048081,0.048102
0.270000,0.030000,0.072062,0.072094
0.270000,0.040000,0.095972,0.096014
0.270000,0.050000,0.119788,0.119840
0.270000,0.060000,0.143485,0.143548
0.270000,0.070000,0.167040,0.167113
0.270000,0.080000,0.190431,0.190514
0.270000,0.090000,0.213634,0.213727
0.270000,0.100000,0.236626,0.236729
0.270000,0.110000,0.259384,0.259498
0.270000,0.120000,0.281887,0.282010
0.270000,0.130000,0.304111,0.304244
0.270000,0.140000,0.326035,0.326178
0.270000,0.150000,0.347638,0.347789
0.270000,0.160000,0.368897,0.369058
0.270000,0.170000,0.389792,0.389962
0.270000,0.180000,0.410303,0.410482
0.270000,0.190000,0.430408,0.430596
0.270000,0.200000,0.450089,0.450286
0.270000,0.210000,0.469326,0.469531
0.270000,0.220000,0.488099,0.488313
0.270000,0.230000,0.506391,0.506612
0.270000,0.240000,0.524183,0.524412
0.270000,0.250000,0.541458,0.541695
0.270000,0.260000,0.558198,0.558442
0.270000,0.270000,0.574388,0.574639
0.270000,0.280000,0.590011,0.590268
0.270000,0.290000,0.605051,0.605316
0.270000,0.300000,0.619495,0.619765
0.270000,0.310000,0.633327,0.633603
0.270000,0.320000,0.646533,0.646816
0.270000,0.330000,0.659102,0.659390
0.270000,0.340000,0.671021,0.671314
0.270000,0.350000,0.682277,0.682575
0.270000,0.360000,0.692860,0.693163
0.270000,0.370000,0.702759,0.703066
0.270000,0.380000,0.711965,0.712276
0.270000,0.390000,0.720468,0.720782
0.270000,0.400000,0.728259,0.728578
0.270000,0.410000,0.735333,0.735654
0.270000,0.420000,0.741680,0.742004
0.270000,0.430000,0.747296,0.747622
0.270000,0.440000,0.752174,0.752503
0.270000,0.450000,0.756310,0.756640
0.270000,0.460000,0.759699,0.760031
0.270000,0.470000,0.762339,0.762672
0.270000,0.480000,0.764226,0.764560
0.270000,0.490000,0.765359,0.765694
0.270000,0.500000,0.765737,0.766072
0.270000,0.510000,0.765359,0.765694
0.270000,0.520000,0.764226,0.764560
0.270000,0.530000,0.762339,0.762672
0.270000,0.540000,0.759699,0.760031
0.270000,0.550000,0.756310,0.756640
0.270000,0.560000,0.752174,0.752503
0.270000,0.570000,0.747296,0.747622
0.270000,0.580000,0.741680,0.742004
0.270000,0.590000,0.735333,0.735654
0.270000,0.600000,0.728259,0.728578
0.270000,0.610000,0.720468,0.720782
0.270000,0.620000,0.711964,0.712276
0.270000,0.630000,0.702759,0.703066
0.270000,0.640000,0.692860,0.693163
0.270000,0.650000,0.682277,0.682575
0.270000,0.660000,0.671021,0.671314
0.270000,0.670000,0.659102,0.659390
0.270000,0.680000,0.646533,0.646816
0.270000,0.690000,0.633326,0.633603
0.270000,0.700000,0.619495,0.619765
0.270000,0.710000,0.605051,0.605316
0.270000,0.720000,0.590011,0.590268
0.270000,0.730000,0.574388,0.574639
0.270000,0.740000,0.558198,0.558442
0.270000,0.750000,0.541458,0.541695
0.270000,0.760000,0.524183,0.524412
0.270000,0.770000,0.506391,0.506612
0.270000,0.780000,0.488099,0.488313
0.270000,0.790000,0.469326,0.469531
0.270000,0.800000,0.450089,0.450286
0.270000,0.810000,0.430408,0.430596
0.270000,0.820000,0.410303,0.410482
0.270000,0.830000,0.389792,0.389962
0.270000,0.840000,0.368897,0.369058
0.270000,0.850000,0.347637,0.347789
0.270000,0.860000,0.326035,0.326177
0.270000,0.870000,0.304111,0.304244
0.270000,0.880000,0.281887,0.282010
0.270000,0.890000,0.259384,0.259498
0.270000,0.900000,0.236626,0.236729
0.270000,0.910000,0.213634,0.213727
0.270000,0.920000,0.190431,0.190514
0.270000,0.930000,0.167040,0.167113
0.270000,0.940000,0.143485,0.143548
0.270000,0.950000,0.119788,0.119840
0.270000,0.960000,0.095972,0.096014
0.270000,0.970000,0.072062,0.072094
0.270000,0.980000,0.048081,0.048102
0.270000,0.990000,0.024052,0.024063
0.270000,1.000000,-0.000000,-0.000000
0.280000,0.000000,0.000000,0.000000
0.280000,0.010000,0.023818,0.023827
0.280000,0.020000,0.047613,0.047630
0.280000,0.030000,0.071361,0.071386
0.280000,0.040000,0.095039,0.095071
0.280000,0.050000,0.118622,0.118663
0.280000,0.060000,0.142089,0.142138
0.280000,0.070000,0.165415,0.165472
0.280000,0.080000,0.188578,0.188643
0.280000,0.090000,0.211555,0.211628
0.280000,0.100000,0.234324,0.234404
0.280000,0.110000,0.256861,0.256949
0.280000,0.120000,0.279144,0.279240
0.280000,0.130000,0.301152,0.301256
0.280000,0.140000,0.322863,0.322974
0.280000,0.150000,0.344255,0.344374
0.280000,0.160000,0.365308,0.365433
0.280000,0.170000,0.386000,0.386132
0.280000,0.180000,0.406311,0.406451
0.280000,0.190000,0.426221,0.426367
0.280000,0.200000,0.445710,0.445863
0.280000,0.210000,0.464760,0.464920
0.280000,0.220000,0.483351,0.483517
0.280000,0.230000,0.501464,0.501637
0.280000,0.240000,0.519083,0.519262
0.280000,0.250000,0.536190,0.536375
0.280000,0.260000,0.552768,0.552958
0.280000,0.270000,0.568800,0.568995
0.280000,0.280000,0.584270,0.584471
0.280000,0.290000,0.599164,0.599371
0.280000,0.300000,0.613467,0.613678
0.280000,0.310000,0.627165,0.627380
0.280000,0.320000,0.640243,0.640463
0.280000,0.330000,0.652690,0.652914
0.280000,0.340000,0.664492,0.664721
0.280000,0.350000,0.675639,0.675871
0.280000,0.360000,0.686119,0.686355
0.280000,0.370000,0.695922,0.696161
0.280000,0.380000,0.705038,0.705280
0.280000,0.390000,0.713458,0.713703
0.280000,0.400000,0.721174,0.721422
0.280000,0.410000,0.728179,0.728429
0.280000,0.420000,0.734464,0.734717
0.280000,0.430000,0.740025,0.740280
0.280000,0.440000,0.744856,0.745112
0.280000,0.450000,0.748952,0.749209
0.280000,0.460000,0.752308,0.752567
0.280000,0.470000,0.754922,0.755182
0.280000,0.480000,0.756791,0.757051
0.280000,0.490000,0.757913,0.758174
0.280000,0.500000,0.758287,0.758548
0.280000,0.510000,0.757913,0.758174
0.280000,0.520000,0.756791,0.757051
0.280000,0.530000,0.754922,0.755182
0.280000,0.540000,0.752308,0.752567
0.280000,0.550000,0.748951,0.749209
0.280000,0.560000,0.744856,0.745112
0.280000,0.570000,0.740025,0.740280
0.280000,0.580000,0.734464,0.734717
0.280000,0.590000,0.728179,0.728429
0.280000,0.600000,0.721174,0.721422
0.280000,0.610000,0.713458,0.713703
0.280000,0.620000,0.705038,0.705280
0.280000,0.630000,0.695922,0.696161
0.280000,0.640000,0.686119,0.686355
0.280000,0.650000,0.675639,0.675871
0.280000,0.660000,0.664492,0.664721
0.280000,0.670000,0.652690,0.652914
0.280000,0.680000,0.640243,0.640463
0.280000,0.690000,0.627165,0.627380
0.280000,0.700000,0.613467,0.613678
0.280000,0.710000,0.599165,0.599371
0.280000,0.720000,0.584270,0.584471
0.280000,0.730000,0.568800,0.568995
0.280000,0.740000,0.552768,0.552958
0.280000,0.750000,0.536190,0.536375
0.280000,0.760000,0.519083,0.519262
0.280000,0.770000,0.501464,0.501637
0.280000,0.780000,0.483350,0.483517
0.280000,0.790000,0.464760,0.464920
0.280000,0.800000,0.445710,0.445863
0.280000,0.810000,0.426221,0.426367
0.280000,0.820000,0.406311,0.406450
0.280000,0.830000,0.386000,0.386132
0.280000,0.840000,0.365308,0.365433
0.280000,0.850000,0.344255,0.344374
0.280000,0.860000,0.322863,0.322974
0.280000,0.870000,0.301152,0.301256
0.280000,0.880000,0.279144,0.279240
0.280000,0.890000,0.256861,0.256949
0.280000,0.900000,0.234324,0.234404
0.280000,0.910000,0.211555,0.211628
0.280000,0.920000,0.188578,0.188643
0.280000,0.930000,0.165415,0.165472
0.280000,0.940000,0.142089,0.142138
0.280000,0.950000,0.118622,0.118663
0.280000,0.960000,0.095039,0.095071
0.280000,0.970000,0.071361,0.071385
0.280000,0.980000,0.047613,0.047630
0.280000,0.990000,0.023818,0.023827
0.280000,1.000000,-0.000000,-0.000000
0.290000,0.000000,0.000000,0.000000
0.290000,0.010000,0.023587,0.023593
0.290000,0.020000,0.047150,0.047162
0.290000,0.030000,0.070667,0.070685
0.290000,0.040000,0.094114,0.094138
0.290000,0.050000,0.117469,0.117498
0.290000,0.060000,0.140707,0.140742
0.290000,0.070000,0.163806,0.163847
0.290000,0.080000,0.186744,0.186791
0.290000,0.090000,0.209498,0.209550
0.290000,0.100000,0.232045,0.232102
0.290000,0.110000,0.254362,0.254426
0.290000,0.120000,0.276429,0.276498
0.290000,0.130000,0.298223,0.298297
0.290000,0.140000,0.319723,0.319802
0.290000,0.150000,0.340907,0.340992
0.290000,0.160000,0.361755,0.361844
0.290000,0.170000,0.382245,0.382340
0.290000,0.180000,0.402359,0.402459
0.290000,0.190000,0.422075,0.422180
0.290000,0.200000,0.441375,0.441485
0.290000,0.210000,0.460239,0.460354
0.290000,0.220000,0.478649,0.478768
0.290000,0.230000,0.496587,0.496710
0.290000,0.240000,0.514035,0.514162
0.290000,0.250000,0.530975,0.531107
0.290000,0.260000,0.547391,0.547527
0.290000,0.270000,0.563267,0.563407
0.290000,0.280000,0.578588,0.578731
0.290000,0.290000,0.593337,0.593484
0.290000,0.300000,0.607501,0.607651
0.290000,0.310000,0.621065,0.621219
0.290000,0.320000,0.634016,0.634173
0.290000,0.330000,0.646341,0.646502
0.290000,0.340000,0.658029,0.658193
0.290000,0.350000,0.669067,0.669234
0.290000,0.360000,0.679445,0.679614
0.290000,0.370000,0.689153,0.689324
0.290000,0.380000,0.698180,0.698354
0.290000,0.390000,0.706519,0.706694
0.290000,0.400000,0.714160,0.714337
0.290000,0.410000,0.721096,0.721275
0.290000,0.420000,0.727321,0.727501
0.290000,0.430000,0.732828,0.733010
0.290000,0.440000,0.737611,0.737794
0.290000,0.450000,0.741667,0.741851
0.290000,0.460000,0.744991,0.745176
0.290000,0.470000,0.747579,0.747765
0.290000,0.480000,0.749430,0.749616
0.290000,0.490000,0.750541,0.750728
0.290000,0.500000,0.750912,0.751098
0.290000,0.510000,0.750541,0.750728
0.290000,0.520000,0.749430,0.749616
0.290000,0.530000,0.747579,0.747765
0.290000,0.540000,0.744991,0.745176
0.290000,0.550000,0.741667,0.741851
0.290000,0.560000,0.737611,0.737794
0.290000,0.570000,0.732827,0.733010
0.290000,0.580000,0.727321,0.727501
0.290000,0.590000,0.721096,0.721275
0.290000,0.600000,0.714160,0.714337
0.290000,0.610000,0.706519,0.706694
0.290000,0.620000,0.698180,0.698354
0.290000,0.630000,0.689153,0.689324
0.290000,0.640000,0.679445,0.679614
0.290000,0.650000,0.669067,0.669234
0.290000,0.660000,0.658029,0.658193
0.290000,0.670000,0.646341,0.646502
0.290000,0.680000,0.634016,0.634173
0.290000,0.690000,0.621065,0.621219
0.290000,0.700000,0.607500,0.607651
0.290000,0.710000,0.593337,0.593484
0.290000,0.720000,0.578587,0.578731
0.290000,0.730000,0.563267,0.563407
0.290000,0.740000,0.547391,0.547527
0.290000,0.750000,0.530975,0.531107
0.290000,0.760000,0.514035,0.514162
0.290000,0.770000,0.496587,0.496710
0.290000,0.780000,0.478649,0.478768
0.290000,0.790000,0.460239,0.460353
0.290000,0.800000,0.441375,0.441485
0.290000,0.810000,0.422075,0.422180
0.290000,0.820000,0.402359,0.402459
0.290000,0.830000,0.382245,0.382340
0.290000,0.840000,0.361755,0.361845
0.290000,0.850000,0.340907,0.340991
0.290000,0.860000,0.319723,0.319802
0.290000,0.870000,0.298223,0.298297
0.290000,0.880000,0.276429,0.276498
0.290000,0.890000,0.254362,0.254426
0.290000,0.900000,0.232045,0.232102
0.290000,0.910000,0.209498,0.209550
0.290000,0.920000,0.186744,0.186790
0.290000,0.930000,0.163806,0.163847
0.290000,0.940000,0.140707,0.140742
0.290000,0.950000,0.117468,0.117498
0.290000,0.960000,0.094114,0.094138
0.290000,0.970000,0.070667,0.070684
0.290000,0.980000,0.047150,0.047162
0.290000,0.990000,0.023587,0.023593
0.290000,1.000000,-0.000000,-0.000000
0.300000,0.000000,0.000000,0.000000
0.300000,0.010000,0.023357,0.023361
0.300000,0.020000,0.046692,0.046699
0.300000,0.030000,0.069980,0.069990
0.300000,0.040000,0.093199,0.093213
0.300000,0.050000,0.116326,0.116344
0.300000,0.060000,0.139339,0.139360
0.300000,0.070000,0.162214,0.162238
0.300000,0.080000,0.184928,0.184956
0.300000,0.090000,0.207461,0.207492
0.300000,0.100000,0.229788,0.229823
0.300000,0.110000,0.251889,0.251927
0.300000,0.120000,0.273741,0.273782
0.300000,0.130000,0.295323,0.295368
0.300000,0.140000,0.316614,0.316661
0.300000,0.150000,0.337592,0.337643
0.300000,0.160000,0.358237,0.358291
0.300000,0.170000,0.378528,0.378585
0.300000,0.180000,0.398446,0.398506
0.300000,0.190000,0.417971,0.418034
0.300000,0.200000,0.437083,0.437149
0.300000,0.210000,0.455764,0.455832
0.300000,0.220000,0.473995,0.474066
0.300000,0.230000,0.491758,0.491832
0.300000,0.240000,0.509036,0.509113
0.300000,0.250000,0.525812,0.525891
0.300000,0.260000,0.542068,0.542150
0.300000,0.270000,0.557790,0.557874
0.300000,0.280000,0.572961,0.573048
0.300000,0.290000,0.587567,0.587656
0.300000,0.300000,0.601593,0.601684
0.300000,0.310000,0.615025,0.615118
0.300000,0.320000,0.627851,0.627945
0.300000,0.330000,0.640056,0.640153
0.300000,0.340000,0.651630,0.651728
0.300000,0.350000,0.662561,0.662661
0.300000,0.360000,0.672839,0.672940
0.300000,0.370000,0.682452,0.682554
0.300000,0.380000,0.691391,0.691495
0.300000,0.390000,0.699648,0.699754
0.300000,0.400000,0.707215,0.707322
0.300000,0.410000,0.714084,0.714191
0.300000,0.420000,0.720248,0.720356
0.300000,0.430000,0.725702,0.725811
0.300000,0.440000,0.730439,0.730549
0.300000,0.450000,0.734455,0.734565
0.300000,0.460000,0.737746,0.737857
0.300000,0.470000,0.740310,0.740421
0.300000,0.480000,0.742143,0.742254
0.300000,0.490000,0.743243,0.743355
0.300000,0.500000,0.743610,0.743722
0.300000,0.510000,0.743243,0.743355
0.300000,0.520000,0.742143,0.742254
0.300000,0.530000,0.740310,0.740421
0.300000,0.540000,0.737746,0.737857
0.300000,0.550000,0.734455,0.734565
0.300000,0.560000,0.730439,0.730548
0.300000,0.570000,0.725701,0.725811
0.300000,0.580000,0.720248,0.720356
0.300000,0.590000,0.714084,0.714191
0.300000,0.600000,0.707215,0.707321
0.300000,0.610000,0.699648,0.699754
0.300000,0.620000,0.691391,0.691495
0.300000,0.630000,0.682451,0.682554
0.300000,0.640000,0.672838,0.672940
0.300000,0.650000,0.662561,0.662661
0.300000,0.660000,0.651630,0.651728
0.300000,0.670000,0.640056,0.640153
0.300000,0.680000,0.627851,0.627945
0.300000,0.690000,0.615025,0.615118
0.300000,0.700000,0.601593,0.601684
0.300000,0.710000,0.587567,0.587656
0.300000,0.720000,0.572961,0.573047
0.300000,0.730000,0.557790,0.557874
0.300000,0.740000,0.542068,0.542150
0.300000,0.750000,0.525812,0.525891
0.300000,0.760000,0.509036,0.509113
0.300000,0.770000,0.491758,0.491832
0.300000,0.780000,0.473995,0.474066
0.300000,0.790000,0.455764,0.455832
0.300000,0.800000,0.437083,0.437149
0.300000,0.810000,0.417971,0.418034
0.300000,0.820000,0.398446,0.398506
0.300000,0.830000,0.378528,0.378585
0.300000,0.840000,0.358237,0.358291
0.300000,0.850000,0.337592,0.337643
0.300000,0.860000,0.316614,0.316661
0.300000,0.870000,0.295323,0.295367
0.300000,0.880000,0.273741,0.273782
0.300000,0.890000,0.251889,0.251927
0.300000,0.900000,0.229788,0.229823
0.300000,0.910000,0.207460,0.207492
0.300000,0.920000,0.184928,0.184956
0.300000,0.930000,0.162214,0.162238
0.300000,0.940000,0.139339,0.139360
0.300000,0.950000,0.116326,0.116344
0.300000,0.960000,0.093199,0.093213
0.300000,0.970000,0.069980,0.069990
0.300000,0.980000,0.046692,0.046699
0.300000,0.990000,0.023357,0.023361
0.300000,1.000000,-0.000000,-0.000000
0.310000,0.000000,0.000000,0.000000
0.310000,0.010000,0.023130,0.023131
0.310000,0.020000,0.046238,0.046240
0.310000,0.030000,0.069300,0.069303
0.310000,0.040000,0.092293,0.092298
0.310000,0.050000,0.115195,0.115201
0.310000,0.060000,0.137984,0.137991
0.310000,0.070000,0.160636,0.160645
0.310000,0.080000,0.183130,0.183140
0.310000,0.090000,0.205444,0.205454
0.310000,0.100000,0.227554,0.227566
0.310000,0.110000,0.249440,0.249453
0.310000,0.120000,0.271080,0.271093
0.310000,0.130000,0.292452,0.292467
0.310000,0.140000,0.313536,0.313551
0.310000,0.150000,0.334310,0.334327
0.310000,0.160000,0.354754,0.354772
0.310000,0.170000,0.374848,0.374867
0.310000,0.180000,0.394573,0.394592
0.310000,0.190000,0.413907,0.413928
0.310000,0.200000,0.432834,0.432855
0.310000,0.210000,0.451333,0.451356
0.310000,0.220000,0.469387,0.469410
0.310000,0.230000,0.486977,0.487002
0.310000,0.240000,0.504087,0.504113
0.310000,0.250000,0.520700,0.520726
0.310000,0.260000,0.536798,0.536825
0.310000,0.270000,0.552367,0.552395
0.310000,0.280000,0.567391,0.567420
0.310000,0.290000,0.581855,0.581884
0.310000,0.300000,0.595745,0.595774
0.310000,0.310000,0.609046,0.609077
0.310000,0.320000,0.621747,0.621778
0.310000,0.330000,0.633834,0.633866
0.310000,0.340000,0.645295,0.645328
0.310000,0.350000,0.656120,0.656153
0.310000,0.360000,0.666297,0.666331
0.310000,0.370000,0.675817,0.675851
0.310000,0.380000,0.684669,0.684704
0.310000,0.390000,0.692846,0.692881
0.310000,0.400000,0.700340,0.700375
0.310000,0.410000,0.707142,0.707177
0.310000,0.420000,0.713246,0.713282
0.310000,0.430000,0.718646,0.718682
0.310000,0.440000,0.723337,0.723374
0.310000,0.450000,0.727315,0.727351
0.310000,0.460000,0.730574,0.730611
0.310000,0.470000,0.733113,0.733149
0.310000,0.480000,0.734928,0.734965
0.310000,0.490000,0.736017,0.736054
0.310000,0.500000,0.736381,0.736418
0.310000,0.510000,0.736017,0.736054
0.310000,0.520000,0.734928,0.734965
0.310000,0.530000,0.733113,0.733149
0.310000,0.540000,0.730574,0.730611
0.310000,0.550000,0.727315,0.727351
0.310000,0.560000,0.723337,0.723374
0.310000,0.570000,0.718646,0.718682
0.310000,0.580000,0.713246,0.713282
0.310000,0.590000,0.707142,0.707177
0.310000,0.600000,0.700340,0.700375
0.310000,0.610000,0.692846,0.692881
0.310000,0.620000,0.684669,0.684704
0.310000,0.630000,0.675817,0.675851
0.310000,0.640000,0.666297,0.666331
0.310000,0.650000,0.656120,0.656153
0.310000,0.660000,0.645295,0.645328
0.310000,0.670000,0.633834,0.633866
0.310000,0.680000,0.621747,0.621778
0.310000,0.690000,0.609046,0.609077
0.310000,0.700000,0.595745,0.595774
0.310000,0.710000,0.581855,0.581884
0.310000,0.720000,0.567391,0.567420
0.310000,0.730000,0.552367,0.552395
0.310000,0.740000,0.536798,0.536825
0.310000,0.750000,0.520700,0.520726
0.310000,0.760000,0.504087,0.504113
0.310000,0.770000,0.486977,0.487002
0.310000,0.780000,0.469387,0.469410
0.310000,0.790000,0.451333,0.451356
0.310000,0.800000,0.432834,0.432855
0.310000,0.810000,0.413907,0.413928
0.310000,0.820000,0.394572,0.394592
0.310000,0.830000,0.374848,0.374867
0.310000,0.840000,0.354754,0.354772
0.310000,0.850000,0.334310,0.334327
0.310000,0.860000,0.313536,0.313551
0.310000,0.870000,0.292452,0.292467
0.310000,0.880000,0.271080,0.271093
0.310000,0.890000,0.249440,0.249453
0.310000,0.900000,0.227554,0.227566
0.310000,0.910000,0.205444,0.205454
0.310000,0.920000,0.183130,0.183139
0.310000,0.930000,0.160636,0.160645
0.310000,0.940000,0.137984,0.137991
0.310000,0.950000,0.115195,0.115201
0.310000,0.960000,0.092293,0.092298
0.310000,0.970000,0.069299,0.069303
0.310000,0.980000,0.046238,0.046240
0.310000,0.990000,0.023130,0.023131
0.310000,1.000000,-0.000000,-0.000000
0.320000,0.000000,0.000000,0.000000
0.320000,0.010000,0.022905,0.022904
0.320000,0.020000,0.045788,0.045786
0.320000,0.030000,0.068626,0.068622
0.320000,0.040000,0.091396,0.091391
0.320000,0.050000,0.114076,0.114070
0.320000,0.060000,0.136643,0.136636
0.320000,0.070000,0.159075,0.159067
0.320000,0.080000,0.181350,0.181341
0.320000,0.090000,0.203447,0.203436
0.320000,0.100000,0.225342,0.225331
0.320000,0.110000,0.247016,0.247003
0.320000,0.120000,0.268445,0.268431
0.320000,0.130000,0.289609,0.289594
0.320000,0.140000,0.310488,0.310472
0.320000,0.150000,0.331060,0.331043
0.320000,0.160000,0.351306,0.351288
0.320000,0.170000,0.371205,0.371186
0.320000,0.180000,0.390737,0.390717
0.320000,0.190000,0.409884,0.409863
0.320000,0.200000,0.428627,0.428604
0.320000,0.210000,0.446946,0.446923
0.320000,0.220000,0.464824,0.464800
0.320000,0.230000,0.482244,0.482219
0.320000,0.240000,0.499188,0.499162
0.320000,0.250000,0.515639,0.515612
0.320000,0.260000,0.531581,0.531553
0.320000,0.270000,0.546998,0.546970
0.320000,0.280000,0.561876,0.561847
0.320000,0.290000,0.576199,0.576169
0.320000,0.300000,0.589954,0.589923
0.320000,0.310000,0.603126,0.603095
0.320000,0.320000,0.615704,0.615672
0.320000,0.330000,0.627673,0.627640
0.320000,0.340000,0.639023,0.638990
0.320000,0.350000,0.649743,0.649709
0.320000,0.360000,0.659821,0.659787
0.320000,0.370000,0.669248,0.669213
0.320000,0.380000,0.678015,0.677979
0.320000,0.390000,0.686112,0.686076
0.320000,0.400000,0.693532,0.693496
0.320000,0.410000,0.700268,0.700232
0.320000,0.420000,0.706313,0.706277
0.320000,0.430000,0.711661,0.711624
0.320000,0.440000,0.716307,0.716269
0.320000,0.450000,0.720245,0.720208
0.320000,0.460000,0.723473,0.723436
0.320000,0.470000,0.725987,0.725949
0.320000,0.480000,0.727784,0.727746
0.320000,0.490000,0.728863,0.728826
0.320000,0.500000,0.729223,0.729185
0.320000,0.510000,0.728863,0.728826
0.320000,0.520000,0.727784,0.727746
0.320000,0.530000,0.725987,0.725949
0.320000,0.540000,0.723473,0.723435
0.320000,0.550000,0.720245,0.720208
0.320000,0.560000,0.716307,0.716269
0.320000,0.570000,0.711661,0.711624
0.320000,0.580000,0.706313,0.706277
0.320000,0.590000,0.700269,0.700232
0.320000,0.600000,0.693532,0.693496
0.320000,0.610000,0.686112,0.686076
0.320000,0.620000,0.678015,0.677979
0.320000,0.630000,0.669248,0.669213
0.320000,0.640000,0.659821,0.659787
0.320000,0.650000,0.649743,0.649709
0.320000,0.660000,0.639023,0.638990
0.320000,0.670000,0.627673,0.627640
0.320000,0.680000,0.615704,0.615672
0.320000,0.690000,0.603126,0.603095
0.320000,0.700000,0.589954,0.589923
0.320000,0.710000,0.576199,0.576169
0.320000,0.720000,0.561876,0.561847
0.320000,0.730000,0.546998,0.546970
0.320000,0.740000,0.531581,0.531553
0.320000,0.750000,0.515639,0.515612
0.320000,0.760000,0.499188,0.499162
0.320000,0.770000,0.482244,0.482219
0.320000,0.780000,0.464824,0.464800
0.320000,0.790000,0.446946,0.446923
0.320000,0.800000,0.428627,0.428604
0.320000,0.810000,0.409884,0.409863
0.320000,0.820000,0.390737,0.390717
0.320000,0.830000,0.371205,0.371185
0.320000,0.840000,0.351306,0.351288
0.320000,0.850000,0.331060,0.331043
0.320000,0.860000,0.310488,0.310472
0.320000,0.870000,0.289609,0.289594
0.320000,0.880000,0.268445,0.268431
0.320000,0.890000,0.247016,0.247003
0.320000,0.900000,0.225342,0.225331
0.320000,0.910000,0.203447,0.203436
0.320000,0.920000,0.181350,0.181341
0.320000,0.930000,0.159075,0.159067
0.320000,0.940000,0.136643,0.136636
0.320000,0.950000,0.114076,0.114070
0.320000,0.960000,0.091396,0.091391
0.320000,0.970000,0.068626,0.068622
0.320000,0.980000,0.045788,0.045786
0.320000,0.990000,0.022905,0.022904
0.320000,1.000000,-0.000000,-0.000000
0.330000,0.000000,0.000000,0.000000
0.330000,0.010000,0.022683,0.022679
0.330000,0.020000,0.045343,0.045336
0.330000,0.030000,0.067959,0.067948
0.330000,0.040000,0.090508,0.090494
0.330000,0.050000,0.112967,0.112949
0.330000,0.060000,0.135315,0.135294
0.330000,0.070000,0.157529,0.157505
0.330000,0.080000,0.179588,0.179560
0.330000,0.090000,0.201470,0.201438
0.330000,0.100000,0.223152,0.223118
0.330000,0.110000,0.244615,0.244577
0.330000,0.120000,0.265836,0.265795
0.330000,0.130000,0.286795,0.286750
0.330000,0.140000,0.307471,0.307423
0.330000,0.150000,0.327843,0.327792
0.330000,0.160000,0.347892,0.347838
0.330000,0.170000,0.367597,0.367540
0.330000,0.180000,0.386940,0.386880
0.330000,0.190000,0.405901,0.405838
0.330000,0.200000,0.424461,0.424395
0.330000,0.210000,0.442602,0.442534
0.330000,0.220000,0.460307,0.460235
0.330000,0.230000,0.477557,0.477483
0.330000,0.240000,0.494336,0.494259
0.330000,0.250000,0.510627,0.510548
0.330000,0.260000,0.526415,0.526333
0.330000,0.270000,0.541682,0.541598
0.330000,0.280000,0.556416,0.556329
0.330000,0.290000,0.570600,0.570511
0.330000,0.300000,0.584221,0.584130
0.330000,0.310000,0.597265,0.597172
0.330000,0.320000,0.609720,0.609625
0.330000,0.330000,0.621573,0.621476
0.330000,0.340000,0.632813,0.632714
0.330000,0.350000,0.643428,0.643328
0.330000,0.360000,0.653409,0.653307
0.330000,0.370000,0.662744,0.662641
0.330000,0.380000,0.671425,0.671321
0.330000,0.390000,0.679444,0.679338
0.330000,0.400000,0.686792,0.686686
0.330000,0.410000,0.693463,0.693355
0.330000,0.420000,0.699449,0.699340
0.330000,0.430000,0.704745,0.704635
0.330000,0.440000,0.709345,0.709235
0.330000,0.450000,0.713246,0.713135
0.330000,0.460000,0.716442,0.716331
0.330000,0.470000,0.718931,0.718820
0.330000,0.480000,0.720711,0.720599
0.330000,0.490000,0.721780,0.721668
0.330000,0.500000,0.722136,0.722024
0.330000,0.510000,0.721780,0.721668
0.330000,0.520000,0.720711,0.720599
0.330000,0.530000,0.718931,0.718820
0.330000,0.540000,0.716442,0.716331
0.330000,0.550000,0.713246,0.713135
0.330000,0.560000,0.709345,0.709235
0.330000,0.570000,0.704745,0.704635
0.330000,0.580000,0.699449,0.699340
0.330000,0.590000,0.693463,0.693355
0.330000,0.600000,0.686792,0.686686
0.330000,0.610000,0.679444,0.679338
0.330000,0.620000,0.671425,0.671321
0.330000,0.630000,0.662744,0.662641
0.330000,0.640000,0.653408,0.653307
0.330000,0.650000,0.643428,0.643328
0.330000,0.660000,0.632813,0.632714
0.330000,0.670000,0.621573,0.621476
0.330000,0.680000,0.609720,0.609625
0.330000,0.690000,0.597265,0.597172
0.330000,0.700000,0.584221,0.584130
0.330000,0.710000,0.570600,0.570511
0.330000,0.720000,0.556415,0.556329
0.330000,0.730000,0.541682,0.541598
0.330000,0.740000,0.526415,0.526333
0.330000,0.750000,0.510627,0.510548
0.330000,0.760000,0.494336,0.494259
0.330000,0.770000,0.477557,0.477483
0.330000,0.780000,0.460307,0.460235
0.330000,0.790000,0.442602,0.442534
0.330000,0.800000,0.424461,0.424395
0.330000,0.810000,0.405901,0.405838
0.330000,0.820000,0.386940,0.386880
0.330000,0.830000,0.367597,0.367540
0.330000,0.840000,0.347892,0.347838
0.330000,0.850000,0.327843,0.327792
0.330000,0.860000,0.307471,0.307423
0.330000,0.870000,0.286795,0.286750
0.330000,0.880000,0.265836,0.265795
0.330000,0.890000,0.244615,0.244577
0.330000,0.900000,0.223152,0.223118
0.330000,0.910000,0.201469,0.201438
0.330000,0.920000,0.179588,0.179560
0.330000,0.930000,0.157529,0.157505
0.330000,0.940000,0.135315,0.135294
0.330000,0.950000,0.112967,0.112949
0.330000,0.960000,0.090508,0.090494
0.330000,0.970000,0.067959,0.067948
0.330000,0.980000,0.045343,0.045336
0.330000,0.990000,0.022683,0.022679
0.330000,1.000000,-0.000000,-0.000000
0.340000,0.000000,0.000000,0.000000
0.340000,0.010000,0.022462,0.022457
0.340000,0.020000,0.044903,0.044891
0.340000,0.030000,0.067299,0.067281
0.340000,0.040000,0.089628,0.089605
0.340000,0.050000,0.111869,0.111840
0.340000,0.060000,0.134000,0.133965
0.340000,0.070000,0.155998,0.155958
0.340000,0.080000,0.177843,0.177797
0.340000,0.090000,0.199512,0.199460
0.340000,0.100000,0.220984,0.220926
0.340000,0.110000,0.242238,0.242175
0.340000,0.120000,0.263253,0.263184
0.340000,0.130000,0.284008,0.283934
0.340000,0.140000,0.304483,0.304404
0.340000,0.150000,0.324657,0.324573
0.340000,0.160000,0.344511,0.344422
0.340000,0.170000,0.364025,0.363930
0.340000,0.180000,0.383180,0.383080
0.340000,0.190000,0.401956,0.401852
0.340000,0.200000,0.420336,0.420227
0.340000,0.210000,0.438301,0.438187
0.340000,0.220000,0.455834,0.455715
0.340000,0.230000,0.472917,0.472794
0.340000,0.240000,0.489533,0.489405
0.340000,0.250000,0.505665,0.505534
0.340000,0.260000,0.521299,0.521164
0.340000,0.270000,0.536419,0.536279
0.340000,0.280000,0.551009,0.550865
0.340000,0.290000,0.565055,0.564908
0.340000,0.300000,0.578543,0.578393
0.340000,0.310000,0.591461,0.591307
0.340000,0.320000,0.603795,0.603638
0.340000,0.330000,0.615533,0.615373
0.340000,0.340000,0.626664,0.626500
0.340000,0.350000,0.637176,0.637010
0.340000,0.360000,0.647059,0.646891
0.340000,0.370000,0.656304,0.656133
0.340000,0.380000,0.664901,0.664728
0.340000,0.390000,0.672842,0.672667
0.340000,0.400000,0.680119,0.679942
0.340000,0.410000,0.686724,0.686546
0.340000,0.420000,0.692652,0.692472
0.340000,0.430000,0.697897,0.697715
0.340000,0.440000,0.702452,0.702269
0.340000,0.450000,0.706315,0.706131
0.340000,0.460000,0.709480,0.709295
0.340000,0.470000,0.711945,0.711760
0.340000,0.480000,0.713708,0.713522
0.340000,0.490000,0.714766,0.714580
0.340000,0.500000,0.715119,0.714933
0.340000,0.510000,0.714766,0.714580
0.340000,0.520000,0.713708,0.713522
0.340000,0.530000,0.711945,0.711760
0.340000,0.540000,0.709480,0.709295
0.340000,0.550000,0.706315,0.706131
0.340000,0.560000,0.702452,0.702269
0.340000,0.570000,0.697897,0.697715
0.340000,0.580000,0.692652,0.692472
0.340000,0.590000,0.686724,0.686546
0.340000,0.600000,0.680119,0.679942
0.340000,0.610000,0.672842,0.672667
0.340000,0.620000,0.664901,0.664728
0.340000,0.630000,0.656304,0.656133
0.340000,0.640000,0.647059,0.646891
0.340000,0.650000,0.637176,0.637010
0.340000,0.660000,0.626663,0.626500
0.340000,0.670000,0.615533,0.615373
0.340000,0.680000,0.603795,0.603638
0.340000,0.690000,0.591461,0.591307
0.340000,0.700000,0.578543,0.578393
0.340000,0.710000,0.565055,0.564908
0.340000,0.720000,0.551009,0.550865
0.340000,0.730000,0.536419,0.536279
0.340000,0.740000,0.521299,0.521164
0.340000,0.750000,0.505665,0.505534
0.340000,0.760000,0.489533,0.489405
0.340000,0.770000,0.472917,0.472794
0.340000,0.780000,0.455834,0.455715
0.340000,0.790000,0.438301,0.438187
0.340000,0.800000,0.420336,0.420227
0.340000,0.810000,0.401956,0.401852
0.340000,0.820000,0.383180,0.383080
0.340000,0.830000,0.364025,0.363930
0.340000,0.840000,0.344511,0.344422
0.340000,0.850000,0.324657,0.324573
0.340000,0.860000,0.304483,0.304404
0.340000,0.870000,0.284008,0.283934
0.340000,0.880000,0.263253,0.263184
0.340000,0.890000,0.242238,0.242175
0.340000,0.900000,0.220984,0.220926
0.340000,0.910000,0.199512,0.199460
0.340000,0.920000,0.177843,0.177796
0.340000,0.930000,0.155998,0.155958
0.340000,0.940000,0.134000,0.133965
0.340000,0.950000,0.111869,0.111840
0.340000,0.960000,0.089628,0.089605
0.340000,0.970000,0.067298,0.067281
0.340000,0.980000,0.044903,0.044891
0.340000,0.990000,0.022462,0.022457
0.340000,1.000000,-0.000000,-0.000000
0.350000,0.000000,0.000000,0.000000
0.350000,0.010000,0.022244,0.022236
0.350000,0.020000,0.044466,0.044450
0.350000,0.030000,0.066645,0.066620
0.350000,0.040000,0.088757,0.088725
0.350000,0.050000,0.110782,0.110742
0.350000,0.060000,0.132698,0.132649
0.350000,0.070000,0.154483,0.154426
0.350000,0.080000,0.176115,0.176050
0.350000,0.090000,0.197573,0.197501
0.350000,0.100000,0.218837,0.218757
0.350000,0.110000,0.239884,0.239796
0.350000,0.120000,0.260695,0.260600
0.350000,0.130000,0.281248,0.281146
0.350000,0.140000,0.301524,0.301414
0.350000,0.150000,0.321503,0.321385
0.350000,0.160000,0.341164,0.341039
0.350000,0.170000,0.360488,0.360356
0.350000,0.180000,0.379457,0.379318
0.350000,0.190000,0.398051,0.397905
0.350000,0.200000,0.416252,0.416100
0.350000,0.210000,0.434043,0.433884
0.350000,0.220000,0.451405,0.451240
0.350000,0.230000,0.468322,0.468150
0.350000,0.240000,0.484776,0.484599
0.350000,0.250000,0.500752,0.500569
0.350000,0.260000,0.516234,0.516045
0.350000,0.270000,0.531207,0.531012
0.350000,0.280000,0.545655,0.545455
0.350000,0.290000,0.559565,0.559360
0.350000,0.300000,0.572922,0.572712
0.350000,0.310000,0.585714,0.585500
0.350000,0.320000,0.597928,0.597709
0.350000,0.330000,0.609552,0.609329
0.350000,0.340000,0.620575,0.620348
0.350000,0.350000,0.630985,0.630754
0.350000,0.360000,0.640772,0.640538
0.350000,0.370000,0.649927,0.649689
0.350000,0.380000,0.658440,0.658199
0.350000,0.390000,0.666304,0.666060
0.350000,0.400000,0.673510,0.673264
0.350000,0.410000,0.680052,0.679803
0.350000,0.420000,0.685922,0.685671
0.350000,0.430000,0.691116,0.690863
0.350000,0.440000,0.695627,0.695372
0.350000,0.450000,0.699452,0.699196
0.350000,0.460000,0.702586,0.702329
0.350000,0.470000,0.705028,0.704770
0.350000,0.480000,0.706773,0.706515
0.350000,0.490000,0.707821,0.707562
0.350000,0.500000,0.708170,0.707911
0.350000,0.510000,0.707821,0.707562
0.350000,0.520000,0.706773,0.706515
0.350000,0.530000,0.705028,0.704770
0.350000,0.540000,0.702586,0.702329
0.350000,0.550000,0.699452,0.699196
0.350000,0.560000,0.695627,0.695372
0.350000,0.570000,0.691116,0.690863
0.350000,0.580000,0.685922,0.685671
0.350000,0.590000,0.680052,0.679803
0.350000,0.600000,0.673510,0.673264
0.350000,0.610000,0.666304,0.666060
0.350000,0.620000,0.658440,0.658199
0.350000,0.630000,0.649927,0.649689
0.350000,0.640000,0.640772,0.640537
0.350000,0.650000,0.630985,0.630754
0.350000,0.660000,0.620575,0.620347
0.350000,0.670000,0.609552,0.609329
0.350000,0.680000,0.597928,0.597709
0.350000,0.690000,0.585714,0.585500
0.350000,0.700000,0.572922,0.572712
0.350000,0.710000,0.559564,0.559360
0.350000,0.720000,0.545655,0.545455
0.350000,0.730000,0.531206,0.531012
0.350000,0.740000,0.516234,0.516045
0.350000,0.750000,0.500752,0.500569
0.350000,0.760000,0.484776,0.484599
0.350000,0.770000,0.468322,0.468150
0.350000,0.780000,0.451405,0.451240
0.350000,0.790000,0.434043,0.433884
0.350000,0.800000,0.416252,0.416100
0.350000,0.810000,0.398051,0.397905
0.350000,0.820000,0.379457,0.379318
0.350000,0.830000,0.360488,0.360356
0.350000,0.840000,0.341164,0.341039
0.350000,0.850000,0.321503,0.321385
0.350000,0.860000,0.301524,0.301414
0.350000,0.870000,0.281248,0.281145
0.350000,0.880000,0.260695,0.260599
0.350000,0.890000,0.239884,0.239797
0.350000,0.900000,0.218837,0.218757
0.350000,0.910000,0.197573,0.197501
0.350000,0.920000,0.176115,0.176050
0.350000,0.930000,0.154483,0.154426
0.350000,0.940000,0.132698,0.132649
0.350000,0.950000,0.110782,0.110742
0.350000,0.960000,0.088757,0.088725
0.350000,0.970000,0.066645,0.066620
0.350000,0.980000,0.044466,0.044450
0.350000,0.990000,0.022244,0.022236
0.350000,1.000000,-0.000000,-0.000000
0.360000,0.000000,0.000000,0.000000
0.360000,0.010000,0.022028,0.022018
0.360000,0.020000,0.044034,0.044014
0.360000,0.030000,0.065997,0.065966
0.360000,0.040000,0.087895,0.087853
0.360000,0.050000,0.109706,0.109654
0.360000,0.060000,0.131409,0.131347
0.360000,0.070000,0.152982,0.152909
0.360000,0.080000,0.174404,0.174321
0.360000,0.090000,0.195654,0.195561
0.360000,0.100000,0.216711,0.216608
0.360000,0.110000,0.237554,0.237441
0.360000,0.120000,0.258162,0.258040
0.360000,0.130000,0.278516,0.278384
0.360000,0.140000,0.298595,0.298454
0.360000,0.150000,0.318379,0.318229
0.360000,0.160000,0.337849,0.337690
0.360000,0.170000,0.356986,0.356817
0.360000,0.180000,0.375770,0.375593
0.360000,0.190000,0.394183,0.393997
0.360000,0.200000,0.412208,0.412013
0.360000,0.210000,0.429826,0.429623
0.360000,0.220000,0.447019,0.446808
0.360000,0.230000,0.463771,0.463553
0.360000,0.240000,0.480066,0.479840
0.360000,0.250000,0.495887,0.495653
0.360000,0.260000,0.511218,0.510977
0.360000,0.270000,0.526045,0.525797
0.360000,0.280000,0.540353,0.540098
0.360000,0.290000,0.554128,0.553866
0.360000,0.300000,0.567356,0.567088
0.360000,0.310000,0.580023,0.579750
0.360000,0.320000,0.592119,0.591839
0.360000,0.330000,0.603630,0.603345
0.360000,0.340000,0.614545,0.614255
0.360000,0.350000,0.624854,0.624559
0.360000,0.360000,0.634546,0.634247
0.360000,0.370000,0.643612,0.643308
0.360000,0.380000,0.652043,0.651735
0.360000,0.390000,0.659830,0.659519
0.360000,0.400000,0.666966,0.666652
0.360000,0.410000,0.673444,0.673127
0.360000,0.420000,0.679258,0.678937
0.360000,0.430000,0.684401,0.684078
0.360000,0.440000,0.688868,0.688543
0.360000,0.450000,0.692656,0.692329
0.360000,0.460000,0.695760,0.695432
0.360000,0.470000,0.698178,0.697848
0.360000,0.480000,0.699906,0.699576
0.360000,0.490000,0.700944,0.700613
0.360000,0.500000,0.701290,0.700959
0.360000,0.510000,0.700944,0.700613
0.360000,0.520000,0.699906,0.699576
0.360000,0.530000,0.698178,0.697848
0.360000,0.540000,0.695760,0.695432
0.360000,0.550000,0.692656,0.692329
0.360000,0.560000,0.688868,0.688543
0.360000,0.570000,0.684401,0.684078
0.360000,0.580000,0.679258,0.678937
0.360000,0.590000,0.673444,0.673127
0.360000,0.600000,0.666966,0.666652
0.360000,0.610000,0.659830,0.659519
0.360000,0.620000,0.652043,0.651735
0.360000,0.630000,0.643612,0.643308
0.360000,0.640000,0.634546,0.634247
0.360000,0.650000,0.624854,0.624559
0.360000,0.660000,0.614545,0.614255
0.360000,0.670000,0.603630,0.603345
0.360000,0.680000,0.592119,0.591839
0.360000,0.690000,0.580023,0.579750
0.360000,0.700000,0.567356,0.567088
0.360000,0.710000,0.554128,0.553866
0.360000,0.720000,0.540353,0.540098
0.360000,0.730000,0.526045,0.525797
0.360000,0.740000,0.511218,0.510977
0.360000,0.750000,0.495887,0.495653
0.360000,0.760000,0.480066,0.479839
0.360000,0.770000,0.463771,0.463553
0.360000,0.780000,0.447019,0.446808
0.360000,0.790000,0.429826,0.429623
0.360000,0.800000,0.412208,0.412013
0.360000,0.810000,0.394183,0.393997
0.360000,0.820000,0.375770,0.375593
0.360000,0.830000,0.356986,0.356817
0.360000,0.840000,0.337849,0.337690
0.360000,0.850000,0.318379,0.318229
0.360000,0.860000,0.298595,0.298454
0.360000,0.870000,0.278516,0.278384
0.360000,0.880000,0.258162,0.258040
0.360000,0.890000,0.237554,0.237441
0.360000,0.900000,0.216711,0.216608
0.360000,0.910000,0.195654,0.195561
0.360000,0.920000,0.174404,0.174321
0.360000,0.930000,0.152982,0.152909
0.360000,0.940000,0.131409,0.131347
0.360000,0.950000,0.109706,0.109654
0.360000,0.960000,0.087895,0.087853
0.360000,0.970000,0.065997,0.065966
0.360000,0.980000,0.044034,0.044014
0.360000,0.990000,0.022028,0.022018
0.360000,1.000000,-0.000000,-0.000000
0.370000,0.000000,0.000000,0.000000
0.370000,0.010000,0.021814,0.021801
0.370000,0.020000,0.043607,0.043581
0.370000,0.030000,0.065356,0.065318
0.370000,0.040000,0.087041,0.086991
0.370000,0.050000,0.108640,0.108577
0.370000,0.060000,0.130132,0.130057
0.370000,0.070000,0.151495,0.151408
0.370000,0.080000,0.172709,0.172609
0.370000,0.090000,0.193753,0.193641
0.370000,0.100000,0.214605,0.214481
0.370000,0.110000,0.235246,0.235110
0.370000,0.120000,0.255654,0.255506
0.370000,0.130000,0.275810,0.275650
0.370000,0.140000,0.295694,0.295523
0.370000,0.150000,0.315286,0.315103
0.370000,0.160000,0.334567,0.334373
0.370000,0.170000,0.353517,0.353313
0.370000,0.180000,0.372119,0.371904
0.370000,0.190000,0.390354,0.390128
0.370000,0.200000,0.408203,0.407967
0.370000,0.210000,0.425650,0.425403
0.370000,0.220000,0.442676,0.442420
0.370000,0.230000,0.459266,0.459000
0.370000,0.240000,0.475402,0.475127
0.370000,0.250000,0.491069,0.490785
0.370000,0.260000,0.506252,0.505959
0.370000,0.270000,0.520935,0.520633
0.370000,0.280000,0.535103,0.534794
0.370000,0.290000,0.548744,0.548427
0.370000,0.300000,0.561843,0.561518
0.370000,0.310000,0.574388,0.574056
0.370000,0.320000,0.586366,0.586027
0.370000,0.330000,0.597765,0.597419
0.370000,0.340000,0.608575,0.608223
0.370000,0.350000,0.618783,0.618425
0.370000,0.360000,0.628381,0.628018
0.370000,0.370000,0.637359,0.636990
0.370000,0.380000,0.645708,0.645335
0.370000,0.390000,0.653420,0.653042
0.370000,0.400000,0.660487,0.660105
0.370000,0.410000,0.666902,0.666516
0.370000,0.420000,0.672658,0.672269
0.370000,0.430000,0.677751,0.677359
0.370000,0.440000,0.682176,0.681781
0.370000,0.450000,0.685926,0.685530
0.370000,0.460000,0.689000,0.688602
0.370000,0.470000,0.691395,0.690995
0.370000,0.480000,0.693106,0.692705
0.370000,0.490000,0.694134,0.693732
0.370000,0.500000,0.694477,0.694075
0.370000,0.510000,0.694134,0.693732
0.370000,0.520000,0.693106,0.692705
0.370000,0.530000,0.691395,0.690995
0.370000,0.540000,0.689000,0.688602
0.370000,0.550000,0.685926,0.685530
0.370000,0.560000,0.682176,0.681781
0.370000,0.570000,0.677751,0.677359
0.370000,0.580000,0.672658,0.672269
0.370000,0.590000,0.666902,0.666516
0.370000,0.600000,0.660486,0.660104
0.370000,0.610000,0.653420,0.653042
0.370000,0.620000,0.645708,0.645334
0.370000,0.630000,0.637359,0.636990
0.370000,0.640000,0.628381,0.628018
0.370000,0.650000,0.618783,0.618425
0.370000,0.660000,0.608574,0.608222
0.370000,0.670000,0.597765,0.597419
0.370000,0.680000,0.586366,0.586027
0.370000,0.690000,0.574388,0.574056
0.370000,0.700000,0.561843,0.561518
0.370000,0.710000,0.548744,0.548427
0.370000,0.720000,0.535103,0.534794
0.370000,0.730000,0.520934,0.520633
0.370000,0.740000,0.506252,0.505959
0.370000,0.750000,0.491069,0.490785
0.370000,0.760000,0.475402,0.475127
0.370000,0.770000,0.459266,0.459000
0.370000,0.780000,0.442676,0.442420
0.370000,0.790000,0.425650,0.425403
0.370000,0.800000,0.408203,0.407967
0.370000,0.810000,0.390354,0.390128
0.370000,0.820000,0.372119,0.371904
0.370000,0.830000,0.353517,0.353313
0.370000,0.840000,0.334567,0.334373
0.370000,0.850000,0.315286,0.315103
0.370000,0.860000,0.295694,0.295523
0.370000,0.870000,0.275810,0.275650
0.370000,0.880000,0.255654,0.255506
0.370000,0.890000,0.235246,0.235110
0.370000,0.900000,0.214605,0.214481
0.370000,0.910000,0.193753,0.193641
0.370000,0.920000,0.172709,0.172609
0.370000,0.930000,0.151495,0.151408
0.370000,0.940000,0.130132,0.130057
0.370000,0.950000,0.108640,0.108577
0.370000,0.960000,0.087041,0.086991
0.370000,0.970000,0.065356,0.065318
0.370000,0.980000,0.043607,0.043581
0.370000,0.990000,0.021814,0.021801
0.370000,1.000000,-0.000000,-0.000000
0.380000,0.000000,0.000000,0.000000
0.380000,0.010000,0.021602,0.021587
0.380000,0.020000,0.043183,0.043153
0.380000,0.030000,0.064721,0.064677
0.380000,0.040000,0.086195,0.086136
0.380000,0.050000,0.107585,0.107511
0.380000,0.060000,0.128868,0.128779
0.380000,0.070000,0.150024,0.149921
0.380000,0.080000,0.171031,0.170914
0.380000,0.090000,0.191870,0.191739
0.380000,0.100000,0.212520,0.212375
0.380000,0.110000,0.232960,0.232800
0.380000,0.120000,0.253170,0.252997
0.380000,0.130000,0.273130,0.272943
0.380000,0.140000,0.292821,0.292620
0.380000,0.150000,0.312223,0.312009
0.380000,0.160000,0.331316,0.331089
0.380000,0.170000,0.350083,0.349843
0.380000,0.180000,0.368504,0.368252
0.380000,0.190000,0.386561,0.386296
0.380000,0.200000,0.404237,0.403960
0.380000,0.210000,0.421514,0.421225
0.380000,0.220000,0.438375,0.438075
0.380000,0.230000,0.454804,0.454492
0.380000,0.240000,0.470783,0.470461
0.380000,0.250000,0.486298,0.485965
0.380000,0.260000,0.501333,0.500990
0.380000,0.270000,0.515873,0.515520
0.380000,0.280000,0.529905,0.529542
0.380000,0.290000,0.543413,0.543041
0.380000,0.300000,0.556385,0.556004
0.380000,0.310000,0.568808,0.568418
0.380000,0.320000,0.580669,0.580271
0.380000,0.330000,0.591958,0.591552
0.380000,0.340000,0.602662,0.602249
0.380000,0.350000,0.612771,0.612352
0.380000,0.360000,0.622276,0.621850
0.380000,0.370000,0.631167,0.630735
0.380000,0.380000,0.639435,0.638997
0.380000,0.390000,0.647071,0.646628
0.380000,0.400000,0.654069,0.653622
0.380000,0.410000,0.660422,0.659970
0.380000,0.420000,0.666123,0.665667
0.380000,0.430000,0.671167,0.670707
0.380000,0.440000,0.675548,0.675085
0.380000,0.450000,0.679262,0.678797
0.380000,0.460000,0.682306,0.681839
0.380000,0.470000,0.684677,0.684208
0.380000,0.480000,0.686372,0.685902
0.380000,0.490000,0.687390,0.686919
0.380000,0.500000,0.687729,0.687258
0.380000,0.510000,0.687390,0.686919
0.380000,0.520000,0.686372,0.685902
0.380000,0.530000,0.684677,0.684208
0.380000,0.540000,0.682306,0.681839
0.380000,0.550000,0.679262,0.678797
0.380000,0.560000,0.675548,0.675085
0.380000,0.570000,0.671167,0.670707
0.380000,0.580000,0.666123,0.665667
0.380000,0.590000,0.660422,0.659970
0.380000,0.600000,0.654069,0.653621
0.380000,0.610000,0.647071,0.646628
0.380000,0.620000,0.639435,0.638997
0.380000,0.630000,0.631167,0.630735
0.380000,0.640000,0.622276,0.621850
0.380000,0.650000,0.612771,0.612352
0.380000,0.660000,0.602662,0.602249
0.380000,0.670000,0.591958,0.591552
0.380000,0.680000,0.580669,0.580271
0.380000,0.690000,0.568807,0.568418
0.380000,0.700000,0.556385,0.556004
0.380000,0.710000,0.543413,0.543041
0.380000,0.720000,0.529904,0.529542
0.380000,0.730000,0.515873,0.515520
0.380000,0.740000,0.501333,0.500990
0.380000,0.750000,0.486298,0.485965
0.380000,0.760000,0.470783,0.470461
0.380000,0.770000,0.454804,0.454492
0.380000,0.780000,0.438375,0.438075
0.380000,0.790000,0.421514,0.421225
0.380000,0.800000,0.404237,0.403960
0.380000,0.810000,0.386561,0.386296
0.380000,0.820000,0.368504,0.368251
0.380000,0.830000,0.350083,0.349843
0.380000,0.840000,0.331316,0.331089
0.380000,0.850000,0.312222,0.312009
0.380000,0.860000,0.292821,0.292620
0.380000,0.870000,0.273130,0.272943
0.380000,0.880000,0.253170,0.252997
0.380000,0.890000,0.232960,0.232800
0.380000,0.900000,0.212520,0.212375
0.380000,0.910000,0.191870,0.191739
0.380000,0.920000,0.171031,0.170914
0.380000,0.930000,0.150023,0.149921
0.380000,0.940000,0.128868,0.128779
0.380000,0.950000,0.107585,0.107511
0.380000,0.960000,0.086195,0.086136
0.380000,0.970000,0.064721,0.064677
0.380000,0.980000,0.043183,0.043153
0.380000,0.990000,0.021602,0.021587
0.380000,1.000000,-0.000000,-0.000000
0.390000,0.000000,0.000000,0.000000
0.390000,0.010000,0.021392,0.021375
0.390000,0.020000,0.042763,0.042729
0.390000,0.030000,0.064092,0.064042
0.390000,0.040000,0.085358,0.085290
0.390000,0.050000,0.106539,0.106455
0.390000,0.060000,0.127616,0.127515
0.390000,0.070000,0.148566,0.148448
0.390000,0.080000,0.169370,0.169236
0.390000,0.090000,0.190006,0.189856
0.390000,0.100000,0.210455,0.210289
0.390000,0.110000,0.230697,0.230514
0.390000,0.120000,0.250710,0.250512
0.390000,0.130000,0.270477,0.270263
0.390000,0.140000,0.289976,0.289747
0.390000,0.150000,0.309189,0.308945
0.390000,0.160000,0.328097,0.327838
0.390000,0.170000,0.346681,0.346407
0.390000,0.180000,0.364923,0.364635
0.390000,0.190000,0.382805,0.382503
0.390000,0.200000,0.400310,0.399993
0.390000,0.210000,0.417419,0.417089
0.390000,0.220000,0.434116,0.433773
0.390000,0.230000,0.450385,0.450029
0.390000,0.240000,0.466209,0.465840
0.390000,0.250000,0.481573,0.481192
0.390000,0.260000,0.496462,0.496070
0.390000,0.270000,0.510861,0.510457
0.390000,0.280000,0.524756,0.524341
0.390000,0.290000,0.538133,0.537707
0.390000,0.300000,0.550979,0.550543
0.390000,0.310000,0.563281,0.562836
0.390000,0.320000,0.575027,0.574573
0.390000,0.330000,0.586206,0.585742
0.390000,0.340000,0.596806,0.596334
0.390000,0.350000,0.606818,0.606338
0.390000,0.360000,0.616230,0.615743
0.390000,0.370000,0.625034,0.624540
0.390000,0.380000,0.633222,0.632721
0.390000,0.390000,0.640784,0.640278
0.390000,0.400000,0.647715,0.647202
0.390000,0.410000,0.654006,0.653488
0.390000,0.420000,0.659651,0.659129
0.390000,0.430000,0.664646,0.664120
0.390000,0.440000,0.668984,0.668455
0.390000,0.450000,0.672663,0.672131
0.390000,0.460000,0.675677,0.675143
0.390000,0.470000,0.678025,0.677489
0.390000,0.480000,0.679704,0.679166
0.390000,0.490000,0.680711,0.680173
0.390000,0.500000,0.681047,0.680509
0.390000,0.510000,0.680711,0.680173
0.390000,0.520000,0.679703,0.679166
0.390000,0.530000,0.678025,0.677489
0.390000,0.540000,0.675677,0.675143
0.390000,0.550000,0.672663,0.672131
0.390000,0.560000,0.668984,0.668455
0.390000,0.570000,0.664646,0.664120
0.390000,0.580000,0.659651,0.659129
0.390000,0.590000,0.654006,0.653488
0.390000,0.600000,0.647715,0.647202
0.390000,0.610000,0.640784,0.640278
0.390000,0.620000,0.633222,0.632721
0.390000,0.630000,0.625034,0.624540
0.390000,0.640000,0.616230,0.615743
0.390000,0.650000,0.606818,0.606338
0.390000,0.660000,0.596806,0.596334
0.390000,0.670000,0.586206,0.585742
0.390000,0.680000,0.575027,0.574573
0.390000,0.690000,0.563281,0.562836
0.390000,0.700000,0.550979,0.550543
0.390000,0.710000,0.538133,0.537707
0.390000,0.720000,0.524756,0.524341
0.390000,0.730000,0.510861,0.510457
0.390000,0.740000,0.496462,0.496070
0.390000,0.750000,0.481573,0.481192
0.390000,0.760000,0.466209,0.465840
0.390000,0.770000,0.450385,0.450029
0.390000,0.780000,0.434116,0.433773
0.390000,0.790000,0.417419,0.417089
0.390000,0.800000,0.400310,0.399993
0.390000,0.810000,0.382805,0.382503
0.390000,0.820000,0.364923,0.364635
0.390000,0.830000,0.346681,0.346407
0.390000,0.840000,0.328097,0.327838
0.390000,0.850000,0.309189,0.308944
0.390000,0.860000,0.289976,0.289746
0.390000,0.870000,0.270476,0.270263
0.390000,0.880000,0.250710,0.250512
0.390000,0.890000,0.230697,0.230514
0.390000,0.900000,0.210455,0.210289
0.390000,0.910000,0.190006,0.189856
0.390000,0.920000,0.169369,0.169235
0.390000,0.930000,0.148566,0.148448
0.390000,0.940000,0.127616,0.127515
0.390000,0.950000,0.106539,0.106455
0.390000,0.960000,0.085358,0.085290
0.390000,0.970000,0.064092,0.064041
0.390000,0.980000,0.042763,0.042729
0.390000,0.990000,0.021392,0.021375
0.390000,1.000000,-0.000000,-0.000000
0.400000,0.000000,0.000000,0.000000
0.400000,0.010000,0.021184,0.021165
0.400000,0.020000,0.042348,0.042310
0.400000,0.030000,0.063469,0.063413
0.400000,0.040000,0.084529,0.084453
0.400000,0.050000,0.105504,0.105410
0.400000,0.060000,0.126376,0.126262
0.400000,0.070000,0.147122,0.146990
0.400000,0.080000,0.167724,0.167574
0.400000,0.090000,0.188160,0.187991
0.400000,0.100000,0.208410,0.208224
0.400000,0.110000,0.228455,0.228250
0.400000,0.120000,0.248274,0.248052
0.400000,0.130000,0.267849,0.267608
0.400000,0.140000,0.287158,0.286901
0.400000,0.150000,0.306185,0.305910
0.400000,0.160000,0.324909,0.324618
0.400000,0.170000,0.343313,0.343005
0.400000,0.180000,0.361378,0.361054
0.400000,0.190000,0.379086,0.378746
0.400000,0.200000,0.396420,0.396065
0.400000,0.210000,0.413363,0.412992
0.400000,0.220000,0.429898,0.429513
0.400000,0.230000,0.446009,0.445609
0.400000,0.240000,0.461679,0.461265
0.400000,0.250000,0.476894,0.476467
0.400000,0.260000,0.491638,0.491198
0.400000,0.270000,0.505898,0.505444
0.400000,0.280000,0.519657,0.519191
0.400000,0.290000,0.532904,0.532427
0.400000,0.300000,0.545626,0.545136
0.400000,0.310000,0.557808,0.557308
0.400000,0.320000,0.569440,0.568930
0.400000,0.330000,0.580510,0.579990
0.400000,0.340000,0.591008,0.590478
0.400000,0.350000,0.600922,0.600383
0.400000,0.360000,0.610243,0.609696
0.400000,0.370000,0.618961,0.618406
0.400000,0.380000,0.627069,0.626507
0.400000,0.390000,0.634558,0.633989
0.400000,0.400000,0.641421,0.640846
0.400000,0.410000,0.647651,0.647070
0.400000,0.420000,0.653242,0.652656
0.400000,0.430000,0.658188,0.657598
0.400000,0.440000,0.662484,0.661890
0.400000,0.450000,0.666127,0.665530
0.400000,0.460000,0.669112,0.668512
0.400000,0.470000,0.671437,0.670835
0.400000,0.480000,0.673099,0.672496
0.400000,0.490000,0.674097,0.673493
0.400000,0.500000,0.674430,0.673825
0.400000,0.510000,0.674097,0.673493
0.400000,0.520000,0.673099,0.672496
0.400000,0.530000,0.671437,0.670835
0.400000,0.540000,0.669112,0.668512
0.400000,0.550000,0.666127,0.665529
0.400000,0.560000,0.662484,0.661890
0.400000,0.570000,0.658188,0.657598
0.400000,0.580000,0.653242,0.652656
0.400000,0.590000,0.647651,0.647070
0.400000,0.600000,0.641421,0.640846
0.400000,0.610000,0.634558,0.633989
0.400000,0.620000,0.627069,0.626507
0.400000,0.630000,0.618961,0.618406
0.400000,0.640000,0.610243,0.609695
0.400000,0.650000,0.600922,0.600383
0.400000,0.660000,0.591008,0.590478
0.400000,0.670000,0.580510,0.579990
0.400000,0.680000,0.569440,0.568930
0.400000,0.690000,0.557808,0.557308
0.400000,0.700000,0.545626,0.545136
0.400000,0.710000,0.532904,0.532427
0.400000,0.720000,0.519657,0.519191
0.400000,0.730000,0.505897,0.505444
0.400000,0.740000,0.491638,0.491198
0.400000,0.750000,0.476894,0.476467
0.400000,0.760000,0.461679,0.461265
0.400000,0.770000,0.446009,0.445609
0.400000,0.780000,0.429898,0.429512
0.400000,0.790000,0.413363,0.412992
0.400000,0.800000,0.396420,0.396065
0.400000,0.810000,0.379086,0.378746
0.400000,0.820000,0.361378,0.361054
0.400000,0.830000,0.343313,0.343005
0.400000,0.840000,0.324909,0.324618
0.400000,0.850000,0.306185,0.305910
0.400000,0.860000,0.287158,0.286901
0.400000,0.870000,0.267848,0.267608
0.400000,0.880000,0.248274,0.248052
0.400000,0.890000,0.228455,0.228250
0.400000,0.900000,0.208410,0.208224
0.400000,0.910000,0.188160,0.187991
0.400000,0.920000,0.167724,0.167573
0.400000,0.930000,0.147122,0.146990
0.400000,0.940000,0.126376,0.126262
0.400000,0.950000,0.105504,0.105410
0.400000,0.960000,0.084528,0.084453
0.400000,0.970000,0.063469,0.063412
0.400000,0.980000,0.042348,0.042310
0.400000,0.990000,0.021184,0.021165
0.400000,1.000000,-0.000000,-0.000000
0.410000,0.000000,0.000000,0.000000
0.410000,0.010000,0.020979,0.020958
0.410000,0.020000,0.041936,0.041894
0.410000,0.030000,0.062853,0.062790
0.410000,0.040000,0.083707,0.083623
0.410000,0.050000,0.104479,0.104374
0.410000,0.060000,0.125148,0.125022
0.410000,0.070000,0.145693,0.145547
0.410000,0.080000,0.166094,0.165928
0.410000,0.090000,0.186332,0.186145
0.410000,0.100000,0.206385,0.206179
0.410000,0.110000,0.226235,0.226009
0.410000,0.120000,0.245862,0.245616
0.410000,0.130000,0.265246,0.264980
0.410000,0.140000,0.284368,0.284083
0.410000,0.150000,0.303210,0.302906
0.410000,0.160000,0.321752,0.321430
0.410000,0.170000,0.339977,0.339636
0.410000,0.180000,0.357866,0.357508
0.410000,0.190000,0.375402,0.375026
0.410000,0.200000,0.392568,0.392175
0.410000,0.210000,0.409346,0.408936
0.410000,0.220000,0.425721,0.425294
0.410000,0.230000,0.441675,0.441232
0.410000,0.240000,0.457193,0.456735
0.410000,0.250000,0.472260,0.471787
0.410000,0.260000,0.486861,0.486373
0.410000,0.270000,0.500982,0.500480
0.410000,0.280000,0.514608,0.514092
0.410000,0.290000,0.527726,0.527198
0.410000,0.300000,0.540324,0.539782
0.410000,0.310000,0.552388,0.551835
0.410000,0.320000,0.563907,0.563342
0.410000,0.330000,0.574869,0.574294
0.410000,0.340000,0.585265,0.584679
0.410000,0.350000,0.595082,0.594486
0.410000,0.360000,0.604313,0.603708
0.410000,0.370000,0.612947,0.612333
0.410000,0.380000,0.620976,0.620354
0.410000,0.390000,0.628392,0.627763
0.410000,0.400000,0.635188,0.634552
0.410000,0.410000,0.641358,0.640715
0.410000,0.420000,0.646894,0.646246
0.410000,0.430000,0.651792,0.651139
0.410000,0.440000,0.656047,0.655390
0.410000,0.450000,0.659654,0.658993
0.410000,0.460000,0.662610,0.661947
0.410000,0.470000,0.664913,0.664247
0.410000,0.480000,0.666559,0.665891
0.410000,0.490000,0.667547,0.666878
0.410000,0.500000,0.667877,0.667208
0.410000,0.510000,0.667547,0.666878
0.410000,0.520000,0.666559,0.665891
0.410000,0.530000,0.664913,0.664247
0.410000,0.540000,0.662610,0.661947
0.410000,0.550000,0.659654,0.658993
0.410000,0.560000,0.656047,0.655390
0.410000,0.570000,0.651792,0.651139
0.410000,0.580000,0.646894,0.646246
0.410000,0.590000,0.641358,0.640715
0.410000,0.600000,0.635188,0.634552
0.410000,0.610000,0.628392,0.627763
0.410000,0.620000,0.620976,0.620354
0.410000,0.630000,0.612947,0.612333
0.410000,0.640000,0.604313,0.603708
0.410000,0.650000,0.595082,0.594486
0.410000,0.660000,0.585265,0.584679
0.410000,0.670000,0.574869,0.574294
0.410000,0.680000,0.563907,0.563342
0.410000,0.690000,0.552388,0.551834
0.410000,0.700000,0.540324,0.539782
0.410000,0.710000,0.527726,0.527198
0.410000,0.720000,0.514608,0.514092
0.410000,0.730000,0.500982,0.500480
0.410000,0.740000,0.486861,0.486373
0.410000,0.750000,0.472260,0.471787
0.410000,0.760000,0.457193,0.456735
0.410000,0.770000,0.441675,0.441232
0.410000,0.780000,0.425721,0.425294
0.410000,0.790000,0.409346,0.408936
0.410000,0.800000,0.392568,0.392175
0.410000,0.810000,0.375402,0.375026
0.410000,0.820000,0.357866,0.357508
0.410000,0.830000,0.339977,0.339636
0.410000,0.840000,0.321752,0.321430
0.410000,0.850000,0.303210,0.302906
0.410000,0.860000,0.284368,0.284083
0.410000,0.870000,0.265246,0.264980
0.410000,0.880000,0.245862,0.245615
0.410000,0.890000,0.226235,0.226009
0.410000,0.900000,0.206385,0.206179
0.410000,0.910000,0.186331,0.186145
0.410000,0.920000,0.166094,0.165928
0.410000,0.930000,0.145693,0.145547
0.410000,0.940000,0.125148,0.125022
0.410000,0.950000,0.104479,0.104374
0.410000,0.960000,0.083707,0.083623
0.410000,0.970000,0.062853,0.062790
0.410000,0.980000,0.041936,0.041894
0.410000,0.990000,0.020978,0.020957
0.410000,1.000000,-0.000000,-0.000000
0.420000,0.000000,0.000000,0.000000
0.420000,0.010000,0.020775,0.020752
0.420000,0.020000,0.041529,0.041483
0.420000,0.030000,0.062242,0.062173
0.420000,0.040000,0.082894,0.082802
0.420000,0.050000,0.103464,0.103349
0.420000,0.060000,0.123931,0.123794
0.420000,0.070000,0.144277,0.144117
0.420000,0.080000,0.164480,0.164298
0.420000,0.090000,0.184521,0.184317
0.420000,0.100000,0.204380,0.204154
0.420000,0.110000,0.224037,0.223789
0.420000,0.120000,0.243473,0.243203
0.420000,0.130000,0.262668,0.262378
0.420000,0.140000,0.281605,0.281293
0.420000,0.150000,0.300263,0.299931
0.420000,0.160000,0.318625,0.318273
0.420000,0.170000,0.336673,0.336301
0.420000,0.180000,0.354389,0.353997
0.420000,0.190000,0.371754,0.371343
0.420000,0.200000,0.388753,0.388323
0.420000,0.210000,0.405368,0.404920
0.420000,0.220000,0.421584,0.421117
0.420000,0.230000,0.437383,0.436899
0.420000,0.240000,0.452750,0.452250
0.420000,0.250000,0.467671,0.467154
0.420000,0.260000,0.482130,0.481597
0.420000,0.270000,0.496113,0.495565
0.420000,0.280000,0.509607,0.509043
0.420000,0.290000,0.522598,0.522020
0.420000,0.300000,0.535073,0.534481
0.420000,0.310000,0.547020,0.546415
0.420000,0.320000,0.558427,0.557810
0.420000,0.330000,0.569283,0.568654
0.420000,0.340000,0.579577,0.578936
0.420000,0.350000,0.589299,0.588648
0.420000,0.360000,0.598440,0.597779
0.420000,0.370000,0.606990,0.606319
0.420000,0.380000,0.614941,0.614262
0.420000,0.390000,0.622286,0.621598
0.420000,0.400000,0.629016,0.628320
0.420000,0.410000,0.635125,0.634423
0.420000,0.420000,0.640608,0.639899
0.420000,0.430000,0.645458,0.644744
0.420000,0.440000,0.649671,0.648953
0.420000,0.450000,0.653243,0.652521
0.420000,0.460000,0.656171,0.655446
0.420000,0.470000,0.658451,0.657723
0.420000,0.480000,0.660081,0.659351
0.420000,0.490000,0.661060,0.660329
0.420000,0.500000,0.661386,0.660655
0.420000,0.510000,0.661060,0.660329
0.420000,0.520000,0.660081,0.659351
0.420000,0.530000,0.658451,0.657723
0.420000,0.540000,0.656171,0.655446
0.420000,0.550000,0.653243,0.652521
0.420000,0.560000,0.649671,0.648953
0.420000,0.570000,0.645458,0.644744
0.420000,0.580000,0.640608,0.639899
0.420000,0.590000,0.635125,0.634423
0.420000,0.600000,0.629016,0.628320
0.420000,0.610000,0.622286,0.621598
0.420000,0.620000,0.614941,0.614262
0.420000,0.630000,0.606990,0.606319
0.420000,0.640000,0.598440,0.597779
0.420000,0.650000,0.589299,0.588648
0.420000,0.660000,0.579577,0.578936
0.420000,0.670000,0.569283,0.568654
0.420000,0.680000,0.558427,0.557809
0.420000,0.690000,0.547020,0.546415
0.420000,0.700000,0.535073,0.534481
0.420000,0.710000,0.522598,0.522020
0.420000,0.720000,0.509607,0.509043
0.420000,0.730000,0.496113,0.495565
0.420000,0.740000,0.482130,0.481597
0.420000,0.750000,0.467671,0.467154
0.420000,0.760000,0.452750,0.452249
0.420000,0.770000,0.437383,0.436899
0.420000,0.780000,0.421583,0.421117
0.420000,0.790000,0.405368,0.404920
0.420000,0.800000,0.388753,0.388323
0.420000,0.810000,0.371754,0.371343
0.420000,0.820000,0.354388,0.353997
0.420000,0.830000,0.336673,0.336301
0.420000,0.840000,0.318625,0.318273
0.420000,0.850000,0.300263,0.299931
0.420000,0.860000,0.281604,0.281293
0.420000,0.870000,0.262668,0.262378
0.420000,0.880000,0.243472,0.243203
0.420000,0.890000,0.224037,0.223789
0.420000,0.900000,0.204380,0.204154
0.420000,0.910000,0.184521,0.184317
0.420000,0.920000,0.164480,0.164298
0.420000,0.930000,0.144277,0.144117
0.420000,0.940000,0.123931,0.123794
0.420000,0.950000,0.103464,0.103349
0.420000,0.960000,0.082894,0.082802
0.420000,0.970000,0.062242,0.062173
0.420000,0.980000,0.041529,0.041483
0.420000,0.990000,0.020775,0.020752
0.420000,1.000000,-0.000000,-0.000000
0.430000,0.000000,0.000000,0.000000
0.430000,0.010000,0.020573,0.020548
0.430000,0.020000,0.041125,0.041075
0.430000,0.030000,0.061637,0.061563
0.430000,0.040000,0.082088,0.081989
0.430000,0.050000,0.102458,0.102334
0.430000,0.060000,0.122727,0.122579
0.430000,0.070000,0.142875,0.142702
0.430000,0.080000,0.162881,0.162685
0.430000,0.090000,0.182727,0.182507
0.430000,0.100000,0.202393,0.202149
0.430000,0.110000,0.221859,0.221591
0.430000,0.120000,0.241106,0.240815
0.430000,0.130000,0.260115,0.259801
0.430000,0.140000,0.278868,0.278531
0.430000,0.150000,0.297345,0.296986
0.430000,0.160000,0.315529,0.315147
0.430000,0.170000,0.333401,0.332998
0.430000,0.180000,0.350944,0.350520
0.430000,0.190000,0.368141,0.367696
0.430000,0.200000,0.384975,0.384510
0.430000,0.210000,0.401428,0.400943
0.430000,0.220000,0.417486,0.416982
0.430000,0.230000,0.433132,0.432608
0.430000,0.240000,0.448350,0.447808
0.430000,0.250000,0.463125,0.462566
0.430000,0.260000,0.477444,0.476867
0.430000,0.270000,0.491291,0.490698
0.430000,0.280000,0.504654,0.504044
0.430000,0.290000,0.517518,0.516893
0.430000,0.300000,0.529872,0.529232
0.430000,0.310000,0.541703,0.541049
0.430000,0.320000,0.552999,0.552331
0.430000,0.330000,0.563750,0.563069
0.430000,0.340000,0.573944,0.573251
0.430000,0.350000,0.583572,0.582867
0.430000,0.360000,0.592624,0.591908
0.430000,0.370000,0.601091,0.600365
0.430000,0.380000,0.608965,0.608229
0.430000,0.390000,0.616238,0.615493
0.430000,0.400000,0.622902,0.622150
0.430000,0.410000,0.628952,0.628192
0.430000,0.420000,0.634381,0.633615
0.430000,0.430000,0.639185,0.638412
0.430000,0.440000,0.643357,0.642580
0.430000,0.450000,0.646894,0.646113
0.430000,0.460000,0.649794,0.649008
0.430000,0.470000,0.652051,0.651263
0.430000,0.480000,0.653666,0.652876
0.430000,0.490000,0.654635,0.653844
0.430000,0.500000,0.654958,0.654167
0.430000,0.510000,0.654635,0.653844
0.430000,0.520000,0.653666,0.652876
0.430000,0.530000,0.652051,0.651263
0.430000,0.540000,0.649794,0.649008
0.430000,0.550000,0.646895,0.646113
0.430000,0.560000,0.643357,0.642580
0.430000,0.570000,0.639184,0.638412
0.430000,0.580000,0.634381,0.633615
0.430000,0.590000,0.628952,0.628192
0.430000,0.600000,0.622902,0.622149
0.430000,0.610000,0.616237,0.615493
0.430000,0.620000,0.608965,0.608229
0.430000,0.630000,0.601091,0.600365
0.430000,0.640000,0.592624,0.591908
0.430000,0.650000,0.583572,0.582867
0.430000,0.660000,0.573944,0.573251
0.430000,0.670000,0.563750,0.563069
0.430000,0.680000,0.552999,0.552331
0.430000,0.690000,0.541703,0.541049
0.430000,0.700000,0.529872,0.529232
0.430000,0.710000,0.517518,0.516893
0.430000,0.720000,0.504654,0.504044
0.430000,0.730000,0.491291,0.490698
0.430000,0.740000,0.477444,0.476867
0.430000,0.750000,0.463125,0.462566
0.430000,0.760000,0.448350,0.447808
0.430000,0.770000,0.433132,0.432608
0.430000,0.780000,0.417486,0.416982
0.430000,0.790000,0.401428,0.400943
0.430000,0.800000,0.384975,0.384510
0.430000,0.810000,0.368141,0.367696
0.430000,0.820000,0.350944,0.350520
0.430000,0.830000,0.333401,0.332998
0.430000,0.840000,0.315528,0.315147
0.430000,0.850000,0.297345,0.296985
0.430000,0.860000,0.278868,0.278531
0.430000,0.870000,0.260115,0.259801
0.430000,0.880000,0.241106,0.240815
0.430000,0.890000,0.221859,0.221591
0.430000,0.900000,0.202393,0.202149
0.430000,0.910000,0.182727,0.182507
0.430000,0.920000,0.162881,0.162685
0.430000,0.930000,0.142875,0.142702
0.430000,0.940000,0.122727,0.122579
0.430000,0.950000,0.102458,0.102334
0.430000,0.960000,0.082088,0.081989
0.430000,0.970000,0.061637,0.061562
0.430000,0.980000,0.041125,0.041075
0.430000,0.990000,0.020573,0.020548
0.430000,1.000000,-0.000000,-0.000000
0.440000,0.000000,0.000000,0.000000
0.440000,0.010000,0.020373,0.020346
0.440000,0.020000,0.040725,0.040672
0.440000,0.030000,0.061038,0.060958
0.440000,0.040000,0.081290,0.081184
0.440000,0.050000,0.101462,0.101329
0.440000,0.060000,0.121534,0.121375
0.440000,0.070000,0.141486,0.141301
0.440000,0.080000,0.161298,0.161087
0.440000,0.090000,0.180951,0.180714
0.440000,0.100000,0.200426,0.200163
0.440000,0.110000,0.219703,0.219415
0.440000,0.120000,0.238762,0.238450
0.440000,0.130000,0.257587,0.257249
0.440000,0.140000,0.276157,0.275795
0.440000,0.150000,0.294454,0.294069
0.440000,0.160000,0.312461,0.312052
0.440000,0.170000,0.330160,0.329728
0.440000,0.180000,0.347533,0.347078
0.440000,0.190000,0.364563,0.364085
0.440000,0.200000,0.381233,0.380733
0.440000,0.210000,0.397526,0.397006
0.440000,0.220000,0.413428,0.412886
0.440000,0.230000,0.428921,0.428360
0.440000,0.240000,0.443991,0.443410
0.440000,0.250000,0.458623,0.458023
0.440000,0.260000,0.472803,0.472184
0.440000,0.270000,0.486516,0.485879
0.440000,0.280000,0.499748,0.499094
0.440000,0.290000,0.512488,0.511817
0.440000,0.300000,0.524722,0.524034
0.440000,0.310000,0.536437,0.535735
0.440000,0.320000,0.547624,0.546907
0.440000,0.330000,0.558270,0.557539
0.440000,0.340000,0.568365,0.567621
0.440000,0.350000,0.577899,0.577142
0.440000,0.360000,0.586863,0.586095
0.440000,0.370000,0.595248,0.594468
0.440000,0.380000,0.603045,0.602255
0.440000,0.390000,0.610247,0.609448
0.440000,0.400000,0.616847,0.616039
0.440000,0.410000,0.622838,0.622023
0.440000,0.420000,0.628215,0.627392
0.440000,0.430000,0.632971,0.632142
0.440000,0.440000,0.637103,0.636269
0.440000,0.450000,0.640606,0.639767
0.440000,0.460000,0.643477,0.642634
0.440000,0.470000,0.645713,0.644867
0.440000,0.480000,0.647312,0.646464
0.440000,0.490000,0.648271,0.647422
0.440000,0.500000,0.648592,0.647742
0.440000,0.510000,0.648271,0.647422
0.440000,0.520000,0.647312,0.646464
0.440000,0.530000,0.645713,0.644867
0.440000,0.540000,0.643477,0.642634
0.440000,0.550000,0.640606,0.639767
0.440000,0.560000,0.637103,0.636269
0.440000,0.570000,0.632971,0.632142
0.440000,0.580000,0.628215,0.627392
0.440000,0.590000,0.622838,0.622023
0.440000,0.600000,0.616847,0.616039
0.440000,0.610000,0.610247,0.609448
0.440000,0.620000,0.603045,0.602255
0.440000,0.630000,0.595248,0.594468
0.440000,0.640000,0.586863,0.586095
0.440000,0.650000,0.577899,0.577142
0.440000,0.660000,0.568365,0.567621
0.440000,0.670000,0.558270,0.557539
0.440000,0.680000,0.547624,0.546907
0.440000,0.690000,0.536437,0.535735
0.440000,0.700000,0.524722,0.524034
0.440000,0.710000,0.512488,0.511817
0.440000,0.720000,0.499748,0.499094
0.440000,0.730000,0.486516,0.485878
0.440000,0.740000,0.472803,0.472184
0.440000,0.750000,0.458623,0.458023
0.440000,0.760000,0.443991,0.443410
0.440000,0.770000,0.428921,0.428360
0.440000,0.780000,0.413428,0.412886
0.440000,0.790000,0.397526,0.397006
0.440000,0.800000,0.381233,0.380733
0.440000,0.810000,0.364562,0.364085
0.440000,0.820000,0.347533,0.347077
0.440000,0.830000,0.330160,0.329727
0.440000,0.840000,0.312461,0.312052
0.440000,0.850000,0.294454,0.294069
0.440000,0.860000,0.276157,0.275795
0.440000,0.870000,0.257587,0.257249
0.440000,0.880000,0.238762,0.238450
0.440000,0.890000,0.219703,0.219415
0.440000,0.900000,0.200426,0.200163
0.440000,0.910000,0.180951,0.180714
0.440000,0.920000,0.161298,0.161087
0.440000,0.930000,0.141486,0.141301
0.440000,0.940000,0.121534,0.121375
0.440000,0.950000,0.101462,0.101329
0.440000,0.960000,0.081290,0.081184
0.440000,0.970000,0.061038,0.060958
0.440000,0.980000,0.040725,0.040672
0.440000,0.990000,0.020373,0.020346
0.440000,1.000000,-0.000000,-0.000000
0.450000,0.000000,0.000000,0.000000
0.450000,0.010000,0.020175,0.020146
0.450000,0.020000,0.040329,0.040273
0.450000,0.030000,0.060444,0.060359
0.450000,0.040000,0.080500,0.080386
0.450000,0.050000,0.100476,0.100334
0.450000,0.060000,0.120352,0.120183
0.450000,0.070000,0.140110,0.139913
0.450000,0.080000,0.159730,0.159505
0.450000,0.090000,0.179192,0.178940
0.450000,0.100000,0.198477,0.198198
0.450000,0.110000,0.217567,0.217260
0.450000,0.120000,0.236441,0.236108
0.450000,0.130000,0.255083,0.254723
0.450000,0.140000,0.273472,0.273087
0.450000,0.150000,0.291592,0.291181
0.450000,0.160000,0.309424,0.308987
0.450000,0.170000,0.326950,0.326489
0.450000,0.180000,0.344154,0.343669
0.450000,0.190000,0.361018,0.360509
0.450000,0.200000,0.377526,0.376994
0.450000,0.210000,0.393662,0.393107
0.450000,0.220000,0.409408,0.408831
0.450000,0.230000,0.424751,0.424153
0.450000,0.240000,0.439675,0.439055
0.450000,0.250000,0.454165,0.453525
0.450000,0.260000,0.468206,0.467546
0.450000,0.270000,0.481786,0.481107
0.450000,0.280000,0.494890,0.494192
0.450000,0.290000,0.507505,0.506790
0.450000,0.300000,0.519620,0.518888
0.450000,0.310000,0.531222,0.530473
0.450000,0.320000,0.542300,0.541536
0.450000,0.330000,0.552842,0.552063
0.450000,0.340000,0.562839,0.562046
0.450000,0.350000,0.572281,0.571474
0.450000,0.360000,0.581158,0.580339
0.450000,0.370000,0.589461,0.588630
0.450000,0.380000,0.597182,0.596341
0.450000,0.390000,0.604315,0.603463
0.450000,0.400000,0.610850,0.609989
0.450000,0.410000,0.616783,0.615914
0.450000,0.420000,0.622107,0.621230
0.450000,0.430000,0.626818,0.625934
0.450000,0.440000,0.630909,0.630020
0.450000,0.450000,0.634378,0.633484
0.450000,0.460000,0.637221,0.636323
0.450000,0.470000,0.639435,0.638534
0.450000,0.480000,0.641019,0.640115
0.450000,0.490000,0.641969,0.641064
0.450000,0.500000,0.642286,0.641381
0.450000,0.510000,0.641969,0.641064
0.450000,0.520000,0.641019,0.640115
0.450000,0.530000,0.639435,0.638534
0.450000,0.540000,0.637221,0.636323
0.450000,0.550000,0.634378,0.633484
0.450000,0.560000,0.630909,0.630020
0.450000,0.570000,0.626818,0.625934
0.450000,0.580000,0.622107,0.621230
0.450000,0.590000,0.616783,0.615914
0.450000,0.600000,0.610850,0.609989
0.450000,0.610000,0.604315,0.603463
0.450000,0.620000,0.597182,0.596341
0.450000,0.630000,0.589461,0.588630
0.450000,0.640000,0.581158,0.580338
0.450000,0.650000,0.572281,0.571474
0.450000,0.660000,0.562839,0.562046
0.450000,0.670000,0.552842,0.552063
0.450000,0.680000,0.542300,0.541535
0.450000,0.690000,0.531222,0.530473
0.450000,0.700000,0.519620,0.518888
0.450000,0.710000,0.507505,0.506790
0.450000,0.720000,0.494890,0.494192
0.450000,0.730000,0.481786,0.481107
0.450000,0.740000,0.468206,0.467546
0.450000,0.750000,0.454165,0.453525
0.450000,0.760000,0.439675,0.439055
0.450000,0.770000,0.424751,0.424153
0.450000,0.780000,0.409408,0.408831
0.450000,0.790000,0.393661,0.393107
0.450000,0.800000,0.377526,0.376994
0.450000,0.810000,0.361018,0.360509
0.450000,0.820000,0.344154,0.343669
0.450000,0.830000,0.326950,0.326489
0.450000,0.840000,0.309424,0.308988
0.450000,0.850000,0.291592,0.291181
0.450000,0.860000,0.273472,0.273086
0.450000,0.870000,0.255082,0.254723
0.450000,0.880000,0.236441,0.236108
0.450000,0.890000,0.217567,0.217260
0.450000,0.900000,0.198477,0.198198
0.450000,0.910000,0.179192,0.178939
0.450000,0.920000,0.159730,0.159505
0.450000,0.930000,0.140110,0.139913
0.450000,0.940000,0.120352,0.120183
0.450000,0.950000,0.100476,0.100334
0.450000,0.960000,0.080500,0.080386
0.450000,0.970000,0.060444,0.060359
0.450000,0.980000,0.040329,0.040273
0.450000,0.990000,0.020175,0.020146
0.450000,1.000000,-0.000000,-0.000000
0.460000,0.000000,0.000000,0.000000
0.460000,0.010000,0.019979,0.019948
0.460000,0.020000,0.039937,0.039877
0.460000,0.030000,0.059857,0.059766
0.460000,0.040000,0.079717,0.079597
0.460000,0.050000,0.099499,0.099349
0.460000,0.060000,0.119182,0.119002
0.460000,0.070000,0.138748,0.138539
0.460000,0.080000,0.158177,0.157938
0.460000,0.090000,0.177450,0.177182
0.460000,0.100000,0.196547,0.196251
0.460000,0.110000,0.215451,0.215126
0.460000,0.120000,0.234142,0.233789
0.460000,0.130000,0.252602,0.252221
0.460000,0.140000,0.270813,0.270405
0.460000,0.150000,0.288756,0.288321
0.460000,0.160000,0.306415,0.305953
0.460000,0.170000,0.323771,0.323283
0.460000,0.180000,0.340808,0.340294
0.460000,0.190000,0.357508,0.356969
0.460000,0.200000,0.373855,0.373292
0.460000,0.210000,0.389834,0.389246
0.460000,0.220000,0.405427,0.404816
0.460000,0.230000,0.420621,0.419987
0.460000,0.240000,0.435400,0.434743
0.460000,0.250000,0.449749,0.449070
0.460000,0.260000,0.463654,0.462955
0.460000,0.270000,0.477101,0.476382
0.460000,0.280000,0.490078,0.489339
0.460000,0.290000,0.502571,0.501813
0.460000,0.300000,0.514568,0.513792
0.460000,0.310000,0.526057,0.525264
0.460000,0.320000,0.537027,0.536217
0.460000,0.330000,0.547467,0.546641
0.460000,0.340000,0.557366,0.556526
0.460000,0.350000,0.566716,0.565862
0.460000,0.360000,0.575507,0.574639
0.460000,0.370000,0.583729,0.582849
0.460000,0.380000,0.591375,0.590484
0.460000,0.390000,0.598438,0.597536
0.460000,0.400000,0.604910,0.603998
0.460000,0.410000,0.610786,0.609865
0.460000,0.420000,0.616058,0.615129
0.460000,0.430000,0.620723,0.619787
0.460000,0.440000,0.624774,0.623833
0.460000,0.450000,0.628210,0.627263
0.460000,0.460000,0.631025,0.630074
0.460000,0.470000,0.633218,0.632263
0.460000,0.480000,0.634785,0.633828
0.460000,0.490000,0.635727,0.634768
0.460000,0.500000,0.636040,0.635082
0.460000,0.510000,0.635727,0.634768
0.460000,0.520000,0.634785,0.633828
0.460000,0.530000,0.633218,0.632263
0.460000,0.540000,0.631025,0.630074
0.460000,0.550000,0.628210,0.627263
0.460000,0.560000,0.624774,0.623833
0.460000,0.570000,0.620722,0.619787
0.460000,0.580000,0.616058,0.615129
0.460000,0.590000,0.610786,0.609865
0.460000,0.600000,0.604910,0.603998
0.460000,0.610000,0.598438,0.597536
0.460000,0.620000,0.591375,0.590484
0.460000,0.630000,0.583729,0.582849
0.460000,0.640000,0.575507,0.574639
0.460000,0.650000,0.566716,0.565862
0.460000,0.660000,0.557366,0.556526
0.460000,0.670000,0.547467,0.546641
0.460000,0.680000,0.537027,0.536217
0.460000,0.690000,0.526057,0.525264
0.460000,0.700000,0.514567,0.513792
0.460000,0.710000,0.502571,0.501813
0.460000,0.720000,0.490077,0.489339
0.460000,0.730000,0.477101,0.476382
0.460000,0.740000,0.463654,0.462955
0.460000,0.750000,0.449749,0.449070
0.460000,0.760000,0.435400,0.434743
0.460000,0.770000,0.420621,0.419987
0.460000,0.780000,0.405427,0.404816
0.460000,0.790000,0.389834,0.389246
0.460000,0.800000,0.373855,0.373292
0.460000,0.810000,0.357508,0.356969
0.460000,0.820000,0.340807,0.340294
0.460000,0.830000,0.323771,0.323283
0.460000,0.840000,0.306415,0.305953
0.460000,0.850000,0.288756,0.288321
0.460000,0.860000,0.270813,0.270405
0.460000,0.870000,0.252602,0.252221
0.460000,0.880000,0.234142,0.233789
0.460000,0.890000,0.215451,0.215126
0.460000,0.900000,0.196547,0.196251
0.460000,0.910000,0.177449,0.177182
0.460000,0.920000,0.158177,0.157938
0.460000,0.930000,0.138748,0.138539
0.460000,0.940000,0.119182,0.119002
0.460000,0.950000,0.099499,0.099349
0.460000,0.960000,0.079717,0.079597
0.460000,0.970000,0.059857,0.059766
0.460000,0.980000,0.039937,0.039877
0.460000,0.990000,0.019978,0.019948
0.460000,1.000000,-0.000000,-0.000000
0.470000,0.000000,0.000000,0.000000
0.470000,0.010000,0.019784,0.019752
0.470000,0.020000,0.039549,0.039485
0.470000,0.030000,0.059275,0.059179
0.470000,0.040000,0.078942,0.078815
0.470000,0.050000,0.098531,0.098373
0.470000,0.060000,0.118023,0.117834
0.470000,0.070000,0.137398,0.137178
0.470000,0.080000,0.156638,0.156387
0.470000,0.090000,0.175724,0.175442
0.470000,0.100000,0.194636,0.194324
0.470000,0.110000,0.213356,0.213013
0.470000,0.120000,0.231865,0.231493
0.470000,0.130000,0.250145,0.249744
0.470000,0.140000,0.268179,0.267749
0.470000,0.150000,0.285948,0.285489
0.470000,0.160000,0.303435,0.302948
0.470000,0.170000,0.320622,0.320108
0.470000,0.180000,0.337493,0.336952
0.470000,0.190000,0.354031,0.353463
0.470000,0.200000,0.370219,0.369625
0.470000,0.210000,0.386042,0.385423
0.470000,0.220000,0.401484,0.400841
0.470000,0.230000,0.416530,0.415862
0.470000,0.240000,0.431165,0.430474
0.470000,0.250000,0.445374,0.444660
0.470000,0.260000,0.459144,0.458408
0.470000,0.270000,0.472461,0.471703
0.470000,0.280000,0.485311,0.484533
0.470000,0.290000,0.497683,0.496885
0.470000,0.300000,0.509563,0.508746
0.470000,0.310000,0.520940,0.520105
0.470000,0.320000,0.531804,0.530951
0.470000,0.330000,0.542142,0.541273
0.470000,0.340000,0.551946,0.551061
0.470000,0.350000,0.561204,0.560304
0.470000,0.360000,0.569909,0.568995
0.470000,0.370000,0.578052,0.577125
0.470000,0.380000,0.585624,0.584685
0.470000,0.390000,0.592618,0.591668
0.470000,0.400000,0.599027,0.598067
0.470000,0.410000,0.604845,0.603875
0.470000,0.420000,0.610066,0.609088
0.470000,0.430000,0.614685,0.613700
0.470000,0.440000,0.618698,0.617706
0.470000,0.450000,0.622100,0.621102
0.470000,0.460000,0.624888,0.623886
0.470000,0.470000,0.627059,0.626054
0.470000,0.480000,0.628612,0.627603
0.470000,0.490000,0.629544,0.628534
0.470000,0.500000,0.629854,0.628844
0.470000,0.510000,0.629543,0.628534
0.470000,0.520000,0.628611,0.627603
0.470000,0.530000,0.627059,0.626054
0.470000,0.540000,0.624888,0.623886
0.470000,0.550000,0.622100,0.621102
0.470000,0.560000,0.618698,0.617706
0.470000,0.570000,0.614685,0.613700
0.470000,0.580000,0.610066,0.609088
0.470000,0.590000,0.604845,0.603875
0.470000,0.600000,0.599027,0.598067
0.470000,0.610000,0.592618,0.591668
0.470000,0.620000,0.585624,0.584685
0.470000,0.630000,0.578052,0.577125
0.470000,0.640000,0.569909,0.568995
0.470000,0.650000,0.561204,0.560304
0.470000,0.660000,0.551946,0.551060
0.470000,0.670000,0.542142,0.541273
0.470000,0.680000,0.531804,0.530951
0.470000,0.690000,0.520940,0.520105
0.470000,0.700000,0.509563,0.508746
0.470000,0.710000,0.497683,0.496885
0.470000,0.720000,0.485311,0.484533
0.470000,0.730000,0.472461,0.471703
0.470000,0.740000,0.459144,0.458408
0.470000,0.750000,0.445374,0.444660
0.470000,0.760000,0.431165,0.430474
0.470000,0.770000,0.416530,0.415862
0.470000,0.780000,0.401484,0.400840
0.470000,0.790000,0.386042,0.385423
0.470000,0.800000,0.370219,0.369625
0.470000,0.810000,0.354031,0.353463
0.470000,0.820000,0.337493,0.336952
0.470000,0.830000,0.320622,0.320108
0.470000,0.840000,0.303435,0.302948
0.470000,0.850000,0.285948,0.285489
0.470000,0.860000,0.268179,0.267749
0.470000,0.870000,0.250145,0.249744
0.470000,0.880000,0.231865,0.231493
0.470000,0.890000,0.213356,0.213013
0.470000,0.900000,0.194636,0.194324
0.470000,0.910000,0.175724,0.175442
0.470000,0.920000,0.156638,0.156387
0.470000,0.930000,0.137398,0.137178
0.470000,0.940000,0.118023,0.117834
0.470000,0.950000,0.098531,0.098373
0.470000,0.960000,0.078942,0.078815
0.470000,0.970000,0.059274,0.059179
0.470000,0.980000,0.039549,0.039485
0.470000,0.990000,0.019784,0.019752
0.470000,1.000000,-0.000000,-0.000000
0.480000,0.000000,0.000000,0.000000
0.480000,0.010000,0.019592,0.019558
0.480000,0.020000,0.039164,0.039098
0.480000,0.030000,0.058698,0.058598
0.480000,0.040000,0.078174,0.078041
0.480000,0.050000,0.097572,0.097407
0.480000,0.060000,0.116875,0.116676
0.480000,0.070000,0.136062,0.135831
0.480000,0.080000,0.155115,0.154851
0.480000,0.090000,0.174014,0.173719
0.480000,0.100000,0.192742,0.192415
0.480000,0.110000,0.211280,0.210921
0.480000,0.120000,0.229609,0.229220
0.480000,0.130000,0.247712,0.247291
0.480000,0.140000,0.265570,0.265119
0.480000,0.150000,0.283166,0.282686
0.480000,0.160000,0.300483,0.299973
0.480000,0.170000,0.317503,0.316964
0.480000,0.180000,0.334210,0.333642
0.480000,0.190000,0.350587,0.349992
0.480000,0.200000,0.366618,0.365995
0.480000,0.210000,0.382287,0.381638
0.480000,0.220000,0.397579,0.396904
0.480000,0.230000,0.412478,0.411778
0.480000,0.240000,0.426971,0.426246
0.480000,0.250000,0.441042,0.440293
0.480000,0.260000,0.454678,0.453906
0.480000,0.270000,0.467865,0.467071
0.480000,0.280000,0.480590,0.479774
0.480000,0.290000,0.492841,0.492005
0.480000,0.300000,0.504606,0.503749
0.480000,0.310000,0.515873,0.514997
0.480000,0.320000,0.526630,0.525736
0.480000,0.330000,0.536868,0.535957
0.480000,0.340000,0.546576,0.545649
0.480000,0.350000,0.555745,0.554802
0.480000,0.360000,0.564365,0.563407
0.480000,0.370000,0.572429,0.571457
0.480000,0.380000,0.579927,0.578942
0.480000,0.390000,0.586853,0.585857
0.480000,0.400000,0.593200,0.592193
0.480000,0.410000,0.598961,0.597945
0.480000,0.420000,0.604132,0.603106
0.480000,0.430000,0.608706,0.607673
0.480000,0.440000,0.612679,0.611639
0.480000,0.450000,0.616048,0.615002
0.480000,0.460000,0.618809,0.617759
0.480000,0.470000,0.620959,0.619905
0.480000,0.480000,0.622496,0.621440
0.480000,0.490000,0.623419,0.622361
0.480000,0.500000,0.623727,0.622668
0.480000,0.510000,0.623419,0.622361
0.480000,0.520000,0.622496,0.621440
0.480000,0.530000,0.620959,0.619905
0.480000,0.540000,0.618809,0.617759
0.480000,0.550000,0.616048,0.615002
0.480000,0.560000,0.612679,0.611639
0.480000,0.570000,0.608706,0.607673
0.480000,0.580000,0.604132,0.603106
0.480000,0.590000,0.598961,0.597945
0.480000,0.600000,0.593200,0.592193
0.480000,0.610000,0.586853,0.585857
0.480000,0.620000,0.579927,0.578942
0.480000,0.630000,0.572429,0.571457
0.480000,0.640000,0.564365,0.563407
0.480000,0.650000,0.555745,0.554802
0.480000,0.660000,0.546576,0.545648
0.480000,0.670000,0.536868,0.535957
0.480000,0.680000,0.526630,0.525736
0.480000,0.690000,0.515873,0.514997
0.480000,0.700000,0.504606,0.503749
0.480000,0.710000,0.492841,0.492005
0.480000,0.720000,0.480590,0.479774
0.480000,0.730000,0.467865,0.467070
0.480000,0.740000,0.454678,0.453906
0.480000,0.750000,0.441042,0.440293
0.480000,0.760000,0.426971,0.426246
0.480000,0.770000,0.412478,0.411778
0.480000,0.780000,0.397579,0.396904
0.480000,0.790000,0.382287,0.381638
0.480000,0.800000,0.366618,0.365995
0.480000,0.810000,0.350587,0.349992
0.480000,0.820000,0.334210,0.333642
0.480000,0.830000,0.317503,0.316964
0.480000,0.840000,0.300483,0.299973
0.480000,0.850000,0.283166,0.282685
0.480000,0.860000,0.265570,0.265119
0.480000,0.870000,0.247712,0.247291
0.480000,0.880000,0.229609,0.229219
0.480000,0.890000,0.211280,0.210921
0.480000,0.900000,0.192742,0.192415
0.480000,0.910000,0.174014,0.173719
0.480000,0.920000,0.155115,0.154851
0.480000,0.930000,0.136062,0.135831
0.480000,0.940000,0.116875,0.116676
0.480000,0.950000,0.097572,0.097407
0.480000,0.960000,0.078174,0.078041
0.480000,0.970000,0.058698,0.058598
0.480000,0.980000,0.039164,0.039098
0.480000,0.990000,0.019592,0.019558
0.480000,1.000000,-0.000000,-0.000000
0.490000,0.000000,0.000000,0.000000
0.490000,0.010000,0.019401,0.019366
0.490000,0.020000,0.038783,0.038714
0.490000,0.030000,0.058127,0.058023
0.490000,0.040000,0.077413,0.077275
0.490000,0.050000,0.096623,0.096450
0.490000,0.060000,0.115738,0.115531
0.490000,0.070000,0.134738,0.134497
0.490000,0.080000,0.153605,0.153331
0.490000,0.090000,0.172321,0.172013
0.490000,0.100000,0.190867,0.190525
0.490000,0.110000,0.209224,0.208850
0.490000,0.120000,0.227375,0.226968
0.490000,0.130000,0.245302,0.244863
0.490000,0.140000,0.262986,0.262516
0.490000,0.150000,0.280411,0.279909
0.490000,0.160000,0.297559,0.297027
0.490000,0.170000,0.314414,0.313851
0.490000,0.180000,0.330958,0.330366
0.490000,0.190000,0.347175,0.346554
0.490000,0.200000,0.363050,0.362401
0.490000,0.210000,0.378567,0.377890
0.490000,0.220000,0.393710,0.393006
0.490000,0.230000,0.408465,0.407734
0.490000,0.240000,0.422816,0.422060
0.490000,0.250000,0.436750,0.435969
0.490000,0.260000,0.450253,0.449448
0.490000,0.270000,0.463312,0.462483
0.490000,0.280000,0.475914,0.475062
0.490000,0.290000,0.488046,0.487173
0.490000,0.300000,0.499696,0.498802
0.490000,0.310000,0.510853,0.509939
0.490000,0.320000,0.521506,0.520573
0.490000,0.330000,0.531644,0.530693
0.490000,0.340000,0.541258,0.540290
0.490000,0.350000,0.550338,0.549353
0.490000,0.360000,0.558874,0.557874
0.490000,0.370000,0.566859,0.565845
0.490000,0.380000,0.574284,0.573257
0.490000,0.390000,0.581143,0.580103
0.490000,0.400000,0.587428,0.586377
0.490000,0.410000,0.593133,0.592072
0.490000,0.420000,0.598253,0.597183
0.490000,0.430000,0.602783,0.601705
0.490000,0.440000,0.606718,0.605632
0.490000,0.450000,0.610054,0.608962
0.490000,0.460000,0.612788,0.611691
0.490000,0.470000,0.614917,0.613817
0.490000,0.480000,0.616439,0.615337
0.490000,0.490000,0.617353,0.616249
0.490000,0.500000,0.617658,0.616553
0.490000,0.510000,0.617353,0.616249
0.490000,0.520000,0.616439,0.615337
0.490000,0.530000,0.614917,0.613817
0.490000,0.540000,0.612788,0.611691
0.490000,0.550000,0.610054,0.608962
0.490000,0.560000,0.606718,0.605632
0.490000,0.570000,0.602783,0.601705
0.490000,0.580000,0.598253,0.597183
0.490000,0.590000,0.593133,0.592072
0.490000,0.600000,0.587428,0.586377
0.490000,0.610000,0.581143,0.580103
0.490000,0.620000,0.574284,0.573257
0.490000,0.630000,0.566859,0.565845
0.490000,0.640000,0.558874,0.557874
0.490000,0.650000,0.550338,0.549353
0.490000,0.660000,0.541258,0.540290
0.490000,0.670000,0.531644,0.530693
0.490000,0.680000,0.521506,0.520573
0.490000,0.690000,0.510853,0.509939
0.490000,0.700000,0.499696,0.498802
0.490000,0.710000,0.488046,0.487173
0.490000,0.720000,0.475914,0.475062
0.490000,0.730000,0.463312,0.462483
0.490000,0.740000,0.450253,0.449448
0.490000,0.750000,0.436750,0.435969
0.490000,0.760000,0.422816,0.422060
0.490000,0.770000,0.408465,0.407734
0.490000,0.780000,0.393710,0.393006
0.490000,0.790000,0.378567,0.377890
0.490000,0.800000,0.363050,0.362401
0.490000,0.810000,0.347175,0.346554
0.490000,0.820000,0.330958,0.330366
0.490000,0.830000,0.314414,0.313851
0.490000,0.840000,0.297559,0.297027
0.490000,0.850000,0.280411,0.279909
0.490000,0.860000,0.262986,0.262516
0.490000,0.870000,0.245302,0.244863
0.490000,0.880000,0.227375,0.226968
0.490000,0.890000,0.209224,0.208850
0.490000,0.900000,0.190867,0.190525
0.490000,0.910000,0.172321,0.172013
0.490000,0.920000,0.153605,0.153330
0.490000,0.930000,0.134738,0.134497
0.490000,0.940000,0.115738,0.115531
0.490000,0.950000,0.096623,0.096450
0.490000,0.960000,0.077413,0.077275
0.490000,0.970000,0.058127,0.058023
0.490000,0.980000,0.038783,0.038714
0.490000,0.990000,0.019401,0.019366
0.490000,1.000000,-0.000000,-0.000000
0.500000,0.000000,0.000000,0.000000
0.500000,0.010000,0.019212,0.019176
0.500000,0.020000,0.038406,0.038333
0.500000,0.030000,0.057561,0.057453
0.500000,0.040000,0.076660,0.076516
0.500000,0.050000,0.095683,0.095503
0.500000,0.060000,0.114611,0.114396
0.500000,0.070000,0.133427,0.133176
0.500000,0.080000,0.152110,0.151825
0.500000,0.090000,0.170644,0.170324
0.500000,0.100000,0.189009,0.188654
0.500000,0.110000,0.207188,0.206799
0.500000,0.120000,0.225162,0.224739
0.500000,0.130000,0.242914,0.242458
0.500000,0.140000,0.260427,0.259937
0.500000,0.150000,0.277682,0.277160
0.500000,0.160000,0.294663,0.294110
0.500000,0.170000,0.311354,0.310769
0.500000,0.180000,0.327737,0.327121
0.500000,0.190000,0.343797,0.343151
0.500000,0.200000,0.359517,0.358842
0.500000,0.210000,0.374883,0.374179
0.500000,0.220000,0.389878,0.389146
0.500000,0.230000,0.404489,0.403730
0.500000,0.240000,0.418701,0.417915
0.500000,0.250000,0.432500,0.431687
0.500000,0.260000,0.445871,0.445034
0.500000,0.270000,0.458803,0.457941
0.500000,0.280000,0.471282,0.470397
0.500000,0.290000,0.483296,0.482388
0.500000,0.300000,0.494833,0.493903
0.500000,0.310000,0.505881,0.504931
0.500000,0.320000,0.516431,0.515460
0.500000,0.330000,0.526470,0.525481
0.500000,0.340000,0.535990,0.534984
0.500000,0.350000,0.544981,0.543958
0.500000,0.360000,0.553435,0.552395
0.500000,0.370000,0.561342,0.560287
0.500000,0.380000,0.568695,0.567627
0.500000,0.390000,0.575487,0.574406
0.500000,0.400000,0.581711,0.580618
0.500000,0.410000,0.587361,0.586257
0.500000,0.420000,0.592431,0.591318
0.500000,0.430000,0.596916,0.595795
0.500000,0.440000,0.600813,0.599684
0.500000,0.450000,0.604116,0.602982
0.500000,0.460000,0.606824,0.605684
0.500000,0.470000,0.608932,0.607789
0.500000,0.480000,0.610440,0.609293
0.500000,0.490000,0.611345,0.610197
0.500000,0.500000,0.611647,0.610498
0.500000,0.510000,0.611345,0.610197
0.500000,0.520000,0.610440,0.609293
0.500000,0.530000,0.608932,0.607789
0.500000,0.540000,0.606824,0.605684
0.500000,0.550000,0.604116,0.602982
0.500000,0.560000,0.600813,0.599684
0.500000,0.570000,0.596916,0.595795
0.500000,0.580000,0.592431,0.591318
0.500000,0.590000,0.587361,0.586257
0.500000,0.600000,0.581711,0.580618
0.500000,0.610000,0.575487,0.574406
0.500000,0.620000,0.568695,0.567627
0.500000,0.630000,0.561342,0.560287
0.500000,0.640000,0.553435,0.552395
0.500000,0.650000,0.544981,0.543958
0.500000,0.660000,0.535990,0.534983
0.500000,0.670000,0.526470,0.525481
0.500000,0.680000,0.516430,0.515460
0.500000,0.690000,0.505881,0.504931
0.500000,0.700000,0.494833,0.493903
0.500000,0.710000,0.483296,0.482388
0.500000,0.720000,0.471282,0.470397
0.500000,0.730000,0.458803,0.457941
0.500000,0.740000,0.445871,0.445034
0.500000,0.750000,0.432500,0.431687
0.500000,0.760000,0.418701,0.417915
0.500000,0.770000,0.404489,0.403730
0.500000,0.780000,0.389878,0.389146
0.500000,0.790000,0.374883,0.374178
0.500000,0.800000,0.359517,0.358842
0.500000,0.810000,0.343796,0.343151
0.500000,0.820000,0.327737,0.327121
0.500000,0.830000,0.311354,0.310769
0.500000,0.840000,0.294663,0.294110
0.500000,0.850000,0.277682,0.277160
0.500000,0.860000,0.260426,0.259937
0.500000,0.870000,0.242914,0.242458
0.500000,0.880000,0.225162,0.224739
0.500000,0.890000,0.207188,0.206799
0.500000,0.900000,0.189009,0.188654
0.500000,0.910000,0.170644,0.170323
0.500000,0.920000,0.152110,0.151825
0.500000,0.930000,0.133427,0.133176
0.500000,0.940000,0.114611,0.114396
0.500000,0.950000,0.095683,0.095503
0.500000,0.960000,0.076660,0.076516
0.500000,0.970000,0.057561,0.057453
0.500000,0.980000,0.038406,0.038333
0.500000,0.990000,0.019212,0.019176
0.500000,1.000000,-0.000000,-0.000000
0.510000,0.000000,0.000000,0.000000
0.510000,0.010000,0.019025,0.018988
0.510000,0.020000,0.038032,0.037957
0.510000,0.030000,0.057001,0.056889
0.510000,0.040000,0.075913,0.075764
0.510000,0.050000,0.094751,0.094565
0.510000,0.060000,0.113495,0.113272
0.510000,0.070000,0.132128,0.131868
0.510000,0.080000,0.150630,0.150334
0.510000,0.090000,0.168983,0.168651
0.510000,0.100000,0.187169,0.186801
0.510000,0.110000,0.205171,0.204768
0.510000,0.120000,0.222970,0.222532
0.510000,0.130000,0.240550,0.240077
0.510000,0.140000,0.257891,0.257385
0.510000,0.150000,0.274979,0.274438
0.510000,0.160000,0.291795,0.291221
0.510000,0.170000,0.308323,0.307717
0.510000,0.180000,0.324546,0.323909
0.510000,0.190000,0.340450,0.339781
0.510000,0.200000,0.356017,0.355318
0.510000,0.210000,0.371233,0.370504
0.510000,0.220000,0.386083,0.385324
0.510000,0.230000,0.400552,0.399765
0.510000,0.240000,0.414625,0.413810
0.510000,0.250000,0.428289,0.427448
0.510000,0.260000,0.441531,0.440663
0.510000,0.270000,0.454337,0.453444
0.510000,0.280000,0.466694,0.465777
0.510000,0.290000,0.478591,0.477650
0.510000,0.300000,0.490016,0.489053
0.510000,0.310000,0.500956,0.499972
0.510000,0.320000,0.511403,0.510398
0.510000,0.330000,0.521345,0.520320
0.510000,0.340000,0.530772,0.529729
0.510000,0.350000,0.539676,0.538615
0.510000,0.360000,0.548047,0.546970
0.510000,0.370000,0.555877,0.554785
0.510000,0.380000,0.563159,0.562052
0.510000,0.390000,0.569884,0.568765
0.510000,0.400000,0.576048,0.574916
0.510000,0.410000,0.581643,0.580500
0.510000,0.420000,0.586664,0.585511
0.510000,0.430000,0.591105,0.589944
0.510000,0.440000,0.594964,0.593795
0.510000,0.450000,0.598235,0.597060
0.510000,0.460000,0.600916,0.599736
0.510000,0.470000,0.603004,0.601819
0.510000,0.480000,0.604497,0.603309
0.510000,0.490000,0.605394,0.604204
0.510000,0.500000,0.605693,0.604502
0.510000,0.510000,0.605394,0.604204
0.510000,0.520000,0.604497,0.603309
0.510000,0.530000,0.603004,0.601819
0.510000,0.540000,0.600916,0.599736
0.510000,0.550000,0.598235,0.597060
0.510000,0.560000,0.594964,0.593795
0.510000,0.570000,0.591105,0.589944
0.510000,0.580000,0.586663,0.585511
0.510000,0.590000,0.581643,0.580500
0.510000,0.600000,0.576048,0.574916
0.510000,0.610000,0.569884,0.568765
0.510000,0.620000,0.563159,0.562052
0.510000,0.630000,0.555877,0.554785
0.510000,0.640000,0.548047,0.546970
0.510000,0.650000,0.539676,0.538616
0.510000,0.660000,0.530772,0.529729
0.510000,0.670000,0.521345,0.520320
0.510000,0.680000,0.511403,0.510398
0.510000,0.690000,0.500956,0.499972
0.510000,0.700000,0.490015,0.489053
0.510000,0.710000,0.478591,0.477651
0.510000,0.720000,0.466694,0.465777
0.510000,0.730000,0.454337,0.453444
0.510000,0.740000,0.441531,0.440663
0.510000,0.750000,0.428289,0.427448
0.510000,0.760000,0.414625,0.413810
0.510000,0.770000,0.400552,0.399765
0.510000,0.780000,0.386083,0.385324
0.510000,0.790000,0.371233,0.370504
0.510000,0.800000,0.356017,0.355317
0.510000,0.810000,0.340450,0.339781
0.510000,0.820000,0.324546,0.323908
0.510000,0.830000,0.308322,0.307717
0.510000,0.840000,0.291795,0.291221
0.510000,0.850000,0.274979,0.274438
0.510000,0.860000,0.257891,0.257384
0.510000,0.870000,0.240549,0.240077
0.510000,0.880000,0.222970,0.222532
0.510000,0.890000,0.205171,0.204768
0.510000,0.900000,0.187169,0.186801
0.510000,0.910000,0.168983,0.168651
0.510000,0.920000,0.150629,0.150333
0.510000,0.930000,0.132128,0.131868
0.510000,0.940000,0.113495,0.113272
0.510000,0.950000,0.094751,0.094565
0.510000,0.960000,0.075913,0.075764
0.510000,0.970000,0.057001,0.056889
0.510000,0.980000,0.038032,0.037957
0.510000,0.990000,0.019025,0.018988
0.510000,1.000000,-0.000000,-0.000000
0.520000,0.000000,0.000000,0.000000
0.520000,0.010000,0.018840,0.018801
0.520000,0.020000,0.037661,0.037584
0.520000,0.030000,0.056446,0.056330
0.520000,0.040000,0.075174,0.075020
0.520000,0.050000,0.093828,0.093636
0.520000,0.060000,0.112390,0.112160
0.520000,0.070000,0.130841,0.130573
0.520000,0.080000,0.149163,0.148857
0.520000,0.090000,0.167337,0.166994
0.520000,0.100000,0.185347,0.184967
0.520000,0.110000,0.203173,0.202757
0.520000,0.120000,0.220799,0.220347
0.520000,0.130000,0.238207,0.237719
0.520000,0.140000,0.255380,0.254857
0.520000,0.150000,0.272301,0.271743
0.520000,0.160000,0.288953,0.288361
0.520000,0.170000,0.305320,0.304695
0.520000,0.180000,0.321386,0.320727
0.520000,0.190000,0.337134,0.336444
0.520000,0.200000,0.352550,0.351828
0.520000,0.210000,0.367618,0.366865
0.520000,0.220000,0.382323,0.381540
0.520000,0.230000,0.396651,0.395838
0.520000,0.240000,0.410587,0.409746
0.520000,0.250000,0.424119,0.423250
0.520000,0.260000,0.437231,0.436335
0.520000,0.270000,0.449912,0.448991
0.520000,0.280000,0.462149,0.461203
0.520000,0.290000,0.473930,0.472959
0.520000,0.300000,0.485244,0.484250
0.520000,0.310000,0.496078,0.495062
0.520000,0.320000,0.506423,0.505385
0.520000,0.330000,0.516268,0.515210
0.520000,0.340000,0.525604,0.524527
0.520000,0.350000,0.534421,0.533326
0.520000,0.360000,0.542710,0.541598
0.520000,0.370000,0.550464,0.549336
0.520000,0.380000,0.557675,0.556532
0.520000,0.390000,0.564335,0.563179
0.520000,0.400000,0.570438,0.569270
0.520000,0.410000,0.575979,0.574799
0.520000,0.420000,0.580951,0.579760
0.520000,0.430000,0.585349,0.584150
0.520000,0.440000,0.589170,0.587963
0.520000,0.450000,0.592410,0.591196
0.520000,0.460000,0.595065,0.593846
0.520000,0.470000,0.597132,0.595909
0.520000,0.480000,0.598611,0.597384
0.520000,0.490000,0.599498,0.598270
0.520000,0.500000,0.599794,0.598565
0.520000,0.510000,0.599498,0.598270
0.520000,0.520000,0.598611,0.597384
0.520000,0.530000,0.597132,0.595909
0.520000,0.540000,0.595065,0.593845
0.520000,0.550000,0.592410,0.591196
0.520000,0.560000,0.589170,0.587963
0.520000,0.570000,0.585349,0.584150
0.520000,0.580000,0.580951,0.579760
0.520000,0.590000,0.575979,0.574799
0.520000,0.600000,0.570438,0.569269
0.520000,0.610000,0.564335,0.563179
0.520000,0.620000,0.557675,0.556532
0.520000,0.630000,0.550464,0.549336
0.520000,0.640000,0.542710,0.541598
0.520000,0.650000,0.534421,0.533326
0.520000,0.660000,0.525604,0.524527
0.520000,0.670000,0.516268,0.515210
0.520000,0.680000,0.506423,0.505385
0.520000,0.690000,0.496078,0.495062
0.520000,0.700000,0.485244,0.484250
0.520000,0.710000,0.473930,0.472959
0.520000,0.720000,0.462149,0.461203
0.520000,0.730000,0.449912,0.448990
0.520000,0.740000,0.437231,0.436335
0.520000,0.750000,0.424119,0.423250
0.520000,0.760000,0.410587,0.409746
0.520000,0.770000,0.396651,0.395838
0.520000,0.780000,0.382323,0.381540
0.520000,0.790000,0.367618,0.366865
0.520000,0.800000,0.352550,0.351828
0.520000,0.810000,0.337134,0.336444
0.520000,0.820000,0.321386,0.320727
0.520000,0.830000,0.305320,0.304695
0.520000,0.840000,0.288953,0.288361
0.520000,0.850000,0.272301,0.271743
0.520000,0.860000,0.255380,0.254857
0.520000,0.870000,0.238207,0.237719
0.520000,0.880000,0.220799,0.220347
0.520000,0.890000,0.203173,0.202757
0.520000,0.900000,0.185347,0.184967
0.520000,0.910000,0.167337,0.166994
0.520000,0.920000,0.149163,0.148857
0.520000,0.930000,0.130841,0.130573
0.520000,0.940000,0.112390,0.112160
0.520000,0.950000,0.093828,0.093636
0.520000,0.960000,0.075174,0.075020
0.520000,0.970000,0.056445,0.056330
0.520000,0.980000,0.037661,0.037584
0.520000,0.990000,0.018840,0.018801
0.520000,1.000000,-0.000000,-0.000000
0.530000,0.000000,0.000000,0.000000
0.530000,0.010000,0.018656,0.018617
0.530000,0.020000,0.037295,0.037215
0.530000,0.030000,0.055896,0.055777
0.530000,0.040000,0.074442,0.074283
0.530000,0.050000,0.092915,0.092717
0.530000,0.060000,0.111295,0.111058
0.530000,0.070000,0.129567,0.129291
0.530000,0.080000,0.147710,0.147395
0.530000,0.090000,0.165707,0.165354
0.530000,0.100000,0.183541,0.183150
0.530000,0.110000,0.201194,0.200766
0.530000,0.120000,0.218648,0.218183
0.530000,0.130000,0.235887,0.235384
0.530000,0.140000,0.252892,0.252354
0.530000,0.150000,0.269649,0.269074
0.530000,0.160000,0.286139,0.285529
0.530000,0.170000,0.302346,0.301702
0.530000,0.180000,0.318255,0.317578
0.530000,0.190000,0.333850,0.333139
0.530000,0.200000,0.349116,0.348373
0.530000,0.210000,0.364037,0.363262
0.530000,0.220000,0.378599,0.377793
0.530000,0.230000,0.392787,0.391951
0.530000,0.240000,0.406588,0.405722
0.530000,0.250000,0.419987,0.419093
0.530000,0.260000,0.432972,0.432050
0.530000,0.270000,0.445530,0.444581
0.530000,0.280000,0.457648,0.456673
0.530000,0.290000,0.469314,0.468314
0.530000,0.300000,0.480517,0.479494
0.530000,0.310000,0.491246,0.490200
0.530000,0.320000,0.501490,0.500422
0.530000,0.330000,0.511239,0.510150
0.530000,0.340000,0.520484,0.519376
0.530000,0.350000,0.529215,0.528088
0.530000,0.360000,0.537424,0.536279
0.530000,0.370000,0.545102,0.543941
0.530000,0.380000,0.552242,0.551066
0.530000,0.390000,0.558838,0.557648
0.530000,0.400000,0.564882,0.563679
0.530000,0.410000,0.570368,0.569153
0.530000,0.420000,0.575292,0.574067
0.530000,0.430000,0.579648,0.578413
0.530000,0.440000,0.583431,0.582189
0.530000,0.450000,0.586639,0.585390
0.530000,0.460000,0.589268,0.588013
0.530000,0.470000,0.591316,0.590057
0.530000,0.480000,0.592780,0.591517
0.530000,0.490000,0.593659,0.592394
0.530000,0.500000,0.593952,0.592687
0.530000,0.510000,0.593659,0.592394
0.530000,0.520000,0.592780,0.591517
0.530000,0.530000,0.591316,0.590057
0.530000,0.540000,0.589268,0.588013
0.530000,0.550000,0.586639,0.585390
0.530000,0.560000,0.583431,0.582189
0.530000,0.570000,0.579648,0.578413
0.530000,0.580000,0.575292,0.574067
0.530000,0.590000,0.570368,0.569153
0.530000,0.600000,0.564882,0.563679
0.530000,0.610000,0.558838,0.557648
0.530000,0.620000,0.552242,0.551066
0.530000,0.630000,0.545102,0.543941
0.530000,0.640000,0.537424,0.536279
0.530000,0.650000,0.529215,0.528088
0.530000,0.660000,0.520484,0.519375
0.530000,0.670000,0.511239,0.510150
0.530000,0.680000,0.501490,0.500422
0.530000,0.690000,0.491246,0.490200
0.530000,0.700000,0.480517,0.479494
0.530000,0.710000,0.469314,0.468315
0.530000,0.720000,0.457648,0.456673
0.530000,0.730000,0.445530,0.444581
0.530000,0.740000,0.432972,0.432050
0.530000,0.750000,0.419987,0.419093
0.530000,0.760000,0.406588,0.405722
0.530000,0.770000,0.392787,0.391951
0.530000,0.780000,0.378599,0.377793
0.530000,0.790000,0.364037,0.363262
0.530000,0.800000,0.349116,0.348373
0.530000,0.810000,0.333850,0.333139
0.530000,0.820000,0.318255,0.317577
0.530000,0.830000,0.302346,0.301702
0.530000,0.840000,0.286139,0.285529
0.530000,0.850000,0.269648,0.269074
0.530000,0.860000,0.252892,0.252354
0.530000,0.870000,0.235887,0.235384
0.530000,0.880000,0.218648,0.218183
0.530000,0.890000,0.201194,0.200766
0.530000,0.900000,0.183541,0.183150
0.530000,0.910000,0.165707,0.165354
0.530000,0.920000,0.147710,0.147395
0.530000,0.930000,0.129567,0.129291
0.530000,0.940000,0.111295,0.111058
0.530000,0.950000,0.092915,0.092717
0.530000,0.960000,0.074442,0.074283
0.530000,0.970000,0.055896,0.055777
0.530000,0.980000,0.037295,0.037215
0.530000,0.990000,0.018656,0.018617
0.530000,1.000000,-0.000000,-0.000000
0.540000,0.000000,0.000000,0.000000
0.540000,0.010000,0.018475,0.018434
0.540000,0.020000,0.036931,0.036850
0.540000,0.030000,0.055351,0.055229
0.540000,0.040000,0.073717,0.073554
0.540000,0.050000,0.092009,0.091806
0.540000,0.060000,0.110211,0.109968
0.540000,0.070000,0.128304,0.128021
0.540000,0.080000,0.146271,0.145948
0.540000,0.090000,0.164093,0.163730
0.540000,0.100000,0.181753,0.181352
0.540000,0.110000,0.199234,0.198794
0.540000,0.120000,0.216518,0.216040
0.540000,0.130000,0.233588,0.233073
0.540000,0.140000,0.250428,0.249875
0.540000,0.150000,0.267021,0.266432
0.540000,0.160000,0.283350,0.282725
0.540000,0.170000,0.299400,0.298739
0.540000,0.180000,0.315154,0.314459
0.540000,0.190000,0.330597,0.329868
0.540000,0.200000,0.345714,0.344951
0.540000,0.210000,0.360490,0.359694
0.540000,0.220000,0.374910,0.374083
0.540000,0.230000,0.388960,0.388101
0.540000,0.240000,0.402626,0.401737
0.540000,0.250000,0.415895,0.414977
0.540000,0.260000,0.428753,0.427807
0.540000,0.270000,0.441189,0.440215
0.540000,0.280000,0.453188,0.452188
0.540000,0.290000,0.464741,0.463715
0.540000,0.300000,0.475835,0.474785
0.540000,0.310000,0.486459,0.485386
0.540000,0.320000,0.496604,0.495507
0.540000,0.330000,0.506258,0.505140
0.540000,0.340000,0.515412,0.514275
0.540000,0.350000,0.524058,0.522901
0.540000,0.360000,0.532187,0.531012
0.540000,0.370000,0.539791,0.538599
0.540000,0.380000,0.546861,0.545654
0.540000,0.390000,0.553393,0.552171
0.540000,0.400000,0.559378,0.558143
0.540000,0.410000,0.564811,0.563564
0.540000,0.420000,0.569686,0.568429
0.540000,0.430000,0.574000,0.572732
0.540000,0.440000,0.577746,0.576471
0.540000,0.450000,0.580923,0.579641
0.540000,0.460000,0.583527,0.582238
0.540000,0.470000,0.585554,0.584261
0.540000,0.480000,0.587004,0.585708
0.540000,0.490000,0.587874,0.586576
0.540000,0.500000,0.588164,0.586866
0.540000,0.510000,0.587874,0.586576
0.540000,0.520000,0.587004,0.585708
0.540000,0.530000,0.585554,0.584261
0.540000,0.540000,0.583527,0.582238
0.540000,0.550000,0.580923,0.579641
0.540000,0.560000,0.577746,0.576471
0.540000,0.570000,0.574000,0.572732
0.540000,0.580000,0.569686,0.568429
0.540000,0.590000,0.564811,0.563564
0.540000,0.600000,0.559378,0.558143
0.540000,0.610000,0.553393,0.552171
0.540000,0.620000,0.546861,0.545654
0.540000,0.630000,0.539791,0.538599
0.540000,0.640000,0.532187,0.531012
0.540000,0.650000,0.524058,0.522901
0.540000,0.660000,0.515412,0.514275
0.540000,0.670000,0.506258,0.505140
0.540000,0.680000,0.496604,0.495507
0.540000,0.690000,0.486459,0.485385
0.540000,0.700000,0.475835,0.474785
0.540000,0.710000,0.464741,0.463715
0.540000,0.720000,0.453188,0.452188
0.540000,0.730000,0.441189,0.440215
0.540000,0.740000,0.428753,0.427807
0.540000,0.750000,0.415895,0.414977
0.540000,0.760000,0.402626,0.401737
0.540000,0.770000,0.388960,0.388101
0.540000,0.780000,0.374910,0.374082
0.540000,0.790000,0.360490,0.359694
0.540000,0.800000,0.345714,0.344951
0.540000,0.810000,0.330597,0.329868
0.540000,0.820000,0.315154,0.314458
0.540000,0.830000,0.299400,0.298739
0.540000,0.840000,0.283350,0.282725
0.540000,0.850000,0.267021,0.266432
0.540000,0.860000,0.250428,0.249875
0.540000,0.870000,0.233588,0.233073
0.540000,0.880000,0.216518,0.216040
0.540000,0.890000,0.199234,0.198794
0.540000,0.900000,0.181753,0.181352
0.540000,0.910000,0.164093,0.163730
0.540000,0.920000,0.146270,0.145948
0.540000,0.930000,0.128304,0.128021
0.540000,0.940000,0.110211,0.109968
0.540000,0.950000,0.092009,0.091806
0.540000,0.960000,0.073717,0.073554
0.540000,0.970000,0.055351,0.055229
0.540000,0.980000,0.036931,0.036850
0.540000,0.990000,0.018475,0.018434
0.540000,1.000000,-0.000000,-0.000000
0.550000,0.000000,0.000000,0.000000
0.550000,0.010000,0.018295,0.018253
0.550000,0.020000,0.036571,0.036488
0.550000,0.030000,0.054812,0.054687
0.550000,0.040000,0.072998,0.072831
0.550000,0.050000,0.091112,0.090904
0.550000,0.060000,0.109137,0.108888
0.550000,0.070000,0.127054,0.126764
0.550000,0.080000,0.144845,0.144514
0.550000,0.090000,0.162493,0.162122
0.550000,0.100000,0.179981,0.179571
0.550000,0.110000,0.197292,0.196841
0.550000,0.120000,0.214407,0.213918
0.550000,0.130000,0.231312,0.230784
0.550000,0.140000,0.247987,0.247421
0.550000,0.150000,0.264419,0.263815
0.550000,0.160000,0.280589,0.279948
0.550000,0.170000,0.296482,0.295805
0.550000,0.180000,0.312083,0.311370
0.550000,0.190000,0.327375,0.326628
0.550000,0.200000,0.342345,0.341563
0.550000,0.210000,0.356977,0.356162
0.550000,0.220000,0.371256,0.370409
0.550000,0.230000,0.385169,0.384290
0.550000,0.240000,0.398702,0.397792
0.550000,0.250000,0.411842,0.410901
0.550000,0.260000,0.424575,0.423605
0.550000,0.270000,0.436889,0.435891
0.550000,0.280000,0.448771,0.447747
0.550000,0.290000,0.460211,0.459161
0.550000,0.300000,0.471197,0.470122
0.550000,0.310000,0.481718,0.480619
0.550000,0.320000,0.491763,0.490641
0.550000,0.330000,0.501324,0.500179
0.550000,0.340000,0.510389,0.509224
0.550000,0.350000,0.518951,0.517766
0.550000,0.360000,0.527000,0.525797
0.550000,0.370000,0.534530,0.533309
0.550000,0.380000,0.541531,0.540295
0.550000,0.390000,0.547999,0.546748
0.550000,0.400000,0.553926,0.552661
0.550000,0.410000,0.559306,0.558029
0.550000,0.420000,0.564134,0.562846
0.550000,0.430000,0.568405,0.567108
0.550000,0.440000,0.572115,0.570809
0.550000,0.450000,0.575261,0.573948
0.550000,0.460000,0.577839,0.576520
0.550000,0.470000,0.579847,0.578523
0.550000,0.480000,0.581283,0.579956
0.550000,0.490000,0.582144,0.580816
0.550000,0.500000,0.582432,0.581102
0.550000,0.510000,0.582144,0.580816
0.550000,0.520000,0.581283,0.579956
0.550000,0.530000,0.579847,0.578523
0.550000,0.540000,0.577839,0.576520
0.550000,0.550000,0.575261,0.573948
0.550000,0.560000,0.572115,0.570809
0.550000,0.570000,0.568405,0.567108
0.550000,0.580000,0.564134,0.562846
0.550000,0.590000,0.559306,0.558029
0.550000,0.600000,0.553926,0.552661
0.550000,0.610000,0.547999,0.546748
0.550000,0.620000,0.541531,0.540295
0.550000,0.630000,0.534530,0.533309
0.550000,0.640000,0.527000,0.525797
0.550000,0.650000,0.518951,0.517766
0.550000,0.660000,0.510389,0.509224
0.550000,0.670000,0.501324,0.500179
0.550000,0.680000,0.491763,0.490641
0.550000,0.690000,0.481718,0.480618
0.550000,0.700000,0.471197,0.470122
0.550000,0.710000,0.460211,0.459161
0.550000,0.720000,0.448771,0.447747
0.550000,0.730000,0.436888,0.435891
0.550000,0.740000,0.424575,0.423605
0.550000,0.750000,0.411842,0.410901
0.550000,0.760000,0.398702,0.397792
0.550000,0.770000,0.385169,0.384290
0.550000,0.780000,0.371256,0.370409
0.550000,0.790000,0.356977,0.356162
0.550000,0.800000,0.342345,0.341563
0.550000,0.810000,0.327375,0.326628
0.550000,0.820000,0.312083,0.311370
0.550000,0.830000,0.296482,0.295805
0.550000,0.840000,0.280589,0.279948
0.550000,0.850000,0.264418,0.263815
0.550000,0.860000,0.247987,0.247421
0.550000,0.870000,0.231312,0.230783
0.550000,0.880000,0.214407,0.213918
0.550000,0.890000,0.197292,0.196841
0.550000,0.900000,0.179981,0.179571
0.550000,0.910000,0.162493,0.162122
0.550000,0.920000,0.144845,0.144514
0.550000,0.930000,0.127054,0.126764
0.550000,0.940000,0.109137,0.108888
0.550000,0.950000,0.091112,0.090904
0.550000,0.960000,0.072998,0.072831
0.550000,0.970000,0.054812,0.054686
0.550000,0.980000,0.036571,0.036488
0.550000,0.990000,0.018295,0.018253
0.550000,1.000000,-0.000000,-0.000000
0.560000,0.000000,0.000000,0.000000
0.560000,0.010000,0.018116,0.018074
0.560000,0.020000,0.036215,0.036129
0.560000,0.030000,0.054277,0.054149
0.560000,0.040000,0.072286,0.072116
0.560000,0.050000,0.090224,0.090012
0.560000,0.060000,0.108073,0.107818
0.560000,0.070000,0.125815,0.125519
0.560000,0.080000,0.143433,0.143095
0.560000,0.090000,0.160909,0.160530
0.560000,0.100000,0.178227,0.177807
0.560000,0.110000,0.195368,0.194908
0.560000,0.120000,0.212317,0.211817
0.560000,0.130000,0.229056,0.228517
0.560000,0.140000,0.245570,0.244991
0.560000,0.150000,0.261841,0.261224
0.560000,0.160000,0.277853,0.277199
0.560000,0.170000,0.293591,0.292900
0.560000,0.180000,0.309040,0.308312
0.560000,0.190000,0.324183,0.323420
0.560000,0.200000,0.339007,0.338209
0.560000,0.210000,0.353496,0.352664
0.560000,0.220000,0.367636,0.366771
0.560000,0.230000,0.381414,0.380516
0.560000,0.240000,0.394815,0.393885
0.560000,0.250000,0.407826,0.406866
0.560000,0.260000,0.420435,0.419445
0.560000,0.270000,0.432629,0.431610
0.560000,0.280000,0.444396,0.443350
0.560000,0.290000,0.455724,0.454652
0.560000,0.300000,0.466603,0.465505
0.560000,0.310000,0.477021,0.475898
0.560000,0.320000,0.486969,0.485822
0.560000,0.330000,0.496436,0.495267
0.560000,0.340000,0.505413,0.504223
0.560000,0.350000,0.513891,0.512681
0.560000,0.360000,0.521862,0.520633
0.560000,0.370000,0.529318,0.528072
0.560000,0.380000,0.536252,0.534989
0.560000,0.390000,0.542656,0.541378
0.560000,0.400000,0.548525,0.547234
0.560000,0.410000,0.553852,0.552549
0.560000,0.420000,0.558634,0.557318
0.560000,0.430000,0.562863,0.561538
0.560000,0.440000,0.566537,0.565204
0.560000,0.450000,0.569652,0.568311
0.560000,0.460000,0.572205,0.570858
0.560000,0.470000,0.574194,0.572842
0.560000,0.480000,0.575615,0.574260
0.560000,0.490000,0.576469,0.575111
0.560000,0.500000,0.576753,0.575395
0.560000,0.510000,0.576469,0.575111
0.560000,0.520000,0.575615,0.574260
0.560000,0.530000,0.574194,0.572842
0.560000,0.540000,0.572205,0.570858
0.560000,0.550000,0.569652,0.568311
0.560000,0.560000,0.566537,0.565203
0.560000,0.570000,0.562863,0.561538
0.560000,0.580000,0.558634,0.557318
0.560000,0.590000,0.553852,0.552549
0.560000,0.600000,0.548525,0.547233
0.560000,0.610000,0.542656,0.541378
0.560000,0.620000,0.536252,0.534989
0.560000,0.630000,0.529318,0.528072
0.560000,0.640000,0.521862,0.520633
0.560000,0.650000,0.513891,0.512681
0.560000,0.660000,0.505413,0.504223
0.560000,0.670000,0.496436,0.495267
0.560000,0.680000,0.486969,0.485822
0.560000,0.690000,0.477021,0.475898
0.560000,0.700000,0.466603,0.465505
0.560000,0.710000,0.455725,0.454652
0.560000,0.720000,0.444396,0.443350
0.560000,0.730000,0.432629,0.431610
0.560000,0.740000,0.420435,0.419445
0.560000,0.750000,0.407826,0.406866
0.560000,0.760000,0.394815,0.393885
0.560000,0.770000,0.381414,0.380516
0.560000,0.780000,0.367636,0.366771
0.560000,0.790000,0.353496,0.352664
0.560000,0.800000,0.339007,0.338209
0.560000,0.810000,0.324183,0.323420
0.560000,0.820000,0.309040,0.308312
0.560000,0.830000,0.293591,0.292900
0.560000,0.840000,0.277853,0.277199
0.560000,0.850000,0.261840,0.261224
0.560000,0.860000,0.245570,0.244991
0.560000,0.870000,0.229056,0.228517
0.560000,0.880000,0.212317,0.211817
0.560000,0.890000,0.195368,0.194908
0.560000,0.900000,0.178227,0.177807
0.560000,0.910000,0.160909,0.160530
0.560000,0.920000,0.143433,0.143095
0.560000,0.930000,0.125815,0.125519
0.560000,0.940000,0.108073,0.107818
0.560000,0.950000,0.090224,0.090012
0.560000,0.960000,0.072286,0.072116
0.560000,0.970000,0.054277,0.054149
0.560000,0.980000,0.036215,0.036129
0.560000,0.990000,0.018116,0.018074
0.560000,1.000000,-0.000000,-0.000000
0.570000,0.000000,0.000000,0.000000
0.570000,0.010000,0.017940,0.017896
0.570000,0.020000,0.035861,0.035775
0.570000,0.030000,0.053748,0.053618
0.570000,0.040000,0.071581,0.071408
0.570000,0.050000,0.089344,0.089128
0.570000,0.060000,0.107019,0.106759
0.570000,0.070000,0.124588,0.124286
0.570000,0.080000,0.142034,0.141690
0.570000,0.090000,0.159340,0.158954
0.570000,0.100000,0.176488,0.176061
0.570000,0.110000,0.193463,0.192994
0.570000,0.120000,0.210246,0.209737
0.570000,0.130000,0.226822,0.226273
0.570000,0.140000,0.243174,0.242585
0.570000,0.150000,0.259287,0.258659
0.570000,0.160000,0.275143,0.274476
0.570000,0.170000,0.290728,0.290024
0.570000,0.180000,0.306026,0.305284
0.570000,0.190000,0.321022,0.320244
0.570000,0.200000,0.335701,0.334887
0.570000,0.210000,0.350048,0.349200
0.570000,0.220000,0.364051,0.363169
0.570000,0.230000,0.377694,0.376779
0.570000,0.240000,0.390964,0.390017
0.570000,0.250000,0.403849,0.402870
0.570000,0.260000,0.416334,0.415326
0.570000,0.270000,0.428410,0.427372
0.570000,0.280000,0.440062,0.438996
0.570000,0.290000,0.451280,0.450186
0.570000,0.300000,0.462052,0.460933
0.570000,0.310000,0.472369,0.471225
0.570000,0.320000,0.482219,0.481051
0.570000,0.330000,0.491594,0.490403
0.570000,0.340000,0.500483,0.499271
0.570000,0.350000,0.508879,0.507646
0.570000,0.360000,0.516772,0.515520
0.570000,0.370000,0.524155,0.522886
0.570000,0.380000,0.531021,0.529735
0.570000,0.390000,0.537363,0.536062
0.570000,0.400000,0.543175,0.541859
0.570000,0.410000,0.548451,0.547122
0.570000,0.420000,0.553185,0.551845
0.570000,0.430000,0.557373,0.556023
0.570000,0.440000,0.561012,0.559653
0.570000,0.450000,0.564097,0.562730
0.570000,0.460000,0.566625,0.565252
0.570000,0.470000,0.568593,0.567216
0.570000,0.480000,0.570001,0.568620
0.570000,0.490000,0.570846,0.569463
0.570000,0.500000,0.571128,0.569744
0.570000,0.510000,0.570846,0.569463
0.570000,0.520000,0.570001,0.568620
0.570000,0.530000,0.568593,0.567216
0.570000,0.540000,0.566625,0.565252
0.570000,0.550000,0.564097,0.562730
0.570000,0.560000,0.561012,0.559653
0.570000,0.570000,0.557373,0.556023
0.570000,0.580000,0.553185,0.551845
0.570000,0.590000,0.548451,0.547122
0.570000,0.600000,0.543175,0.541859
0.570000,0.610000,0.537363,0.536062
0.570000,0.620000,0.531021,0.529735
0.570000,0.630000,0.524155,0.522886
0.570000,0.640000,0.516772,0.515520
0.570000,0.650000,0.508879,0.507646
0.570000,0.660000,0.500483,0.499271
0.570000,0.670000,0.491594,0.490403
0.570000,0.680000,0.482219,0.481051
0.570000,0.690000,0.472369,0.471224
0.570000,0.700000,0.462052,0.460933
0.570000,0.710000,0.451280,0.450186
0.570000,0.720000,0.440062,0.438996
0.570000,0.730000,0.428409,0.427372
0.570000,0.740000,0.416334,0.415326
0.570000,0.750000,0.403849,0.402870
0.570000,0.760000,0.390964,0.390017
0.570000,0.770000,0.377694,0.376779
0.570000,0.780000,0.364051,0.363169
0.570000,0.790000,0.350048,0.349200
0.570000,0.800000,0.335701,0.334887
0.570000,0.810000,0.321022,0.320244
0.570000,0.820000,0.306026,0.305284
0.570000,0.830000,0.290728,0.290023
0.570000,0.840000,0.275143,0.274477
0.570000,0.850000,0.259287,0.258658
0.570000,0.860000,0.243174,0.242585
0.570000,0.870000,0.226822,0.226273
0.570000,0.880000,0.210246,0.209737
0.570000,0.890000,0.193463,0.192994
0.570000,0.900000,0.176488,0.176061
0.570000,0.910000,0.159340,0.158954
0.570000,0.920000,0.142034,0.141690
0.570000,0.930000,0.124588,0.124286
0.570000,0.940000,0.107019,0.106759
0.570000,0.950000,0.089344,0.089128
0.570000,0.960000,0.071581,0.071408
0.570000,0.970000,0.053748,0.053618
0.570000,0.980000,0.035861,0.035775
0.570000,0.990000,0.017940,0.017896
0.570000,1.000000,-0.000000,-0.000000
0.580000,0.000000,0.000000,0.000000
0.580000,0.010000,0.017765,0.017720
0.580000,0.020000,0.035512,0.035423
0.580000,0.030000,0.053224,0.053091
0.580000,0.040000,0.070883,0.070707
0.580000,0.050000,0.088472,0.088252
0.580000,0.060000,0.105975,0.105711
0.580000,0.070000,0.123372,0.123065
0.580000,0.080000,0.140648,0.140298
0.580000,0.090000,0.157785,0.157393
0.580000,0.100000,0.174766,0.174332
0.580000,0.110000,0.191575,0.191099
0.580000,0.120000,0.208195,0.207677
0.580000,0.130000,0.224609,0.224051
0.580000,0.140000,0.240802,0.240203
0.580000,0.150000,0.256757,0.256118
0.580000,0.160000,0.272459,0.271781
0.580000,0.170000,0.287891,0.287175
0.580000,0.180000,0.303040,0.302286
0.580000,0.190000,0.317890,0.317099
0.580000,0.200000,0.332425,0.331598
0.580000,0.210000,0.346633,0.345771
0.580000,0.220000,0.360499,0.359602
0.580000,0.230000,0.374009,0.373078
0.580000,0.240000,0.387150,0.386186
0.580000,0.250000,0.399908,0.398913
0.580000,0.260000,0.412272,0.411247
0.580000,0.270000,0.424230,0.423174
0.580000,0.280000,0.435768,0.434684
0.580000,0.290000,0.446877,0.445765
0.580000,0.300000,0.457544,0.456406
0.580000,0.310000,0.467760,0.466597
0.580000,0.320000,0.477515,0.476327
0.580000,0.330000,0.486798,0.485587
0.580000,0.340000,0.495600,0.494367
0.580000,0.350000,0.503914,0.502660
0.580000,0.360000,0.511730,0.510457
0.580000,0.370000,0.519041,0.517750
0.580000,0.380000,0.525841,0.524532
0.580000,0.390000,0.532121,0.530797
0.580000,0.400000,0.537876,0.536537
0.580000,0.410000,0.543100,0.541749
0.580000,0.420000,0.547788,0.546425
0.580000,0.430000,0.551935,0.550562
0.580000,0.440000,0.555538,0.554156
0.580000,0.450000,0.558593,0.557203
0.580000,0.460000,0.561096,0.559700
0.580000,0.470000,0.563046,0.561645
0.580000,0.480000,0.564440,0.563036
0.580000,0.490000,0.565277,0.563870
0.580000,0.500000,0.565556,0.564149
0.580000,0.510000,0.565277,0.563870
0.580000,0.520000,0.564440,0.563036
0.580000,0.530000,0.563046,0.561645
0.580000,0.540000,0.561096,0.559700
0.580000,0.550000,0.558593,0.557203
0.580000,0.560000,0.555538,0.554156
0.580000,0.570000,0.551935,0.550562
0.580000,0.580000,0.547788,0.546425
0.580000,0.590000,0.543100,0.541749
0.580000,0.600000,0.537876,0.536537
0.580000,0.610000,0.532121,0.530797
0.580000,0.620000,0.525840,0.524532
0.580000,0.630000,0.519041,0.517750
0.580000,0.640000,0.511730,0.510457
0.580000,0.650000,0.503914,0.502660
0.580000,0.660000,0.495600,0.494367
0.580000,0.670000,0.486798,0.485587
0.580000,0.680000,0.477515,0.476327
0.580000,0.690000,0.467760,0.466597
0.580000,0.700000,0.457544,0.456406
0.580000,0.710000,0.446877,0.445765
0.580000,0.720000,0.435768,0.434684
0.580000,0.730000,0.424230,0.423174
0.580000,0.740000,0.412272,0.411247
0.580000,0.750000,0.399908,0.398913
0.580000,0.760000,0.387150,0.386186
0.580000,0.770000,0.374009,0.373078
0.580000,0.780000,0.360499,0.359602
0.580000,0.790000,0.346633,0.345771
0.580000,0.800000,0.332425,0.331598
0.580000,0.810000,0.317890,0.317099
0.580000,0.820000,0.303040,0.302286
0.580000,0.830000,0.287891,0.287175
0.580000,0.840000,0.272459,0.271781
0.580000,0.850000,0.256757,0.256118
0.580000,0.860000,0.240802,0.240203
0.580000,0.870000,0.224609,0.224050
0.580000,0.880000,0.208195,0.207677
0.580000,0.890000,0.191575,0.191099
0.580000,0.900000,0.174766,0.174332
0.580000,0.910000,0.157785,0.157392
0.580000,0.920000,0.140648,0.140298
0.580000,0.930000,0.123372,0.123065
0.580000,0.940000,0.105975,0.105711
0.580000,0.950000,0.088472,0.088252
0.580000,0.960000,0.070883,0.070707
0.580000,0.970000,0.053223,0.053091
0.580000,0.980000,0.035512,0.035423
0.580000,0.990000,0.017764,0.017720
0.580000,1.000000,-0.000000,-0.000000
0.590000,0.000000,0.000000,0.000000
0.590000,0.010000,0.017591,0.017546
0.590000,0.020000,0.035165,0.035075
0.590000,0.030000,0.052704,0.052570
0.590000,0.040000,0.070191,0.070012
0.590000,0.050000,0.087609,0.087386
0.590000,0.060000,0.104940,0.104673
0.590000,0.070000,0.122168,0.121857
0.590000,0.080000,0.139275,0.138920
0.590000,0.090000,0.156245,0.155847
0.590000,0.100000,0.173061,0.172619
0.590000,0.110000,0.189705,0.189222
0.590000,0.120000,0.206163,0.205637
0.590000,0.130000,0.222417,0.221850
0.590000,0.140000,0.238452,0.237844
0.590000,0.150000,0.254251,0.253603
0.590000,0.160000,0.269799,0.269112
0.590000,0.170000,0.285082,0.284355
0.590000,0.180000,0.300082,0.299317
0.590000,0.190000,0.314787,0.313984
0.590000,0.200000,0.329181,0.328342
0.590000,0.210000,0.343250,0.342375
0.590000,0.220000,0.356980,0.356070
0.590000,0.230000,0.370359,0.369414
0.590000,0.240000,0.383371,0.382394
0.590000,0.250000,0.396005,0.394996
0.590000,0.260000,0.408249,0.407208
0.590000,0.270000,0.420089,0.419018
0.590000,0.280000,0.431515,0.430415
0.590000,0.290000,0.442515,0.441387
0.590000,0.300000,0.453079,0.451924
0.590000,0.310000,0.463195,0.462014
0.590000,0.320000,0.472854,0.471649
0.590000,0.330000,0.482047,0.480818
0.590000,0.340000,0.490763,0.489512
0.590000,0.350000,0.498996,0.497724
0.590000,0.360000,0.506736,0.505444
0.590000,0.370000,0.513976,0.512665
0.590000,0.380000,0.520708,0.519381
0.590000,0.390000,0.526927,0.525584
0.590000,0.400000,0.532626,0.531268
0.590000,0.410000,0.537799,0.536428
0.590000,0.420000,0.542441,0.541059
0.590000,0.430000,0.546549,0.545155
0.590000,0.440000,0.550116,0.548714
0.590000,0.450000,0.553141,0.551731
0.590000,0.460000,0.555620,0.554204
0.590000,0.470000,0.557551,0.556129
0.590000,0.480000,0.558931,0.557506
0.590000,0.490000,0.559760,0.558333
0.590000,0.500000,0.560036,0.558608
0.590000,0.510000,0.559760,0.558333
0.590000,0.520000,0.558931,0.557506
0.590000,0.530000,0.557551,0.556129
0.590000,0.540000,0.555620,0.554204
0.590000,0.550000,0.553141,0.551731
0.590000,0.560000,0.550116,0.548714
0.590000,0.570000,0.546549,0.545155
0.590000,0.580000,0.542441,0.541059
0.590000,0.590000,0.537799,0.536428
0.590000,0.600000,0.532626,0.531268
0.590000,0.610000,0.526927,0.525584
0.590000,0.620000,0.520708,0.519381
0.590000,0.630000,0.513976,0.512665
0.590000,0.640000,0.506736,0.505444
0.590000,0.650000,0.498996,0.497724
0.590000,0.660000,0.490763,0.489512
0.590000,0.670000,0.482047,0.480818
0.590000,0.680000,0.472854,0.471649
0.590000,0.690000,0.463195,0.462014
0.590000,0.700000,0.453079,0.451924
0.590000,0.710000,0.442515,0.441387
0.590000,0.720000,0.431515,0.430415
0.590000,0.730000,0.420089,0.419018
0.590000,0.740000,0.408249,0.407208
0.590000,0.750000,0.396005,0.394996
0.590000,0.760000,0.383371,0.382394
0.590000,0.770000,0.370358,0.369414
0.590000,0.780000,0.356980,0.356070
0.590000,0.790000,0.343250,0.342375
0.590000,0.800000,0.329181,0.328342
0.590000,0.810000,0.314787,0.313984
0.590000,0.820000,0.300082,0.299317
0.590000,0.830000,0.285082,0.284355
0.590000,0.840000,0.269799,0.269112
0.590000,0.850000,0.254251,0.253603
0.590000,0.860000,0.238452,0.237844
0.590000,0.870000,0.222417,0.221850
0.590000,0.880000,0.206163,0.205637
0.590000,0.890000,0.189705,0.189222
0.590000,0.900000,0.173061,0.172619
0.590000,0.910000,0.156245,0.155847
0.590000,0.920000,0.139275,0.138920
0.590000,0.930000,0.122168,0.121857
0.590000,0.940000,0.104940,0.104673
0.590000,0.950000,0.087609,0.087386
0.590000,0.960000,0.070191,0.070012
0.590000,0.970000,0.052704,0.052570
0.590000,0.980000,0.035165,0.035075
0.590000,0.990000,0.017591,0.017546
0.590000,1.000000,-0.000000,-0.000000
0.600000,0.000000,0.000000,0.000000
0.600000,0.010000,0.017419,0.017374
0.600000,0.020000,0.034822,0.034731
0.600000,0.030000,0.052189,0.052053
0.600000,0.040000,0.069506,0.069325
0.600000,0.050000,0.086754,0.086527
0.600000,0.060000,0.103916,0.103645
0.600000,0.070000,0.120975,0.120660
0.600000,0.080000,0.137916,0.137556
0.600000,0.090000,0.154720,0.154316
0.600000,0.100000,0.171371,0.170924
0.600000,0.110000,0.187853,0.187363
0.600000,0.120000,0.204150,0.203618
0.600000,0.130000,0.220246,0.219671
0.600000,0.140000,0.236124,0.235508
0.600000,0.150000,0.251769,0.251112
0.600000,0.160000,0.267165,0.266469
0.600000,0.170000,0.282298,0.281562
0.600000,0.180000,0.297152,0.296378
0.600000,0.190000,0.311714,0.310901
0.600000,0.200000,0.325967,0.325117
0.600000,0.210000,0.339899,0.339013
0.600000,0.220000,0.353495,0.352573
0.600000,0.230000,0.366743,0.365786
0.600000,0.240000,0.379628,0.378638
0.600000,0.250000,0.392139,0.391116
0.600000,0.260000,0.404263,0.403209
0.600000,0.270000,0.415988,0.414903
0.600000,0.280000,0.427302,0.426188
0.600000,0.290000,0.438195,0.437052
0.600000,0.300000,0.448655,0.447485
0.600000,0.310000,0.458673,0.457477
0.600000,0.320000,0.468237,0.467017
0.600000,0.330000,0.477340,0.476096
0.600000,0.340000,0.485972,0.484705
0.600000,0.350000,0.494124,0.492836
0.600000,0.360000,0.501788,0.500480
0.600000,0.370000,0.508957,0.507630
0.600000,0.380000,0.515624,0.514280
0.600000,0.390000,0.521782,0.520422
0.600000,0.400000,0.527426,0.526051
0.600000,0.410000,0.532548,0.531160
0.600000,0.420000,0.537145,0.535745
0.600000,0.430000,0.541212,0.539801
0.600000,0.440000,0.544745,0.543325
0.600000,0.450000,0.547741,0.546312
0.600000,0.460000,0.550195,0.548761
0.600000,0.470000,0.552107,0.550667
0.600000,0.480000,0.553474,0.552031
0.600000,0.490000,0.554294,0.552849
0.600000,0.500000,0.554568,0.553122
0.600000,0.510000,0.554294,0.552849
0.600000,0.520000,0.553474,0.552031
0.600000,0.530000,0.552107,0.550667
0.600000,0.540000,0.550195,0.548761
0.600000,0.550000,0.547741,0.546312
0.600000,0.560000,0.544745,0.543325
0.600000,0.570000,0.541212,0.539801
0.600000,0.580000,0.537145,0.535745
0.600000,0.590000,0.532548,0.531160
0.600000,0.600000,0.527426,0.526050
0.600000,0.610000,0.521782,0.520422
0.600000,0.620000,0.515624,0.514280
0.600000,0.630000,0.508957,0.507630
0.600000,0.640000,0.501788,0.500480
0.600000,0.650000,0.494124,0.492836
0.600000,0.660000,0.485972,0.484705
0.600000,0.670000,0.477340,0.476096
0.600000,0.680000,0.468237,0.467017
0.600000,0.690000,0.458673,0.457477
0.600000,0.700000,0.448655,0.447485
0.600000,0.710000,0.438195,0.437052
0.600000,0.720000,0.427302,0.426188
0.600000,0.730000,0.415988,0.414903
0.600000,0.740000,0.404263,0.403209
0.600000,0.750000,0.392139,0.391116
0.600000,0.760000,0.379628,0.378638
0.600000,0.770000,0.366742,0.365786
0.600000,0.780000,0.353495,0.352573
0.600000,0.790000,0.339899,0.339012
0.600000,0.800000,0.325967,0.325117
0.600000,0.810000,0.311714,0.310901
0.600000,0.820000,0.297152,0.296378
0.600000,0.830000,0.282298,0.281562
0.600000,0.840000,0.267165,0.266469
0.600000,0.850000,0.251769,0.251112
0.600000,0.860000,0.236124,0.235508
0.600000,0.870000,0.220245,0.219671
0.600000,0.880000,0.204150,0.203618
0.600000,0.890000,0.187853,0.187363
0.600000,0.900000,0.171371,0.170924
0.600000,0.910000,0.154719,0.154316
0.600000,0.920000,0.137915,0.137556
0.600000,0.930000,0.120975,0.120660
0.600000,0.940000,0.103916,0.103645
0.600000,0.950000,0.086754,0.086527
0.600000,0.960000,0.069506,0.069325
0.600000,0.970000,0.052189,0.052053
0.600000,0.980000,0.034822,0.034731
0.600000,0.990000,0.017419,0.017374
0.600000,1.000000,-0.000000,-0.000000
0.610000,0.000000,0.000000,0.000000
0.610000,0.010000,0.017249,0.017203
0.610000,0.020000,0.034482,0.034390
0.610000,0.030000,0.051680,0.051542
0.610000,0.040000,0.068827,0.068644
0.610000,0.050000,0.085906,0.085678
0.610000,0.060000,0.102901,0.102627
0.610000,0.070000,0.119794,0.119475
0.610000,0.080000,0.136568,0.136205
0.610000,0.090000,0.153208,0.152801
0.610000,0.100000,0.169697,0.169245
0.610000,0.110000,0.186018,0.185523
0.610000,0.120000,0.202156,0.201618
0.610000,0.130000,0.218094,0.217514
0.610000,0.140000,0.233817,0.233195
0.610000,0.150000,0.249310,0.248646
0.610000,0.160000,0.264556,0.263852
0.610000,0.170000,0.279541,0.278797
0.610000,0.180000,0.294250,0.293467
0.610000,0.190000,0.308669,0.307847
0.610000,0.200000,0.322783,0.321924
0.610000,0.210000,0.336579,0.335683
0.610000,0.220000,0.350042,0.349111
0.610000,0.230000,0.363160,0.362194
0.610000,0.240000,0.375920,0.374920
0.610000,0.250000,0.388309,0.387275
0.610000,0.260000,0.400314,0.399249
0.610000,0.270000,0.411925,0.410828
0.610000,0.280000,0.423129,0.422002
0.610000,0.290000,0.433915,0.432760
0.610000,0.300000,0.444273,0.443090
0.610000,0.310000,0.454193,0.452984
0.610000,0.320000,0.463664,0.462430
0.610000,0.330000,0.472678,0.471420
0.610000,0.340000,0.481225,0.479944
0.610000,0.350000,0.489298,0.487995
0.610000,0.360000,0.496887,0.495565
0.610000,0.370000,0.503986,0.502645
0.610000,0.380000,0.510588,0.509229
0.610000,0.390000,0.516686,0.515311
0.610000,0.400000,0.522274,0.520884
0.610000,0.410000,0.527347,0.525943
0.610000,0.420000,0.531899,0.530483
0.610000,0.430000,0.535926,0.534500
0.610000,0.440000,0.539425,0.537989
0.610000,0.450000,0.542391,0.540947
0.610000,0.460000,0.544821,0.543371
0.610000,0.470000,0.546714,0.545259
0.610000,0.480000,0.548068,0.546609
0.610000,0.490000,0.548881,0.547420
0.610000,0.500000,0.549152,0.547690
0.610000,0.510000,0.548881,0.547420
0.610000,0.520000,0.548068,0.546609
0.610000,0.530000,0.546714,0.545259
0.610000,0.540000,0.544821,0.543371
0.610000,0.550000,0.542391,0.540947
0.610000,0.560000,0.539424,0.537989
0.610000,0.570000,0.535926,0.534500
0.610000,0.580000,0.531899,0.530483
0.610000,0.590000,0.527347,0.525943
0.610000,0.600000,0.522274,0.520884
0.610000,0.610000,0.516686,0.515311
0.610000,0.620000,0.510588,0.509229
0.610000,0.630000,0.503986,0.502645
0.610000,0.640000,0.496887,0.495565
0.610000,0.650000,0.489298,0.487995
0.610000,0.660000,0.481225,0.479944
0.610000,0.670000,0.472678,0.471420
0.610000,0.680000,0.463664,0.462430
0.610000,0.690000,0.454192,0.452984
0.610000,0.700000,0.444273,0.443090
0.610000,0.710000,0.433915,0.432760
0.610000,0.720000,0.423128,0.422002
0.610000,0.730000,0.411925,0.410828
0.610000,0.740000,0.400314,0.399249
0.610000,0.750000,0.388309,0.387275
0.610000,0.760000,0.375920,0.374920
0.610000,0.770000,0.363160,0.362194
0.610000,0.780000,0.350042,0.349111
0.610000,0.790000,0.336579,0.335683
0.610000,0.800000,0.322783,0.321924
0.610000,0.810000,0.308669,0.307847
0.610000,0.820000,0.294250,0.293467
0.610000,0.830000,0.279541,0.278797
0.610000,0.840000,0.264556,0.263852
0.610000,0.850000,0.249309,0.248646
0.610000,0.860000,0.233817,0.233195
0.610000,0.870000,0.218094,0.217514
0.610000,0.880000,0.202156,0.201618
0.610000,0.890000,0.186018,0.185523
0.610000,0.900000,0.169697,0.169246
0.610000,0.910000,0.153208,0.152801
0.610000,0.920000,0.136568,0.136205
0.610000,0.930000,0.119794,0.119475
0.610000,0.940000,0.102901,0.102627
0.610000,0.950000,0.085906,0.085678
0.610000,0.960000,0.068827,0.068644
0.610000,0.970000,0.051680,0.051542
0.610000,0.980000,0.034481,0.034390
0.610000,0.990000,0.017249,0.017203
0.610000,1.000000,-0.000000,-0.000000
0.620000,0.000000,0.000000,0.000000
0.620000,0.010000,0.017081,0.017034
0.620000,0.020000,0.034145,0.034052
0.620000,0.030000,0.051175,0.051036
0.620000,0.040000,0.068154,0.067970
0.620000,0.050000,0.085067,0.084836
0.620000,0.060000,0.101895,0.101619
0.620000,0.070000,0.118623,0.118301
0.620000,0.080000,0.135234,0.134867
0.620000,0.090000,0.151711,0.151300
0.620000,0.100000,0.168039,0.167583
0.620000,0.110000,0.184201,0.183701
0.620000,0.120000,0.200181,0.199638
0.620000,0.130000,0.215963,0.215378
0.620000,0.140000,0.231533,0.230905
0.620000,0.150000,0.246874,0.246204
0.620000,0.160000,0.261971,0.261260
0.620000,0.170000,0.276810,0.276059
0.620000,0.180000,0.291375,0.290585
0.620000,0.190000,0.305653,0.304824
0.620000,0.200000,0.319629,0.318762
0.620000,0.210000,0.333290,0.332386
0.620000,0.220000,0.346622,0.345682
0.620000,0.230000,0.359612,0.358637
0.620000,0.240000,0.372247,0.371237
0.620000,0.250000,0.384515,0.383472
0.620000,0.260000,0.396403,0.395328
0.620000,0.270000,0.407900,0.406794
0.620000,0.280000,0.418994,0.417858
0.620000,0.290000,0.429675,0.428510
0.620000,0.300000,0.439932,0.438739
0.620000,0.310000,0.449755,0.448535
0.620000,0.320000,0.459134,0.457888
0.620000,0.330000,0.468059,0.466790
0.620000,0.340000,0.476523,0.475231
0.620000,0.350000,0.484517,0.483203
0.620000,0.360000,0.492032,0.490698
0.620000,0.370000,0.499062,0.497708
0.620000,0.380000,0.505599,0.504228
0.620000,0.390000,0.511638,0.510250
0.620000,0.400000,0.517171,0.515768
0.620000,0.410000,0.522194,0.520778
0.620000,0.420000,0.526702,0.525273
0.620000,0.430000,0.530690,0.529251
0.620000,0.440000,0.534154,0.532705
0.620000,0.450000,0.537091,0.535634
0.620000,0.460000,0.539498,0.538035
0.620000,0.470000,0.541373,0.539904
0.620000,0.480000,0.542713,0.541241
0.620000,0.490000,0.543518,0.542043
0.620000,0.500000,0.543786,0.542311
0.620000,0.510000,0.543518,0.542043
0.620000,0.520000,0.542713,0.541241
0.620000,0.530000,0.541373,0.539904
0.620000,0.540000,0.539498,0.538035
0.620000,0.550000,0.537091,0.535634
0.620000,0.560000,0.534154,0.532705
0.620000,0.570000,0.530690,0.529250
0.620000,0.580000,0.526702,0.525273
0.620000,0.590000,0.522194,0.520778
0.620000,0.600000,0.517171,0.515768
0.620000,0.610000,0.511638,0.510250
0.620000,0.620000,0.505599,0.504228
0.620000,0.630000,0.499062,0.497708
0.620000,0.640000,0.492032,0.490698
0.620000,0.650000,0.484517,0.483203
0.620000,0.660000,0.476523,0.475231
0.620000,0.670000,0.468059,0.466790
0.620000,0.680000,0.459134,0.457888
0.620000,0.690000,0.449755,0.448535
0.620000,0.700000,0.439932,0.438739
0.620000,0.710000,0.429675,0.428510
0.620000,0.720000,0.418994,0.417858
0.620000,0.730000,0.407900,0.406793
0.620000,0.740000,0.396403,0.395328
0.620000,0.750000,0.384515,0.383472
0.620000,0.760000,0.372247,0.371237
0.620000,0.770000,0.359612,0.358637
0.620000,0.780000,0.346622,0.345682
0.620000,0.790000,0.333290,0.332386
0.620000,0.800000,0.319629,0.318762
0.620000,0.810000,0.305653,0.304824
0.620000,0.820000,0.291375,0.290585
0.620000,0.830000,0.276809,0.276059
0.620000,0.840000,0.261971,0.261260
0.620000,0.850000,0.246874,0.246204
0.620000,0.860000,0.231533,0.230905
0.620000,0.870000,0.215963,0.215378
0.620000,0.880000,0.200181,0.199638
0.620000,0.890000,0.184201,0.183701
0.620000,0.900000,0.168039,0.167583
0.620000,0.910000,0.151711,0.151300
0.620000,0.920000,0.135234,0.134867
0.620000,0.930000,0.118623,0.118301
0.620000,0.940000,0.101895,0.101619
0.620000,0.950000,0.085067,0.084836
0.620000,0.960000,0.068154,0.067970
0.620000,0.970000,0.051175,0.051036
0.620000,0.980000,0.034145,0.034052
0.620000,0.990000,0.017081,0.017034
0.620000,1.000000,-0.000000,-0.000000
0.630000,0.000000,0.000000,0.000000
0.630000,0.010000,0.016914,0.016867
0.630000,0.020000,0.033811,0.033718
0.630000,0.030000,0.050675,0.050535
0.630000,0.040000,0.067488,0.067302
0.630000,0.050000,0.084235,0.084003
0.630000,0.060000,0.100899,0.100621
0.630000,0.070000,0.117464,0.117140
0.630000,0.080000,0.133912,0.133543
0.630000,0.090000,0.150229,0.149814
0.630000,0.100000,0.166397,0.165937
0.630000,0.110000,0.182400,0.181897
0.630000,0.120000,0.198224,0.197677
0.630000,0.130000,0.213852,0.213262
0.630000,0.140000,0.229270,0.228637
0.630000,0.150000,0.244461,0.243786
0.630000,0.160000,0.259410,0.258694
0.630000,0.170000,0.274104,0.273348
0.630000,0.180000,0.288527,0.287731
0.630000,0.190000,0.302665,0.301830
0.630000,0.200000,0.316505,0.315632
0.630000,0.210000,0.330032,0.329122
0.630000,0.220000,0.343234,0.342287
0.630000,0.230000,0.356097,0.355115
0.630000,0.240000,0.368609,0.367592
0.630000,0.250000,0.380756,0.379706
0.630000,0.260000,0.392528,0.391445
0.630000,0.270000,0.403913,0.402798
0.630000,0.280000,0.414899,0.413754
0.630000,0.290000,0.425475,0.424301
0.630000,0.300000,0.435632,0.434430
0.630000,0.310000,0.445359,0.444130
0.630000,0.320000,0.454646,0.453391
0.630000,0.330000,0.463484,0.462206
0.630000,0.340000,0.471865,0.470564
0.630000,0.350000,0.479781,0.478457
0.630000,0.360000,0.487223,0.485879
0.630000,0.370000,0.494184,0.492820
0.630000,0.380000,0.500657,0.499276
0.630000,0.390000,0.506637,0.505239
0.630000,0.400000,0.512116,0.510703
0.630000,0.410000,0.517090,0.515663
0.630000,0.420000,0.521554,0.520115
0.630000,0.430000,0.525503,0.524053
0.630000,0.440000,0.528933,0.527474
0.630000,0.450000,0.531841,0.530374
0.630000,0.460000,0.534225,0.532751
0.630000,0.470000,0.536081,0.534602
0.630000,0.480000,0.537408,0.535925
0.630000,0.490000,0.538205,0.536720
0.630000,0.500000,0.538471,0.536985
0.630000,0.510000,0.538205,0.536720
0.630000,0.520000,0.537408,0.535925
0.630000,0.530000,0.536081,0.534602
0.630000,0.540000,0.534225,0.532751
0.630000,0.550000,0.531841,0.530374
0.630000,0.560000,0.528933,0.527474
0.630000,0.570000,0.525502,0.524053
0.630000,0.580000,0.521554,0.520115
0.630000,0.590000,0.517090,0.515663
0.630000,0.600000,0.512116,0.510703
0.630000,0.610000,0.506637,0.505239
0.630000,0.620000,0.500657,0.499276
0.630000,0.630000,0.494184,0.492820
0.630000,0.640000,0.487223,0.485878
0.630000,0.650000,0.479781,0.478457
0.630000,0.660000,0.471865,0.470563
0.630000,0.670000,0.463484,0.462205
0.630000,0.680000,0.454646,0.453391
0.630000,0.690000,0.445358,0.444130
0.630000,0.700000,0.435632,0.434430
0.630000,0.710000,0.425475,0.424301
0.630000,0.720000,0.414899,0.413754
0.630000,0.730000,0.403913,0.402798
0.630000,0.740000,0.392528,0.391445
0.630000,0.750000,0.380756,0.379706
0.630000,0.760000,0.368608,0.367592
0.630000,0.770000,0.356097,0.355115
0.630000,0.780000,0.343234,0.342287
0.630000,0.790000,0.330032,0.329122
0.630000,0.800000,0.316505,0.315632
0.630000,0.810000,0.302665,0.301830
0.630000,0.820000,0.288527,0.287731
0.630000,0.830000,0.274104,0.273348
0.630000,0.840000,0.259410,0.258695
0.630000,0.850000,0.244460,0.243786
0.630000,0.860000,0.229270,0.228637
0.630000,0.870000,0.213852,0.213262
0.630000,0.880000,0.198224,0.197677
0.630000,0.890000,0.182400,0.181897
0.630000,0.900000,0.166397,0.165937
0.630000,0.910000,0.150228,0.149814
0.630000,0.920000,0.133912,0.133543
0.630000,0.930000,0.117464,0.117140
0.630000,0.940000,0.100899,0.100621
0.630000,0.950000,0.084235,0.084003
0.630000,0.960000,0.067488,0.067302
0.630000,0.970000,0.050674,0.050535
0.630000,0.980000,0.033811,0.033718
0.630000,0.990000,0.016914,0.016867
0.630000,1.000000,-0.000000,-0.000000
0.640000,0.000000,0.000000,0.000000
0.640000,0.010000,0.016748,0.016701
0.640000,0.020000,0.033480,0.033386
0.640000,0.030000,0.050179,0.050038
0.640000,0.040000,0.066828,0.066641
0.640000,0.050000,0.083412,0.083178
0.640000,0.060000,0.099913,0.099633
0.640000,0.070000,0.116315,0.115989
0.640000,0.080000,0.132603,0.132231
0.640000,0.090000,0.148760,0.148343
0.640000,0.100000,0.164770,0.164308
0.640000,0.110000,0.180617,0.180111
0.640000,0.120000,0.196286,0.195736
0.640000,0.130000,0.211761,0.211168
0.640000,0.140000,0.227028,0.226392
0.640000,0.150000,0.242070,0.241392
0.640000,0.160000,0.256874,0.256154
0.640000,0.170000,0.271424,0.270663
0.640000,0.180000,0.285706,0.284905
0.640000,0.190000,0.299706,0.298866
0.640000,0.200000,0.313410,0.312532
0.640000,0.210000,0.326805,0.325890
0.640000,0.220000,0.339878,0.338926
0.640000,0.230000,0.352615,0.351627
0.640000,0.240000,0.365004,0.363981
0.640000,0.250000,0.377033,0.375977
0.640000,0.260000,0.388690,0.387601
0.640000,0.270000,0.399963,0.398842
0.640000,0.280000,0.410842,0.409691
0.640000,0.290000,0.421315,0.420134
0.640000,0.300000,0.431372,0.430163
0.640000,0.310000,0.441004,0.439768
0.640000,0.320000,0.450200,0.448939
0.640000,0.330000,0.458952,0.457666
0.640000,0.340000,0.467251,0.465942
0.640000,0.350000,0.475089,0.473758
0.640000,0.360000,0.482459,0.481107
0.640000,0.370000,0.489352,0.487980
0.640000,0.380000,0.495762,0.494373
0.640000,0.390000,0.501683,0.500277
0.640000,0.400000,0.507108,0.505687
0.640000,0.410000,0.512034,0.510599
0.640000,0.420000,0.516454,0.515007
0.640000,0.430000,0.520364,0.518906
0.640000,0.440000,0.523761,0.522293
0.640000,0.450000,0.526641,0.525165
0.640000,0.460000,0.529001,0.527519
0.640000,0.470000,0.530839,0.529351
0.640000,0.480000,0.532153,0.530662
0.640000,0.490000,0.532942,0.531449
0.640000,0.500000,0.533205,0.531711
0.640000,0.510000,0.532942,0.531449
0.640000,0.520000,0.532153,0.530662
0.640000,0.530000,0.530839,0.529351
0.640000,0.540000,0.529001,0.527519
0.640000,0.550000,0.526641,0.525165
0.640000,0.560000,0.523761,0.522293
0.640000,0.570000,0.520364,0.518906
0.640000,0.580000,0.516454,0.515007
0.640000,0.590000,0.512034,0.510599
0.640000,0.600000,0.507108,0.505687
0.640000,0.610000,0.501683,0.500277
0.640000,0.620000,0.495762,0.494373
0.640000,0.630000,0.489352,0.487980
0.640000,0.640000,0.482459,0.481107
0.640000,0.650000,0.475089,0.473758
0.640000,0.660000,0.467251,0.465942
0.640000,0.670000,0.458952,0.457666
0.640000,0.680000,0.450200,0.448939
0.640000,0.690000,0.441004,0.439768
0.640000,0.700000,0.431372,0.430163
0.640000,0.710000,0.421315,0.420134
0.640000,0.720000,0.410842,0.409690
0.640000,0.730000,0.399963,0.398842
0.640000,0.740000,0.388690,0.387601
0.640000,0.750000,0.377033,0.375977
0.640000,0.760000,0.365004,0.363981
0.640000,0.770000,0.352615,0.351627
0.640000,0.780000,0.339878,0.338925
0.640000,0.790000,0.326805,0.325890
0.640000,0.800000,0.313410,0.312532
0.640000,0.810000,0.299706,0.298866
0.640000,0.820000,0.285706,0.284905
0.640000,0.830000,0.271424,0.270663
0.640000,0.840000,0.256874,0.256154
0.640000,0.850000,0.242070,0.241392
0.640000,0.860000,0.227028,0.226392
0.640000,0.870000,0.211761,0.211168
0.640000,0.880000,0.196286,0.195736
0.640000,0.890000,0.180617,0.180111
0.640000,0.900000,0.164770,0.164308
0.640000,0.910000,0.148759,0.148343
0.640000,0.920000,0.132603,0.132231
0.640000,0.930000,0.116315,0.115989
0.640000,0.940000,0.099913,0.099633
0.640000,0.950000,0.083412,0.083178
0.640000,0.960000,0.066828,0.066641
0.640000,0.970000,0.050179,0.050038
0.640000,0.980000,0.033480,0.033386
0.640000,0.990000,0.016748,0.016701
0.640000,1.000000,-0.000000,-0.000000
0.650000,0.000000,0.000000,0.000000
0.650000,0.010000,0.016585,0.016537
0.650000,0.020000,0.033153,0.033059
0.650000,0.030000,0.049688,0.049547
0.650000,0.040000,0.066175,0.065987
0.650000,0.050000,0.082596,0.082361
0.650000,0.060000,0.098935,0.098654
0.650000,0.070000,0.115177,0.114850
0.650000,0.080000,0.131306,0.130933
0.650000,0.090000,0.147304,0.146886
0.650000,0.100000,0.163158,0.162694
0.650000,0.110000,0.178850,0.178342
0.650000,0.120000,0.194366,0.193814
0.650000,0.130000,0.209690,0.209094
0.650000,0.140000,0.224807,0.224168
0.650000,0.150000,0.239702,0.239021
0.650000,0.160000,0.254361,0.253638
0.650000,0.170000,0.268768,0.268005
0.650000,0.180000,0.282911,0.282107
0.650000,0.190000,0.296774,0.295931
0.650000,0.200000,0.310344,0.309463
0.650000,0.210000,0.323608,0.322689
0.650000,0.220000,0.336553,0.335597
0.650000,0.230000,0.349166,0.348174
0.650000,0.240000,0.361434,0.360407
0.650000,0.250000,0.373345,0.372284
0.650000,0.260000,0.384888,0.383794
0.650000,0.270000,0.396051,0.394925
0.650000,0.280000,0.406823,0.405667
0.650000,0.290000,0.417193,0.416008
0.650000,0.300000,0.427152,0.425939
0.650000,0.310000,0.436690,0.435449
0.650000,0.320000,0.445796,0.444530
0.650000,0.330000,0.454463,0.453171
0.650000,0.340000,0.462681,0.461366
0.650000,0.350000,0.470442,0.469105
0.650000,0.360000,0.477739,0.476382
0.650000,0.370000,0.484565,0.483188
0.650000,0.380000,0.490912,0.489517
0.650000,0.390000,0.496775,0.495364
0.650000,0.400000,0.502148,0.500721
0.650000,0.410000,0.507025,0.505584
0.650000,0.420000,0.511402,0.509949
0.650000,0.430000,0.515274,0.513810
0.650000,0.440000,0.518637,0.517164
0.650000,0.450000,0.521489,0.520007
0.650000,0.460000,0.523826,0.522338
0.650000,0.470000,0.525646,0.524153
0.650000,0.480000,0.526947,0.525450
0.650000,0.490000,0.527729,0.526229
0.650000,0.500000,0.527989,0.526489
0.650000,0.510000,0.527729,0.526229
0.650000,0.520000,0.526947,0.525450
0.650000,0.530000,0.525646,0.524153
0.650000,0.540000,0.523826,0.522338
0.650000,0.550000,0.521489,0.520007
0.650000,0.560000,0.518637,0.517164
0.650000,0.570000,0.515274,0.513810
0.650000,0.580000,0.511402,0.509949
0.650000,0.590000,0.507025,0.505584
0.650000,0.600000,0.502148,0.500721
0.650000,0.610000,0.496775,0.495364
0.650000,0.620000,0.490912,0.489517
0.650000,0.630000,0.484565,0.483188
0.650000,0.640000,0.477739,0.476382
0.650000,0.650000,0.470442,0.469105
0.650000,0.660000,0.462681,0.461366
0.650000,0.670000,0.454463,0.453171
0.650000,0.680000,0.445796,0.444530
0.650000,0.690000,0.436690,0.435449
0.650000,0.700000,0.427152,0.425939
0.650000,0.710000,0.417193,0.416008
0.650000,0.720000,0.406823,0.405667
0.650000,0.730000,0.396051,0.394925
0.650000,0.740000,0.384888,0.383794
0.650000,0.750000,0.373345,0.372284
0.650000,0.760000,0.361434,0.360407
0.650000,0.770000,0.349166,0.348174
0.650000,0.780000,0.336553,0.335597
0.650000,0.790000,0.323608,0.322689
0.650000,0.800000,0.310344,0.309463
0.650000,0.810000,0.296774,0.295931
0.650000,0.820000,0.282911,0.282107
0.650000,0.830000,0.268768,0.268005
0.650000,0.840000,0.254361,0.253638
0.650000,0.850000,0.239702,0.239021
0.650000,0.860000,0.224807,0.224168
0.650000,0.870000,0.209690,0.209094
0.650000,0.880000,0.194366,0.193814
0.650000,0.890000,0.178850,0.178342
0.650000,0.900000,0.163158,0.162694
0.650000,0.910000,0.147304,0.146886
0.650000,0.920000,0.131306,0.130932
0.650000,0.930000,0.115177,0.114850
0.650000,0.940000,0.098935,0.098654
0.650000,0.950000,0.082596,0.082361
0.650000,0.960000,0.066175,0.065987
0.650000,0.970000,0.049688,0.049547
0.650000,0.980000,0.033153,0.033059
0.650000,0.990000,0.016585,0.016537
0.650000,1.000000,-0.000000,-0.000000
0.660000,0.000000,0.000000,0.000000
0.660000,0.010000,0.016422,0.016375
0.660000,0.020000,0.032828,0.032734
0.660000,0.030000,0.049202,0.049060
0.660000,0.040000,0.065527,0.065339
0.660000,0.050000,0.081787,0.081552
0.660000,0.060000,0.097967,0.097685
0.660000,0.070000,0.114050,0.113722
0.660000,0.080000,0.130021,0.129647
0.660000,0.090000,0.145863,0.145443
0.660000,0.100000,0.161561,0.161096
0.660000,0.110000,0.177100,0.176590
0.660000,0.120000,0.192464,0.191910
0.660000,0.130000,0.207638,0.207041
0.660000,0.140000,0.222607,0.221967
0.660000,0.150000,0.237356,0.236674
0.660000,0.160000,0.251872,0.251147
0.660000,0.170000,0.266138,0.265373
0.660000,0.180000,0.280142,0.279336
0.660000,0.190000,0.293870,0.293024
0.660000,0.200000,0.307307,0.306423
0.660000,0.210000,0.320442,0.319520
0.660000,0.220000,0.333260,0.332301
0.660000,0.230000,0.345749,0.344754
0.660000,0.240000,0.357897,0.356867
0.660000,0.250000,0.369691,0.368628
0.660000,0.260000,0.381121,0.380025
0.660000,0.270000,0.392175,0.391047
0.660000,0.280000,0.402842,0.401683
0.660000,0.290000,0.413111,0.411922
0.660000,0.300000,0.422972,0.421756
0.660000,0.310000,0.432416,0.431172
0.660000,0.320000,0.441434,0.440164
0.660000,0.330000,0.450015,0.448721
0.660000,0.340000,0.458153,0.456835
0.660000,0.350000,0.465838,0.464498
0.660000,0.360000,0.473064,0.471703
0.660000,0.370000,0.479823,0.478443
0.660000,0.380000,0.486108,0.484710
0.660000,0.390000,0.491914,0.490499
0.660000,0.400000,0.497234,0.495803
0.660000,0.410000,0.502063,0.500619
0.660000,0.420000,0.506397,0.504940
0.660000,0.430000,0.510231,0.508764
0.660000,0.440000,0.513562,0.512085
0.660000,0.450000,0.516386,0.514900
0.660000,0.460000,0.518700,0.517208
0.660000,0.470000,0.520502,0.519005
0.660000,0.480000,0.521791,0.520290
0.660000,0.490000,0.522565,0.521061
0.660000,0.500000,0.522822,0.521319
0.660000,0.510000,0.522564,0.521061
0.660000,0.520000,0.521791,0.520290
0.660000,0.530000,0.520502,0.519005
0.660000,0.540000,0.518700,0.517208
0.660000,0.550000,0.516386,0.514900
0.660000,0.560000,0.513562,0.512085
0.660000,0.570000,0.510231,0.508763
0.660000,0.580000,0.506397,0.504940
0.660000,0.590000,0.502063,0.500619
0.660000,0.600000,0.497234,0.495803
0.660000,0.610000,0.491914,0.490499
0.660000,0.620000,0.486108,0.484710
0.660000,0.630000,0.479823,0.478442
0.660000,0.640000,0.473064,0.471703
0.660000,0.650000,0.465838,0.464498
0.660000,0.660000,0.458153,0.456835
0.660000,0.670000,0.450015,0.448721
0.660000,0.680000,0.441434,0.440164
0.660000,0.690000,0.432416,0.431172
0.660000,0.700000,0.422972,0.421756
0.660000,0.710000,0.413111,0.411922
0.660000,0.720000,0.402842,0.401683
0.660000,0.730000,0.392175,0.391047
0.660000,0.740000,0.381121,0.380025
0.660000,0.750000,0.369691,0.368628
0.660000,0.760000,0.357897,0.356867
0.660000,0.770000,0.345749,0.344754
0.660000,0.780000,0.333260,0.332301
0.660000,0.790000,0.320442,0.319520
0.660000,0.800000,0.307307,0.306423
0.660000,0.810000,0.293870,0.293024
0.660000,0.820000,0.280142,0.279336
0.660000,0.830000,0.266138,0.265373
0.660000,0.840000,0.251872,0.251147
0.660000,0.850000,0.237356,0.236674
0.660000,0.860000,0.222607,0.221967
0.660000,0.870000,0.207638,0.207040
0.660000,0.880000,0.192464,0.191910
0.660000,0.890000,0.177100,0.176590
0.660000,0.900000,0.161561,0.161096
0.660000,0.910000,0.145863,0.145443
0.660000,0.920000,0.130021,0.129647
0.660000,0.930000,0.114050,0.113722
0.660000,0.940000,0.097967,0.097685
0.660000,0.950000,0.081787,0.081552
0.660000,0.960000,0.065527,0.065339
0.660000,0.970000,0.049202,0.049060
0.660000,0.980000,0.032828,0.032734
0.660000,0.990000,0.016422,0.016375
0.660000,1.000000,-0.000000,-0.000000
0.670000,0.000000,0.000000,0.000000
0.670000,0.010000,0.016261,0.016214
0.670000,0.020000,0.032507,0.032412
0.670000,0.030000,0.048720,0.048579
0.670000,0.040000,0.064886,0.064697
0.670000,0.050000,0.080987,0.080751
0.670000,0.060000,0.097008,0.096726
0.670000,0.070000,0.112934,0.112605
0.670000,0.080000,0.128748,0.128373
0.670000,0.090000,0.144435,0.144015
0.670000,0.100000,0.159979,0.159514
0.670000,0.110000,0.175366,0.174856
0.670000,0.120000,0.190580,0.190025
0.670000,0.130000,0.205605,0.205007
0.670000,0.140000,0.220428,0.219787
0.670000,0.150000,0.235033,0.234349
0.670000,0.160000,0.249406,0.248681
0.670000,0.170000,0.263533,0.262766
0.670000,0.180000,0.277400,0.276593
0.670000,0.190000,0.290993,0.290147
0.670000,0.200000,0.304299,0.303414
0.670000,0.210000,0.317304,0.316382
0.670000,0.220000,0.329997,0.329037
0.670000,0.230000,0.342364,0.341368
0.670000,0.240000,0.354393,0.353362
0.670000,0.250000,0.366072,0.365008
0.670000,0.260000,0.377390,0.376293
0.670000,0.270000,0.388335,0.387206
0.670000,0.280000,0.398898,0.397738
0.670000,0.290000,0.409066,0.407877
0.670000,0.300000,0.418831,0.417614
0.670000,0.310000,0.428183,0.426938
0.670000,0.320000,0.437112,0.435841
0.670000,0.330000,0.445610,0.444314
0.670000,0.340000,0.453667,0.452348
0.670000,0.350000,0.461278,0.459936
0.670000,0.360000,0.468433,0.467071
0.670000,0.370000,0.475125,0.473744
0.670000,0.380000,0.481349,0.479949
0.670000,0.390000,0.487098,0.485681
0.670000,0.400000,0.492366,0.490934
0.670000,0.410000,0.497148,0.495702
0.670000,0.420000,0.501439,0.499981
0.670000,0.430000,0.505236,0.503767
0.670000,0.440000,0.508534,0.507055
0.670000,0.450000,0.511330,0.509843
0.670000,0.460000,0.513622,0.512128
0.670000,0.470000,0.515406,0.513908
0.670000,0.480000,0.516682,0.515180
0.670000,0.490000,0.517448,0.515944
0.670000,0.500000,0.517704,0.516199
0.670000,0.510000,0.517448,0.515944
0.670000,0.520000,0.516682,0.515180
0.670000,0.530000,0.515406,0.513908
0.670000,0.540000,0.513622,0.512128
0.670000,0.550000,0.511330,0.509843
0.670000,0.560000,0.508534,0.507055
0.670000,0.570000,0.505236,0.503767
0.670000,0.580000,0.501439,0.499981
0.670000,0.590000,0.497148,0.495702
0.670000,0.600000,0.492366,0.490934
0.670000,0.610000,0.487098,0.485681
0.670000,0.620000,0.481349,0.479949
0.670000,0.630000,0.475125,0.473744
0.670000,0.640000,0.468433,0.467070
0.670000,0.650000,0.461278,0.459936
0.670000,0.660000,0.453667,0.452348
0.670000,0.670000,0.445610,0.444314
0.670000,0.680000,0.437112,0.435841
0.670000,0.690000,0.428183,0.426938
0.670000,0.700000,0.418831,0.417613
0.670000,0.710000,0.409066,0.407877
0.670000,0.720000,0.398898,0.397738
0.670000,0.730000,0.388335,0.387206
0.670000,0.740000,0.377390,0.376293
0.670000,0.750000,0.366072,0.365008
0.670000,0.760000,0.354393,0.353362
0.670000,0.770000,0.342364,0.341368
0.670000,0.780000,0.329997,0.329037
0.670000,0.790000,0.317304,0.316382
0.670000,0.800000,0.304299,0.303414
0.670000,0.810000,0.290993,0.290147
0.670000,0.820000,0.277400,0.276593
0.670000,0.830000,0.263533,0.262766
0.670000,0.840000,0.249406,0.248681
0.670000,0.850000,0.235033,0.234349
0.670000,0.860000,0.220428,0.219787
0.670000,0.870000,0.205605,0.205007
0.670000,0.880000,0.190579,0.190025
0.670000,0.890000,0.175366,0.174856
0.670000,0.900000,0.159979,0.159514
0.670000,0.910000,0.144435,0.144015
0.670000,0.920000,0.128748,0.128373
0.670000,0.930000,0.112934,0.112605
0.670000,0.940000,0.097008,0.096726
0.670000,0.950000,0.080987,0.080751
0.670000,0.960000,0.064885,0.064697
0.670000,0.970000,0.048720,0.048578
0.670000,0.980000,0.032507,0.032412
0.670000,0.990000,0.016261,0.016214
0.670000,1.000000,-0.000000,-0.000000
0.680000,0.000000,0.000000,0.000000
0.680000,0.010000,0.016102,0.016055
0.680000,0.020000,0.032189,0.032094
0.680000,0.030000,0.048243,0.048101
0.680000,0.040000,0.064250,0.064061
0.680000,0.050000,0.080194,0.079958
0.680000,0.060000,0.096058,0.095776
0.680000,0.070000,0.111828,0.111499
0.680000,0.080000,0.127487,0.127113
0.680000,0.090000,0.143020,0.142600
0.680000,0.100000,0.158413,0.157948
0.680000,0.110000,0.173648,0.173139
0.680000,0.120000,0.188713,0.188159
0.680000,0.130000,0.203591,0.202994
0.680000,0.140000,0.218269,0.217628
0.680000,0.150000,0.232731,0.232048
0.680000,0.160000,0.246963,0.246238
0.680000,0.170000,0.260952,0.260186
0.680000,0.180000,0.274683,0.273877
0.680000,0.190000,0.288143,0.287297
0.680000,0.200000,0.301318,0.300434
0.680000,0.210000,0.314197,0.313275
0.680000,0.220000,0.326765,0.325806
0.680000,0.230000,0.339011,0.338016
0.680000,0.240000,0.350922,0.349892
0.680000,0.250000,0.362487,0.361423
0.680000,0.260000,0.373694,0.372597
0.680000,0.270000,0.384532,0.383404
0.680000,0.280000,0.394991,0.393832
0.680000,0.290000,0.405060,0.403871
0.680000,0.300000,0.414729,0.413512
0.680000,0.310000,0.423989,0.422745
0.680000,0.320000,0.432831,0.431561
0.680000,0.330000,0.441245,0.439950
0.680000,0.340000,0.449224,0.447906
0.680000,0.350000,0.456760,0.455419
0.680000,0.360000,0.463845,0.462483
0.680000,0.370000,0.470472,0.469091
0.680000,0.380000,0.476635,0.475236
0.680000,0.390000,0.482327,0.480912
0.680000,0.400000,0.487543,0.486113
0.680000,0.410000,0.492279,0.490834
0.680000,0.420000,0.496528,0.495071
0.680000,0.430000,0.500288,0.498819
0.680000,0.440000,0.503553,0.502076
0.680000,0.450000,0.506322,0.504836
0.680000,0.460000,0.508591,0.507099
0.680000,0.470000,0.510359,0.508861
0.680000,0.480000,0.511622,0.510121
0.680000,0.490000,0.512381,0.510877
0.680000,0.500000,0.512634,0.511129
0.680000,0.510000,0.512381,0.510877
0.680000,0.520000,0.511622,0.510121
0.680000,0.530000,0.510358,0.508861
0.680000,0.540000,0.508591,0.507099
0.680000,0.550000,0.506322,0.504836
0.680000,0.560000,0.503553,0.502076
0.680000,0.570000,0.500288,0.498819
0.680000,0.580000,0.496528,0.495071
0.680000,0.590000,0.492279,0.490834
0.680000,0.600000,0.487544,0.486113
0.680000,0.610000,0.482327,0.480912
0.680000,0.620000,0.476635,0.475236
0.680000,0.630000,0.470472,0.469091
0.680000,0.640000,0.463845,0.462483
0.680000,0.650000,0.456760,0.455419
0.680000,0.660000,0.449224,0.447906
0.680000,0.670000,0.441245,0.439950
0.680000,0.680000,0.432831,0.431561
0.680000,0.690000,0.423989,0.422745
0.680000,0.700000,0.414729,0.413512
0.680000,0.710000,0.405060,0.403871
0.680000,0.720000,0.394991,0.393832
0.680000,0.730000,0.384532,0.383404
0.680000,0.740000,0.373694,0.372597
0.680000,0.750000,0.362487,0.361423
0.680000,0.760000,0.350922,0.349892
0.680000,0.770000,0.339011,0.338016
0.680000,0.780000,0.326765,0.325806
0.680000,0.790000,0.314197,0.313275
0.680000,0.800000,0.301318,0.300434
0.680000,0.810000,0.288143,0.287297
0.680000,0.820000,0.274683,0.273877
0.680000,0.830000,0.260952,0.260186
0.680000,0.840000,0.246963,0.246238
0.680000,0.850000,0.232731,0.232048
0.680000,0.860000,0.218269,0.217628
0.680000,0.870000,0.203591,0.202994
0.680000,0.880000,0.188713,0.188159
0.680000,0.890000,0.173648,0.173139
0.680000,0.900000,0.158413,0.157948
0.680000,0.910000,0.143020,0.142600
0.680000,0.920000,0.127487,0.127113
0.680000,0.930000,0.111828,0.111499
0.680000,0.940000,0.096058,0.095776
0.680000,0.950000,0.080194,0.079958
0.680000,0.960000,0.064250,0.064061
0.680000,0.970000,0.048243,0.048101
0.680000,0.980000,0.032189,0.032094
0.680000,0.990000,0.016102,0.016055
0.680000,1.000000,-0.000000,-0.000000
0.690000,0.000000,0.000000,0.000000
0.690000,0.010000,0.015944,0.015897
0.690000,0.020000,0.031873,0.031779
0.690000,0.030000,0.047770,0.047629
0.690000,0.040000,0.063621,0.063432
0.690000,0.050000,0.079408,0.079173
0.690000,0.060000,0.095117,0.094835
0.690000,0.070000,0.110732,0.110404
0.690000,0.080000,0.126238,0.125864
0.690000,0.090000,0.141619,0.141200
0.690000,0.100000,0.156860,0.156396
0.690000,0.110000,0.171947,0.171438
0.690000,0.120000,0.186864,0.186311
0.690000,0.130000,0.201597,0.201000
0.690000,0.140000,0.216130,0.215491
0.690000,0.150000,0.230451,0.229769
0.690000,0.160000,0.244543,0.243820
0.690000,0.170000,0.258395,0.257631
0.690000,0.180000,0.271991,0.271187
0.690000,0.190000,0.285320,0.284476
0.690000,0.200000,0.298366,0.297484
0.690000,0.210000,0.311118,0.310198
0.690000,0.220000,0.323563,0.322606
0.690000,0.230000,0.335689,0.334696
0.690000,0.240000,0.347484,0.346456
0.690000,0.250000,0.358935,0.357873
0.690000,0.260000,0.370032,0.368938
0.690000,0.270000,0.380764,0.379638
0.690000,0.280000,0.391121,0.389964
0.690000,0.290000,0.401091,0.399905
0.690000,0.300000,0.410666,0.409451
0.690000,0.310000,0.419835,0.418593
0.690000,0.320000,0.428590,0.427322
0.690000,0.330000,0.436922,0.435629
0.690000,0.340000,0.444823,0.443507
0.690000,0.350000,0.452285,0.450947
0.690000,0.360000,0.459300,0.457941
0.690000,0.370000,0.465862,0.464484
0.690000,0.380000,0.471965,0.470568
0.690000,0.390000,0.477601,0.476188
0.690000,0.400000,0.482767,0.481339
0.690000,0.410000,0.487455,0.486014
0.690000,0.420000,0.491663,0.490209
0.690000,0.430000,0.495386,0.493921
0.690000,0.440000,0.498620,0.497145
0.690000,0.450000,0.501361,0.499878
0.690000,0.460000,0.503608,0.502118
0.690000,0.470000,0.505358,0.503863
0.690000,0.480000,0.506609,0.505111
0.690000,0.490000,0.507360,0.505859
0.690000,0.500000,0.507611,0.506109
0.690000,0.510000,0.507360,0.505859
0.690000,0.520000,0.506609,0.505111
0.690000,0.530000,0.505358,0.503863
0.690000,0.540000,0.503608,0.502118
0.690000,0.550000,0.501361,0.499878
0.690000,0.560000,0.498620,0.497145
0.690000,0.570000,0.495386,0.493920
0.690000,0.580000,0.491663,0.490209
0.690000,0.590000,0.487455,0.486014
0.690000,0.600000,0.482767,0.481338
0.690000,0.610000,0.477601,0.476188
0.690000,0.620000,0.471965,0.470568
0.690000,0.630000,0.465862,0.464484
0.690000,0.640000,0.459300,0.457941
0.690000,0.650000,0.452285,0.450947
0.690000,0.660000,0.444823,0.443507
0.690000,0.670000,0.436922,0.435629
0.690000,0.680000,0.428590,0.427322
0.690000,0.690000,0.419835,0.418593
0.690000,0.700000,0.410666,0.409451
0.690000,0.710000,0.401091,0.399905
0.690000,0.720000,0.391121,0.389964
0.690000,0.730000,0.380764,0.379638
0.690000,0.740000,0.370032,0.368938
0.690000,0.750000,0.358935,0.357873
0.690000,0.760000,0.347483,0.346456
0.690000,0.770000,0.335689,0.334696
0.690000,0.780000,0.323563,0.322606
0.690000,0.790000,0.311118,0.310198
0.690000,0.800000,0.298366,0.297484
0.690000,0.810000,0.285320,0.284476
0.690000,0.820000,0.271991,0.271187
0.690000,0.830000,0.258395,0.257630
0.690000,0.840000,0.244543,0.243820
0.690000,0.850000,0.230450,0.229769
0.690000,0.860000,0.216130,0.215491
0.690000,0.870000,0.201596,0.201000
0.690000,0.880000,0.186864,0.186311
0.690000,0.890000,0.171947,0.171438
0.690000,0.900000,0.156860,0.156396
0.690000,0.910000,0.141619,0.141200
0.690000,0.920000,0.126238,0.125864
0.690000,0.930000,0.110732,0.110404
0.690000,0.940000,0.095117,0.094835
0.690000,0.950000,0.079408,0.079173
0.690000,0.960000,0.063620,0.063432
0.690000,0.970000,0.047770,0.047629
0.690000,0.980000,0.031873,0.031779
0.690000,0.990000,0.015944,0.015897
0.690000,1.000000,-0.000000,-0.000000
0.700000,0.000000,0.000000,0.000000
0.700000,0.010000,0.015788,0.015741
0.700000,0.020000,0.031561,0.031467
0.700000,0.030000,0.047302,0.047161
0.700000,0.040000,0.062997,0.062809
0.700000,0.050000,0.078629,0.078395
0.700000,0.060000,0.094184,0.093904
0.700000,0.070000,0.109646,0.109320
0.700000,0.080000,0.125000,0.124628
0.700000,0.090000,0.140231,0.139813
0.700000,0.100000,0.155323,0.154860
0.700000,0.110000,0.170262,0.169755
0.700000,0.120000,0.185032,0.184481
0.700000,0.130000,0.199621,0.199026
0.700000,0.140000,0.214012,0.213374
0.700000,0.150000,0.228192,0.227512
0.700000,0.160000,0.242146,0.241425
0.700000,0.170000,0.255862,0.255100
0.700000,0.180000,0.269325,0.268524
0.700000,0.190000,0.282523,0.281682
0.700000,0.200000,0.295442,0.294562
0.700000,0.210000,0.308069,0.307151
0.700000,0.220000,0.320392,0.319438
0.700000,0.230000,0.332399,0.331409
0.700000,0.240000,0.344077,0.343053
0.700000,0.250000,0.355417,0.354359
0.700000,0.260000,0.366405,0.365314
0.700000,0.270000,0.377032,0.375910
0.700000,0.280000,0.387287,0.386134
0.700000,0.290000,0.397160,0.395977
0.700000,0.300000,0.406641,0.405430
0.700000,0.310000,0.415720,0.414482
0.700000,0.320000,0.424389,0.423125
0.700000,0.330000,0.432639,0.431351
0.700000,0.340000,0.440463,0.439151
0.700000,0.350000,0.447851,0.446518
0.700000,0.360000,0.454798,0.453444
0.700000,0.370000,0.461296,0.459922
0.700000,0.380000,0.467338,0.465947
0.700000,0.390000,0.472920,0.471512
0.700000,0.400000,0.478035,0.476611
0.700000,0.410000,0.482677,0.481240
0.700000,0.420000,0.486844,0.485395
0.700000,0.430000,0.490530,0.489070
0.700000,0.440000,0.493732,0.492262
0.700000,0.450000,0.496447,0.494969
0.700000,0.460000,0.498672,0.497187
0.700000,0.470000,0.500405,0.498915
0.700000,0.480000,0.501643,0.500150
0.700000,0.490000,0.502387,0.500891
0.700000,0.500000,0.502635,0.501139
0.700000,0.510000,0.502387,0.500891
0.700000,0.520000,0.501643,0.500150
0.700000,0.530000,0.500405,0.498915
0.700000,0.540000,0.498672,0.497187
0.700000,0.550000,0.496447,0.494969
0.700000,0.560000,0.493732,0.492262
0.700000,0.570000,0.490530,0.489070
0.700000,0.580000,0.486844,0.485395
0.700000,0.590000,0.482678,0.481240
0.700000,0.600000,0.478034,0.476611
0.700000,0.610000,0.472920,0.471512
0.700000,0.620000,0.467338,0.465947
0.700000,0.630000,0.461296,0.459922
0.700000,0.640000,0.454798,0.453444
0.700000,0.650000,0.447851,0.446518
0.700000,0.660000,0.440463,0.439151
0.700000,0.670000,0.432639,0.431351
0.700000,0.680000,0.424389,0.423125
0.700000,0.690000,0.415720,0.414482
0.700000,0.700000,0.406640,0.405430
0.700000,0.710000,0.397160,0.395977
0.700000,0.720000,0.387287,0.386134
0.700000,0.730000,0.377032,0.375910
0.700000,0.740000,0.366405,0.365314
0.700000,0.750000,0.355417,0.354359
0.700000,0.760000,0.344077,0.343053
0.700000,0.770000,0.332399,0.331409
0.700000,0.780000,0.320392,0.319438
0.700000,0.790000,0.308069,0.307151
0.700000,0.800000,0.295442,0.294562
0.700000,0.810000,0.282523,0.281682
0.700000,0.820000,0.269325,0.268523
0.700000,0.830000,0.255862,0.255100
0.700000,0.840000,0.242146,0.241425
0.700000,0.850000,0.228192,0.227512
0.700000,0.860000,0.214012,0.213374
0.700000,0.870000,0.199620,0.199026
0.700000,0.880000,0.185032,0.184481
0.700000,0.890000,0.170262,0.169755
0.700000,0.900000,0.155323,0.154860
0.700000,0.910000,0.140231,0.139813
0.700000,0.920000,0.125000,0.124628
0.700000,0.930000,0.109646,0.109320
0.700000,0.940000,0.094184,0.093904
0.700000,0.950000,0.078629,0.078395
0.700000,0.960000,0.062997,0.062809
0.700000,0.970000,0.047302,0.047161
0.700000,0.980000,0.031561,0.031467
0.700000,0.990000,0.015788,0.015741
0.700000,1.000000,-0.000000,-0.000000
0.710000,0.000000,0.000000,0.000000
0.710000,0.010000,0.015633,0.015587
0.710000,0.020000,0.031251,0.031158
0.710000,0.030000,0.046838,0.046698
0.710000,0.040000,0.062379,0.062192
0.710000,0.050000,0.077858,0.077625
0.710000,0.060000,0.093261,0.092982
0.710000,0.070000,0.108571,0.108246
0.710000,0.080000,0.123775,0.123404
0.710000,0.090000,0.138856,0.138440
0.710000,0.100000,0.153800,0.153339
0.710000,0.110000,0.168592,0.168088
0.710000,0.120000,0.183218,0.182670
0.710000,0.130000,0.197663,0.197072
0.710000,0.140000,0.211913,0.211279
0.710000,0.150000,0.225954,0.225278
0.710000,0.160000,0.239772,0.239054
0.710000,0.170000,0.253353,0.252595
0.710000,0.180000,0.266684,0.265886
0.710000,0.190000,0.279753,0.278915
0.710000,0.200000,0.292545,0.291669
0.710000,0.210000,0.305048,0.304135
0.710000,0.220000,0.317250,0.316301
0.710000,0.230000,0.329139,0.328154
0.710000,0.240000,0.340704,0.339684
0.710000,0.250000,0.351932,0.350878
0.710000,0.260000,0.362812,0.361727
0.710000,0.270000,0.373335,0.372218
0.710000,0.280000,0.383489,0.382342
0.710000,0.290000,0.393265,0.392088
0.710000,0.300000,0.402653,0.401448
0.710000,0.310000,0.411643,0.410411
0.710000,0.320000,0.420228,0.418970
0.710000,0.330000,0.428397,0.427115
0.710000,0.340000,0.436144,0.434838
0.710000,0.350000,0.443460,0.442133
0.710000,0.360000,0.450338,0.448991
0.710000,0.370000,0.456772,0.455405
0.710000,0.380000,0.462756,0.461371
0.710000,0.390000,0.468282,0.466881
0.710000,0.400000,0.473347,0.471930
0.710000,0.410000,0.477944,0.476514
0.710000,0.420000,0.482070,0.480627
0.710000,0.430000,0.485720,0.484267
0.710000,0.440000,0.488891,0.487428
0.710000,0.450000,0.491579,0.490108
0.710000,0.460000,0.493782,0.492304
0.710000,0.470000,0.495498,0.494015
0.710000,0.480000,0.496724,0.495238
0.710000,0.490000,0.497461,0.495972
0.710000,0.500000,0.497706,0.496217
0.710000,0.510000,0.497461,0.495972
0.710000,0.520000,0.496724,0.495238
0.710000,0.530000,0.495498,0.494015
0.710000,0.540000,0.493782,0.492304
0.710000,0.550000,0.491579,0.490108
0.710000,0.560000,0.488891,0.487428
0.710000,0.570000,0.485720,0.484266
0.710000,0.580000,0.482070,0.480627
0.710000,0.590000,0.477944,0.476514
0.710000,0.600000,0.473347,0.471930
0.710000,0.610000,0.468282,0.466881
0.710000,0.620000,0.462756,0.461371
0.710000,0.630000,0.456772,0.455405
0.710000,0.640000,0.450338,0.448991
0.710000,0.650000,0.443460,0.442133
0.710000,0.660000,0.436143,0.434838
0.710000,0.670000,0.428397,0.427115
0.710000,0.680000,0.420228,0.418970
0.710000,0.690000,0.411643,0.410411
0.710000,0.700000,0.402653,0.401448
0.710000,0.710000,0.393265,0.392088
0.710000,0.720000,0.383489,0.382342
0.710000,0.730000,0.373335,0.372218
0.710000,0.740000,0.362812,0.361727
0.710000,0.750000,0.351932,0.350878
0.710000,0.760000,0.340703,0.339684
0.710000,0.770000,0.329139,0.328154
0.710000,0.780000,0.317250,0.316301
0.710000,0.790000,0.305048,0.304135
0.710000,0.800000,0.292545,0.291669
0.710000,0.810000,0.279753,0.278915
0.710000,0.820000,0.266684,0.265886
0.710000,0.830000,0.253353,0.252595
0.710000,0.840000,0.239772,0.239054
0.710000,0.850000,0.225954,0.225278
0.710000,0.860000,0.211913,0.211279
0.710000,0.870000,0.197663,0.197071
0.710000,0.880000,0.183218,0.182670
0.710000,0.890000,0.168592,0.168088
0.710000,0.900000,0.153800,0.153340
0.710000,0.910000,0.138856,0.138440
0.710000,0.920000,0.123774,0.123404
0.710000,0.930000,0.108571,0.108246
0.710000,0.940000,0.093261,0.092982
0.710000,0.950000,0.077858,0.077625
0.710000,0.960000,0.062379,0.062192
0.710000,0.970000,0.046838,0.046698
0.710000,0.980000,0.031251,0.031158
0.710000,0.990000,0.015633,0.015587
0.710000,1.000000,-0.000000,-0.000000
0.720000,0.000000,0.000000,0.000000
0.720000,0.010000,0.015480,0.015433
0.720000,0.020000,0.030945,0.030852
0.720000,0.030000,0.046379,0.046240
0.720000,0.040000,0.061767,0.061582
0.720000,0.050000,0.077095,0.076863
0.720000,0.060000,0.092346,0.092069
0.720000,0.070000,0.107506,0.107183
0.720000,0.080000,0.122560,0.122192
0.720000,0.090000,0.137494,0.137081
0.720000,0.100000,0.152291,0.151834
0.720000,0.110000,0.166938,0.166437
0.720000,0.120000,0.181421,0.180876
0.720000,0.130000,0.195724,0.195136
0.720000,0.140000,0.209834,0.209204
0.720000,0.150000,0.223737,0.223065
0.720000,0.160000,0.237420,0.236707
0.720000,0.170000,0.250868,0.250114
0.720000,0.180000,0.264068,0.263275
0.720000,0.190000,0.277008,0.276176
0.720000,0.200000,0.289675,0.288805
0.720000,0.210000,0.302055,0.301148
0.720000,0.220000,0.314138,0.313194
0.720000,0.230000,0.325910,0.324931
0.720000,0.240000,0.337361,0.336348
0.720000,0.250000,0.348479,0.347432
0.720000,0.260000,0.359253,0.358174
0.720000,0.270000,0.369673,0.368562
0.720000,0.280000,0.379727,0.378587
0.720000,0.290000,0.389407,0.388238
0.720000,0.300000,0.398703,0.397505
0.720000,0.310000,0.407605,0.406381
0.720000,0.320000,0.416105,0.414855
0.720000,0.330000,0.424194,0.422920
0.720000,0.340000,0.431865,0.430568
0.720000,0.350000,0.439109,0.437790
0.720000,0.360000,0.445920,0.444581
0.720000,0.370000,0.452291,0.450933
0.720000,0.380000,0.458216,0.456840
0.720000,0.390000,0.463689,0.462296
0.720000,0.400000,0.468703,0.467296
0.720000,0.410000,0.473256,0.471834
0.720000,0.420000,0.477341,0.475907
0.720000,0.430000,0.480955,0.479510
0.720000,0.440000,0.484095,0.482641
0.720000,0.450000,0.486756,0.485294
0.720000,0.460000,0.488938,0.487469
0.720000,0.470000,0.490637,0.489163
0.720000,0.480000,0.491851,0.490374
0.720000,0.490000,0.492581,0.491101
0.720000,0.500000,0.492824,0.491344
0.720000,0.510000,0.492581,0.491101
0.720000,0.520000,0.491851,0.490374
0.720000,0.530000,0.490637,0.489163
0.720000,0.540000,0.488938,0.487469
0.720000,0.550000,0.486756,0.485294
0.720000,0.560000,0.484095,0.482641
0.720000,0.570000,0.480955,0.479510
0.720000,0.580000,0.477341,0.475907
0.720000,0.590000,0.473256,0.471834
0.720000,0.600000,0.468703,0.467296
0.720000,0.610000,0.463689,0.462296
0.720000,0.620000,0.458216,0.456840
0.720000,0.630000,0.452291,0.450933
0.720000,0.640000,0.445920,0.444581
0.720000,0.650000,0.439109,0.437790
0.720000,0.660000,0.431865,0.430568
0.720000,0.670000,0.424194,0.422920
0.720000,0.680000,0.416105,0.414855
0.720000,0.690000,0.407605,0.406381
0.720000,0.700000,0.398703,0.397505
0.720000,0.710000,0.389407,0.388238
0.720000,0.720000,0.379727,0.378587
0.720000,0.730000,0.369673,0.368562
0.720000,0.740000,0.359253,0.358174
0.720000,0.750000,0.348479,0.347432
0.720000,0.760000,0.337361,0.336348
0.720000,0.770000,0.325910,0.324931
0.720000,0.780000,0.314138,0.313194
0.720000,0.790000,0.302055,0.301148
0.720000,0.800000,0.289675,0.288805
0.720000,0.810000,0.277008,0.276176
0.720000,0.820000,0.264068,0.263275
0.720000,0.830000,0.250868,0.250114
0.720000,0.840000,0.237420,0.236707
0.720000,0.850000,0.223737,0.223065
0.720000,0.860000,0.209834,0.209204
0.720000,0.870000,0.195724,0.195136
0.720000,0.880000,0.181421,0.180876
0.720000,0.890000,0.166938,0.166437
0.720000,0.900000,0.152291,0.151834
0.720000,0.910000,0.137493,0.137080
0.720000,0.920000,0.122560,0.122192
0.720000,0.930000,0.107506,0.107183
0.720000,0.940000,0.092346,0.092069
0.720000,0.950000,0.077095,0.076863
0.720000,0.960000,0.061767,0.061582
0.720000,0.970000,0.046379,0.046239
0.720000,0.980000,0.030945,0.030852
0.720000,0.990000,0.015480,0.015433
0.720000,1.000000,-0.000000,-0.000000
0.730000,0.000000,0.000000,0.000000
0.730000,0.010000,0.015328,0.015282
0.730000,0.020000,0.030641,0.030549
0.730000,0.030000,0.045924,0.045785
0.730000,0.040000,0.061161,0.060977
0.730000,0.050000,0.076338,0.076108
0.730000,0.060000,0.091440,0.091164
0.730000,0.070000,0.106451,0.106131
0.730000,0.080000,0.121358,0.120992
0.730000,0.090000,0.136144,0.135734
0.730000,0.100000,0.150796,0.150342
0.730000,0.110000,0.165300,0.164802
0.730000,0.120000,0.179640,0.179099
0.730000,0.130000,0.193803,0.193220
0.730000,0.140000,0.207775,0.207149
0.730000,0.150000,0.221542,0.220875
0.730000,0.160000,0.235090,0.234382
0.730000,0.170000,0.248406,0.247658
0.730000,0.180000,0.261477,0.260689
0.730000,0.190000,0.274290,0.273464
0.730000,0.200000,0.286832,0.285968
0.730000,0.210000,0.299091,0.298190
0.730000,0.220000,0.311055,0.310118
0.730000,0.230000,0.322712,0.321740
0.730000,0.240000,0.334050,0.333045
0.730000,0.250000,0.345059,0.344020
0.730000,0.260000,0.355727,0.354656
0.730000,0.270000,0.366045,0.364943
0.730000,0.280000,0.376001,0.374869
0.730000,0.290000,0.385586,0.384425
0.730000,0.300000,0.394790,0.393601
0.730000,0.310000,0.403605,0.402390
0.730000,0.320000,0.412021,0.410781
0.730000,0.330000,0.420031,0.418767
0.730000,0.340000,0.427626,0.426339
0.730000,0.350000,0.434800,0.433491
0.730000,0.360000,0.441544,0.440215
0.730000,0.370000,0.447853,0.446504
0.730000,0.380000,0.453719,0.452353
0.730000,0.390000,0.459138,0.457756
0.730000,0.400000,0.464103,0.462706
0.730000,0.410000,0.468611,0.467200
0.730000,0.420000,0.472656,0.471233
0.730000,0.430000,0.476235,0.474801
0.730000,0.440000,0.479344,0.477901
0.730000,0.450000,0.481979,0.480528
0.730000,0.460000,0.484139,0.482682
0.730000,0.470000,0.485821,0.484359
0.730000,0.480000,0.487024,0.485558
0.730000,0.490000,0.487746,0.486278
0.730000,0.500000,0.487987,0.486518
0.730000,0.510000,0.487746,0.486278
0.730000,0.520000,0.487024,0.485558
0.730000,0.530000,0.485822,0.484359
0.730000,0.540000,0.484139,0.482682
0.730000,0.550000,0.481979,0.480528
0.730000,0.560000,0.479344,0.477901
0.730000,0.570000,0.476235,0.474801
0.730000,0.580000,0.472656,0.471233
0.730000,0.590000,0.468611,0.467200
0.730000,0.600000,0.464103,0.462706
0.730000,0.610000,0.459138,0.457756
0.730000,0.620000,0.453719,0.452353
0.730000,0.630000,0.447852,0.446504
0.730000,0.640000,0.441544,0.440215
0.730000,0.650000,0.434800,0.433491
0.730000,0.660000,0.427626,0.426339
0.730000,0.670000,0.420031,0.418767
0.730000,0.680000,0.412021,0.410781
0.730000,0.690000,0.403605,0.402390
0.730000,0.700000,0.394790,0.393601
0.730000,0.710000,0.385586,0.384425
0.730000,0.720000,0.376001,0.374869
0.730000,0.730000,0.366045,0.364943
0.730000,0.740000,0.355727,0.354656
0.730000,0.750000,0.345059,0.344020
0.730000,0.760000,0.334050,0.333045
0.730000,0.770000,0.322712,0.321740
0.730000,0.780000,0.311055,0.310118
0.730000,0.790000,0.299091,0.298190
0.730000,0.800000,0.286832,0.285968
0.730000,0.810000,0.274289,0.273464
0.730000,0.820000,0.261477,0.260689
0.730000,0.830000,0.248406,0.247658
0.730000,0.840000,0.235090,0.234382
0.730000,0.850000,0.221541,0.220875
0.730000,0.860000,0.207775,0.207149
0.730000,0.870000,0.193803,0.193220
0.730000,0.880000,0.179640,0.179099
0.730000,0.890000,0.165300,0.164802
0.730000,0.900000,0.150796,0.150342
0.730000,0.910000,0.136144,0.135734
0.730000,0.920000,0.121357,0.120992
0.730000,0.930000,0.106451,0.106131
0.730000,0.940000,0.091440,0.091164
0.730000,0.950000,0.076338,0.076108
0.730000,0.960000,0.061161,0.060977
0.730000,0.970000,0.045924,0.045785
0.730000,0.980000,0.030641,0.030549
0.730000,0.990000,0.015328,0.015282
0.730000,1.000000,-0.000000,-0.000000
0.740000,0.000000,0.000000,0.000000
0.740000,0.010000,0.015178,0.015132
0.740000,0.020000,0.030340,0.030249
0.740000,0.030000,0.045473,0.045336
0.740000,0.040000,0.060561,0.060378
0.740000,0.050000,0.075589,0.075361
0.740000,0.060000,0.090542,0.090269
0.740000,0.070000,0.105406,0.105088
0.740000,0.080000,0.120166,0.119804
0.740000,0.090000,0.134807,0.134401
0.740000,0.100000,0.149316,0.148866
0.740000,0.110000,0.163677,0.163184
0.740000,0.120000,0.177876,0.177340
0.740000,0.130000,0.191900,0.191322
0.740000,0.140000,0.205735,0.205115
0.740000,0.150000,0.219367,0.218705
0.740000,0.160000,0.232782,0.232080
0.740000,0.170000,0.245967,0.245226
0.740000,0.180000,0.258910,0.258129
0.740000,0.190000,0.271597,0.270778
0.740000,0.200000,0.284016,0.283160
0.740000,0.210000,0.296154,0.295262
0.740000,0.220000,0.308001,0.307073
0.740000,0.230000,0.319543,0.318580
0.740000,0.240000,0.330771,0.329774
0.740000,0.250000,0.341671,0.340642
0.740000,0.260000,0.352235,0.351173
0.740000,0.270000,0.362451,0.361358
0.740000,0.280000,0.372309,0.371187
0.740000,0.290000,0.381800,0.380649
0.740000,0.300000,0.390914,0.389736
0.740000,0.310000,0.399642,0.398438
0.740000,0.320000,0.407976,0.406747
0.740000,0.330000,0.415907,0.414654
0.740000,0.340000,0.423428,0.422152
0.740000,0.350000,0.430531,0.429233
0.740000,0.360000,0.437209,0.435891
0.740000,0.370000,0.443456,0.442119
0.740000,0.380000,0.449264,0.447910
0.740000,0.390000,0.454630,0.453260
0.740000,0.400000,0.459547,0.458162
0.740000,0.410000,0.464010,0.462612
0.740000,0.420000,0.468016,0.466605
0.740000,0.430000,0.471559,0.470138
0.740000,0.440000,0.474638,0.473207
0.740000,0.450000,0.477247,0.475809
0.740000,0.460000,0.479386,0.477941
0.740000,0.470000,0.481052,0.479602
0.740000,0.480000,0.482243,0.480789
0.740000,0.490000,0.482958,0.481502
0.740000,0.500000,0.483196,0.481740
0.740000,0.510000,0.482958,0.481502
0.740000,0.520000,0.482243,0.480789
0.740000,0.530000,0.481052,0.479602
0.740000,0.540000,0.479386,0.477941
0.740000,0.550000,0.477247,0.475809
0.740000,0.560000,0.474638,0.473207
0.740000,0.570000,0.471559,0.470138
0.740000,0.580000,0.468016,0.466605
0.740000,0.590000,0.464010,0.462612
0.740000,0.600000,0.459547,0.458162
0.740000,0.610000,0.454630,0.453260
0.740000,0.620000,0.449264,0.447910
0.740000,0.630000,0.443456,0.442119
0.740000,0.640000,0.437209,0.435891
0.740000,0.650000,0.430531,0.429233
0.740000,0.660000,0.423428,0.422152
0.740000,0.670000,0.415907,0.414654
0.740000,0.680000,0.407976,0.406746
0.740000,0.690000,0.399642,0.398438
0.740000,0.700000,0.390914,0.389736
0.740000,0.710000,0.381800,0.380649
0.740000,0.720000,0.372309,0.371187
0.740000,0.730000,0.362451,0.361358
0.740000,0.740000,0.352235,0.351173
0.740000,0.750000,0.341671,0.340642
0.740000,0.760000,0.330771,0.329774
0.740000,0.770000,0.319543,0.318580
0.740000,0.780000,0.308001,0.307073
0.740000,0.790000,0.296154,0.295262
0.740000,0.800000,0.284016,0.283160
0.740000,0.810000,0.271597,0.270778
0.740000,0.820000,0.258909,0.258129
0.740000,0.830000,0.245967,0.245226
0.740000,0.840000,0.232782,0.232080
0.740000,0.850000,0.219366,0.218705
0.740000,0.860000,0.205735,0.205115
0.740000,0.870000,0.191900,0.191322
0.740000,0.880000,0.177876,0.177340
0.740000,0.890000,0.163677,0.163184
0.740000,0.900000,0.149316,0.148866
0.740000,0.910000,0.134807,0.134401
0.740000,0.920000,0.120166,0.119804
0.740000,0.930000,0.105406,0.105088
0.740000,0.940000,0.090542,0.090269
0.740000,0.950000,0.075589,0.075361
0.740000,0.960000,0.060561,0.060378
0.740000,0.970000,0.045473,0.045336
0.740000,0.980000,0.030340,0.030249
0.740000,0.990000,0.015178,0.015132
0.740000,1.000000,-0.000000,-0.000000
0.750000,0.000000,0.000000,0.000000
0.750000,0.010000,0.015028,0.014983
0.750000,0.020000,0.030042,0.029952
0.750000,0.030000,0.045026,0.044890
0.750000,0.040000,0.059966,0.059785
0.750000,0.050000,0.074846,0.074621
0.750000,0.060000,0.089653,0.089383
0.750000,0.070000,0.104371,0.104056
0.750000,0.080000,0.118986,0.118627
0.750000,0.090000,0.133483,0.133081
0.750000,0.100000,0.147849,0.147404
0.750000,0.110000,0.162069,0.161581
0.750000,0.120000,0.176129,0.175599
0.750000,0.130000,0.190015,0.189443
0.750000,0.140000,0.203714,0.203100
0.750000,0.150000,0.217212,0.216557
0.750000,0.160000,0.230495,0.229801
0.750000,0.170000,0.243551,0.242817
0.750000,0.180000,0.256366,0.255594
0.750000,0.190000,0.268929,0.268119
0.750000,0.200000,0.281226,0.280379
0.750000,0.210000,0.293245,0.292362
0.750000,0.220000,0.304976,0.304057
0.750000,0.230000,0.316405,0.315452
0.750000,0.240000,0.327522,0.326535
0.750000,0.250000,0.338315,0.337296
0.750000,0.260000,0.348775,0.347724
0.750000,0.270000,0.358891,0.357810
0.750000,0.280000,0.368652,0.367542
0.750000,0.290000,0.378050,0.376911
0.750000,0.300000,0.387074,0.385908
0.750000,0.310000,0.395717,0.394525
0.750000,0.320000,0.403969,0.402752
0.750000,0.330000,0.411822,0.410581
0.750000,0.340000,0.419269,0.418006
0.750000,0.350000,0.426302,0.425018
0.750000,0.360000,0.432915,0.431610
0.750000,0.370000,0.439100,0.437777
0.750000,0.380000,0.444852,0.443512
0.750000,0.390000,0.450165,0.448808
0.750000,0.400000,0.455033,0.453662
0.750000,0.410000,0.459453,0.458069
0.750000,0.420000,0.463419,0.462023
0.750000,0.430000,0.466927,0.465521
0.750000,0.440000,0.469975,0.468560
0.750000,0.450000,0.472560,0.471136
0.750000,0.460000,0.474677,0.473247
0.750000,0.470000,0.476327,0.474892
0.750000,0.480000,0.477506,0.476067
0.750000,0.490000,0.478214,0.476773
0.750000,0.500000,0.478450,0.477009
0.750000,0.510000,0.478214,0.476773
0.750000,0.520000,0.477506,0.476067
0.750000,0.530000,0.476327,0.474892
0.750000,0.540000,0.474677,0.473247
0.750000,0.550000,0.472560,0.471136
0.750000,0.560000,0.469975,0.468560
0.750000,0.570000,0.466927,0.465521
0.750000,0.580000,0.463419,0.462023
0.750000,0.590000,0.459453,0.458069
0.750000,0.600000,0.455033,0.453662
0.750000,0.610000,0.450165,0.448808
0.750000,0.620000,0.444852,0.443512
0.750000,0.630000,0.439100,0.437777
0.750000,0.640000,0.432915,0.431610
0.750000,0.650000,0.426302,0.425018
0.750000,0.660000,0.419269,0.418006
0.750000,0.670000,0.411822,0.410581
0.750000,0.680000,0.403969,0.402752
0.750000,0.690000,0.395717,0.394525
0.750000,0.700000,0.387074,0.385908
0.750000,0.710000,0.378050,0.376911
0.750000,0.720000,0.368652,0.367541
0.750000,0.730000,0.358891,0.357809
0.750000,0.740000,0.348775,0.347724
0.750000,0.750000,0.338315,0.337296
0.750000,0.760000,0.327522,0.326535
0.750000,0.770000,0.316405,0.315452
0.750000,0.780000,0.304976,0.304057
0.750000,0.790000,0.293245,0.292362
0.750000,0.800000,0.281226,0.280379
0.750000,0.810000,0.268929,0.268119
0.750000,0.820000,0.256366,0.255594
0.750000,0.830000,0.243551,0.242817
0.750000,0.840000,0.230495,0.229801
0.750000,0.850000,0.217212,0.216557
0.750000,0.860000,0.203714,0.203100
0.750000,0.870000,0.190015,0.189443
0.750000,0.880000,0.176129,0.175599
0.750000,0.890000,0.162069,0.161581
0.750000,0.900000,0.147849,0.147404
0.750000,0.910000,0.133483,0.133081
0.750000,0.920000,0.118986,0.118627
0.750000,0.930000,0.104371,0.104056
0.750000,0.940000,0.089653,0.089383
0.750000,0.950000,0.074846,0.074621
0.750000,0.960000,0.059966,0.059785
0.750000,0.970000,0.045026,0.044890
0.750000,0.980000,0.030042,0.029952
0.750000,0.990000,0.015028,0.014983
0.750000,1.000000,-0.000000,-0.000000
0.760000,0.000000,0.000000,0.000000
0.760000,0.010000,0.014881,0.014836
0.760000,0.020000,0.029747,0.029657
0.760000,0.030000,0.044584,0.044450
0.760000,0.040000,0.059376,0.059198
0.760000,0.050000,0.074111,0.073888
0.760000,0.060000,0.088772,0.088505
0.760000,0.070000,0.103345,0.103034
0.760000,0.080000,0.117817,0.117462
0.760000,0.090000,0.132172,0.131774
0.760000,0.100000,0.146396,0.145956
0.760000,0.110000,0.160477,0.159994
0.760000,0.120000,0.174399,0.173874
0.760000,0.130000,0.188148,0.187582
0.760000,0.140000,0.201712,0.201106
0.760000,0.150000,0.215078,0.214431
0.760000,0.160000,0.228230,0.227544
0.760000,0.170000,0.241158,0.240433
0.760000,0.180000,0.253847,0.253084
0.760000,0.190000,0.266286,0.265485
0.760000,0.200000,0.278463,0.277625
0.760000,0.210000,0.290364,0.289491
0.760000,0.220000,0.301979,0.301071
0.760000,0.230000,0.313296,0.312354
0.760000,0.240000,0.324303,0.323328
0.760000,0.250000,0.334991,0.333984
0.760000,0.260000,0.345348,0.344309
0.760000,0.270000,0.355364,0.354296
0.760000,0.280000,0.365030,0.363932
0.760000,0.290000,0.374335,0.373209
0.760000,0.300000,0.383271,0.382118
0.760000,0.310000,0.391829,0.390650
0.760000,0.320000,0.399999,0.398796
0.760000,0.330000,0.407776,0.406549
0.760000,0.340000,0.415149,0.413901
0.760000,0.350000,0.422113,0.420844
0.760000,0.360000,0.428661,0.427372
0.760000,0.370000,0.434785,0.433478
0.760000,0.380000,0.440481,0.439156
0.760000,0.390000,0.445741,0.444401
0.760000,0.400000,0.450562,0.449207
0.760000,0.410000,0.454938,0.453570
0.760000,0.420000,0.458865,0.457485
0.760000,0.430000,0.462339,0.460949
0.760000,0.440000,0.465357,0.463958
0.760000,0.450000,0.467916,0.466509
0.760000,0.460000,0.470013,0.468600
0.760000,0.470000,0.471646,0.470228
0.760000,0.480000,0.472814,0.471392
0.760000,0.490000,0.473515,0.472091
0.760000,0.500000,0.473749,0.472324
0.760000,0.510000,0.473515,0.472091
0.760000,0.520000,0.472814,0.471392
0.760000,0.530000,0.471646,0.470228
0.760000,0.540000,0.470013,0.468600
0.760000,0.550000,0.467916,0.466509
0.760000,0.560000,0.465357,0.463958
0.760000,0.570000,0.462339,0.460949
0.760000,0.580000,0.458865,0.457485
0.760000,0.590000,0.454938,0.453570
0.760000,0.600000,0.450562,0.449207
0.760000,0.610000,0.445741,0.444401
0.760000,0.620000,0.440481,0.439156
0.760000,0.630000,0.434785,0.433478
0.760000,0.640000,0.428661,0.427372
0.760000,0.650000,0.422113,0.420844
0.760000,0.660000,0.415149,0.413901
0.760000,0.670000,0.407776,0.406549
0.760000,0.680000,0.399999,0.398796
0.760000,0.690000,0.391828,0.390650
0.760000,0.700000,0.383271,0.382118
0.760000,0.710000,0.374335,0.373209
0.760000,0.720000,0.365030,0.363932
0.760000,0.730000,0.355364,0.354295
0.760000,0.740000,0.345348,0.344309
0.760000,0.750000,0.334991,0.333984
0.760000,0.760000,0.324303,0.323328
0.760000,0.770000,0.313296,0.312353
0.760000,0.780000,0.301979,0.301071
0.760000,0.790000,0.290364,0.289491
0.760000,0.800000,0.278463,0.277625
0.760000,0.810000,0.266286,0.265485
0.760000,0.820000,0.253847,0.253084
0.760000,0.830000,0.241158,0.240432
0.760000,0.840000,0.228230,0.227544
0.760000,0.850000,0.215077,0.214431
0.760000,0.860000,0.201712,0.201106
0.760000,0.870000,0.188148,0.187582
0.760000,0.880000,0.174399,0.173874
0.760000,0.890000,0.160477,0.159994
0.760000,0.900000,0.146396,0.145956
0.760000,0.910000,0.132172,0.131774
0.760000,0.920000,0.117816,0.117462
0.760000,0.930000,0.103345,0.103034
0.760000,0.940000,0.088772,0.088505
0.760000,0.950000,0.074111,0.073888
0.760000,0.960000,0.059376,0.059198
0.760000,0.970000,0.044584,0.044449
0.760000,0.980000,0.029747,0.029657
0.760000,0.990000,0.014881,0.014836
0.760000,1.000000,-0.000000,-0.000000
0.770000,0.000000,0.000000,0.000000
0.770000,0.010000,0.014735,0.014690
0.770000,0.020000,0.029455,0.029366
0.770000,0.030000,0.044145,0.044013
0.770000,0.040000,0.058793,0.058617
0.770000,0.050000,0.073382,0.073162
0.770000,0.060000,0.087899,0.087635
0.770000,0.070000,0.102329,0.102022
0.770000,0.080000,0.116658,0.116309
0.770000,0.090000,0.130872,0.130480
0.770000,0.100000,0.144957,0.144523
0.770000,0.110000,0.158899,0.158423
0.770000,0.120000,0.172684,0.172166
0.770000,0.130000,0.186299,0.185740
0.770000,0.140000,0.199729,0.199131
0.770000,0.150000,0.212963,0.212325
0.770000,0.160000,0.225987,0.225309
0.770000,0.170000,0.238787,0.238071
0.770000,0.180000,0.251352,0.250598
0.770000,0.190000,0.263669,0.262878
0.770000,0.200000,0.275725,0.274899
0.770000,0.210000,0.287510,0.286648
0.770000,0.220000,0.299010,0.298114
0.770000,0.230000,0.310216,0.309286
0.770000,0.240000,0.321115,0.320153
0.770000,0.250000,0.331698,0.330703
0.770000,0.260000,0.341953,0.340928
0.770000,0.270000,0.351871,0.350816
0.770000,0.280000,0.361441,0.360358
0.770000,0.290000,0.370655,0.369544
0.770000,0.300000,0.379503,0.378365
0.770000,0.310000,0.387977,0.386813
0.770000,0.320000,0.396067,0.394880
0.770000,0.330000,0.403767,0.402556
0.770000,0.340000,0.411068,0.409836
0.770000,0.350000,0.417964,0.416711
0.770000,0.360000,0.424447,0.423174
0.770000,0.370000,0.430511,0.429220
0.770000,0.380000,0.436150,0.434843
0.770000,0.390000,0.441359,0.440036
0.770000,0.400000,0.446133,0.444795
0.770000,0.410000,0.450466,0.449115
0.770000,0.420000,0.454354,0.452992
0.770000,0.430000,0.457794,0.456422
0.770000,0.440000,0.460783,0.459401
0.770000,0.450000,0.463316,0.461927
0.770000,0.460000,0.465393,0.463998
0.770000,0.470000,0.467010,0.465610
0.770000,0.480000,0.468166,0.466762
0.770000,0.490000,0.468860,0.467455
0.770000,0.500000,0.469092,0.467685
0.770000,0.510000,0.468860,0.467455
0.770000,0.520000,0.468166,0.466762
0.770000,0.530000,0.467010,0.465610
0.770000,0.540000,0.465393,0.463997
0.770000,0.550000,0.463316,0.461927
0.770000,0.560000,0.460783,0.459401
0.770000,0.570000,0.457794,0.456422
0.770000,0.580000,0.454354,0.452992
0.770000,0.590000,0.450466,0.449115
0.770000,0.600000,0.446133,0.444795
0.770000,0.610000,0.441359,0.440036
0.770000,0.620000,0.436150,0.434843
0.770000,0.630000,0.430511,0.429220
0.770000,0.640000,0.424447,0.423174
0.770000,0.650000,0.417964,0.416711
0.770000,0.660000,0.411068,0.409836
0.770000,0.670000,0.403767,0.402556
0.770000,0.680000,0.396067,0.394880
0.770000,0.690000,0.387977,0.386813
0.770000,0.700000,0.379503,0.378365
0.770000,0.710000,0.370655,0.369544
0.770000,0.720000,0.361441,0.360358
0.770000,0.730000,0.351871,0.350816
0.770000,0.740000,0.341953,0.340928
0.770000,0.750000,0.331698,0.330703
0.770000,0.760000,0.321115,0.320153
0.770000,0.770000,0.310216,0.309286
0.770000,0.780000,0.299010,0.298114
0.770000,0.790000,0.287510,0.286648
0.770000,0.800000,0.275725,0.274899
0.770000,0.810000,0.263669,0.262878
0.770000,0.820000,0.251352,0.250598
0.770000,0.830000,0.238787,0.238071
0.770000,0.840000,0.225987,0.225309
0.770000,0.850000,0.212963,0.212325
0.770000,0.860000,0.199729,0.199131
0.770000,0.870000,0.186299,0.185740
0.770000,0.880000,0.172684,0.172166
0.770000,0.890000,0.158899,0.158423
0.770000,0.900000,0.144957,0.144523
0.770000,0.910000,0.130872,0.130480
0.770000,0.920000,0.116658,0.116309
0.770000,0.930000,0.102329,0.102022
0.770000,0.940000,0.087899,0.087635
0.770000,0.950000,0.073382,0.073162
0.770000,0.960000,0.058793,0.058617
0.770000,0.970000,0.044145,0.044013
0.770000,0.980000,0.029454,0.029366
0.770000,0.990000,0.014734,0.014690
0.770000,1.000000,-0.000000,-0.000000
0.780000,0.000000,0.000000,0.000000
0.780000,0.010000,0.014590,0.014546
0.780000,0.020000,0.029165,0.029078
0.780000,0.030000,0.043711,0.043581
0.780000,0.040000,0.058215,0.058041
0.780000,0.050000,0.072660,0.072444
0.780000,0.060000,0.087035,0.086775
0.780000,0.070000,0.101323,0.101020
0.780000,0.080000,0.115511,0.115166
0.780000,0.090000,0.129585,0.129199
0.780000,0.100000,0.143532,0.143103
0.780000,0.110000,0.157336,0.156867
0.780000,0.120000,0.170986,0.170476
0.780000,0.130000,0.184467,0.183916
0.780000,0.140000,0.197765,0.197175
0.780000,0.150000,0.210869,0.210239
0.780000,0.160000,0.223764,0.223096
0.780000,0.170000,0.236439,0.235733
0.780000,0.180000,0.248880,0.248137
0.780000,0.190000,0.261076,0.260296
0.780000,0.200000,0.273014,0.272199
0.780000,0.210000,0.284682,0.283832
0.780000,0.220000,0.296070,0.295186
0.780000,0.230000,0.307165,0.306248
0.780000,0.240000,0.317957,0.317008
0.780000,0.250000,0.328436,0.327456
0.780000,0.260000,0.338590,0.337580
0.780000,0.270000,0.348410,0.347371
0.780000,0.280000,0.357887,0.356819
0.780000,0.290000,0.367010,0.365915
0.780000,0.300000,0.375771,0.374649
0.780000,0.310000,0.384161,0.383015
0.780000,0.320000,0.392172,0.391002
0.780000,0.330000,0.399796,0.398603
0.780000,0.340000,0.407026,0.405811
0.780000,0.350000,0.413853,0.412618
0.780000,0.360000,0.420273,0.419018
0.780000,0.370000,0.426277,0.425005
0.780000,0.380000,0.431861,0.430572
0.780000,0.390000,0.437019,0.435715
0.780000,0.400000,0.441745,0.440427
0.780000,0.410000,0.446036,0.444704
0.780000,0.420000,0.449886,0.448543
0.780000,0.430000,0.453292,0.451939
0.780000,0.440000,0.456251,0.454890
0.780000,0.450000,0.458760,0.457391
0.780000,0.460000,0.460816,0.459441
0.780000,0.470000,0.462417,0.461037
0.780000,0.480000,0.463562,0.462178
0.780000,0.490000,0.464249,0.462864
0.780000,0.500000,0.464478,0.463092
0.780000,0.510000,0.464249,0.462864
0.780000,0.520000,0.463562,0.462178
0.780000,0.530000,0.462417,0.461037
0.780000,0.540000,0.460816,0.459440
0.780000,0.550000,0.458760,0.457391
0.780000,0.560000,0.456251,0.454890
0.780000,0.570000,0.453292,0.451939
0.780000,0.580000,0.449886,0.448543
0.780000,0.590000,0.446036,0.444704
0.780000,0.600000,0.441745,0.440427
0.780000,0.610000,0.437019,0.435715
0.780000,0.620000,0.431861,0.430572
0.780000,0.630000,0.426277,0.425005
0.780000,0.640000,0.420273,0.419018
0.780000,0.650000,0.413853,0.412618
0.780000,0.660000,0.407026,0.405811
0.780000,0.670000,0.399796,0.398603
0.780000,0.680000,0.392172,0.391002
0.780000,0.690000,0.384161,0.383014
0.780000,0.700000,0.375771,0.374649
0.780000,0.710000,0.367010,0.365915
0.780000,0.720000,0.357887,0.356819
0.780000,0.730000,0.348410,0.347370
0.780000,0.740000,0.338590,0.337580
0.780000,0.750000,0.328436,0.327456
0.780000,0.760000,0.317957,0.317008
0.780000,0.770000,0.307165,0.306248
0.780000,0.780000,0.296070,0.295186
0.780000,0.790000,0.284682,0.283832
0.780000,0.800000,0.273014,0.272199
0.780000,0.810000,0.261076,0.260296
0.780000,0.820000,0.248880,0.248137
0.780000,0.830000,0.236439,0.235733
0.780000,0.840000,0.223764,0.223096
0.780000,0.850000,0.210869,0.210239
0.780000,0.860000,0.197765,0.197175
0.780000,0.870000,0.184467,0.183916
0.780000,0.880000,0.170986,0.170476
0.780000,0.890000,0.157337,0.156867
0.780000,0.900000,0.143532,0.143103
0.780000,0.910000,0.129585,0.129198
0.780000,0.920000,0.115511,0.115166
0.780000,0.930000,0.101323,0.101020
0.780000,0.940000,0.087035,0.086775
0.780000,0.950000,0.072660,0.072444
0.780000,0.960000,0.058215,0.058041
0.780000,0.970000,0.043711,0.043581
0.780000,0.980000,0.029165,0.029078
0.780000,0.990000,0.014590,0.014546
0.780000,1.000000,-0.000000,-0.000000
0.790000,0.000000,0.000000,0.000000
0.790000,0.010000,0.014446,0.014403
0.790000,0.020000,0.028878,0.028792
0.790000,0.030000,0.043281,0.043153
0.790000,0.040000,0.057642,0.057471
0.790000,0.050000,0.071946,0.071732
0.790000,0.060000,0.086178,0.085923
0.790000,0.070000,0.100326,0.100028
0.790000,0.080000,0.114375,0.114035
0.790000,0.090000,0.128311,0.127930
0.790000,0.100000,0.142120,0.141698
0.790000,0.110000,0.155789,0.155326
0.790000,0.120000,0.169304,0.168801
0.790000,0.130000,0.182652,0.182110
0.790000,0.140000,0.195820,0.195239
0.790000,0.150000,0.208794,0.208175
0.790000,0.160000,0.221563,0.220905
0.790000,0.170000,0.234113,0.233418
0.790000,0.180000,0.246432,0.245700
0.790000,0.190000,0.258507,0.257740
0.790000,0.200000,0.270328,0.269525
0.790000,0.210000,0.281881,0.281045
0.790000,0.220000,0.293157,0.292287
0.790000,0.230000,0.304143,0.303241
0.790000,0.240000,0.314829,0.313895
0.790000,0.250000,0.325205,0.324240
0.790000,0.260000,0.335259,0.334264
0.790000,0.270000,0.344983,0.343959
0.790000,0.280000,0.354366,0.353314
0.790000,0.290000,0.363399,0.362321
0.790000,0.300000,0.372074,0.370970
0.790000,0.310000,0.380382,0.379253
0.790000,0.320000,0.388314,0.387162
0.790000,0.330000,0.395863,0.394688
0.790000,0.340000,0.403021,0.401825
0.790000,0.350000,0.409782,0.408566
0.790000,0.360000,0.416138,0.414903
0.790000,0.370000,0.422084,0.420831
0.790000,0.380000,0.427613,0.426344
0.790000,0.390000,0.432720,0.431435
0.790000,0.400000,0.437399,0.436101
0.790000,0.410000,0.441648,0.440337
0.790000,0.420000,0.445460,0.444138
0.790000,0.430000,0.448833,0.447501
0.790000,0.440000,0.451763,0.450422
0.790000,0.450000,0.454247,0.452899
0.790000,0.460000,0.456282,0.454928
0.790000,0.470000,0.457868,0.456509
0.790000,0.480000,0.459001,0.457639
0.790000,0.490000,0.459682,0.458318
0.790000,0.500000,0.459909,0.458544
0.790000,0.510000,0.459682,0.458318
0.790000,0.520000,0.459001,0.457639
0.790000,0.530000,0.457868,0.456509
0.790000,0.540000,0.456282,0.454928
0.790000,0.550000,0.454247,0.452899
0.790000,0.560000,0.451763,0.450422
0.790000,0.570000,0.448833,0.447501
0.790000,0.580000,0.445460,0.444138
0.790000,0.590000,0.441648,0.440337
0.790000,0.600000,0.437399,0.436101
0.790000,0.610000,0.432720,0.431435
0.790000,0.620000,0.427613,0.426343
0.790000,0.630000,0.422084,0.420831
0.790000,0.640000,0.416138,0.414903
0.790000,0.650000,0.409782,0.408566
0.790000,0.660000,0.403021,0.401825
0.790000,0.670000,0.395863,0.394688
0.790000,0.680000,0.388314,0.387162
0.790000,0.690000,0.380382,0.379253
0.790000,0.700000,0.372074,0.370970
0.790000,0.710000,0.363399,0.362321
0.790000,0.720000,0.354366,0.353314
0.790000,0.730000,0.344983,0.343959
0.790000,0.740000,0.335259,0.334264
0.790000,0.750000,0.325205,0.324240
0.790000,0.760000,0.314829,0.313895
0.790000,0.770000,0.304143,0.303241
0.790000,0.780000,0.293157,0.292287
0.790000,0.790000,0.281881,0.281045
0.790000,0.800000,0.270328,0.269525
0.790000,0.810000,0.258507,0.257740
0.790000,0.820000,0.246431,0.245700
0.790000,0.830000,0.234113,0.233418
0.790000,0.840000,0.221563,0.220905
0.790000,0.850000,0.208794,0.208175
0.790000,0.860000,0.195820,0.195239
0.790000,0.870000,0.182652,0.182110
0.790000,0.880000,0.169304,0.168801
0.790000,0.890000,0.155789,0.155326
0.790000,0.900000,0.142120,0.141698
0.790000,0.910000,0.128310,0.127930
0.790000,0.920000,0.114375,0.114035
0.790000,0.930000,0.100326,0.100028
0.790000,0.940000,0.086178,0.085923
0.790000,0.950000,0.071946,0.071732
0.790000,0.960000,0.057642,0.057471
0.790000,0.970000,0.043281,0.043153
0.790000,0.980000,0.028878,0.028792
0.790000,0.990000,0.014446,0.014403
0.790000,1.000000,-0.000000,-0.000000
0.800000,0.000000,0.000000,0.000000
0.800000,0.010000,0.014304,0.014262
0.800000,0.020000,0.028594,0.028509
0.800000,0.030000,0.042855,0.042729
0.800000,0.040000,0.057075,0.056906
0.800000,0.050000,0.071238,0.071028
0.800000,0.060000,0.085330,0.085079
0.800000,0.070000,0.099339,0.099046
0.800000,0.080000,0.113249,0.112915
0.800000,0.090000,0.127048,0.126673
0.800000,0.100000,0.140721,0.140306
0.800000,0.110000,0.154255,0.153801
0.800000,0.120000,0.167637,0.167144
0.800000,0.130000,0.180854,0.180321
0.800000,0.140000,0.193892,0.193321
0.800000,0.150000,0.206739,0.206130
0.800000,0.160000,0.219382,0.218736
0.800000,0.170000,0.231809,0.231126
0.800000,0.180000,0.244006,0.243287
0.800000,0.190000,0.255963,0.255209
0.800000,0.200000,0.267667,0.266878
0.800000,0.210000,0.279107,0.278285
0.800000,0.220000,0.290272,0.289416
0.800000,0.230000,0.301150,0.300263
0.800000,0.240000,0.311731,0.310812
0.800000,0.250000,0.322004,0.321055
0.800000,0.260000,0.331960,0.330981
0.800000,0.270000,0.341587,0.340581
0.800000,0.280000,0.350878,0.349844
0.800000,0.290000,0.359823,0.358763
0.800000,0.300000,0.368412,0.367327
0.800000,0.310000,0.376638,0.375528
0.800000,0.320000,0.384492,0.383359
0.800000,0.330000,0.391967,0.390812
0.800000,0.340000,0.399055,0.397879
0.800000,0.350000,0.405749,0.404553
0.800000,0.360000,0.412042,0.410828
0.800000,0.370000,0.417929,0.416698
0.800000,0.380000,0.423404,0.422156
0.800000,0.390000,0.428461,0.427198
0.800000,0.400000,0.433094,0.431818
0.800000,0.410000,0.437301,0.436012
0.800000,0.420000,0.441076,0.439776
0.800000,0.430000,0.444415,0.443106
0.800000,0.440000,0.447316,0.445998
0.800000,0.450000,0.449776,0.448451
0.800000,0.460000,0.451792,0.450460
0.800000,0.470000,0.453361,0.452026
0.800000,0.480000,0.454484,0.453145
0.800000,0.490000,0.455158,0.453817
0.800000,0.500000,0.455382,0.454041
0.800000,0.510000,0.455158,0.453817
0.800000,0.520000,0.454484,0.453145
0.800000,0.530000,0.453361,0.452026
0.800000,0.540000,0.451792,0.450460
0.800000,0.550000,0.449776,0.448451
0.800000,0.560000,0.447316,0.445998
0.800000,0.570000,0.444415,0.443106
0.800000,0.580000,0.441076,0.439776
0.800000,0.590000,0.437301,0.436012
0.800000,0.600000,0.433094,0.431818
0.800000,0.610000,0.428461,0.427198
0.800000,0.620000,0.423404,0.422156
0.800000,0.630000,0.417929,0.416698
0.800000,0.640000,0.412042,0.410828
0.800000,0.650000,0.405749,0.404553
0.800000,0.660000,0.399055,0.397879
0.800000,0.670000,0.391967,0.390812
0.800000,0.680000,0.384492,0.383359
0.800000,0.690000,0.376638,0.375528
0.800000,0.700000,0.368412,0.367327
0.800000,0.710000,0.359823,0.358763
0.800000,0.720000,0.350878,0.349844
0.800000,0.730000,0.341587,0.340581
0.800000,0.740000,0.331960,0.330981
0.800000,0.750000,0.322004,0.321055
0.800000,0.760000,0.311731,0.310812
0.800000,0.770000,0.301150,0.300263
0.800000,0.780000,0.290272,0.289416
0.800000,0.790000,0.279107,0.278285
0.800000,0.800000,0.267667,0.266878
0.800000,0.810000,0.255963,0.255209
0.800000,0.820000,0.244006,0.243287
0.800000,0.830000,0.231808,0.231125
0.800000,0.840000,0.219382,0.218736
0.800000,0.850000,0.206739,0.206130
0.800000,0.860000,0.193892,0.193321
0.800000,0.870000,0.180854,0.180321
0.800000,0.880000,0.167637,0.167143
0.800000,0.890000,0.154255,0.153801
0.800000,0.900000,0.140721,0.140306
0.800000,0.910000,0.127048,0.126673
0.800000,0.920000,0.113249,0.112915
0.800000,0.930000,0.099339,0.099046
0.800000,0.940000,0.085330,0.085079
0.800000,0.950000,0.071237,0.071028
0.800000,0.960000,0.057075,0.056906
0.800000,0.970000,0.042855,0.042729
0.800000,0.980000,0.028594,0.028509
0.800000,0.990000,0.014304,0.014262
0.800000,1.000000,-0.000000,-0.000000
0.810000,0.000000,0.000000,0.000000
0.810000,0.010000,0.014163,0.014122
0.810000,0.020000,0.028312,0.028229
0.810000,0.030000,0.042433,0.042309
0.810000,0.040000,0.056513,0.056348
0.810000,0.050000,0.070536,0.070330
0.810000,0.060000,0.084490,0.084243
0.810000,0.070000,0.098360,0.098073
0.810000,0.080000,0.112134,0.111806
0.810000,0.090000,0.125797,0.125429
0.810000,0.100000,0.139335,0.138928
0.810000,0.110000,0.152736,0.152290
0.810000,0.120000,0.165987,0.165502
0.810000,0.130000,0.179073,0.178550
0.810000,0.140000,0.191983,0.191423
0.810000,0.150000,0.204704,0.204106
0.810000,0.160000,0.217222,0.216588
0.810000,0.170000,0.229526,0.228856
0.810000,0.180000,0.241604,0.240898
0.810000,0.190000,0.253443,0.252702
0.810000,0.200000,0.265031,0.264257
0.810000,0.210000,0.276359,0.275552
0.810000,0.220000,0.287414,0.286574
0.810000,0.230000,0.298185,0.297314
0.810000,0.240000,0.308661,0.307760
0.810000,0.250000,0.318833,0.317902
0.810000,0.260000,0.328691,0.327731
0.810000,0.270000,0.338224,0.337236
0.810000,0.280000,0.347423,0.346409
0.810000,0.290000,0.356280,0.355239
0.810000,0.300000,0.364785,0.363719
0.810000,0.310000,0.372929,0.371840
0.810000,0.320000,0.380706,0.379594
0.810000,0.330000,0.388107,0.386974
0.810000,0.340000,0.395125,0.393971
0.810000,0.350000,0.401754,0.400580
0.810000,0.360000,0.407985,0.406794
0.810000,0.370000,0.413814,0.412606
0.810000,0.380000,0.419235,0.418010
0.810000,0.390000,0.424242,0.423003
0.810000,0.400000,0.428830,0.427577
0.810000,0.410000,0.432995,0.431730
0.810000,0.420000,0.436733,0.435457
0.810000,0.430000,0.440039,0.438754
0.810000,0.440000,0.442912,0.441618
0.810000,0.450000,0.445347,0.444046
0.810000,0.460000,0.447343,0.446036
0.810000,0.470000,0.448897,0.447586
0.810000,0.480000,0.450009,0.448694
0.810000,0.490000,0.450676,0.449360
0.810000,0.500000,0.450899,0.449582
0.810000,0.510000,0.450676,0.449360
0.810000,0.520000,0.450009,0.448694
0.810000,0.530000,0.448898,0.447586
0.810000,0.540000,0.447343,0.446036
0.810000,0.550000,0.445347,0.444046
0.810000,0.560000,0.442912,0.441618
0.810000,0.570000,0.440039,0.438754
0.810000,0.580000,0.436733,0.435457
0.810000,0.590000,0.432995,0.431730
0.810000,0.600000,0.428830,0.427577
0.810000,0.610000,0.424242,0.423003
0.810000,0.620000,0.419235,0.418010
0.810000,0.630000,0.413814,0.412606
0.810000,0.640000,0.407985,0.406794
0.810000,0.650000,0.401754,0.400580
0.810000,0.660000,0.395125,0.393971
0.810000,0.670000,0.388107,0.386974
0.810000,0.680000,0.380706,0.379594
0.810000,0.690000,0.372929,0.371840
0.810000,0.700000,0.364785,0.363719
0.810000,0.710000,0.356280,0.355239
0.810000,0.720000,0.347423,0.346408
0.810000,0.730000,0.338224,0.337236
0.810000,0.740000,0.328691,0.327731
0.810000,0.750000,0.318833,0.317902
0.810000,0.760000,0.308661,0.307760
0.810000,0.770000,0.298185,0.297314
0.810000,0.780000,0.287414,0.286574
0.810000,0.790000,0.276359,0.275552
0.810000,0.800000,0.265031,0.264257
0.810000,0.810000,0.253443,0.252702
0.810000,0.820000,0.241603,0.240898
0.810000,0.830000,0.229526,0.228856
0.810000,0.840000,0.217222,0.216588
0.810000,0.850000,0.204704,0.204106
0.810000,0.860000,0.191983,0.191422
0.810000,0.870000,0.179073,0.178550
0.810000,0.880000,0.165987,0.165502
0.810000,0.890000,0.152736,0.152290
0.810000,0.900000,0.139335,0.138928
0.810000,0.910000,0.125797,0.125429
0.810000,0.920000,0.112134,0.111806
0.810000,0.930000,0.098360,0.098073
0.810000,0.940000,0.084490,0.084243
0.810000,0.950000,0.070536,0.070330
0.810000,0.960000,0.056513,0.056347
0.810000,0.970000,0.042433,0.042309
0.810000,0.980000,0.028312,0.028229
0.810000,0.990000,0.014163,0.014122
0.810000,1.000000,-0.000000,-0.000000
0.820000,0.000000,0.000000,0.000000
0.820000,0.010000,0.014024,0.013983
0.820000,0.020000,0.028033,0.027952
0.820000,0.030000,0.042015,0.041894
0.820000,0.040000,0.055956,0.055794
0.820000,0.050000,0.069841,0.069639
0.820000,0.060000,0.083658,0.083416
0.820000,0.070000,0.097392,0.097110
0.820000,0.080000,0.111029,0.110708
0.820000,0.090000,0.124558,0.124197
0.820000,0.100000,0.137963,0.137564
0.820000,0.110000,0.151232,0.150795
0.820000,0.120000,0.164352,0.163877
0.820000,0.130000,0.177310,0.176797
0.820000,0.140000,0.190092,0.189543
0.820000,0.150000,0.202687,0.202101
0.820000,0.160000,0.215082,0.214460
0.820000,0.170000,0.227265,0.226608
0.820000,0.180000,0.239224,0.238532
0.820000,0.190000,0.250946,0.250221
0.820000,0.200000,0.262421,0.261662
0.820000,0.210000,0.273637,0.272845
0.820000,0.220000,0.284583,0.283760
0.820000,0.230000,0.295247,0.294394
0.820000,0.240000,0.305621,0.304737
0.820000,0.250000,0.315693,0.314780
0.820000,0.260000,0.325453,0.324512
0.820000,0.270000,0.334892,0.333924
0.820000,0.280000,0.344001,0.343006
0.820000,0.290000,0.352770,0.351750
0.820000,0.300000,0.361191,0.360147
0.820000,0.310000,0.369256,0.368188
0.820000,0.320000,0.376956,0.375866
0.820000,0.330000,0.384284,0.383173
0.820000,0.340000,0.391233,0.390102
0.820000,0.350000,0.397796,0.396646
0.820000,0.360000,0.403967,0.402798
0.820000,0.370000,0.409738,0.408553
0.820000,0.380000,0.415105,0.413905
0.820000,0.390000,0.420063,0.418848
0.820000,0.400000,0.424606,0.423378
0.820000,0.410000,0.428730,0.427490
0.820000,0.420000,0.432431,0.431180
0.820000,0.430000,0.435705,0.434445
0.820000,0.440000,0.438549,0.437281
0.820000,0.450000,0.440961,0.439685
0.820000,0.460000,0.442937,0.441656
0.820000,0.470000,0.444476,0.443191
0.820000,0.480000,0.445576,0.444288
0.820000,0.490000,0.446237,0.444946
0.820000,0.500000,0.446457,0.445166
0.820000,0.510000,0.446237,0.444946
0.820000,0.520000,0.445576,0.444288
0.820000,0.530000,0.444476,0.443191
0.820000,0.540000,0.442937,0.441656
0.820000,0.550000,0.440960,0.439685
0.820000,0.560000,0.438549,0.437281
0.820000,0.570000,0.435705,0.434445
0.820000,0.580000,0.432431,0.431180
0.820000,0.590000,0.428730,0.427490
0.820000,0.600000,0.424606,0.423378
0.820000,0.610000,0.420063,0.418848
0.820000,0.620000,0.415105,0.413905
0.820000,0.630000,0.409738,0.408553
0.820000,0.640000,0.403966,0.402798
0.820000,0.650000,0.397796,0.396646
0.820000,0.660000,0.391233,0.390102
0.820000,0.670000,0.384284,0.383173
0.820000,0.680000,0.376956,0.375866
0.820000,0.690000,0.369256,0.368188
0.820000,0.700000,0.361191,0.360147
0.820000,0.710000,0.352770,0.351750
0.820000,0.720000,0.344001,0.343006
0.820000,0.730000,0.334892,0.333924
0.820000,0.740000,0.325453,0.324512
0.820000,0.750000,0.315693,0.314780
0.820000,0.760000,0.305621,0.304737
0.820000,0.770000,0.295247,0.294394
0.820000,0.780000,0.284582,0.283760
0.820000,0.790000,0.273637,0.272845
0.820000,0.800000,0.262421,0.261662
0.820000,0.810000,0.250946,0.250220
0.820000,0.820000,0.239224,0.238532
0.820000,0.830000,0.227265,0.226608
0.820000,0.840000,0.215082,0.214460
0.820000,0.850000,0.202687,0.202101
0.820000,0.860000,0.190092,0.189542
0.820000,0.870000,0.177309,0.176797
0.820000,0.880000,0.164352,0.163877
0.820000,0.890000,0.151232,0.150795
0.820000,0.900000,0.137963,0.137564
0.820000,0.910000,0.124557,0.124197
0.820000,0.920000,0.111029,0.110708
0.820000,0.930000,0.097392,0.097110
0.820000,0.940000,0.083658,0.083416
0.820000,0.950000,0.069841,0.069639
0.820000,0.960000,0.055956,0.055794
0.820000,0.970000,0.042015,0.041894
0.820000,0.980000,0.028033,0.027952
0.820000,0.990000,0.014024,0.013983
0.820000,1.000000,-0.000000,-0.000000
0.830000,0.000000,0.000000,0.000000
0.830000,0.010000,0.013885,0.013846
0.830000,0.020000,0.027757,0.027678
0.830000,0.030000,0.041601,0.041482
0.830000,0.040000,0.055405,0.055246
0.830000,0.050000,0.069153,0.068955
0.830000,0.060000,0.082833,0.082597
0.830000,0.070000,0.096432,0.096156
0.830000,0.080000,0.109935,0.109621
0.830000,0.090000,0.123330,0.122978
0.830000,0.100000,0.136603,0.136213
0.830000,0.110000,0.149742,0.149314
0.830000,0.120000,0.162732,0.162267
0.830000,0.130000,0.175562,0.175060
0.830000,0.140000,0.188219,0.187681
0.830000,0.150000,0.200690,0.200116
0.830000,0.160000,0.212963,0.212354
0.830000,0.170000,0.225026,0.224383
0.830000,0.180000,0.236867,0.236189
0.830000,0.190000,0.248473,0.247763
0.830000,0.200000,0.259835,0.259092
0.830000,0.210000,0.270940,0.270166
0.830000,0.220000,0.281778,0.280973
0.830000,0.230000,0.292338,0.291502
0.830000,0.240000,0.302609,0.301744
0.830000,0.250000,0.312582,0.311689
0.830000,0.260000,0.322246,0.321325
0.830000,0.270000,0.331593,0.330645
0.830000,0.280000,0.340611,0.339638
0.830000,0.290000,0.349294,0.348296
0.830000,0.300000,0.357632,0.356610
0.830000,0.310000,0.365618,0.364572
0.830000,0.320000,0.373242,0.372175
0.830000,0.330000,0.380498,0.379410
0.830000,0.340000,0.387378,0.386271
0.830000,0.350000,0.393876,0.392751
0.830000,0.360000,0.399986,0.398843
0.830000,0.370000,0.405701,0.404541
0.830000,0.380000,0.411015,0.409840
0.830000,0.390000,0.415924,0.414735
0.830000,0.400000,0.420422,0.419220
0.830000,0.410000,0.424505,0.423292
0.830000,0.420000,0.428170,0.426946
0.830000,0.430000,0.431412,0.430178
0.830000,0.440000,0.434228,0.432987
0.830000,0.450000,0.436615,0.435367
0.830000,0.460000,0.438572,0.437318
0.830000,0.470000,0.440096,0.438838
0.830000,0.480000,0.441185,0.439924
0.830000,0.490000,0.441840,0.440577
0.830000,0.500000,0.442058,0.440794
0.830000,0.510000,0.441840,0.440577
0.830000,0.520000,0.441186,0.439924
0.830000,0.530000,0.440096,0.438838
0.830000,0.540000,0.438572,0.437318
0.830000,0.550000,0.436615,0.435367
0.830000,0.560000,0.434228,0.432986
0.830000,0.570000,0.431412,0.430178
0.830000,0.580000,0.428170,0.426946
0.830000,0.590000,0.424505,0.423292
0.830000,0.600000,0.420422,0.419220
0.830000,0.610000,0.415924,0.414735
0.830000,0.620000,0.411015,0.409840
0.830000,0.630000,0.405701,0.404541
0.830000,0.640000,0.399986,0.398842
0.830000,0.650000,0.393877,0.392751
0.830000,0.660000,0.387378,0.386271
0.830000,0.670000,0.380498,0.379410
0.830000,0.680000,0.373242,0.372175
0.830000,0.690000,0.365617,0.364572
0.830000,0.700000,0.357632,0.356610
0.830000,0.710000,0.349294,0.348296
0.830000,0.720000,0.340611,0.339638
0.830000,0.730000,0.331592,0.330645
0.830000,0.740000,0.322246,0.321325
0.830000,0.750000,0.312582,0.311689
0.830000,0.760000,0.302609,0.301744
0.830000,0.770000,0.292338,0.291502
0.830000,0.780000,0.281778,0.280973
0.830000,0.790000,0.270940,0.270166
0.830000,0.800000,0.259835,0.259092
0.830000,0.810000,0.248473,0.247763
0.830000,0.820000,0.236866,0.236189
0.830000,0.830000,0.225026,0.224382
0.830000,0.840000,0.212963,0.212354
0.830000,0.850000,0.200690,0.200116
0.830000,0.860000,0.188219,0.187681
0.830000,0.870000,0.175562,0.175060
0.830000,0.880000,0.162732,0.162267
0.830000,0.890000,0.149742,0.149314
0.830000,0.900000,0.136603,0.136213
0.830000,0.910000,0.123330,0.122978
0.830000,0.920000,0.109935,0.109621
0.830000,0.930000,0.096432,0.096156
0.830000,0.940000,0.082833,0.082597
0.830000,0.950000,0.069153,0.068955
0.830000,0.960000,0.055405,0.055246
0.830000,0.970000,0.041601,0.041482
0.830000,0.980000,0.027757,0.027678
0.830000,0.990000,0.013885,0.013846
0.830000,1.000000,-0.000000,-0.000000
0.840000,0.000000,0.000000,0.000000
0.840000,0.010000,0.013748,0.013710
0.840000,0.020000,0.027483,0.027406
0.840000,0.030000,0.041191,0.041075
0.840000,0.040000,0.054858,0.054704
0.840000,0.050000,0.068471,0.068278
0.840000,0.060000,0.082017,0.081785
0.840000,0.070000,0.095481,0.095212
0.840000,0.080000,0.108852,0.108544
0.840000,0.090000,0.122114,0.121770
0.840000,0.100000,0.135257,0.134875
0.840000,0.110000,0.148266,0.147847
0.840000,0.120000,0.161128,0.160674
0.840000,0.130000,0.173832,0.173341
0.840000,0.140000,0.186364,0.185838
0.840000,0.150000,0.198712,0.198151
0.840000,0.160000,0.210864,0.210269
0.840000,0.170000,0.222807,0.222179
0.840000,0.180000,0.234531,0.233870
0.840000,0.190000,0.246024,0.245330
0.840000,0.200000,0.257274,0.256548
0.840000,0.210000,0.268269,0.267513
0.840000,0.220000,0.279001,0.278213
0.840000,0.230000,0.289456,0.288640
0.840000,0.240000,0.299626,0.298781
0.840000,0.250000,0.309501,0.308627
0.840000,0.260000,0.319070,0.318169
0.840000,0.270000,0.328324,0.327397
0.840000,0.280000,0.337254,0.336302
0.840000,0.290000,0.345851,0.344875
0.840000,0.300000,0.354107,0.353108
0.840000,0.310000,0.362013,0.360992
0.840000,0.320000,0.369562,0.368520
0.840000,0.330000,0.376747,0.375684
0.840000,0.340000,0.383560,0.382477
0.840000,0.350000,0.389994,0.388893
0.840000,0.360000,0.396043,0.394925
0.840000,0.370000,0.401701,0.400568
0.840000,0.380000,0.406963,0.405815
0.840000,0.390000,0.411824,0.410662
0.840000,0.400000,0.416278,0.415103
0.840000,0.410000,0.420321,0.419135
0.840000,0.420000,0.423949,0.422753
0.840000,0.430000,0.427159,0.425954
0.840000,0.440000,0.429947,0.428734
0.840000,0.450000,0.432311,0.431092
0.840000,0.460000,0.434249,0.433023
0.840000,0.470000,0.435758,0.434528
0.840000,0.480000,0.436836,0.435604
0.840000,0.490000,0.437484,0.436250
0.840000,0.500000,0.437700,0.436465
0.840000,0.510000,0.437484,0.436250
0.840000,0.520000,0.436836,0.435604
0.840000,0.530000,0.435758,0.434528
0.840000,0.540000,0.434249,0.433023
0.840000,0.550000,0.432311,0.431091
0.840000,0.560000,0.429947,0.428734
0.840000,0.570000,0.427159,0.425954
0.840000,0.580000,0.423949,0.422753
0.840000,0.590000,0.420321,0.419135
0.840000,0.600000,0.416278,0.415103
0.840000,0.610000,0.411824,0.410662
0.840000,0.620000,0.406963,0.405815
0.840000,0.630000,0.401701,0.400568
0.840000,0.640000,0.396043,0.394925
0.840000,0.650000,0.389994,0.388893
0.840000,0.660000,0.383559,0.382477
0.840000,0.670000,0.376747,0.375684
0.840000,0.680000,0.369562,0.368520
0.840000,0.690000,0.362013,0.360992
0.840000,0.700000,0.354107,0.353108
0.840000,0.710000,0.345851,0.344875
0.840000,0.720000,0.337254,0.336302
0.840000,0.730000,0.328324,0.327397
0.840000,0.740000,0.319070,0.318169
0.840000,0.750000,0.309501,0.308627
0.840000,0.760000,0.299626,0.298781
0.840000,0.770000,0.289456,0.288640
0.840000,0.780000,0.279001,0.278213
0.840000,0.790000,0.268269,0.267513
0.840000,0.800000,0.257274,0.256548
0.840000,0.810000,0.246024,0.245330
0.840000,0.820000,0.234531,0.233870
0.840000,0.830000,0.222807,0.222179
0.840000,0.840000,0.210864,0.210269
0.840000,0.850000,0.198712,0.198151
0.840000,0.860000,0.186364,0.185838
0.840000,0.870000,0.173832,0.173341
0.840000,0.880000,0.161128,0.160673
0.840000,0.890000,0.148266,0.147847
0.840000,0.900000,0.135257,0.134875
0.840000,0.910000,0.122114,0.121770
0.840000,0.920000,0.108851,0.108544
0.840000,0.930000,0.095481,0.095212
0.840000,0.940000,0.082017,0.081785
0.840000,0.950000,0.068471,0.068278
0.840000,0.960000,0.054858,0.054704
0.840000,0.970000,0.041191,0.041075
0.840000,0.980000,0.027483,0.027406
0.840000,0.990000,0.013748,0.013710
0.840000,1.000000,-0.000000,-0.000000
0.850000,0.000000,0.000000,0.000000
0.850000,0.010000,0.013613,0.013575
0.850000,0.020000,0.027212,0.027137
0.850000,0.030000,0.040785,0.040672
0.850000,0.040000,0.054317,0.054166
0.850000,0.050000,0.067796,0.067608
0.850000,0.060000,0.081208,0.080982
0.850000,0.070000,0.094540,0.094277
0.850000,0.080000,0.107778,0.107478
0.850000,0.090000,0.120910,0.120574
0.850000,0.100000,0.133923,0.133551
0.850000,0.110000,0.146803,0.146395
0.850000,0.120000,0.159539,0.159096
0.850000,0.130000,0.172117,0.171639
0.850000,0.140000,0.184526,0.184013
0.850000,0.150000,0.196752,0.196205
0.850000,0.160000,0.208784,0.208204
0.850000,0.170000,0.220610,0.219997
0.850000,0.180000,0.232219,0.231573
0.850000,0.190000,0.243598,0.242920
0.850000,0.200000,0.254736,0.254028
0.850000,0.210000,0.265624,0.264885
0.850000,0.220000,0.276249,0.275481
0.850000,0.230000,0.286602,0.285805
0.850000,0.240000,0.296671,0.295847
0.850000,0.250000,0.306448,0.305596
0.850000,0.260000,0.315923,0.315045
0.850000,0.270000,0.325086,0.324182
0.850000,0.280000,0.333928,0.332999
0.850000,0.290000,0.342440,0.341488
0.850000,0.300000,0.350615,0.349640
0.850000,0.310000,0.358443,0.357446
0.850000,0.320000,0.365918,0.364900
0.850000,0.330000,0.373032,0.371994
0.850000,0.340000,0.379777,0.378721
0.850000,0.350000,0.386148,0.385074
0.850000,0.360000,0.392137,0.391047
0.850000,0.370000,0.397740,0.396634
0.850000,0.380000,0.402950,0.401829
0.850000,0.390000,0.407762,0.406628
0.850000,0.400000,0.412172,0.411026
0.850000,0.410000,0.416176,0.415018
0.850000,0.420000,0.419768,0.418601
0.850000,0.430000,0.422946,0.421770
0.850000,0.440000,0.425707,0.424524
0.850000,0.450000,0.428048,0.426858
0.850000,0.460000,0.429966,0.428771
0.850000,0.470000,0.431460,0.430261
0.850000,0.480000,0.432528,0.431326
0.850000,0.490000,0.433170,0.431965
0.850000,0.500000,0.433384,0.432179
0.850000,0.510000,0.433170,0.431965
0.850000,0.520000,0.432528,0.431326
0.850000,0.530000,0.431460,0.430261
0.850000,0.540000,0.429966,0.428771
0.850000,0.550000,0.428048,0.426858
0.850000,0.560000,0.425707,0.424523
0.850000,0.570000,0.422946,0.421770
0.850000,0.580000,0.419768,0.418601
0.850000,0.590000,0.416176,0.415018
0.850000,0.600000,0.412172,0.411026
0.850000,0.610000,0.407762,0.406628
0.850000,0.620000,0.402950,0.401829
0.850000,0.630000,0.397740,0.396634
0.850000,0.640000,0.392137,0.391047
0.850000,0.650000,0.386148,0.385074
0.850000,0.660000,0.379777,0.378721
0.850000,0.670000,0.373032,0.371994
0.850000,0.680000,0.365918,0.364900
0.850000,0.690000,0.358443,0.357446
0.850000,0.700000,0.350615,0.349640
0.850000,0.710000,0.342440,0.341488
0.850000,0.720000,0.333928,0.332999
0.850000,0.730000,0.325086,0.324182
0.850000,0.740000,0.315923,0.315045
0.850000,0.750000,0.306448,0.305596
0.850000,0.760000,0.296671,0.295847
0.850000,0.770000,0.286602,0.285805
0.850000,0.780000,0.276249,0.275481
0.850000,0.790000,0.265624,0.264885
0.850000,0.800000,0.254737,0.254028
0.850000,0.810000,0.243598,0.242920
0.850000,0.820000,0.232219,0.231573
0.850000,0.830000,0.220610,0.219997
0.850000,0.840000,0.208784,0.208204
0.850000,0.850000,0.196752,0.196205
0.850000,0.860000,0.184526,0.184013
0.850000,0.870000,0.172117,0.171639
0.850000,0.880000,0.159539,0.159095
0.850000,0.890000,0.146803,0.146395
0.850000,0.900000,0.133923,0.133551
0.850000,0.910000,0.120910,0.120574
0.850000,0.920000,0.107778,0.107478
0.850000,0.930000,0.094540,0.094277
0.850000,0.940000,0.081208,0.080982
0.850000,0.950000,0.067796,0.067608
0.850000,0.960000,0.054317,0.054166
0.850000,0.970000,0.040785,0.040671
0.850000,0.980000,0.027212,0.027137
0.850000,0.990000,0.013613,0.013575
0.850000,1.000000,-0.000000,-0.000000
0.860000,0.000000,0.000000,0.000000
0.860000,0.010000,0.013479,0.013442
0.860000,0.020000,0.026944,0.026870
0.860000,0.030000,0.040383,0.040272
0.860000,0.040000,0.053782,0.053634
0.860000,0.050000,0.067127,0.066944
0.860000,0.060000,0.080407,0.080187
0.860000,0.070000,0.093607,0.093351
0.860000,0.080000,0.106715,0.106423
0.860000,0.090000,0.119717,0.119390
0.860000,0.100000,0.132602,0.132239
0.860000,0.110000,0.145355,0.144958
0.860000,0.120000,0.157965,0.157533
0.860000,0.130000,0.170419,0.169953
0.860000,0.140000,0.182705,0.182205
0.860000,0.150000,0.194811,0.194278
0.860000,0.160000,0.206724,0.206159
0.860000,0.170000,0.218434,0.217836
0.860000,0.180000,0.229928,0.229299
0.860000,0.190000,0.241195,0.240535
0.860000,0.200000,0.252223,0.251533
0.860000,0.210000,0.263003,0.262284
0.860000,0.220000,0.273524,0.272776
0.860000,0.230000,0.283774,0.282998
0.860000,0.240000,0.293745,0.292941
0.860000,0.250000,0.303425,0.302595
0.860000,0.260000,0.312806,0.311951
0.860000,0.270000,0.321879,0.320998
0.860000,0.280000,0.330633,0.329729
0.860000,0.290000,0.339062,0.338134
0.860000,0.300000,0.347156,0.346206
0.860000,0.310000,0.354907,0.353936
0.860000,0.320000,0.362308,0.361317
0.860000,0.330000,0.369351,0.368341
0.860000,0.340000,0.376030,0.375002
0.860000,0.350000,0.382338,0.381292
0.860000,0.360000,0.388269,0.387206
0.860000,0.370000,0.393816,0.392739
0.860000,0.380000,0.398975,0.397883
0.860000,0.390000,0.403740,0.402635
0.860000,0.400000,0.408106,0.406990
0.860000,0.410000,0.412070,0.410942
0.860000,0.420000,0.415627,0.414490
0.860000,0.430000,0.418774,0.417628
0.860000,0.440000,0.421507,0.420354
0.860000,0.450000,0.423825,0.422666
0.860000,0.460000,0.425725,0.424560
0.860000,0.470000,0.427204,0.426035
0.860000,0.480000,0.428261,0.427090
0.860000,0.490000,0.428896,0.427723
0.860000,0.500000,0.429108,0.427934
0.860000,0.510000,0.428896,0.427723
0.860000,0.520000,0.428261,0.427090
0.860000,0.530000,0.427204,0.426035
0.860000,0.540000,0.425724,0.424560
0.860000,0.550000,0.423825,0.422666
0.860000,0.560000,0.421507,0.420354
0.860000,0.570000,0.418774,0.417628
0.860000,0.580000,0.415627,0.414490
0.860000,0.590000,0.412070,0.410942
0.860000,0.600000,0.408106,0.406990
0.860000,0.610000,0.403740,0.402635
0.860000,0.620000,0.398975,0.397883
0.860000,0.630000,0.393816,0.392738
0.860000,0.640000,0.388269,0.387206
0.860000,0.650000,0.382338,0.381292
0.860000,0.660000,0.376030,0.375001
0.860000,0.670000,0.369351,0.368341
0.860000,0.680000,0.362308,0.361317
0.860000,0.690000,0.354907,0.353936
0.860000,0.700000,0.347156,0.346206
0.860000,0.710000,0.339062,0.338134
0.860000,0.720000,0.330633,0.329729
0.860000,0.730000,0.321879,0.320998
0.860000,0.740000,0.312806,0.311951
0.860000,0.750000,0.303425,0.302595
0.860000,0.760000,0.293745,0.292941
0.860000,0.770000,0.283774,0.282998
0.860000,0.780000,0.273524,0.272775
0.860000,0.790000,0.263003,0.262284
0.860000,0.800000,0.252223,0.251533
0.860000,0.810000,0.241195,0.240535
0.860000,0.820000,0.229928,0.229299
0.860000,0.830000,0.218434,0.217836
0.860000,0.840000,0.206724,0.206159
0.860000,0.850000,0.194811,0.194278
0.860000,0.860000,0.182705,0.182205
0.860000,0.870000,0.170419,0.169953
0.860000,0.880000,0.157965,0.157533
0.860000,0.890000,0.145355,0.144958
0.860000,0.900000,0.132602,0.132239
0.860000,0.910000,0.119717,0.119390
0.860000,0.920000,0.106715,0.106423
0.860000,0.930000,0.093607,0.093351
0.860000,0.940000,0.080407,0.080187
0.860000,0.950000,0.067127,0.066944
0.860000,0.960000,0.053781,0.053634
0.860000,0.970000,0.040383,0.040272
0.860000,0.980000,0.026944,0.026870
0.860000,0.990000,0.013479,0.013442
0.860000,1.000000,-0.000000,-0.000000
0.870000,0.000000,0.000000,0.000000
0.870000,0.010000,0.013346,0.013310
0.870000,0.020000,0.026678,0.026606
0.870000,0.030000,0.039984,0.039877
0.870000,0.040000,0.053251,0.053108
0.870000,0.050000,0.066465,0.066286
0.870000,0.060000,0.079613,0.079399
0.870000,0.070000,0.092683,0.092434
0.870000,0.080000,0.105662,0.105378
0.870000,0.090000,0.118536,0.118217
0.870000,0.100000,0.131293,0.130940
0.870000,0.110000,0.143921,0.143534
0.870000,0.120000,0.156406,0.155986
0.870000,0.130000,0.168738,0.168284
0.870000,0.140000,0.180902,0.180416
0.870000,0.150000,0.192888,0.192370
0.870000,0.160000,0.204684,0.204134
0.870000,0.170000,0.216278,0.215697
0.870000,0.180000,0.227658,0.227047
0.870000,0.190000,0.238814,0.238172
0.870000,0.200000,0.249734,0.249063
0.870000,0.210000,0.260408,0.259708
0.870000,0.220000,0.270824,0.270097
0.870000,0.230000,0.280974,0.280219
0.870000,0.240000,0.290846,0.290064
0.870000,0.250000,0.300431,0.299623
0.870000,0.260000,0.309719,0.308887
0.870000,0.270000,0.318702,0.317846
0.870000,0.280000,0.327370,0.326491
0.870000,0.290000,0.335716,0.334813
0.870000,0.300000,0.343730,0.342806
0.870000,0.310000,0.351404,0.350460
0.870000,0.320000,0.358732,0.357768
0.870000,0.330000,0.365706,0.364723
0.870000,0.340000,0.372319,0.371319
0.870000,0.350000,0.378565,0.377547
0.870000,0.360000,0.384437,0.383404
0.870000,0.370000,0.389929,0.388881
0.870000,0.380000,0.395037,0.393975
0.870000,0.390000,0.399755,0.398681
0.870000,0.400000,0.404078,0.402992
0.870000,0.410000,0.408003,0.406907
0.870000,0.420000,0.411525,0.410419
0.870000,0.430000,0.414641,0.413527
0.870000,0.440000,0.417348,0.416226
0.870000,0.450000,0.419642,0.418514
0.870000,0.460000,0.421523,0.420390
0.870000,0.470000,0.422988,0.421851
0.870000,0.480000,0.424035,0.422895
0.870000,0.490000,0.424664,0.423522
0.870000,0.500000,0.424873,0.423731
0.870000,0.510000,0.424664,0.423522
0.870000,0.520000,0.424035,0.422895
0.870000,0.530000,0.422988,0.421851
0.870000,0.540000,0.421523,0.420390
0.870000,0.550000,0.419642,0.418514
0.870000,0.560000,0.417348,0.416226
0.870000,0.570000,0.414641,0.413527
0.870000,0.580000,0.411525,0.410419
0.870000,0.590000,0.408003,0.406907
0.870000,0.600000,0.404078,0.402992
0.870000,0.610000,0.399755,0.398681
0.870000,0.620000,0.395037,0.393975
0.870000,0.630000,0.389929,0.388881
0.870000,0.640000,0.384437,0.383404
0.870000,0.650000,0.378565,0.377547
0.870000,0.660000,0.372319,0.371319
0.870000,0.670000,0.365706,0.364723
0.870000,0.680000,0.358732,0.357768
0.870000,0.690000,0.351404,0.350460
0.870000,0.700000,0.343730,0.342806
0.870000,0.710000,0.335716,0.334813
0.870000,0.720000,0.327370,0.326491
0.870000,0.730000,0.318702,0.317845
0.870000,0.740000,0.309719,0.308887
0.870000,0.750000,0.300431,0.299623
0.870000,0.760000,0.290846,0.290064
0.870000,0.770000,0.280974,0.280219
0.870000,0.780000,0.270824,0.270096
0.870000,0.790000,0.260408,0.259708
0.870000,0.800000,0.249734,0.249063
0.870000,0.810000,0.238814,0.238172
0.870000,0.820000,0.227658,0.227047
0.870000,0.830000,0.216278,0.215697
0.870000,0.840000,0.204684,0.204134
0.870000,0.850000,0.192888,0.192370
0.870000,0.860000,0.180902,0.180416
0.870000,0.870000,0.168737,0.168284
0.870000,0.880000,0.156406,0.155986
0.870000,0.890000,0.143921,0.143534
0.870000,0.900000,0.131293,0.130940
0.870000,0.910000,0.118536,0.118217
0.870000,0.920000,0.105662,0.105378
0.870000,0.930000,0.092683,0.092434
0.870000,0.940000,0.079613,0.079399
0.870000,0.950000,0.066465,0.066286
0.870000,0.960000,0.053251,0.053108
0.870000,0.970000,0.039984,0.039877
0.870000,0.980000,0.026678,0.026606
0.870000,0.990000,0.013346,0.013310
0.870000,1.000000,-0.000000,-0.000000
0.880000,0.000000,0.000000,0.000000
0.880000,0.010000,0.013214,0.013179
0.880000,0.020000,0.026415,0.026345
0.880000,0.030000,0.039589,0.039485
0.880000,0.040000,0.052725,0.052586
0.880000,0.050000,0.065809,0.065635
0.880000,0.060000,0.078827,0.078620
0.880000,0.070000,0.091768,0.091526
0.880000,0.080000,0.104619,0.104343
0.880000,0.090000,0.117366,0.117056
0.880000,0.100000,0.129997,0.129654
0.880000,0.110000,0.142500,0.142124
0.880000,0.120000,0.154862,0.154454
0.880000,0.130000,0.167072,0.166631
0.880000,0.140000,0.179116,0.178644
0.880000,0.150000,0.190984,0.190481
0.880000,0.160000,0.202663,0.202129
0.880000,0.170000,0.214143,0.213578
0.880000,0.180000,0.225411,0.224817
0.880000,0.190000,0.236456,0.235833
0.880000,0.200000,0.247269,0.246617
0.880000,0.210000,0.257837,0.257157
0.880000,0.220000,0.268151,0.267444
0.880000,0.230000,0.278200,0.277467
0.880000,0.240000,0.287974,0.287215
0.880000,0.250000,0.297465,0.296681
0.880000,0.260000,0.306661,0.305853
0.880000,0.270000,0.315556,0.314724
0.880000,0.280000,0.324138,0.323284
0.880000,0.290000,0.332401,0.331525
0.880000,0.300000,0.340336,0.339439
0.880000,0.310000,0.347935,0.347018
0.880000,0.320000,0.355191,0.354255
0.880000,0.330000,0.362096,0.361141
0.880000,0.340000,0.368643,0.367672
0.880000,0.350000,0.374827,0.373839
0.880000,0.360000,0.380641,0.379638
0.880000,0.370000,0.386080,0.385062
0.880000,0.380000,0.391137,0.390106
0.880000,0.390000,0.395808,0.394765
0.880000,0.400000,0.400089,0.399035
0.880000,0.410000,0.403975,0.402910
0.880000,0.420000,0.407462,0.406388
0.880000,0.430000,0.410547,0.409465
0.880000,0.440000,0.413227,0.412138
0.880000,0.450000,0.415499,0.414404
0.880000,0.460000,0.417361,0.416261
0.880000,0.470000,0.418812,0.417708
0.880000,0.480000,0.419848,0.418742
0.880000,0.490000,0.420471,0.419363
0.880000,0.500000,0.420679,0.419570
0.880000,0.510000,0.420471,0.419363
0.880000,0.520000,0.419848,0.418742
0.880000,0.530000,0.418812,0.417708
0.880000,0.540000,0.417361,0.416261
0.880000,0.550000,0.415499,0.414404
0.880000,0.560000,0.413227,0.412138
0.880000,0.570000,0.410547,0.409465
0.880000,0.580000,0.407462,0.406388
0.880000,0.590000,0.403975,0.402910
0.880000,0.600000,0.400089,0.399035
0.880000,0.610000,0.395808,0.394765
0.880000,0.620000,0.391137,0.390106
0.880000,0.630000,0.386080,0.385062
0.880000,0.640000,0.380641,0.379638
0.880000,0.650000,0.374827,0.373839
0.880000,0.660000,0.368643,0.367672
0.880000,0.670000,0.362096,0.361141
0.880000,0.680000,0.355191,0.354255
0.880000,0.690000,0.347935,0.347018
0.880000,0.700000,0.340336,0.339439
0.880000,0.710000,0.332401,0.331525
0.880000,0.720000,0.324138,0.323284
0.880000,0.730000,0.315556,0.314724
0.880000,0.740000,0.306661,0.305853
0.880000,0.750000,0.297465,0.296681
0.880000,0.760000,0.287974,0.287215
0.880000,0.770000,0.278200,0.277467
0.880000,0.780000,0.268151,0.267444
0.880000,0.790000,0.257837,0.257157
0.880000,0.800000,0.247269,0.246617
0.880000,0.810000,0.236456,0.235833
0.880000,0.820000,0.225411,0.224817
0.880000,0.830000,0.214143,0.213578
0.880000,0.840000,0.202663,0.202129
0.880000,0.850000,0.190984,0.190481
0.880000,0.860000,0.179116,0.178644
0.880000,0.870000,0.167072,0.166631
0.880000,0.880000,0.154862,0.154454
0.880000,0.890000,0.142500,0.142124
0.880000,0.900000,0.129997,0.129654
0.880000,0.910000,0.117365,0.117056
0.880000,0.920000,0.104618,0.104343
0.880000,0.930000,0.091768,0.091526
0.880000,0.940000,0.078827,0.078620
0.880000,0.950000,0.065809,0.065635
0.880000,0.960000,0.052725,0.052586
0.880000,0.970000,0.039589,0.039485
0.880000,0.980000,0.026415,0.026345
0.880000,0.990000,0.013214,0.013179
0.880000,1.000000,-0.000000,-0.000000
0.890000,0.000000,0.000000,0.000000
0.890000,0.010000,0.013083,0.013050
0.890000,0.020000,0.026154,0.026086
0.890000,0.030000,0.039198,0.039097
0.890000,0.040000,0.052204,0.052070
0.890000,0.050000,0.065159,0.064991
0.890000,0.060000,0.078049,0.077847
0.890000,0.070000,0.090862,0.090627
0.890000,0.080000,0.103585,0.103318
0.890000,0.090000,0.116206,0.115907
0.890000,0.100000,0.128713,0.128381
0.890000,0.110000,0.141092,0.140728
0.890000,0.120000,0.153333,0.152937
0.890000,0.130000,0.165422,0.164995
0.890000,0.140000,0.177347,0.176890
0.890000,0.150000,0.189098,0.188610
0.890000,0.160000,0.200662,0.200144
0.890000,0.170000,0.212028,0.211481
0.890000,0.180000,0.223185,0.222609
0.890000,0.190000,0.234121,0.233517
0.890000,0.200000,0.244827,0.244195
0.890000,0.210000,0.255290,0.254632
0.890000,0.220000,0.265502,0.264817
0.890000,0.230000,0.275452,0.274742
0.890000,0.240000,0.285130,0.284395
0.890000,0.250000,0.294527,0.293767
0.890000,0.260000,0.303633,0.302849
0.890000,0.270000,0.312439,0.311633
0.890000,0.280000,0.320937,0.320109
0.890000,0.290000,0.329118,0.328269
0.890000,0.300000,0.336975,0.336106
0.890000,0.310000,0.344499,0.343610
0.890000,0.320000,0.351683,0.350775
0.890000,0.330000,0.358520,0.357595
0.890000,0.340000,0.365003,0.364061
0.890000,0.350000,0.371126,0.370168
0.890000,0.360000,0.376882,0.375910
0.890000,0.370000,0.382267,0.381280
0.890000,0.380000,0.387274,0.386275
0.890000,0.390000,0.391899,0.390888
0.890000,0.400000,0.396138,0.395116
0.890000,0.410000,0.399985,0.398953
0.890000,0.420000,0.403438,0.402397
0.890000,0.430000,0.406493,0.405444
0.890000,0.440000,0.409146,0.408091
0.890000,0.450000,0.411396,0.410334
0.890000,0.460000,0.413240,0.412173
0.890000,0.470000,0.414675,0.413605
0.890000,0.480000,0.415702,0.414629
0.890000,0.490000,0.416318,0.415244
0.890000,0.500000,0.416524,0.415449
0.890000,0.510000,0.416318,0.415244
0.890000,0.520000,0.415702,0.414629
0.890000,0.530000,0.414675,0.413605
0.890000,0.540000,0.413239,0.412173
0.890000,0.550000,0.411396,0.410334
0.890000,0.560000,0.409146,0.408090
0.890000,0.570000,0.406493,0.405444
0.890000,0.580000,0.403438,0.402397
0.890000,0.590000,0.399985,0.398953
0.890000,0.600000,0.396138,0.395116
0.890000,0.610000,0.391899,0.390888
0.890000,0.620000,0.387274,0.386275
0.890000,0.630000,0.382267,0.381280
0.890000,0.640000,0.376882,0.375910
0.890000,0.650000,0.371126,0.370168
0.890000,0.660000,0.365003,0.364061
0.890000,0.670000,0.358520,0.357595
0.890000,0.680000,0.351683,0.350775
0.890000,0.690000,0.344499,0.343610
0.890000,0.700000,0.336975,0.336105
0.890000,0.710000,0.329119,0.328269
0.890000,0.720000,0.320937,0.320109
0.890000,0.730000,0.312439,0.311633
0.890000,0.740000,0.303633,0.302849
0.890000,0.750000,0.294527,0.293767
0.890000,0.760000,0.285130,0.284395
0.890000,0.770000,0.275452,0.274742
0.890000,0.780000,0.265502,0.264817
0.890000,0.790000,0.255290,0.254632
0.890000,0.800000,0.244827,0.244195
0.890000,0.810000,0.234121,0.233517
0.890000,0.820000,0.223185,0.222609
0.890000,0.830000,0.212028,0.211481
0.890000,0.840000,0.200662,0.200144
0.890000,0.850000,0.189098,0.188610
0.890000,0.860000,0.177347,0.176890
0.890000,0.870000,0.165422,0.164995
0.890000,0.880000,0.153333,0.152937
0.890000,0.890000,0.141092,0.140728
0.890000,0.900000,0.128713,0.128381
0.890000,0.910000,0.116206,0.115907
0.890000,0.920000,0.103585,0.103318
0.890000,0.930000,0.090862,0.090627
0.890000,0.940000,0.078049,0.077847
0.890000,0.950000,0.065159,0.064991
0.890000,0.960000,0.052204,0.052070
0.890000,0.970000,0.039198,0.039097
0.890000,0.980000,0.026154,0.026086
0.890000,0.990000,0.013083,0.013050
0.890000,1.000000,-0.000000,-0.000000
0.900000,0.000000,0.000000,0.000000
0.900000,0.010000,0.012954,0.012921
0.900000,0.020000,0.025895,0.025830
0.900000,0.030000,0.038811,0.038713
0.900000,0.040000,0.051689,0.051558
0.900000,0.050000,0.064515,0.064352
0.900000,0.060000,0.077278,0.077083
0.900000,0.070000,0.089964,0.089737
0.900000,0.080000,0.102562,0.102303
0.900000,0.090000,0.115058,0.114768
0.900000,0.100000,0.127441,0.127120
0.900000,0.110000,0.139698,0.139346
0.900000,0.120000,0.151818,0.151435
0.900000,0.130000,0.163787,0.163374
0.900000,0.140000,0.175595,0.175152
0.900000,0.150000,0.187230,0.186758
0.900000,0.160000,0.198679,0.198179
0.900000,0.170000,0.209933,0.209404
0.900000,0.180000,0.220980,0.220423
0.900000,0.190000,0.231808,0.231224
0.900000,0.200000,0.242408,0.241797
0.900000,0.210000,0.252768,0.252131
0.900000,0.220000,0.262879,0.262217
0.900000,0.230000,0.272731,0.272043
0.900000,0.240000,0.282313,0.281602
0.900000,0.250000,0.291617,0.290882
0.900000,0.260000,0.300633,0.299875
0.900000,0.270000,0.309352,0.308573
0.900000,0.280000,0.317766,0.316965
0.900000,0.290000,0.325867,0.325045
0.900000,0.300000,0.333646,0.332805
0.900000,0.310000,0.341095,0.340235
0.900000,0.320000,0.348208,0.347330
0.900000,0.330000,0.354977,0.354083
0.900000,0.340000,0.361396,0.360485
0.900000,0.350000,0.367459,0.366533
0.900000,0.360000,0.373159,0.372218
0.900000,0.370000,0.378490,0.377536
0.900000,0.380000,0.383448,0.382481
0.900000,0.390000,0.388027,0.387049
0.900000,0.400000,0.392224,0.391235
0.900000,0.410000,0.396033,0.395035
0.900000,0.420000,0.399452,0.398445
0.900000,0.430000,0.402476,0.401462
0.900000,0.440000,0.405104,0.404083
0.900000,0.450000,0.407331,0.406304
0.900000,0.460000,0.409157,0.408125
0.900000,0.470000,0.410578,0.409543
0.900000,0.480000,0.411595,0.410557
0.900000,0.490000,0.412205,0.411166
0.900000,0.500000,0.412409,0.411369
0.900000,0.510000,0.412205,0.411166
0.900000,0.520000,0.411595,0.410557
0.900000,0.530000,0.410578,0.409543
0.900000,0.540000,0.409157,0.408125
0.900000,0.550000,0.407331,0.406304
0.900000,0.560000,0.405104,0.404083
0.900000,0.570000,0.402476,0.401462
0.900000,0.580000,0.399452,0.398445
0.900000,0.590000,0.396033,0.395035
0.900000,0.600000,0.392224,0.391235
0.900000,0.610000,0.388027,0.387049
0.900000,0.620000,0.383448,0.382481
0.900000,0.630000,0.378490,0.377536
0.900000,0.640000,0.373158,0.372218
0.900000,0.650000,0.367459,0.366533
0.900000,0.660000,0.361396,0.360485
0.900000,0.670000,0.354977,0.354083
0.900000,0.680000,0.348208,0.347330
0.900000,0.690000,0.341095,0.340235
0.900000,0.700000,0.333646,0.332805
0.900000,0.710000,0.325867,0.325045
0.900000,0.720000,0.317766,0.316965
0.900000,0.730000,0.309352,0.308572
0.900000,0.740000,0.300633,0.299875
0.900000,0.750000,0.291617,0.290882
0.900000,0.760000,0.282313,0.281601
0.900000,0.770000,0.272731,0.272043
0.900000,0.780000,0.262879,0.262217
0.900000,0.790000,0.252768,0.252131
0.900000,0.800000,0.242408,0.241797
0.900000,0.810000,0.231808,0.231224
0.900000,0.820000,0.220980,0.220423
0.900000,0.830000,0.209933,0.209404
0.900000,0.840000,0.198679,0.198179
0.900000,0.850000,0.187230,0.186758
0.900000,0.860000,0.175595,0.175152
0.900000,0.870000,0.163787,0.163374
0.900000,0.880000,0.151818,0.151435
0.900000,0.890000,0.139698,0.139346
0.900000,0.900000,0.127441,0.127120
0.900000,0.910000,0.115058,0.114768
0.900000,0.920000,0.102562,0.102303
0.900000,0.930000,0.089964,0.089737
0.900000,0.940000,0.077278,0.077083
0.900000,0.950000,0.064515,0.064352
0.900000,0.960000,0.051688,0.051558
0.900000,0.970000,0.038811,0.038713
0.900000,0.980000,0.025895,0.025830
0.900000,0.990000,0.012954,0.012921
0.900000,1.000000,-0.000000,-0.000000
0.910000,0.000000,0.000000,0.000000
0.910000,0.010000,0.012826,0.012795
0.910000,0.020000,0.025639,0.025576
0.910000,0.030000,0.038427,0.038333
0.910000,0.040000,0.051178,0.051052
0.910000,0.050000,0.063877,0.063720
0.910000,0.060000,0.076514,0.076326
0.910000,0.070000,0.089075,0.088856
0.910000,0.080000,0.101548,0.101299
0.910000,0.090000,0.113921,0.113641
0.910000,0.100000,0.126182,0.125872
0.910000,0.110000,0.138318,0.137978
0.910000,0.120000,0.150317,0.149948
0.910000,0.130000,0.162168,0.161770
0.910000,0.140000,0.173860,0.173432
0.910000,0.150000,0.185379,0.184924
0.910000,0.160000,0.196716,0.196232
0.910000,0.170000,0.207858,0.207347
0.910000,0.180000,0.218796,0.218258
0.910000,0.190000,0.229517,0.228953
0.910000,0.200000,0.240012,0.239422
0.910000,0.210000,0.250270,0.249655
0.910000,0.220000,0.260281,0.259641
0.910000,0.230000,0.270035,0.269372
0.910000,0.240000,0.279523,0.278836
0.910000,0.250000,0.288735,0.288025
0.910000,0.260000,0.297662,0.296930
0.910000,0.270000,0.306295,0.305542
0.910000,0.280000,0.314626,0.313852
0.910000,0.290000,0.322646,0.321853
0.910000,0.300000,0.330348,0.329536
0.910000,0.310000,0.337724,0.336894
0.910000,0.320000,0.344767,0.343919
0.910000,0.330000,0.351469,0.350605
0.910000,0.340000,0.357825,0.356945
0.910000,0.350000,0.363827,0.362933
0.910000,0.360000,0.369470,0.368562
0.910000,0.370000,0.374749,0.373828
0.910000,0.380000,0.379658,0.378725
0.910000,0.390000,0.384192,0.383248
0.910000,0.400000,0.388347,0.387393
0.910000,0.410000,0.392119,0.391155
0.910000,0.420000,0.395504,0.394532
0.910000,0.430000,0.398499,0.397519
0.910000,0.440000,0.401100,0.400114
0.910000,0.450000,0.403305,0.402314
0.910000,0.460000,0.405113,0.404117
0.910000,0.470000,0.406520,0.405521
0.910000,0.480000,0.407527,0.406525
0.910000,0.490000,0.408131,0.407128
0.910000,0.500000,0.408333,0.407329
0.910000,0.510000,0.408131,0.407128
0.910000,0.520000,0.407527,0.406525
0.910000,0.530000,0.406520,0.405521
0.910000,0.540000,0.405113,0.404117
0.910000,0.550000,0.403305,0.402314
0.910000,0.560000,0.401100,0.400114
0.910000,0.570000,0.398499,0.397519
0.910000,0.580000,0.395504,0.394532
0.910000,0.590000,0.392119,0.391155
0.910000,0.600000,0.388347,0.387393
0.910000,0.610000,0.384192,0.383248
0.910000,0.620000,0.379658,0.378725
0.910000,0.630000,0.374749,0.373828
0.910000,0.640000,0.369470,0.368562
0.910000,0.650000,0.363827,0.362933
0.910000,0.660000,0.357825,0.356945
0.910000,0.670000,0.351469,0.350605
0.910000,0.680000,0.344767,0.343919
0.910000,0.690000,0.337724,0.336894
0.910000,0.700000,0.330348,0.329536
0.910000,0.710000,0.322646,0.321853
0.910000,0.720000,0.314626,0.313852
0.910000,0.730000,0.306295,0.305542
0.910000,0.740000,0.297662,0.296930
0.910000,0.750000,0.288735,0.288025
0.910000,0.760000,0.279523,0.278836
0.910000,0.770000,0.270035,0.269372
0.910000,0.780000,0.260281,0.259641
0.910000,0.790000,0.250270,0.249655
0.910000,0.800000,0.240012,0.239422
0.910000,0.810000,0.229517,0.228953
0.910000,0.820000,0.218796,0.218258
0.910000,0.830000,0.207858,0.207347
0.910000,0.840000,0.196716,0.196232
0.910000,0.850000,0.185379,0.184923
0.910000,0.860000,0.173860,0.173432
0.910000,0.870000,0.162168,0.161770
0.910000,0.880000,0.150317,0.149948
0.910000,0.890000,0.138318,0.137978
0.910000,0.900000,0.126182,0.125872
0.910000,0.910000,0.113921,0.113641
0.910000,0.920000,0.101548,0.101299
0.910000,0.930000,0.089075,0.088856
0.910000,0.940000,0.076514,0.076326
0.910000,0.950000,0.063877,0.063720
0.910000,0.960000,0.051178,0.051052
0.910000,0.970000,0.038427,0.038333
0.910000,0.980000,0.025639,0.025576
0.910000,0.990000,0.012826,0.012794
0.910000,1.000000,-0.000000,-0.000000
0.920000,0.000000,0.000000,0.000000
0.920000,0.010000,0.012699,0.012669
0.920000,0.020000,0.025386,0.025325
0.920000,0.030000,0.038048,0.037957
0.920000,0.040000,0.050672,0.050550
0.920000,0.050000,0.063246,0.063094
0.920000,0.060000,0.075757,0.075576
0.920000,0.070000,0.088194,0.087983
0.920000,0.080000,0.100544,0.100304
0.920000,0.090000,0.112795,0.112525
0.920000,0.100000,0.124934,0.124635
0.920000,0.110000,0.136950,0.136623
0.920000,0.120000,0.148831,0.148475
0.920000,0.130000,0.160565,0.160181
0.920000,0.140000,0.172141,0.171729
0.920000,0.150000,0.183546,0.183107
0.920000,0.160000,0.194771,0.194305
0.920000,0.170000,0.205803,0.205311
0.920000,0.180000,0.216632,0.216114
0.920000,0.190000,0.227248,0.226704
0.920000,0.200000,0.237639,0.237071
0.920000,0.210000,0.247796,0.247203
0.920000,0.220000,0.257708,0.257091
0.920000,0.230000,0.267365,0.266726
0.920000,0.240000,0.276759,0.276097
0.920000,0.250000,0.285880,0.285196
0.920000,0.260000,0.294719,0.294014
0.920000,0.270000,0.303267,0.302541
0.920000,0.280000,0.311515,0.310770
0.920000,0.290000,0.319456,0.318692
0.920000,0.300000,0.327082,0.326300
0.920000,0.310000,0.334385,0.333585
0.920000,0.320000,0.341358,0.340542
0.920000,0.330000,0.347994,0.347162
0.920000,0.340000,0.354287,0.353440
0.920000,0.350000,0.360230,0.359368
0.920000,0.360000,0.365818,0.364943
0.920000,0.370000,0.371044,0.370157
0.920000,0.380000,0.375905,0.375005
0.920000,0.390000,0.380394,0.379484
0.920000,0.400000,0.384508,0.383588
0.920000,0.410000,0.388243,0.387314
0.920000,0.420000,0.391594,0.390657
0.920000,0.430000,0.394559,0.393615
0.920000,0.440000,0.397134,0.396185
0.920000,0.450000,0.399318,0.398363
0.920000,0.460000,0.401108,0.400148
0.920000,0.470000,0.402501,0.401539
0.920000,0.480000,0.403498,0.402533
0.920000,0.490000,0.404096,0.403130
0.920000,0.500000,0.404296,0.403329
0.920000,0.510000,0.404096,0.403130
0.920000,0.520000,0.403498,0.402533
0.920000,0.530000,0.402501,0.401539
0.920000,0.540000,0.401108,0.400148
0.920000,0.550000,0.399318,0.398363
0.920000,0.560000,0.397134,0.396185
0.920000,0.570000,0.394559,0.393615
0.920000,0.580000,0.391594,0.390657
0.920000,0.590000,0.388242,0.387314
0.920000,0.600000,0.384508,0.383588
0.920000,0.610000,0.380394,0.379484
0.920000,0.620000,0.375905,0.375005
0.920000,0.630000,0.371044,0.370157
0.920000,0.640000,0.365818,0.364943
0.920000,0.650000,0.360230,0.359368
0.920000,0.660000,0.354287,0.353440
0.920000,0.670000,0.347994,0.347162
0.920000,0.680000,0.341358,0.340542
0.920000,0.690000,0.334385,0.333585
0.920000,0.700000,0.327082,0.326300
0.920000,0.710000,0.319456,0.318692
0.920000,0.720000,0.311515,0.310770
0.920000,0.730000,0.303267,0.302541
0.920000,0.740000,0.294719,0.294014
0.920000,0.750000,0.285880,0.285196
0.920000,0.760000,0.276759,0.276097
0.920000,0.770000,0.267366,0.266726
0.920000,0.780000,0.257708,0.257091
0.920000,0.790000,0.247796,0.247203
0.920000,0.800000,0.237639,0.237071
0.920000,0.810000,0.227248,0.226704
0.920000,0.820000,0.216632,0.216114
0.920000,0.830000,0.205803,0.205311
0.920000,0.840000,0.194771,0.194305
0.920000,0.850000,0.183546,0.183107
0.920000,0.860000,0.172141,0.171729
0.920000,0.870000,0.160565,0.160181
0.920000,0.880000,0.148831,0.148475
0.920000,0.890000,0.136950,0.136623
0.920000,0.900000,0.124934,0.124635
0.920000,0.910000,0.112795,0.112525
0.920000,0.920000,0.100544,0.100304
0.920000,0.930000,0.088194,0.087983
0.920000,0.940000,0.075757,0.075576
0.920000,0.950000,0.063246,0.063094
0.920000,0.960000,0.050672,0.050550
0.920000,0.970000,0.038047,0.037956
0.920000,0.980000,0.025386,0.025325
0.920000,0.990000,0.012699,0.012669
0.920000,1.000000,-0.000000,-0.000000
0.930000,0.000000,0.000000,0.000000
0.930000,0.010000,0.012574,0.012544
0.930000,0.020000,0.025135,0.025076
0.930000,0.030000,0.037671,0.037584
0.930000,0.040000,0.050171,0.050054
0.930000,0.050000,0.062620,0.062475
0.930000,0.060000,0.075008,0.074834
0.930000,0.070000,0.087322,0.087119
0.930000,0.080000,0.099550,0.099319
0.930000,0.090000,0.111679,0.111420
0.930000,0.100000,0.123699,0.123411
0.930000,0.110000,0.135596,0.135281
0.930000,0.120000,0.147359,0.147017
0.930000,0.130000,0.158977,0.158608
0.930000,0.140000,0.170438,0.170042
0.930000,0.150000,0.181731,0.181309
0.930000,0.160000,0.192845,0.192397
0.930000,0.170000,0.203768,0.203295
0.930000,0.180000,0.214490,0.213992
0.930000,0.190000,0.225000,0.224478
0.930000,0.200000,0.235289,0.234742
0.930000,0.210000,0.245345,0.244775
0.930000,0.220000,0.255159,0.254566
0.930000,0.230000,0.264721,0.264106
0.930000,0.240000,0.274022,0.273386
0.930000,0.250000,0.283053,0.282395
0.930000,0.260000,0.291804,0.291126
0.930000,0.270000,0.300267,0.299570
0.930000,0.280000,0.308434,0.307718
0.930000,0.290000,0.316297,0.315562
0.930000,0.300000,0.323847,0.323095
0.930000,0.310000,0.331078,0.330309
0.930000,0.320000,0.337982,0.337197
0.930000,0.330000,0.344553,0.343752
0.930000,0.340000,0.350783,0.349968
0.930000,0.350000,0.356667,0.355839
0.930000,0.360000,0.362200,0.361358
0.930000,0.370000,0.367375,0.366521
0.930000,0.380000,0.372187,0.371322
0.930000,0.390000,0.376632,0.375757
0.930000,0.400000,0.380705,0.379821
0.930000,0.410000,0.384403,0.383510
0.930000,0.420000,0.387721,0.386821
0.930000,0.430000,0.390657,0.389749
0.930000,0.440000,0.393207,0.392294
0.930000,0.450000,0.395369,0.394451
0.930000,0.460000,0.397141,0.396218
0.930000,0.470000,0.398521,0.397595
0.930000,0.480000,0.399507,0.398579
0.930000,0.490000,0.400100,0.399170
0.930000,0.500000,0.400297,0.399367
0.930000,0.510000,0.400100,0.399170
0.930000,0.520000,0.399507,0.398579
0.930000,0.530000,0.398521,0.397595
0.930000,0.540000,0.397141,0.396218
0.930000,0.550000,0.395369,0.394451
0.930000,0.560000,0.393207,0.392294
0.930000,0.570000,0.390657,0.389749
0.930000,0.580000,0.387721,0.386821
0.930000,0.590000,0.384403,0.383510
0.930000,0.600000,0.380705,0.379821
0.930000,0.610000,0.376632,0.375757
0.930000,0.620000,0.372187,0.371322
0.930000,0.630000,0.367375,0.366521
0.930000,0.640000,0.362200,0.361358
0.930000,0.650000,0.356667,0.355839
0.930000,0.660000,0.350783,0.349968
0.930000,0.670000,0.344553,0.343752
0.930000,0.680000,0.337982,0.337197
0.930000,0.690000,0.331078,0.330309
0.930000,0.700000,0.323847,0.323095
0.930000,0.710000,0.316297,0.315562
0.930000,0.720000,0.308434,0.307718
0.930000,0.730000,0.300267,0.299570
0.930000,0.740000,0.291804,0.291126
0.930000,0.750000,0.283053,0.282395
0.930000,0.760000,0.274022,0.273386
0.930000,0.770000,0.264721,0.264106
0.930000,0.780000,0.255159,0.254566
0.930000,0.790000,0.245345,0.244775
0.930000,0.800000,0.235289,0.234742
0.930000,0.810000,0.225000,0.224478
0.930000,0.820000,0.214490,0.213992
0.930000,0.830000,0.203768,0.203295
0.930000,0.840000,0.192845,0.192397
0.930000,0.850000,0.181731,0.181309
0.930000,0.860000,0.170438,0.170042
0.930000,0.870000,0.158977,0.158608
0.930000,0.880000,0.147359,0.147017
0.930000,0.890000,0.135596,0.135281
0.930000,0.900000,0.123699,0.123411
0.930000,0.910000,0.111679,0.111420
0.930000,0.920000,0.099550,0.099319
0.930000,0.930000,0.087322,0.087119
0.930000,0.940000,0.075008,0.074834
0.930000,0.950000,0.062620,0.062475
0.930000,0.960000,0.050171,0.050054
0.930000,0.970000,0.037671,0.037584
0.930000,0.980000,0.025135,0.025076
0.930000,0.990000,0.012574,0.012544
0.930000,1.000000,-0.000000,-0.000000
0.940000,0.000000,0.000000,0.000000
0.940000,0.010000,0.012449,0.012421
0.940000,0.020000,0.024886,0.024830
0.940000,0.030000,0.037299,0.037215
0.940000,0.040000,0.049674,0.049562
0.940000,0.050000,0.062001,0.061861
0.940000,0.060000,0.074266,0.074099
0.940000,0.070000,0.086458,0.086264
0.940000,0.080000,0.098565,0.098343
0.940000,0.090000,0.110574,0.110326
0.940000,0.100000,0.122475,0.122199
0.940000,0.110000,0.134254,0.133952
0.940000,0.120000,0.145901,0.145573
0.940000,0.130000,0.157404,0.157050
0.940000,0.140000,0.168752,0.168372
0.940000,0.150000,0.179933,0.179528
0.940000,0.160000,0.190937,0.190507
0.940000,0.170000,0.201752,0.201298
0.940000,0.180000,0.212368,0.211890
0.940000,0.190000,0.222774,0.222273
0.940000,0.200000,0.232961,0.232437
0.940000,0.210000,0.242918,0.242371
0.940000,0.220000,0.252635,0.252066
0.940000,0.230000,0.262102,0.261513
0.940000,0.240000,0.271311,0.270701
0.940000,0.250000,0.280253,0.279622
0.940000,0.260000,0.288917,0.288267
0.940000,0.270000,0.297297,0.296628
0.940000,0.280000,0.305383,0.304696
0.940000,0.290000,0.313168,0.312463
0.940000,0.300000,0.320643,0.319922
0.940000,0.310000,0.327803,0.327065
0.940000,0.320000,0.334638,0.333885
0.940000,0.330000,0.341144,0.340376
0.940000,0.340000,0.347313,0.346531
0.940000,0.350000,0.353139,0.352344
0.940000,0.360000,0.358617,0.357810
0.940000,0.370000,0.363740,0.362922
0.940000,0.380000,0.368505,0.367676
0.940000,0.390000,0.372906,0.372067
0.940000,0.400000,0.376939,0.376091
0.940000,0.410000,0.380600,0.379744
0.940000,0.420000,0.383885,0.383022
0.940000,0.430000,0.386792,0.385922
0.940000,0.440000,0.389317,0.388441
0.940000,0.450000,0.391457,0.390577
0.940000,0.460000,0.393212,0.392327
0.940000,0.470000,0.394578,0.393690
0.940000,0.480000,0.395555,0.394665
0.940000,0.490000,0.396141,0.395250
0.940000,0.500000,0.396337,0.395445
0.940000,0.510000,0.396141,0.395250
0.940000,0.520000,0.395555,0.394665
0.940000,0.530000,0.394578,0.393690
0.940000,0.540000,0.393212,0.392327
0.940000,0.550000,0.391457,0.390577
0.940000,0.560000,0.389317,0.388441
0.940000,0.570000,0.386792,0.385922
0.940000,0.580000,0.383885,0.383022
0.940000,0.590000,0.380600,0.379744
0.940000,0.600000,0.376939,0.376091
0.940000,0.610000,0.372906,0.372067
0.940000,0.620000,0.368505,0.367676
0.940000,0.630000,0.363740,0.362922
0.940000,0.640000,0.358616,0.357810
0.940000,0.650000,0.353139,0.352344
0.940000,0.660000,0.347313,0.346531
0.940000,0.670000,0.341144,0.340376
0.940000,0.680000,0.334638,0.333885
0.940000,0.690000,0.327803,0.327065
0.940000,0.700000,0.320643,0.319922
0.940000,0.710000,0.313168,0.312463
0.940000,0.720000,0.305383,0.304696
0.940000,0.730000,0.297297,0.296628
0.940000,0.740000,0.288917,0.288267
0.940000,0.750000,0.280252,0.279622
0.940000,0.760000,0.271311,0.270701
0.940000,0.770000,0.262102,0.261513
0.940000,0.780000,0.252635,0.252066
0.940000,0.790000,0.242918,0.242371
0.940000,0.800000,0.232961,0.232437
0.940000,0.810000,0.222774,0.222273
0.940000,0.820000,0.212368,0.211890
0.940000,0.830000,0.201752,0.201298
0.940000,0.840000,0.190937,0.190507
0.940000,0.850000,0.179933,0.179528
0.940000,0.860000,0.168752,0.168372
0.940000,0.870000,0.157404,0.157050
0.940000,0.880000,0.145901,0.145573
0.940000,0.890000,0.134254,0.133952
0.940000,0.900000,0.122475,0.122199
0.940000,0.910000,0.110574,0.110326
0.940000,0.920000,0.098565,0.098343
0.940000,0.930000,0.086458,0.086264
0.940000,0.940000,0.074266,0.074099
0.940000,0.950000,0.062001,0.061861
0.940000,0.960000,0.049674,0.049562
0.940000,0.970000,0.037298,0.037215
0.940000,0.980000,0.024886,0.024830
0.940000,0.990000,0.012449,0.012421
0.940000,1.000000,-0.000000,-0.000000
0.950000,0.000000,0.000000,0.000000
0.950000,0.010000,0.012326,0.012299
0.950000,0.020000,0.024640,0.024586
0.950000,0.030000,0.036929,0.036849
0.950000,0.040000,0.049183,0.049076
0.950000,0.050000,0.061387,0.061254
0.950000,0.060000,0.073531,0.073371
0.950000,0.070000,0.085603,0.085417
0.950000,0.080000,0.097589,0.097377
0.950000,0.090000,0.109480,0.109242
0.950000,0.100000,0.121263,0.120999
0.950000,0.110000,0.132926,0.132637
0.950000,0.120000,0.144457,0.144143
0.950000,0.130000,0.155847,0.155508
0.950000,0.140000,0.167082,0.166719
0.950000,0.150000,0.178152,0.177765
0.950000,0.160000,0.189047,0.188636
0.950000,0.170000,0.199755,0.199321
0.950000,0.180000,0.210266,0.209809
0.950000,0.190000,0.220570,0.220090
0.950000,0.200000,0.230655,0.230154
0.950000,0.210000,0.240514,0.239991
0.950000,0.220000,0.250134,0.249591
0.950000,0.230000,0.259508,0.258944
0.950000,0.240000,0.268626,0.268042
0.950000,0.250000,0.277479,0.276876
0.950000,0.260000,0.286058,0.285436
0.950000,0.270000,0.294354,0.293715
0.950000,0.280000,0.302361,0.301703
0.950000,0.290000,0.310068,0.309394
0.950000,0.300000,0.317470,0.316780
0.950000,0.310000,0.324558,0.323853
0.950000,0.320000,0.331326,0.330606
0.950000,0.330000,0.337768,0.337034
0.950000,0.340000,0.343875,0.343128
0.950000,0.350000,0.349644,0.348884
0.950000,0.360000,0.355067,0.354296
0.950000,0.370000,0.360140,0.359357
0.950000,0.380000,0.364858,0.364065
0.950000,0.390000,0.369215,0.368413
0.950000,0.400000,0.373208,0.372397
0.950000,0.410000,0.376833,0.376014
0.950000,0.420000,0.380086,0.379260
0.950000,0.430000,0.382964,0.382132
0.950000,0.440000,0.385464,0.384626
0.950000,0.450000,0.387583,0.386741
0.950000,0.460000,0.389320,0.388474
0.950000,0.470000,0.390673,0.389824
0.950000,0.480000,0.391640,0.390789
0.950000,0.490000,0.392221,0.391368
0.950000,0.500000,0.392414,0.391562
0.950000,0.510000,0.392221,0.391368
0.950000,0.520000,0.391640,0.390789
0.950000,0.530000,0.390673,0.389824
0.950000,0.540000,0.389320,0.388474
0.950000,0.550000,0.387583,0.386741
0.950000,0.560000,0.385464,0.384626
0.950000,0.570000,0.382964,0.382132
0.950000,0.580000,0.380086,0.379260
0.950000,0.590000,0.376833,0.376014
0.950000,0.600000,0.373208,0.372397
0.950000,0.610000,0.369215,0.368413
0.950000,0.620000,0.364858,0.364065
0.950000,0.630000,0.360140,0.359357
0.950000,0.640000,0.355067,0.354295
0.950000,0.650000,0.349644,0.348884
0.950000,0.660000,0.343875,0.343128
0.950000,0.670000,0.337767,0.337034
0.950000,0.680000,0.331326,0.330606
0.950000,0.690000,0.324558,0.323853
0.950000,0.700000,0.317470,0.316780
0.950000,0.710000,0.310068,0.309394
0.950000,0.720000,0.302360,0.301703
0.950000,0.730000,0.294354,0.293715
0.950000,0.740000,0.286058,0.285436
0.950000,0.750000,0.277479,0.276876
0.950000,0.760000,0.268626,0.268042
0.950000,0.770000,0.259508,0.258944
0.950000,0.780000,0.250134,0.249591
0.950000,0.790000,0.240513,0.239991
0.950000,0.800000,0.230655,0.230154
0.950000,0.810000,0.220570,0.220090
0.950000,0.820000,0.210266,0.209809
0.950000,0.830000,0.199755,0.199321
0.950000,0.840000,0.189047,0.188636
0.950000,0.850000,0.178152,0.177765
0.950000,0.860000,0.167082,0.166719
0.950000,0.870000,0.155847,0.155508
0.950000,0.880000,0.144457,0.144143
0.950000,0.890000,0.132926,0.132637
0.950000,0.900000,0.121263,0.120999
0.950000,0.910000,0.109480,0.109242
0.950000,0.920000,0.097589,0.097377
0.950000,0.930000,0.085603,0.085417
0.950000,0.940000,0.073531,0.073371
0.950000,0.950000,0.061387,0.061254
0.950000,0.960000,0.049183,0.049076
0.950000,0.970000,0.036929,0.036849
0.950000,0.980000,0.024640,0.024586
0.950000,0.990000,0.012326,0.012299
0.950000,1.000000,-0.000000,-0.000000
0.960000,0.000000,0.000000,0.000000
0.960000,0.010000,0.012204,0.012178
0.960000,0.020000,0.024396,0.024345
0.960000,0.030000,0.036564,0.036487
0.960000,0.040000,0.048696,0.048594
0.960000,0.050000,0.060779,0.060652
0.960000,0.060000,0.072803,0.072651
0.960000,0.070000,0.084755,0.084578
0.960000,0.080000,0.096623,0.096421
0.960000,0.090000,0.108396,0.108169
0.960000,0.100000,0.120062,0.119811
0.960000,0.110000,0.131610,0.131334
0.960000,0.120000,0.143027,0.142728
0.960000,0.130000,0.154304,0.153981
0.960000,0.140000,0.165428,0.165081
0.960000,0.150000,0.176389,0.176019
0.960000,0.160000,0.187176,0.186784
0.960000,0.170000,0.197778,0.197364
0.960000,0.180000,0.208185,0.207749
0.960000,0.190000,0.218386,0.217929
0.960000,0.200000,0.228372,0.227894
0.960000,0.210000,0.238133,0.237634
0.960000,0.220000,0.247658,0.247140
0.960000,0.230000,0.256939,0.256401
0.960000,0.240000,0.265967,0.265410
0.960000,0.250000,0.274732,0.274157
0.960000,0.260000,0.283226,0.282633
0.960000,0.270000,0.291440,0.290830
0.960000,0.280000,0.299367,0.298740
0.960000,0.290000,0.306999,0.306356
0.960000,0.300000,0.314327,0.313669
0.960000,0.310000,0.321345,0.320672
0.960000,0.320000,0.328046,0.327359
0.960000,0.330000,0.334424,0.333723
0.960000,0.340000,0.340471,0.339758
0.960000,0.350000,0.346182,0.345458
0.960000,0.360000,0.351552,0.350816
0.960000,0.370000,0.356575,0.355828
0.960000,0.380000,0.361246,0.360489
0.960000,0.390000,0.365560,0.364795
0.960000,0.400000,0.369514,0.368740
0.960000,0.410000,0.373103,0.372321
0.960000,0.420000,0.376323,0.375535
0.960000,0.430000,0.379173,0.378379
0.960000,0.440000,0.381648,0.380849
0.960000,0.450000,0.383746,0.382943
0.960000,0.460000,0.385466,0.384659
0.960000,0.470000,0.386805,0.385995
0.960000,0.480000,0.387763,0.386951
0.960000,0.490000,0.388338,0.387525
0.960000,0.500000,0.388530,0.387716
0.960000,0.510000,0.388338,0.387525
0.960000,0.520000,0.387763,0.386951
0.960000,0.530000,0.386805,0.385995
0.960000,0.540000,0.385466,0.384659
0.960000,0.550000,0.383746,0.382943
0.960000,0.560000,0.381648,0.380848
0.960000,0.570000,0.379173,0.378379
0.960000,0.580000,0.376323,0.375535
0.960000,0.590000,0.373103,0.372321
0.960000,0.600000,0.369514,0.368740
0.960000,0.610000,0.365560,0.364795
0.960000,0.620000,0.361246,0.360489
0.960000,0.630000,0.356575,0.355828
0.960000,0.640000,0.351552,0.350816
0.960000,0.650000,0.346183,0.345458
0.960000,0.660000,0.340471,0.339758
0.960000,0.670000,0.334424,0.333723
0.960000,0.680000,0.328046,0.327359
0.960000,0.690000,0.321345,0.320672
0.960000,0.700000,0.314327,0.313669
0.960000,0.710000,0.306999,0.306356
0.960000,0.720000,0.299367,0.298740
0.960000,0.730000,0.291440,0.290830
0.960000,0.740000,0.283226,0.282633
0.960000,0.750000,0.274732,0.274157
0.960000,0.760000,0.265967,0.265410
0.960000,0.770000,0.256939,0.256401
0.960000,0.780000,0.247658,0.247139
0.960000,0.790000,0.238133,0.237634
0.960000,0.800000,0.228372,0.227894
0.960000,0.810000,0.218386,0.217929
0.960000,0.820000,0.208185,0.207749
0.960000,0.830000,0.197778,0.197363
0.960000,0.840000,0.187176,0.186784
0.960000,0.850000,0.176389,0.176019
0.960000,0.860000,0.165428,0.165081
0.960000,0.870000,0.154304,0.153981
0.960000,0.880000,0.143027,0.142728
0.960000,0.890000,0.131610,0.131334
0.960000,0.900000,0.120062,0.119811
0.960000,0.910000,0.108396,0.108169
0.960000,0.920000,0.096623,0.096421
0.960000,0.930000,0.084755,0.084578
0.960000,0.940000,0.072803,0.072651
0.960000,0.950000,0.060779,0.060652
0.960000,0.960000,0.048696,0.048594
0.960000,0.970000,0.036564,0.036487
0.960000,0.980000,0.024396,0.024345
0.960000,0.990000,0.012204,0.012178
0.960000,1.000000,-0.000000,-0.000000
0.970000,0.000000,0.000000,0.000000
0.970000,0.010000,0.012083,0.012059
0.970000,0.020000,0.024154,0.024106
0.970000,0.030000,0.036202,0.036129
0.970000,0.040000,0.048213,0.048116
0.970000,0.050000,0.060178,0.060056
0.970000,0.060000,0.072082,0.071937
0.970000,0.070000,0.083916,0.083747
0.970000,0.080000,0.095667,0.095474
0.970000,0.090000,0.107323,0.107107
0.970000,0.100000,0.118873,0.118634
0.970000,0.110000,0.130306,0.130044
0.970000,0.120000,0.141611,0.141326
0.970000,0.130000,0.152776,0.152468
0.970000,0.140000,0.163790,0.163460
0.970000,0.150000,0.174642,0.174291
0.970000,0.160000,0.185322,0.184949
0.970000,0.170000,0.195819,0.195425
0.970000,0.180000,0.206123,0.205708
0.970000,0.190000,0.216223,0.215788
0.970000,0.200000,0.226111,0.225656
0.970000,0.210000,0.235774,0.235300
0.970000,0.220000,0.245206,0.244712
0.970000,0.230000,0.254395,0.253883
0.970000,0.240000,0.263333,0.262803
0.970000,0.250000,0.272011,0.271464
0.970000,0.260000,0.280421,0.279857
0.970000,0.270000,0.288554,0.287974
0.970000,0.280000,0.296403,0.295806
0.970000,0.290000,0.303959,0.303347
0.970000,0.300000,0.311215,0.310588
0.970000,0.310000,0.318163,0.317523
0.970000,0.320000,0.324798,0.324144
0.970000,0.330000,0.331112,0.330446
0.970000,0.340000,0.337100,0.336421
0.970000,0.350000,0.342754,0.342065
0.970000,0.360000,0.348071,0.347371
0.970000,0.370000,0.353044,0.352334
0.970000,0.380000,0.357668,0.356949
0.970000,0.390000,0.361940,0.361212
0.970000,0.400000,0.365855,0.365118
0.970000,0.410000,0.369408,0.368665
0.970000,0.420000,0.372597,0.371847
0.970000,0.430000,0.375418,0.374663
0.970000,0.440000,0.377868,0.377108
0.970000,0.450000,0.379946,0.379182
0.970000,0.460000,0.381649,0.380881
0.970000,0.470000,0.382975,0.382204
0.970000,0.480000,0.383923,0.383151
0.970000,0.490000,0.384492,0.383719
0.970000,0.500000,0.384682,0.383908
0.970000,0.510000,0.384492,0.383719
0.970000,0.520000,0.383923,0.383151
0.970000,0.530000,0.382975,0.382204
0.970000,0.540000,0.381649,0.380881
0.970000,0.550000,0.379946,0.379182
0.970000,0.560000,0.377868,0.377108
0.970000,0.570000,0.375418,0.374662
0.970000,0.580000,0.372597,0.371847
0.970000,0.590000,0.369408,0.368665
0.970000,0.600000,0.365855,0.365118
0.970000,0.610000,0.361940,0.361212
0.970000,0.620000,0.357668,0.356949
0.970000,0.630000,0.353044,0.352334
0.970000,0.640000,0.348071,0.347371
0.970000,0.650000,0.342754,0.342065
0.970000,0.660000,0.337100,0.336421
0.970000,0.670000,0.331112,0.330446
0.970000,0.680000,0.324798,0.324144
0.970000,0.690000,0.318163,0.317523
0.970000,0.700000,0.311214,0.310588
0.970000,0.710000,0.303959,0.303347
0.970000,0.720000,0.296403,0.295806
0.970000,0.730000,0.288554,0.287974
0.970000,0.740000,0.280421,0.279857
0.970000,0.750000,0.272011,0.271464
0.970000,0.760000,0.263333,0.262803
0.970000,0.770000,0.254395,0.253883
0.970000,0.780000,0.245206,0.244712
0.970000,0.790000,0.235774,0.235300
0.970000,0.800000,0.226111,0.225656
0.970000,0.810000,0.216223,0.215788
0.970000,0.820000,0.206123,0.205708
0.970000,0.830000,0.195819,0.195425
0.970000,0.840000,0.185322,0.184949
0.970000,0.850000,0.174642,0.174291
0.970000,0.860000,0.163790,0.163460
0.970000,0.870000,0.152776,0.152468
0.970000,0.880000,0.141611,0.141326
0.970000,0.890000,0.130306,0.130044
0.970000,0.900000,0.118873,0.118634
0.970000,0.910000,0.107323,0.107107
0.970000,0.920000,0.095666,0.095474
0.970000,0.930000,0.083916,0.083747
0.970000,0.940000,0.072082,0.071937
0.970000,0.950000,0.060178,0.060056
0.970000,0.960000,0.048213,0.048116
0.970000,0.970000,0.036202,0.036129
0.970000,0.980000,0.024154,0.024106
0.970000,0.990000,0.012083,0.012059
0.970000,1.000000,-0.000000,-0.000000
0.980000,0.000000,0.000000,0.000000
0.980000,0.010000,0.011963,0.011940
0.980000,0.020000,0.023915,0.023869
0.980000,0.030000,0.035843,0.035774
0.980000,0.040000,0.047736,0.047644
0.980000,0.050000,0.059581,0.059467
0.980000,0.060000,0.071368,0.071231
0.980000,0.070000,0.083085,0.082925
0.980000,0.080000,0.094719,0.094536
0.980000,0.090000,0.106260,0.106055
0.980000,0.100000,0.117696,0.117469
0.980000,0.110000,0.129016,0.128767
0.980000,0.120000,0.140208,0.139938
0.980000,0.130000,0.151262,0.150971
0.980000,0.140000,0.162167,0.161855
0.980000,0.150000,0.172912,0.172579
0.980000,0.160000,0.183486,0.183133
0.980000,0.170000,0.193879,0.193506
0.980000,0.180000,0.204081,0.203688
0.980000,0.190000,0.214082,0.213669
0.980000,0.200000,0.223871,0.223439
0.980000,0.210000,0.233439,0.232989
0.980000,0.220000,0.242777,0.242309
0.980000,0.230000,0.251875,0.251390
0.980000,0.240000,0.260725,0.260222
0.980000,0.250000,0.269317,0.268798
0.980000,0.260000,0.277643,0.277109
0.980000,0.270000,0.285696,0.285146
0.980000,0.280000,0.293467,0.292901
0.980000,0.290000,0.300948,0.300368
0.980000,0.300000,0.308132,0.307538
0.980000,0.310000,0.315012,0.314405
0.980000,0.320000,0.321581,0.320961
0.980000,0.330000,0.327832,0.327201
0.980000,0.340000,0.333760,0.333117
0.980000,0.350000,0.339359,0.338705
0.980000,0.360000,0.344623,0.343959
0.980000,0.370000,0.349547,0.348873
0.980000,0.380000,0.354125,0.353443
0.980000,0.390000,0.358355,0.357664
0.980000,0.400000,0.362230,0.361533
0.980000,0.410000,0.365749,0.365044
0.980000,0.420000,0.368906,0.368195
0.980000,0.430000,0.371699,0.370983
0.980000,0.440000,0.374125,0.373405
0.980000,0.450000,0.376182,0.375458
0.980000,0.460000,0.377868,0.377140
0.980000,0.470000,0.379181,0.378451
0.980000,0.480000,0.380120,0.379388
0.980000,0.490000,0.380684,0.379950
0.980000,0.500000,0.380872,0.380138
0.980000,0.510000,0.380684,0.379950
0.980000,0.520000,0.380120,0.379388
0.980000,0.530000,0.379181,0.378451
0.980000,0.540000,0.377868,0.377140
0.980000,0.550000,0.376182,0.375458
0.980000,0.560000,0.374125,0.373405
0.980000,0.570000,0.371699,0.370983
0.980000,0.580000,0.368906,0.368195
0.980000,0.590000,0.365749,0.365044
0.980000,0.600000,0.362230,0.361533
0.980000,0.610000,0.358355,0.357664
0.980000,0.620000,0.354125,0.353443
0.980000,0.630000,0.349547,0.348873
0.980000,0.640000,0.344623,0.343959
0.980000,0.650000,0.339359,0.338705
0.980000,0.660000,0.333760,0.333117
0.980000,0.670000,0.327832,0.327201
0.980000,0.680000,0.321581,0.320961
0.980000,0.690000,0.315012,0.314405
0.980000,0.700000,0.308132,0.307538
0.980000,0.710000,0.300948,0.300368
0.980000,0.720000,0.293467,0.292901
0.980000,0.730000,0.285696,0.285146
0.980000,0.740000,0.277643,0.277109
0.980000,0.750000,0.269317,0.268798
0.980000,0.760000,0.260725,0.260222
0.980000,0.770000,0.251875,0.251390
0.980000,0.780000,0.242777,0.242309
0.980000,0.790000,0.233439,0.232989
0.980000,0.800000,0.223871,0.223439
0.980000,0.810000,0.214082,0.213669
0.980000,0.820000,0.204081,0.203688
0.980000,0.830000,0.193879,0.193506
0.980000,0.840000,0.183486,0.183133
0.980000,0.850000,0.172912,0.172579
0.980000,0.860000,0.162167,0.161855
0.980000,0.870000,0.151262,0.150971
0.980000,0.880000,0.140208,0.139938
0.980000,0.890000,0.129016,0.128767
0.980000,0.900000,0.117696,0.117469
0.980000,0.910000,0.106260,0.106055
0.980000,0.920000,0.094719,0.094536
0.980000,0.930000,0.083085,0.082925
0.980000,0.940000,0.071368,0.071231
0.980000,0.950000,0.059581,0.059467
0.980000,0.960000,0.047736,0.047644
0.980000,0.970000,0.035843,0.035774
0.980000,0.980000,0.023915,0.023869
0.980000,0.990000,0.011963,0.011940
0.980000,1.000000,-0.000000,-0.000000
0.990000,0.000000,0.000000,0.000000
0.990000,0.010000,0.011845,0.011823
0.990000,0.020000,0.023678,0.023635
0.990000,0.030000,0.035488,0.035423
0.990000,0.040000,0.047263,0.047176
0.990000,0.050000,0.058991,0.058883
0.990000,0.060000,0.070661,0.070531
0.990000,0.070000,0.082261,0.082110
0.990000,0.080000,0.093780,0.093608
0.990000,0.090000,0.105207,0.105014
0.990000,0.100000,0.116530,0.116315
0.990000,0.110000,0.127737,0.127502
0.990000,0.120000,0.138819,0.138564
0.990000,0.130000,0.149764,0.149488
0.990000,0.140000,0.160560,0.160265
0.990000,0.150000,0.171199,0.170884
0.990000,0.160000,0.181668,0.181334
0.990000,0.170000,0.191958,0.191605
0.990000,0.180000,0.202059,0.201688
0.990000,0.190000,0.211960,0.211571
0.990000,0.200000,0.221653,0.221245
0.990000,0.210000,0.231126,0.230701
0.990000,0.220000,0.240371,0.239929
0.990000,0.230000,0.249379,0.248921
0.990000,0.240000,0.258141,0.257667
0.990000,0.250000,0.266648,0.266158
0.990000,0.260000,0.274892,0.274387
0.990000,0.270000,0.282865,0.282345
0.990000,0.280000,0.290559,0.290025
0.990000,0.290000,0.297966,0.297418
0.990000,0.300000,0.305079,0.304518
0.990000,0.310000,0.311890,0.311317
0.990000,0.320000,0.318394,0.317809
0.990000,0.330000,0.324584,0.323987
0.990000,0.340000,0.330453,0.329846
0.990000,0.350000,0.335997,0.335379
0.990000,0.360000,0.341208,0.340581
0.990000,0.370000,0.346083,0.345447
0.990000,0.380000,0.350617,0.349972
0.990000,0.390000,0.354804,0.354152
0.990000,0.400000,0.358641,0.357982
0.990000,0.410000,0.362125,0.361459
0.990000,0.420000,0.365251,0.364579
0.990000,0.430000,0.368016,0.367339
0.990000,0.440000,0.370418,0.369737
0.990000,0.450000,0.372455,0.371770
0.990000,0.460000,0.374124,0.373436
0.990000,0.470000,0.375424,0.374734
0.990000,0.480000,0.376354,0.375662
0.990000,0.490000,0.376912,0.376219
0.990000,0.500000,0.377098,0.376404
0.990000,0.510000,0.376912,0.376219
0.990000,0.520000,0.376354,0.375662
0.990000,0.530000,0.375424,0.374734
0.990000,0.540000,0.374124,0.373436
0.990000,0.550000,0.372455,0.371770
0.990000,0.560000,0.370418,0.369737
0.990000,0.570000,0.368016,0.367339
0.990000,0.580000,0.365251,0.364579
0.990000,0.590000,0.362125,0.361459
0.990000,0.600000,0.358641,0.357982
0.990000,0.610000,0.354804,0.354152
0.990000,0.620000,0.350617,0.349972
0.990000,0.630000,0.346083,0.345447
0.990000,0.640000,0.341208,0.340581
0.990000,0.650000,0.335997,0.335379
0.990000,0.660000,0.330453,0.329846
0.990000,0.670000,0.324584,0.323987
0.990000,0.680000,0.318394,0.317809
0.990000,0.690000,0.311890,0.311317
0.990000,0.700000,0.305079,0.304518
0.990000,0.710000,0.297966,0.297418
0.990000,0.720000,0.290559,0.290025
0.990000,0.730000,0.282865,0.282345
0.990000,0.740000,0.274892,0.274387
0.990000,0.750000,0.266648,0.266158
0.990000,0.760000,0.258141,0.257667
0.990000,0.770000,0.249379,0.248921
0.990000,0.780000,0.240371,0.239929
0.990000,0.790000,0.231126,0.230701
0.990000,0.800000,0.221652,0.221245
0.990000,0.810000,0.211960,0.211571
0.990000,0.820000,0.202059,0.201688
0.990000,0.830000,0.191958,0.191605
0.990000,0.840000,0.181668,0.181334
0.990000,0.850000,0.171199,0.170884
0.990000,0.860000,0.160560,0.160265
0.990000,0.870000,0.149764,0.149488
0.990000,0.880000,0.138819,0.138564
0.990000,0.890000,0.127737,0.127502
0.990000,0.900000,0.116530,0.116315
0.990000,0.910000,0.105207,0.105013
0.990000,0.920000,0.093780,0.093608
0.990000,0.930000,0.082261,0.082110
0.990000,0.940000,0.070661,0.070531
0.990000,0.950000,0.058991,0.058883
0.990000,0.960000,0.047263,0.047176
0.990000,0.970000,0.035488,0.035423
0.990000,0.980000,0.023678,0.023635
0.990000,0.990000,0.011845,0.011823
0.990000,1.000000,-0.000000,-0.000000
1.000000,0.000000,0.000000,0.000000
1.000000,0.010000,0.011728,0.011707
1.000000,0.020000,0.023443,0.023403
1.000000,0.030000,0.035136,0.035075
1.000000,0.040000,0.046794,0.046713
1.000000,0.050000,0.058406,0.058304
1.000000,0.060000,0.069961,0.069838
1.000000,0.070000,0.081446,0.081304
1.000000,0.080000,0.092851,0.092689
1.000000,0.090000,0.104164,0.103982
1.000000,0.100000,0.115375,0.115173
1.000000,0.110000,0.126471,0.126250
1.000000,0.120000,0.137443,0.137203
1.000000,0.130000,0.148279,0.148020
1.000000,0.140000,0.158969,0.158691
1.000000,0.150000,0.169502,0.169206
1.000000,0.160000,0.179868,0.179553
1.000000,0.170000,0.190056,0.189724
1.000000,0.180000,0.200056,0.199707
1.000000,0.190000,0.209860,0.209493
1.000000,0.200000,0.219456,0.219072
1.000000,0.210000,0.228835,0.228435
1.000000,0.220000,0.237989,0.237573
1.000000,0.230000,0.246907,0.246476
1.000000,0.240000,0.255583,0.255136
1.000000,0.250000,0.264005,0.263544
1.000000,0.260000,0.272168,0.271692
1.000000,0.270000,0.280062,0.279572
1.000000,0.280000,0.287679,0.287176
1.000000,0.290000,0.295012,0.294497
1.000000,0.300000,0.302055,0.301527
1.000000,0.310000,0.308799,0.308259
1.000000,0.320000,0.315238,0.314688
1.000000,0.330000,0.321367,0.320805
1.000000,0.340000,0.327178,0.326606
1.000000,0.350000,0.332666,0.332085
1.000000,0.360000,0.337826,0.337236
1.000000,0.370000,0.342653,0.342054
1.000000,0.380000,0.347141,0.346535
1.000000,0.390000,0.351287,0.350674
1.000000,0.400000,0.355087,0.354466
1.000000,0.410000,0.358535,0.357909
1.000000,0.420000,0.361630,0.360999
1.000000,0.430000,0.364368,0.363732
1.000000,0.440000,0.366747,0.366106
1.000000,0.450000,0.368763,0.368119
1.000000,0.460000,0.370416,0.369769
1.000000,0.470000,0.371703,0.371054
1.000000,0.480000,0.372623,0.371972
1.000000,0.490000,0.373176,0.372524
1.000000,0.500000,0.373360,0.372708
1.000000,0.510000,0.373176,0.372524
1.000000,0.520000,0.372623,0.371972
1.000000,0.530000,0.371703,0.371054
1.000000,0.540000,0.370416,0.369769
1.000000,0.550000,0.368763,0.368119
1.000000,0.560000,0.366747,0.366106
1.000000,0.570000,0.364368,0.363732
1.000000,0.580000,0.361630,0.360999
1.000000,0.590000,0.358535,0.357909
1.000000,0.600000,0.355087,0.354466
1.000000,0.610000,0.351287,0.350674
1.000000,0.620000,0.347141,0.346535
1.000000,0.630000,0.342653,0.342054
1.000000,0.640000,0.337826,0.337236
1.000000,0.650000,0.332666,0.332085
1.000000,0.660000,0.327178,0.326606
1.000000,0.670000,0.321367,0.320805
1.000000,0.680000,0.315238,0.314688
1.000000,0.690000,0.308799,0.308259
1.000000,0.700000,0.302055,0.301527
1.000000,0.710000,0.295012,0.294497
1.000000,0.720000,0.287679,0.287176
1.000000,0.730000,0.280061,0.279572
1.000000,0.740000,0.272168,0.271692
1.000000,0.750000,0.264005,0.263544
1.000000,0.760000,0.255583,0.255136
1.000000,0.770000,0.246907,0.246476
1.000000,0.780000,0.237989,0.237573
1.000000,0.790000,0.228835,0.228435
1.000000,0.800000,0.219456,0.219072
1.000000,0.810000,0.209859,0.209493
1.000000,0.820000,0.200056,0.199707
1.000000,0.830000,0.190056,0.189724
1.000000,0.840000,0.179868,0.179553
1.000000,0.850000,0.169502,0.169206
1.000000,0.860000,0.158969,0.158691
1.000000,0.870000,0.148279,0.148020
1.000000,0.880000,0.137443,0.137203
1.000000,0.890000,0.126471,0.126250
1.000000,0.900000,0.115375,0.115173
1.000000,0.910000,0.104164,0.103982
1.000000,0.920000,0.092851,0.092689
1.000000,0.930000,0.081446,0.081304
1.000000,0.940000,0.069961,0.069838
1.000000,0.950000,0.058406,0.058304
1.000000,0.960000,0.046794,0.046713
1.000000,0.970000,0.035136,0.035075
1.000000,0.980000,0.023443,0.023402
1.000000,0.990000,0.011727,0.011707
1.000000,1.000000,-0.000000,-0.000000
