t,x,u_pred,u_exact
0.000000,0.000000,-0.008736,0.000000
0.000000,0.010000,0.025097,0.031411
0.000000,0.020000,0.059043,0.062791
0.000000,0.030000,0.093039,0.094108
0.000000,0.040000,0.127020,0.125333
0.000000,0.050000,0.160923,0.156434
0.000000,0.060000,0.194688,0.187381
0.000000,0.070000,0.228256,0.218143
0.000000,0.080000,0.261571,0.248690
0.000000,0.090000,0.294577,0.278991
0.000000,0.100000,0.327221,0.309017
0.000000,0.110000,0.359454,0.338738
0.000000,0.120000,0.391227,0.368125
0.000000,0.130000,0.422494,0.397148
0.000000,0.140000,0.453210,0.425779
0.000000,0.150000,0.483335,0.453991
0.000000,0.160000,0.512830,0.481754
0.000000,0.170000,0.541656,0.509041
0.000000,0.180000,0.569779,0.535827
0.000000,0.190000,0.597165,0.562083
0.000000,0.200000,0.623785,0.587785
0.000000,0.210000,0.649608,0.612907
0.000000,0.220000,0.674608,0.637424
0.000000,0.230000,0.698761,0.661312
0.000000,0.240000,0.722042,0.684547
0.000000,0.250000,0.744431,0.707107
0.000000,0.260000,0.765909,0.728969
0.000000,0.270000,0.786457,0.750111
0.000000,0.280000,0.806061,0.770513
0.000000,0.290000,0.824706,0.790155
0.000000,0.300000,0.842379,0.809017
0.000000,0.310000,0.859071,0.827081
0.000000,0.320000,0.874772,0.844328
0.000000,0.330000,0.889474,0.860742
0.000000,0.340000,0.903172,0.876307
0.000000,0.350000,0.915861,0.891007
0.000000,0.360000,0.927539,0.904827
0.000000,0.370000,0.938203,0.917755
0.000000,0.380000,0.947853,0.929776
0.000000,0.390000,0.956491,0.940881
0.000000,0.400000,0.964119,0.951057
0.000000,0.410000,0.970740,0.960294
0.000000,0.420000,0.976361,0.968583
0.000000,0.430000,0.980985,0.975917
0.000000,0.440000,0.984621,0.982287
0.000000,0.450000,0.987276,0.987688
0.000000,0.460000,0.988960,0.992115
0.000000,0.470000,0.989682,0.995562
0.000000,0.480000,0.989454,0.998027
0.000000,0.490000,0.988286,0.999507
0.000000,0.500000,0.986191,1.000000
0.000000,0.510000,0.983183,0.999507
0.000000,0.520000,0.979275,0.998027
0.000000,0.530000,0.974480,0.995562
0.000000,0.540000,0.968815,0.992115
0.000000,0.550000,0.962294,0.987688
0.000000,0.560000,0.954934,0.982287
0.000000,0.570000,0.946750,0.975917
0.000000,0.580000,0.937759,0.968583
0.000000,0.590000,0.927979,0.960294
0.000000,0.600000,0.917425,0.951056
0.000000,0.610000,0.906116,0.940881
0.000000,0.620000,0.894069,0.929776
0.000000,0.630000,0.881302,0.917755
0.000000,0.640000,0.867834,0.904827
0.000000,0.650000,0.853682,0.891007
0.000000,0.660000,0.838863,0.876307
0.000000,0.670000,0.823397,0.860742
0.000000,0.680000,0.807302,0.844328
0.000000,0.690000,0.790596,0.827080
0.000000,0.700000,0.773296,0.809017
0.000000,0.710000,0.755421,0.790155
0.000000,0.720000,0.736990,0.770513
0.000000,0.730000,0.718019,0.750111
0.000000,0.740000,0.698527,0.728969
0.000000,0.750000,0.678531,0.707107
0.000000,0.760000,0.658050,0.684547
0.000000,0.770000,0.637099,0.661312
0.000000,0.780000,0.615696,0.637424
0.000000,0.790000,0.593860,0.612907
0.000000,0.800000,0.571604,0.587785
0.000000,0.810000,0.548948,0.562083
0.000000,0.820000,0.525907,0.535827
0.000000,0.830000,0.502497,0.509041
0.000000,0.840000,0.478734,0.481754
0.000000,0.850000,0.454633,0.453990
0.000000,0.860000,0.430211,0.425779
0.000000,0.870000,0.405481,0.397148
0.000000,0.880000,0.380460,0.368124
0.000000,0.890000,0.355161,0.338738
0.000000,0.900000,0.329598,0.309017
0.000000,0.910000,0.303787,0.278991
0.000000,0.920000,0.277740,0.248690
0.000000,0.930000,0.251472,0.218143
0.000000,0.940000,0.224995,0.187381
0.000000,0.950000,0.198322,0.156434
0.000000,0.960000,0.171466,0.125333
0.000000,0.970000,0.144439,0.094108
0.000000,0.980000,0.117253,0.062790
0.000000,0.990000,0.089921,0.031411
0.000000,1.000000,0.062453,-0.000000
0.010000,0.000000,-0.009203,0.000000
0.010000,0.010000,0.024330,0.031102
0.010000,0.020000,0.057967,0.062174
0.010000,0.030000,0.091644,0.093184
0.010000,0.040000,0.125299,0.124102
0.010000,0.050000,0.158871,0.154898
0.010000,0.060000,0.192300,0.185541
0.010000,0.070000,0.225531,0.216001
0.010000,0.080000,0.258507,0.246248
0.010000,0.090000,0.291174,0.276251
0.010000,0.100000,0.323483,0.305982
0.010000,0.110000,0.355383,0.335411
0.010000,0.120000,0.386828,0.364509
0.010000,0.130000,0.417772,0.393247
0.010000,0.140000,0.448174,0.421598
0.010000,0.150000,0.477992,0.449532
0.010000,0.160000,0.507188,0.477022
0.010000,0.170000,0.535726,0.504042
0.010000,0.180000,0.563571,0.530564
0.010000,0.190000,0.590690,0.556563
0.010000,0.200000,0.617054,0.582013
0.010000,0.210000,0.642634,0.606888
0.010000,0.220000,0.667403,0.631164
0.010000,0.230000,0.691337,0.654817
0.010000,0.240000,0.714413,0.677824
0.010000,0.250000,0.736610,0.700162
0.010000,0.260000,0.757909,0.721809
0.010000,0.270000,0.778292,0.742744
0.010000,0.280000,0.797743,0.762946
0.010000,0.290000,0.816248,0.782395
0.010000,0.300000,0.833796,0.801072
0.010000,0.310000,0.850374,0.818958
0.010000,0.320000,0.865974,0.836036
0.010000,0.330000,0.880589,0.852289
0.010000,0.340000,0.894212,0.867700
0.010000,0.350000,0.906837,0.882256
0.010000,0.360000,0.918463,0.895941
0.010000,0.370000,0.929086,0.908741
0.010000,0.380000,0.938708,0.920645
0.010000,0.390000,0.947327,0.931640
0.010000,0.400000,0.954948,0.941716
0.010000,0.410000,0.961572,0.950863
0.010000,0.420000,0.967204,0.959071
0.010000,0.430000,0.971850,0.966332
0.010000,0.440000,0.975517,0.972640
0.010000,0.450000,0.978211,0.977988
0.010000,0.460000,0.979943,0.982371
0.010000,0.470000,0.980720,0.985784
0.010000,0.480000,0.980555,0.988225
0.010000,0.490000,0.979458,0.989690
0.010000,0.500000,0.977441,0.990179
0.010000,0.510000,0.974516,0.989690
0.010000,0.520000,0.970698,0.988225
0.010000,0.530000,0.966000,0.985784
0.010000,0.540000,0.960435,0.982371
0.010000,0.550000,0.954022,0.977988
0.010000,0.560000,0.946773,0.972640
0.010000,0.570000,0.938705,0.966332
0.010000,0.580000,0.929834,0.959071
0.010000,0.590000,0.920178,0.950863
0.010000,0.600000,0.909752,0.941716
0.010000,0.610000,0.898575,0.931640
0.010000,0.620000,0.886662,0.920645
0.010000,0.630000,0.874033,0.908741
0.010000,0.640000,0.860705,0.895941
0.010000,0.650000,0.846695,0.882256
0.010000,0.660000,0.832021,0.867700
0.010000,0.670000,0.816702,0.852289
0.010000,0.680000,0.800755,0.836036
0.010000,0.690000,0.784199,0.818958
0.010000,0.700000,0.767050,0.801072
0.010000,0.710000,0.749328,0.782395
0.010000,0.720000,0.731050,0.762946
0.010000,0.730000,0.712233,0.742744
0.010000,0.740000,0.692896,0.721809
0.010000,0.750000,0.673055,0.700162
0.010000,0.760000,0.652729,0.677824
0.010000,0.770000,0.631934,0.654817
0.010000,0.780000,0.610687,0.631164
0.010000,0.790000,0.589005,0.606888
0.010000,0.800000,0.566906,0.582013
0.010000,0.810000,0.544405,0.556563
0.010000,0.820000,0.521518,0.530564
0.010000,0.830000,0.498261,0.504042
0.010000,0.840000,0.474652,0.477022
0.010000,0.850000,0.450703,0.449532
0.010000,0.860000,0.426432,0.421598
0.010000,0.870000,0.401854,0.393247
0.010000,0.880000,0.376982,0.364509
0.010000,0.890000,0.351831,0.335411
0.010000,0.900000,0.326416,0.305982
0.010000,0.910000,0.300751,0.276251
0.010000,0.920000,0.274848,0.246247
0.010000,0.930000,0.248723,0.216001
0.010000,0.940000,0.222388,0.185541
0.010000,0.950000,0.195855,0.154898
0.010000,0.960000,0.169138,0.124102
0.010000,0.970000,0.142248,0.093184
0.010000,0.980000,0.115198,0.062174
0.010000,0.990000,0.088000,0.031102
0.010000,1.000000,0.060664,-0.000000
0.020000,0.000000,-0.009627,0.000000
0.020000,0.010000,0.023603,0.030797
0.020000,0.020000,0.056927,0.061563
0.020000,0.030000,0.090282,0.092269
0.020000,0.040000,0.123608,0.122884
0.020000,0.050000,0.156846,0.153377
0.020000,0.060000,0.189939,0.183719
0.020000,0.070000,0.222830,0.213879
0.020000,0.080000,0.255466,0.243829
0.020000,0.090000,0.287795,0.273538
0.020000,0.100000,0.319768,0.302977
0.020000,0.110000,0.351335,0.332117
0.020000,0.120000,0.382453,0.360929
0.020000,0.130000,0.413076,0.389385
0.020000,0.140000,0.443163,0.417457
0.020000,0.150000,0.472675,0.445117
0.020000,0.160000,0.501574,0.472338
0.020000,0.170000,0.529825,0.499092
0.020000,0.180000,0.557393,0.525354
0.020000,0.190000,0.584247,0.551097
0.020000,0.200000,0.610356,0.576297
0.020000,0.210000,0.635694,0.600927
0.020000,0.220000,0.660233,0.624965
0.020000,0.230000,0.683950,0.648386
0.020000,0.240000,0.706822,0.671167
0.020000,0.250000,0.728828,0.693286
0.020000,0.260000,0.749948,0.714720
0.020000,0.270000,0.770167,0.735450
0.020000,0.280000,0.789466,0.755453
0.020000,0.290000,0.807833,0.774711
0.020000,0.300000,0.825255,0.793204
0.020000,0.310000,0.841721,0.810915
0.020000,0.320000,0.857221,0.827825
0.020000,0.330000,0.871748,0.843918
0.020000,0.340000,0.885295,0.859179
0.020000,0.350000,0.897858,0.873591
0.020000,0.360000,0.909431,0.887142
0.020000,0.370000,0.920015,0.899817
0.020000,0.380000,0.929607,0.911603
0.020000,0.390000,0.938209,0.922491
0.020000,0.400000,0.945821,0.932468
0.020000,0.410000,0.952447,0.941524
0.020000,0.420000,0.958092,0.949652
0.020000,0.430000,0.962759,0.956842
0.020000,0.440000,0.966457,0.963088
0.020000,0.450000,0.969191,0.968383
0.020000,0.460000,0.970969,0.972723
0.020000,0.470000,0.971803,0.976103
0.020000,0.480000,0.971700,0.978520
0.020000,0.490000,0.970673,0.979971
0.020000,0.500000,0.968733,0.980454
0.020000,0.510000,0.965892,0.979971
0.020000,0.520000,0.962164,0.978520
0.020000,0.530000,0.957561,0.976103
0.020000,0.540000,0.952099,0.972723
0.020000,0.550000,0.945792,0.968383
0.020000,0.560000,0.938654,0.963088
0.020000,0.570000,0.930702,0.956842
0.020000,0.580000,0.921952,0.949652
0.020000,0.590000,0.912419,0.941524
0.020000,0.600000,0.902122,0.932467
0.020000,0.610000,0.891076,0.922491
0.020000,0.620000,0.879298,0.911603
0.020000,0.630000,0.866807,0.899816
0.020000,0.640000,0.853619,0.887142
0.020000,0.650000,0.839751,0.873591
0.020000,0.660000,0.825223,0.859179
0.020000,0.670000,0.810050,0.843918
0.020000,0.680000,0.794252,0.827825
0.020000,0.690000,0.777845,0.810915
0.020000,0.700000,0.760849,0.793204
0.020000,0.710000,0.743279,0.774711
0.020000,0.720000,0.725154,0.755453
0.020000,0.730000,0.706492,0.735449
0.020000,0.740000,0.687310,0.714720
0.020000,0.750000,0.667625,0.693286
0.020000,0.760000,0.647455,0.671167
0.020000,0.770000,0.626816,0.648386
0.020000,0.780000,0.605725,0.624965
0.020000,0.790000,0.584200,0.600927
0.020000,0.800000,0.562256,0.576297
0.020000,0.810000,0.539910,0.551097
0.020000,0.820000,0.517178,0.525354
0.020000,0.830000,0.494077,0.499092
0.020000,0.840000,0.470620,0.472338
0.020000,0.850000,0.446825,0.445117
0.020000,0.860000,0.422706,0.417457
0.020000,0.870000,0.398278,0.389385
0.020000,0.880000,0.373557,0.360929
0.020000,0.890000,0.348555,0.332117
0.020000,0.900000,0.323288,0.302977
0.020000,0.910000,0.297769,0.273538
0.020000,0.920000,0.272012,0.243829
0.020000,0.930000,0.246030,0.213879
0.020000,0.940000,0.219837,0.183719
0.020000,0.950000,0.193446,0.153377
0.020000,0.960000,0.166868,0.122883
0.020000,0.970000,0.140116,0.092269
0.020000,0.980000,0.113202,0.061563
0.020000,0.990000,0.086138,0.030797
0.020000,1.000000,0.058936,-0.000000
0.030000,0.000000,-0.010007,0.000000
0.030000,0.010000,0.022916,0.030494
0.030000,0.020000,0.055922,0.060959
0.030000,0.030000,0.088953,0.091363
0.030000,0.040000,0.121948,0.121677
0.030000,0.050000,0.154851,0.151871
0.030000,0.060000,0.187605,0.181915
0.030000,0.070000,0.220155,0.211779
0.030000,0.080000,0.252451,0.241434
0.030000,0.090000,0.284442,0.270852
0.030000,0.100000,0.316078,0.300002
0.030000,0.110000,0.347314,0.328855
0.030000,0.120000,0.378104,0.357385
0.030000,0.130000,0.408407,0.385561
0.030000,0.140000,0.438181,0.413357
0.030000,0.150000,0.467388,0.440746
0.030000,0.160000,0.495991,0.467699
0.030000,0.170000,0.523956,0.494190
0.030000,0.180000,0.551248,0.520194
0.030000,0.190000,0.577838,0.545685
0.030000,0.200000,0.603695,0.570637
0.030000,0.210000,0.628792,0.595026
0.030000,0.220000,0.653102,0.618827
0.030000,0.230000,0.676604,0.642018
0.030000,0.240000,0.699273,0.664576
0.030000,0.250000,0.721088,0.686477
0.030000,0.260000,0.742032,0.707701
0.030000,0.270000,0.762086,0.728227
0.030000,0.280000,0.781234,0.748034
0.030000,0.290000,0.799464,0.767102
0.030000,0.300000,0.816760,0.785414
0.030000,0.310000,0.833114,0.802951
0.030000,0.320000,0.848515,0.819695
0.030000,0.330000,0.862954,0.835630
0.030000,0.340000,0.876427,0.850741
0.030000,0.350000,0.888926,0.865012
0.030000,0.360000,0.900448,0.878429
0.030000,0.370000,0.910991,0.890979
0.030000,0.380000,0.920555,0.902650
0.030000,0.390000,0.929138,0.913431
0.030000,0.400000,0.936742,0.923310
0.030000,0.410000,0.943371,0.932277
0.030000,0.420000,0.949027,0.940325
0.030000,0.430000,0.953716,0.947445
0.030000,0.440000,0.957443,0.953629
0.030000,0.450000,0.960216,0.958873
0.030000,0.460000,0.962042,0.963170
0.030000,0.470000,0.962930,0.966517
0.030000,0.480000,0.962890,0.968910
0.030000,0.490000,0.961933,0.970346
0.030000,0.500000,0.960071,0.970825
0.030000,0.510000,0.957313,0.970346
0.030000,0.520000,0.953674,0.968910
0.030000,0.530000,0.949167,0.966517
0.030000,0.540000,0.943806,0.963170
0.030000,0.550000,0.937604,0.958873
0.030000,0.560000,0.930579,0.953629
0.030000,0.570000,0.922742,0.947445
0.030000,0.580000,0.914112,0.940325
0.030000,0.590000,0.904704,0.932277
0.030000,0.600000,0.894534,0.923310
0.030000,0.610000,0.883620,0.913431
0.030000,0.620000,0.871977,0.902650
0.030000,0.630000,0.859623,0.890979
0.030000,0.640000,0.846575,0.878429
0.030000,0.650000,0.832850,0.865012
0.030000,0.660000,0.818467,0.850741
0.030000,0.670000,0.803442,0.835630
0.030000,0.680000,0.787792,0.819695
0.030000,0.690000,0.771536,0.802951
0.030000,0.700000,0.754691,0.785414
0.030000,0.710000,0.737274,0.767102
0.030000,0.720000,0.719304,0.748034
0.030000,0.730000,0.700796,0.728227
0.030000,0.740000,0.681770,0.707701
0.030000,0.750000,0.662241,0.686477
0.030000,0.760000,0.642227,0.664576
0.030000,0.770000,0.621744,0.642018
0.030000,0.780000,0.600810,0.618827
0.030000,0.790000,0.579441,0.595026
0.030000,0.800000,0.557654,0.570637
0.030000,0.810000,0.535464,0.545685
0.030000,0.820000,0.512888,0.520194
0.030000,0.830000,0.489941,0.494190
0.030000,0.840000,0.466639,0.467699
0.030000,0.850000,0.442997,0.440745
0.030000,0.860000,0.419031,0.413357
0.030000,0.870000,0.394755,0.385561
0.030000,0.880000,0.370183,0.357384
0.030000,0.890000,0.345331,0.328855
0.030000,0.900000,0.320212,0.300002
0.030000,0.910000,0.294841,0.270851
0.030000,0.920000,0.269230,0.241434
0.030000,0.930000,0.243393,0.211779
0.030000,0.940000,0.217343,0.181914
0.030000,0.950000,0.191093,0.151871
0.030000,0.960000,0.164655,0.121677
0.030000,0.970000,0.138041,0.091362
0.030000,0.980000,0.111264,0.060959
0.030000,0.990000,0.084335,0.030494
0.030000,1.000000,0.057266,-0.000000
0.040000,0.000000,-0.010345,0.000000
0.040000,0.010000,0.022267,0.030195
0.040000,0.020000,0.054953,0.060360
0.040000,0.030000,0.087657,0.090465
0.040000,0.040000,0.120319,0.120482
0.040000,0.050000,0.152884,0.150379
0.040000,0.060000,0.185298,0.180128
0.040000,0.070000,0.217508,0.209699
0.040000,0.080000,0.249464,0.239063
0.040000,0.090000,0.281115,0.268192
0.040000,0.100000,0.312416,0.297055
0.040000,0.110000,0.343320,0.325626
0.040000,0.120000,0.373784,0.353875
0.040000,0.130000,0.403768,0.381775
0.040000,0.140000,0.433230,0.409298
0.040000,0.150000,0.462134,0.436417
0.040000,0.160000,0.490442,0.463105
0.040000,0.170000,0.518122,0.489337
0.040000,0.180000,0.545140,0.515085
0.040000,0.190000,0.571467,0.540326
0.040000,0.200000,0.597073,0.565032
0.040000,0.210000,0.621930,0.589182
0.040000,0.220000,0.646014,0.612750
0.040000,0.230000,0.669301,0.635713
0.040000,0.240000,0.691767,0.658049
0.040000,0.250000,0.713394,0.679735
0.040000,0.260000,0.734161,0.700751
0.040000,0.270000,0.754052,0.721075
0.040000,0.280000,0.773051,0.740687
0.040000,0.290000,0.791143,0.759569
0.040000,0.300000,0.808315,0.777701
0.040000,0.310000,0.824557,0.795065
0.040000,0.320000,0.839858,0.811645
0.040000,0.330000,0.854211,0.827423
0.040000,0.340000,0.867608,0.842386
0.040000,0.350000,0.880044,0.856516
0.040000,0.360000,0.891515,0.869802
0.040000,0.370000,0.902018,0.882229
0.040000,0.380000,0.911553,0.893786
0.040000,0.390000,0.920117,0.904460
0.040000,0.400000,0.927714,0.914242
0.040000,0.410000,0.934344,0.923121
0.040000,0.420000,0.940011,0.931090
0.040000,0.430000,0.944721,0.938140
0.040000,0.440000,0.948478,0.944264
0.040000,0.450000,0.951290,0.949456
0.040000,0.460000,0.953162,0.953711
0.040000,0.470000,0.954105,0.957024
0.040000,0.480000,0.954128,0.959394
0.040000,0.490000,0.953241,0.960816
0.040000,0.500000,0.951454,0.961291
0.040000,0.510000,0.948779,0.960816
0.040000,0.520000,0.945230,0.959394
0.040000,0.530000,0.940818,0.957024
0.040000,0.540000,0.935557,0.953711
0.040000,0.550000,0.929462,0.949456
0.040000,0.560000,0.922547,0.944264
0.040000,0.570000,0.914827,0.938140
0.040000,0.580000,0.906316,0.931090
0.040000,0.590000,0.897032,0.923121
0.040000,0.600000,0.886990,0.914242
0.040000,0.610000,0.876207,0.904460
0.040000,0.620000,0.864699,0.893785
0.040000,0.630000,0.852482,0.882229
0.040000,0.640000,0.839575,0.869802
0.040000,0.650000,0.825993,0.856516
0.040000,0.660000,0.811754,0.842385
0.040000,0.670000,0.796876,0.827423
0.040000,0.680000,0.781375,0.811645
0.040000,0.690000,0.765270,0.795065
0.040000,0.700000,0.748577,0.777701
0.040000,0.710000,0.731314,0.759569
0.040000,0.720000,0.713496,0.740687
0.040000,0.730000,0.695144,0.721075
0.040000,0.740000,0.676274,0.700751
0.040000,0.750000,0.656901,0.679735
0.040000,0.760000,0.637044,0.658049
0.040000,0.770000,0.616718,0.635713
0.040000,0.780000,0.595941,0.612750
0.040000,0.790000,0.574729,0.589182
0.040000,0.800000,0.553098,0.565032
0.040000,0.810000,0.531064,0.540325
0.040000,0.820000,0.508644,0.515085
0.040000,0.830000,0.485853,0.489337
0.040000,0.840000,0.462706,0.463105
0.040000,0.850000,0.439218,0.436417
0.040000,0.860000,0.415405,0.409298
0.040000,0.870000,0.391281,0.381774
0.040000,0.880000,0.366861,0.353875
0.040000,0.890000,0.342159,0.325626
0.040000,0.900000,0.317189,0.297055
0.040000,0.910000,0.291965,0.268191
0.040000,0.920000,0.266500,0.239063
0.040000,0.930000,0.240808,0.209699
0.040000,0.940000,0.214902,0.180128
0.040000,0.950000,0.188794,0.150379
0.040000,0.960000,0.162496,0.120482
0.040000,0.970000,0.136022,0.090465
0.040000,0.980000,0.109382,0.060360
0.040000,0.990000,0.082589,0.030195
0.040000,1.000000,0.055654,-0.000000
0.050000,0.000000,-0.010641,0.000000
0.050000,0.010000,0.021656,0.029898
0.050000,0.020000,0.054020,0.059767
0.050000,0.030000,0.086393,0.089577
0.050000,0.040000,0.118721,0.119298
0.050000,0.050000,0.150948,0.148902
0.050000,0.060000,0.183021,0.178359
0.050000,0.070000,0.214890,0.207640
0.050000,0.080000,0.246505,0.236715
0.050000,0.090000,0.277818,0.265558
0.050000,0.100000,0.308783,0.294138
0.050000,0.110000,0.339357,0.322428
0.050000,0.120000,0.369497,0.350399
0.050000,0.130000,0.399162,0.378025
0.050000,0.140000,0.428313,0.405278
0.050000,0.150000,0.456914,0.432131
0.050000,0.160000,0.484930,0.458557
0.050000,0.170000,0.512327,0.484531
0.050000,0.180000,0.539073,0.510027
0.050000,0.190000,0.565138,0.535019
0.050000,0.200000,0.590494,0.559483
0.050000,0.210000,0.615113,0.583395
0.050000,0.220000,0.638971,0.606732
0.050000,0.230000,0.662044,0.629470
0.050000,0.240000,0.684310,0.651586
0.050000,0.250000,0.705749,0.673059
0.050000,0.260000,0.726341,0.693869
0.050000,0.270000,0.746069,0.713993
0.050000,0.280000,0.764919,0.733413
0.050000,0.290000,0.782874,0.752109
0.050000,0.300000,0.799922,0.770063
0.050000,0.310000,0.816053,0.787257
0.050000,0.320000,0.831255,0.803673
0.050000,0.330000,0.845521,0.819297
0.050000,0.340000,0.858843,0.834112
0.050000,0.350000,0.871217,0.848104
0.050000,0.360000,0.882636,0.861260
0.050000,0.370000,0.893099,0.873565
0.050000,0.380000,0.902604,0.885008
0.050000,0.390000,0.911149,0.895577
0.050000,0.400000,0.918737,0.905263
0.050000,0.410000,0.925369,0.914055
0.050000,0.420000,0.931048,0.921946
0.050000,0.430000,0.935778,0.928926
0.050000,0.440000,0.939564,0.934990
0.050000,0.450000,0.942413,0.940131
0.050000,0.460000,0.944333,0.944344
0.050000,0.470000,0.945330,0.947625
0.050000,0.480000,0.945414,0.949972
0.050000,0.490000,0.944596,0.951380
0.050000,0.500000,0.942885,0.951850
0.050000,0.510000,0.940293,0.951380
0.050000,0.520000,0.936832,0.949972
0.050000,0.530000,0.932515,0.947625
0.050000,0.540000,0.927355,0.944344
0.050000,0.550000,0.921365,0.940131
0.050000,0.560000,0.914560,0.934990
0.050000,0.570000,0.906955,0.928926
0.050000,0.580000,0.898564,0.921946
0.050000,0.590000,0.889404,0.914055
0.050000,0.600000,0.879490,0.905263
0.050000,0.610000,0.868837,0.895577
0.050000,0.620000,0.857463,0.885008
0.050000,0.630000,0.845385,0.873565
0.050000,0.640000,0.832617,0.861259
0.050000,0.650000,0.819178,0.848104
0.050000,0.660000,0.805084,0.834112
0.050000,0.670000,0.790353,0.819297
0.050000,0.680000,0.775001,0.803673
0.050000,0.690000,0.759046,0.787256
0.050000,0.700000,0.742505,0.770063
0.050000,0.710000,0.725395,0.752109
0.050000,0.720000,0.707733,0.733413
0.050000,0.730000,0.689536,0.713993
0.050000,0.740000,0.670821,0.693869
0.050000,0.750000,0.651605,0.673059
0.050000,0.760000,0.631904,0.651586
0.050000,0.770000,0.611736,0.629470
0.050000,0.780000,0.591116,0.606732
0.050000,0.790000,0.570061,0.583395
0.050000,0.800000,0.548588,0.559483
0.050000,0.810000,0.526711,0.535019
0.050000,0.820000,0.504447,0.510027
0.050000,0.830000,0.481812,0.484531
0.050000,0.840000,0.458820,0.458557
0.050000,0.850000,0.435486,0.432131
0.050000,0.860000,0.411827,0.405278
0.050000,0.870000,0.387855,0.378025
0.050000,0.880000,0.363587,0.350399
0.050000,0.890000,0.339036,0.322428
0.050000,0.900000,0.314215,0.294138
0.050000,0.910000,0.289140,0.265557
0.050000,0.920000,0.263822,0.236715
0.050000,0.930000,0.238276,0.207640
0.050000,0.940000,0.212513,0.178359
0.050000,0.950000,0.186548,0.148902
0.050000,0.960000,0.160392,0.119298
0.050000,0.970000,0.134056,0.089577
0.050000,0.980000,0.107555,0.059767
0.050000,0.990000,0.080898,0.029898
0.050000,1.000000,0.054097,-0.000000
0.060000,0.000000,-0.010898,0.000000
0.060000,0.010000,0.021082,0.029605
0.060000,0.020000,0.053120,0.059180
0.060000,0.030000,0.085163,0.088697
0.060000,0.040000,0.117154,0.118127
0.060000,0.050000,0.149042,0.147440
0.060000,0.060000,0.180774,0.176607
0.060000,0.070000,0.212302,0.205600
0.060000,0.080000,0.243576,0.234391
0.060000,0.090000,0.274551,0.262950
0.060000,0.100000,0.305182,0.291249
0.060000,0.110000,0.335426,0.319261
0.060000,0.120000,0.365242,0.346958
0.060000,0.130000,0.394590,0.374313
0.060000,0.140000,0.423433,0.401298
0.060000,0.150000,0.451733,0.427887
0.060000,0.160000,0.479458,0.454054
0.060000,0.170000,0.506573,0.479772
0.060000,0.180000,0.533048,0.505018
0.060000,0.190000,0.558853,0.529764
0.060000,0.200000,0.583960,0.553989
0.060000,0.210000,0.608343,0.577666
0.060000,0.220000,0.631977,0.600773
0.060000,0.230000,0.654837,0.623288
0.060000,0.240000,0.676904,0.645187
0.060000,0.250000,0.698156,0.666449
0.060000,0.260000,0.718573,0.687054
0.060000,0.270000,0.738141,0.706981
0.060000,0.280000,0.756841,0.726210
0.060000,0.290000,0.774660,0.744722
0.060000,0.300000,0.791585,0.762500
0.060000,0.310000,0.807604,0.779525
0.060000,0.320000,0.822708,0.795780
0.060000,0.330000,0.836887,0.811251
0.060000,0.340000,0.850135,0.825920
0.060000,0.350000,0.862445,0.839775
0.060000,0.360000,0.873812,0.852801
0.060000,0.370000,0.884235,0.864985
0.060000,0.380000,0.893710,0.876316
0.060000,0.390000,0.902236,0.886782
0.060000,0.400000,0.909815,0.896372
0.060000,0.410000,0.916448,0.905078
0.060000,0.420000,0.922137,0.912891
0.060000,0.430000,0.926887,0.919803
0.060000,0.440000,0.930702,0.925807
0.060000,0.450000,0.933589,0.930898
0.060000,0.460000,0.935554,0.935070
0.060000,0.470000,0.936605,0.938319
0.060000,0.480000,0.936751,0.940642
0.060000,0.490000,0.936001,0.942037
0.060000,0.500000,0.934365,0.942502
0.060000,0.510000,0.931856,0.942037
0.060000,0.520000,0.928483,0.940642
0.060000,0.530000,0.924260,0.938319
0.060000,0.540000,0.919199,0.935070
0.060000,0.550000,0.913314,0.930898
0.060000,0.560000,0.906620,0.925807
0.060000,0.570000,0.899129,0.919803
0.060000,0.580000,0.890858,0.912891
0.060000,0.590000,0.881821,0.905078
0.060000,0.600000,0.872034,0.896372
0.060000,0.610000,0.861512,0.886782
0.060000,0.620000,0.850272,0.876316
0.060000,0.630000,0.838330,0.864985
0.060000,0.640000,0.825703,0.852801
0.060000,0.650000,0.812406,0.839775
0.060000,0.660000,0.798458,0.825920
0.060000,0.670000,0.783873,0.811251
0.060000,0.680000,0.768671,0.795780
0.060000,0.690000,0.752866,0.779525
0.060000,0.700000,0.736477,0.762500
0.060000,0.710000,0.719521,0.744722
0.060000,0.720000,0.702013,0.726210
0.060000,0.730000,0.683971,0.706981
0.060000,0.740000,0.665412,0.687054
0.060000,0.750000,0.646353,0.666449
0.060000,0.760000,0.626809,0.645187
0.060000,0.770000,0.606798,0.623287
0.060000,0.780000,0.586336,0.600773
0.060000,0.790000,0.565439,0.577666
0.060000,0.800000,0.544122,0.553988
0.060000,0.810000,0.522403,0.529764
0.060000,0.820000,0.500296,0.505018
0.060000,0.830000,0.477816,0.479772
0.060000,0.840000,0.454980,0.454054
0.060000,0.850000,0.431802,0.427887
0.060000,0.860000,0.408296,0.401298
0.060000,0.870000,0.384478,0.374312
0.060000,0.880000,0.360362,0.346958
0.060000,0.890000,0.335962,0.319261
0.060000,0.900000,0.311291,0.291249
0.060000,0.910000,0.286364,0.262949
0.060000,0.920000,0.261194,0.234390
0.060000,0.930000,0.235793,0.205600
0.060000,0.940000,0.210176,0.176607
0.060000,0.950000,0.184353,0.147440
0.060000,0.960000,0.158338,0.118127
0.060000,0.970000,0.132143,0.088697
0.060000,0.980000,0.105780,0.059180
0.060000,0.990000,0.079260,0.029605
0.060000,1.000000,0.052594,-0.000000
0.070000,0.000000,-0.011116,0.000000
0.070000,0.010000,0.020544,0.029314
0.070000,0.020000,0.052256,0.058599
0.070000,0.030000,0.083965,0.087826
0.070000,0.040000,0.115619,0.116967
0.070000,0.050000,0.147167,0.145992
0.070000,0.060000,0.178558,0.174873
0.070000,0.070000,0.209744,0.203581
0.070000,0.080000,0.240679,0.232089
0.070000,0.090000,0.271317,0.260367
0.070000,0.100000,0.301615,0.288389
0.070000,0.110000,0.331531,0.316126
0.070000,0.120000,0.361024,0.343550
0.070000,0.130000,0.390057,0.370636
0.070000,0.140000,0.418592,0.397356
0.070000,0.150000,0.446593,0.423685
0.070000,0.160000,0.474028,0.449594
0.070000,0.170000,0.500863,0.475060
0.070000,0.180000,0.527069,0.500058
0.070000,0.190000,0.552616,0.524562
0.070000,0.200000,0.577476,0.548548
0.070000,0.210000,0.601623,0.571993
0.070000,0.220000,0.625034,0.594873
0.070000,0.230000,0.647684,0.617166
0.070000,0.240000,0.669552,0.638850
0.070000,0.250000,0.690617,0.659904
0.070000,0.260000,0.710862,0.680306
0.070000,0.270000,0.730268,0.700038
0.070000,0.280000,0.748821,0.719078
0.070000,0.290000,0.766504,0.737408
0.070000,0.300000,0.783306,0.755011
0.070000,0.310000,0.799215,0.771869
0.070000,0.320000,0.814219,0.787965
0.070000,0.330000,0.828312,0.803283
0.070000,0.340000,0.841485,0.817809
0.070000,0.350000,0.853732,0.831528
0.070000,0.360000,0.865048,0.844426
0.070000,0.370000,0.875429,0.856490
0.070000,0.380000,0.884874,0.867709
0.070000,0.390000,0.893381,0.878073
0.070000,0.400000,0.900950,0.887569
0.070000,0.410000,0.907583,0.896190
0.070000,0.420000,0.913282,0.903926
0.070000,0.430000,0.918052,0.910770
0.070000,0.440000,0.921895,0.916715
0.070000,0.450000,0.924819,0.921755
0.070000,0.460000,0.926829,0.925886
0.070000,0.470000,0.927932,0.929103
0.070000,0.480000,0.928139,0.931404
0.070000,0.490000,0.927457,0.932785
0.070000,0.500000,0.925895,0.933245
0.070000,0.510000,0.923467,0.932785
0.070000,0.520000,0.920182,0.931404
0.070000,0.530000,0.916052,0.929103
0.070000,0.540000,0.911091,0.925886
0.070000,0.550000,0.905311,0.921755
0.070000,0.560000,0.898726,0.916715
0.070000,0.570000,0.891349,0.910770
0.070000,0.580000,0.883197,0.903926
0.070000,0.590000,0.874283,0.896190
0.070000,0.600000,0.864622,0.887569
0.070000,0.610000,0.854231,0.878073
0.070000,0.620000,0.843125,0.867709
0.070000,0.630000,0.831319,0.856490
0.070000,0.640000,0.818832,0.844425
0.070000,0.650000,0.805678,0.831528
0.070000,0.660000,0.791874,0.817809
0.070000,0.670000,0.777436,0.803283
0.070000,0.680000,0.762382,0.787965
0.070000,0.690000,0.746728,0.771869
0.070000,0.700000,0.730491,0.755011
0.070000,0.710000,0.713687,0.737408
0.070000,0.720000,0.696334,0.719078
0.070000,0.730000,0.678448,0.700037
0.070000,0.740000,0.660045,0.680306
0.070000,0.750000,0.641143,0.659904
0.070000,0.760000,0.621756,0.638850
0.070000,0.770000,0.601903,0.617166
0.070000,0.780000,0.581599,0.594873
0.070000,0.790000,0.560859,0.571993
0.070000,0.800000,0.539700,0.548548
0.070000,0.810000,0.518138,0.524562
0.070000,0.820000,0.496188,0.500058
0.070000,0.830000,0.473865,0.475060
0.070000,0.840000,0.451185,0.449594
0.070000,0.850000,0.428162,0.423684
0.070000,0.860000,0.404811,0.397356
0.070000,0.870000,0.381146,0.370636
0.070000,0.880000,0.357183,0.343550
0.070000,0.890000,0.332934,0.316126
0.070000,0.900000,0.308414,0.288389
0.070000,0.910000,0.283636,0.260367
0.070000,0.920000,0.258613,0.232088
0.070000,0.930000,0.233360,0.203581
0.070000,0.940000,0.207887,0.174873
0.070000,0.950000,0.182208,0.145992
0.070000,0.960000,0.156336,0.116967
0.070000,0.970000,0.130281,0.087826
0.070000,0.980000,0.104057,0.058599
0.070000,0.990000,0.077674,0.029314
0.070000,1.000000,0.051144,-0.000000
0.080000,0.000000,-0.011296,0.000000
0.080000,0.010000,0.020042,0.029026
0.080000,0.020000,0.051424,0.058023
0.080000,0.030000,0.082800,0.086964
0.080000,0.040000,0.114116,0.115818
0.080000,0.050000,0.145324,0.144558
0.080000,0.060000,0.176374,0.173155
0.080000,0.070000,0.207219,0.201582
0.080000,0.080000,0.237815,0.229809
0.080000,0.090000,0.268117,0.257810
0.080000,0.100000,0.298083,0.285556
0.080000,0.110000,0.327671,0.313021
0.080000,0.120000,0.356844,0.340176
0.080000,0.130000,0.385563,0.366996
0.080000,0.140000,0.413792,0.393454
0.080000,0.150000,0.441496,0.419524
0.080000,0.160000,0.468642,0.445179
0.080000,0.170000,0.495200,0.470395
0.080000,0.180000,0.521138,0.495147
0.080000,0.190000,0.546428,0.519410
0.080000,0.200000,0.571043,0.543160
0.080000,0.210000,0.594957,0.566375
0.080000,0.220000,0.618145,0.589031
0.080000,0.230000,0.640586,0.611105
0.080000,0.240000,0.662256,0.632576
0.080000,0.250000,0.683137,0.653423
0.080000,0.260000,0.703209,0.673625
0.080000,0.270000,0.722455,0.693163
0.080000,0.280000,0.740860,0.712016
0.080000,0.290000,0.758408,0.730166
0.080000,0.300000,0.775088,0.747596
0.080000,0.310000,0.790886,0.764288
0.080000,0.320000,0.805792,0.780226
0.080000,0.330000,0.819798,0.795394
0.080000,0.340000,0.832896,0.809777
0.080000,0.350000,0.845080,0.823361
0.080000,0.360000,0.856343,0.836132
0.080000,0.370000,0.866683,0.848079
0.080000,0.380000,0.876097,0.859188
0.080000,0.390000,0.884584,0.869449
0.080000,0.400000,0.892143,0.878852
0.080000,0.410000,0.898777,0.887388
0.080000,0.420000,0.904485,0.895048
0.080000,0.430000,0.909273,0.901825
0.080000,0.440000,0.913144,0.907712
0.080000,0.450000,0.916103,0.912703
0.080000,0.460000,0.918157,0.916793
0.080000,0.470000,0.919314,0.919979
0.080000,0.480000,0.919580,0.922256
0.080000,0.490000,0.918965,0.923624
0.080000,0.500000,0.917477,0.924080
0.080000,0.510000,0.915130,0.923624
0.080000,0.520000,0.911931,0.922256
0.080000,0.530000,0.907895,0.919979
0.080000,0.540000,0.903031,0.916793
0.080000,0.550000,0.897355,0.912703
0.080000,0.560000,0.890879,0.907712
0.080000,0.570000,0.883616,0.901825
0.080000,0.580000,0.875582,0.895048
0.080000,0.590000,0.866790,0.887388
0.080000,0.600000,0.857256,0.878852
0.080000,0.610000,0.846995,0.869449
0.080000,0.620000,0.836021,0.859188
0.080000,0.630000,0.824353,0.848078
0.080000,0.640000,0.812004,0.836132
0.080000,0.650000,0.798992,0.823361
0.080000,0.660000,0.785332,0.809777
0.080000,0.670000,0.771041,0.795394
0.080000,0.680000,0.756136,0.780226
0.080000,0.690000,0.740632,0.764288
0.080000,0.700000,0.724547,0.747596
0.080000,0.710000,0.707897,0.730166
0.080000,0.720000,0.690698,0.712016
0.080000,0.730000,0.672967,0.693162
0.080000,0.740000,0.654721,0.673625
0.080000,0.750000,0.635975,0.653423
0.080000,0.760000,0.616746,0.632576
0.080000,0.770000,0.597050,0.611105
0.080000,0.780000,0.576904,0.589031
0.080000,0.790000,0.556322,0.566375
0.080000,0.800000,0.535321,0.543160
0.080000,0.810000,0.513916,0.519410
0.080000,0.820000,0.492124,0.495147
0.080000,0.830000,0.469958,0.470395
0.080000,0.840000,0.447433,0.445179
0.080000,0.850000,0.424566,0.419523
0.080000,0.860000,0.401370,0.393454
0.080000,0.870000,0.377859,0.366996
0.080000,0.880000,0.354049,0.340176
0.080000,0.890000,0.329952,0.313021
0.080000,0.900000,0.305583,0.285556
0.080000,0.910000,0.280954,0.257810
0.080000,0.920000,0.256080,0.229809
0.080000,0.930000,0.230973,0.201582
0.080000,0.940000,0.205646,0.173155
0.080000,0.950000,0.180111,0.144558
0.080000,0.960000,0.154381,0.115818
0.080000,0.970000,0.128468,0.086963
0.080000,0.980000,0.102383,0.058023
0.080000,0.990000,0.076138,0.029026
0.080000,1.000000,0.049744,-0.000000
0.090000,0.000000,-0.011440,0.000000
0.090000,0.010000,0.019574,0.028741
0.090000,0.020000,0.050627,0.057454
0.090000,0.030000,0.081667,0.086110
0.090000,0.040000,0.112645,0.114680
0.090000,0.050000,0.143512,0.143138
0.090000,0.060000,0.174222,0.171455
0.090000,0.070000,0.204727,0.199602
0.090000,0.080000,0.234985,0.227552
0.090000,0.090000,0.264952,0.255278
0.090000,0.100000,0.294587,0.282752
0.090000,0.110000,0.323850,0.309947
0.090000,0.120000,0.352704,0.336836
0.090000,0.130000,0.381110,0.363392
0.090000,0.140000,0.409035,0.389590
0.090000,0.150000,0.436444,0.415403
0.090000,0.160000,0.463304,0.440807
0.090000,0.170000,0.489586,0.465775
0.090000,0.180000,0.515258,0.490284
0.090000,0.190000,0.540293,0.514309
0.090000,0.200000,0.564664,0.537826
0.090000,0.210000,0.588345,0.560813
0.090000,0.220000,0.611314,0.583246
0.090000,0.230000,0.633546,0.605103
0.090000,0.240000,0.655020,0.626364
0.090000,0.250000,0.675717,0.647006
0.090000,0.260000,0.695617,0.667009
0.090000,0.270000,0.714704,0.686355
0.090000,0.280000,0.732962,0.705023
0.090000,0.290000,0.750375,0.722995
0.090000,0.300000,0.766932,0.740254
0.090000,0.310000,0.782620,0.756782
0.090000,0.320000,0.797428,0.772564
0.090000,0.330000,0.811347,0.787583
0.090000,0.340000,0.824370,0.801824
0.090000,0.350000,0.836489,0.815275
0.090000,0.360000,0.847701,0.827921
0.090000,0.370000,0.857999,0.839750
0.090000,0.380000,0.867382,0.850750
0.090000,0.390000,0.875849,0.860910
0.090000,0.400000,0.883398,0.870221
0.090000,0.410000,0.890030,0.878673
0.090000,0.420000,0.895747,0.886258
0.090000,0.430000,0.900553,0.892968
0.090000,0.440000,0.904450,0.898797
0.090000,0.450000,0.907445,0.903739
0.090000,0.460000,0.909542,0.907789
0.090000,0.470000,0.910750,0.910944
0.090000,0.480000,0.911075,0.913199
0.090000,0.490000,0.910526,0.914553
0.090000,0.500000,0.909112,0.915004
0.090000,0.510000,0.906843,0.914553
0.090000,0.520000,0.903731,0.913199
0.090000,0.530000,0.899787,0.910944
0.090000,0.540000,0.895021,0.907789
0.090000,0.550000,0.889448,0.903739
0.090000,0.560000,0.883080,0.898797
0.090000,0.570000,0.875930,0.892968
0.090000,0.580000,0.868013,0.886258
0.090000,0.590000,0.859343,0.878673
0.090000,0.600000,0.849934,0.870221
0.090000,0.610000,0.839802,0.860910
0.090000,0.620000,0.828962,0.850749
0.090000,0.630000,0.817429,0.839749
0.090000,0.640000,0.805220,0.827921
0.090000,0.650000,0.792349,0.815275
0.090000,0.660000,0.778833,0.801824
0.090000,0.670000,0.764688,0.787583
0.090000,0.680000,0.749931,0.772564
0.090000,0.690000,0.734577,0.756782
0.090000,0.700000,0.718644,0.740254
0.090000,0.710000,0.702147,0.722995
0.090000,0.720000,0.685102,0.705023
0.090000,0.730000,0.667527,0.686355
0.090000,0.740000,0.649436,0.667009
0.090000,0.750000,0.630848,0.647006
0.090000,0.760000,0.611776,0.626364
0.090000,0.770000,0.592238,0.605103
0.090000,0.780000,0.572249,0.583246
0.090000,0.790000,0.551826,0.560813
0.090000,0.800000,0.530983,0.537826
0.090000,0.810000,0.509736,0.514309
0.090000,0.820000,0.488101,0.490284
0.090000,0.830000,0.466092,0.465775
0.090000,0.840000,0.443724,0.440807
0.090000,0.850000,0.421013,0.415403
0.090000,0.860000,0.397972,0.389590
0.090000,0.870000,0.374615,0.363392
0.090000,0.880000,0.350958,0.336835
0.090000,0.890000,0.327014,0.309947
0.090000,0.900000,0.302796,0.282752
0.090000,0.910000,0.278317,0.255278
0.090000,0.920000,0.253591,0.227552
0.090000,0.930000,0.228632,0.199602
0.090000,0.940000,0.203451,0.171455
0.090000,0.950000,0.178061,0.143138
0.090000,0.960000,0.152474,0.114680
0.090000,0.970000,0.126702,0.086109
0.090000,0.980000,0.100756,0.057454
0.090000,0.990000,0.074650,0.028741
0.090000,1.000000,0.048392,-0.000000
0.100000,0.000000,-0.011549,0.000000
0.100000,0.010000,0.019140,0.028459
0.100000,0.020000,0.049862,0.056889
0.100000,0.030000,0.080567,0.085264
0.100000,0.040000,0.111207,0.113554
0.100000,0.050000,0.141734,0.141732
0.100000,0.060000,0.172103,0.169771
0.100000,0.070000,0.202269,0.197642
0.100000,0.080000,0.232190,0.225318
0.100000,0.090000,0.261824,0.252771
0.100000,0.100000,0.291130,0.279975
0.100000,0.110000,0.320069,0.306903
0.100000,0.120000,0.348605,0.333528
0.100000,0.130000,0.376702,0.359823
0.100000,0.140000,0.404324,0.385764
0.100000,0.150000,0.431440,0.411324
0.100000,0.160000,0.458016,0.436478
0.100000,0.170000,0.484023,0.461201
0.100000,0.180000,0.509431,0.485469
0.100000,0.190000,0.534212,0.509258
0.100000,0.200000,0.558342,0.532544
0.100000,0.210000,0.581792,0.555305
0.100000,0.220000,0.604541,0.577518
0.100000,0.230000,0.626566,0.599161
0.100000,0.240000,0.647845,0.620212
0.100000,0.250000,0.668359,0.640652
0.100000,0.260000,0.688088,0.660459
0.100000,0.270000,0.707017,0.679614
0.100000,0.280000,0.725128,0.698099
0.100000,0.290000,0.742408,0.715895
0.100000,0.300000,0.758842,0.732984
0.100000,0.310000,0.774419,0.749350
0.100000,0.320000,0.789129,0.764976
0.100000,0.330000,0.802962,0.779848
0.100000,0.340000,0.815909,0.793950
0.100000,0.350000,0.827965,0.807268
0.100000,0.360000,0.839123,0.819790
0.100000,0.370000,0.849379,0.831502
0.100000,0.380000,0.858731,0.842394
0.100000,0.390000,0.867176,0.852455
0.100000,0.400000,0.874713,0.861674
0.100000,0.410000,0.881344,0.870043
0.100000,0.420000,0.887070,0.877554
0.100000,0.430000,0.891892,0.884198
0.100000,0.440000,0.895815,0.889970
0.100000,0.450000,0.898844,0.894863
0.100000,0.460000,0.900984,0.898874
0.100000,0.470000,0.902242,0.901997
0.100000,0.480000,0.902625,0.904230
0.100000,0.490000,0.902141,0.905571
0.100000,0.500000,0.900800,0.906018
0.100000,0.510000,0.898610,0.905571
0.100000,0.520000,0.895583,0.904230
0.100000,0.530000,0.891729,0.901997
0.100000,0.540000,0.887061,0.898874
0.100000,0.550000,0.881590,0.894863
0.100000,0.560000,0.875329,0.889970
0.100000,0.570000,0.868291,0.884198
0.100000,0.580000,0.860491,0.877554
0.100000,0.590000,0.851942,0.870043
0.100000,0.600000,0.842658,0.861674
0.100000,0.610000,0.832654,0.852455
0.100000,0.620000,0.821947,0.842394
0.100000,0.630000,0.810549,0.831502
0.100000,0.640000,0.798478,0.819790
0.100000,0.650000,0.785748,0.807268
0.100000,0.660000,0.772376,0.793950
0.100000,0.670000,0.758377,0.779848
0.100000,0.680000,0.743768,0.764976
0.100000,0.690000,0.728564,0.749350
0.100000,0.700000,0.712782,0.732984
0.100000,0.710000,0.696438,0.715895
0.100000,0.720000,0.679547,0.698099
0.100000,0.730000,0.662127,0.679614
0.100000,0.740000,0.644193,0.660459
0.100000,0.750000,0.625760,0.640652
0.100000,0.760000,0.606846,0.620212
0.100000,0.770000,0.587466,0.599160
0.100000,0.780000,0.567636,0.577518
0.100000,0.790000,0.547370,0.555305
0.100000,0.800000,0.526685,0.532544
0.100000,0.810000,0.505597,0.509258
0.100000,0.820000,0.484119,0.485469
0.100000,0.830000,0.462267,0.461201
0.100000,0.840000,0.440057,0.436478
0.100000,0.850000,0.417501,0.411323
0.100000,0.860000,0.394615,0.385764
0.100000,0.870000,0.371413,0.359823
0.100000,0.880000,0.347910,0.333527
0.100000,0.890000,0.324118,0.306903
0.100000,0.900000,0.300051,0.279975
0.100000,0.910000,0.275723,0.252771
0.100000,0.920000,0.251146,0.225317
0.100000,0.930000,0.226335,0.197642
0.100000,0.940000,0.201300,0.169771
0.100000,0.950000,0.176055,0.141732
0.100000,0.960000,0.150611,0.113554
0.100000,0.970000,0.124981,0.085264
0.100000,0.980000,0.099177,0.056889
0.100000,0.990000,0.073209,0.028459
0.100000,1.000000,0.047088,-0.000000
0.110000,0.000000,-0.011623,0.000000
0.110000,0.010000,0.018739,0.028179
0.110000,0.020000,0.049129,0.056331
0.110000,0.030000,0.079499,0.084426
0.110000,0.040000,0.109801,0.112439
0.110000,0.050000,0.139989,0.140340
0.110000,0.060000,0.170018,0.168104
0.110000,0.070000,0.199847,0.195701
0.110000,0.080000,0.229432,0.223105
0.110000,0.090000,0.258733,0.250289
0.110000,0.100000,0.287712,0.277225
0.110000,0.110000,0.316329,0.303889
0.110000,0.120000,0.344550,0.330252
0.110000,0.130000,0.372339,0.356289
0.110000,0.140000,0.399661,0.381975
0.110000,0.150000,0.426485,0.407284
0.110000,0.160000,0.452779,0.432191
0.110000,0.170000,0.478513,0.456671
0.110000,0.180000,0.503659,0.480701
0.110000,0.190000,0.528189,0.504256
0.110000,0.200000,0.552077,0.527314
0.110000,0.210000,0.575299,0.549851
0.110000,0.220000,0.597830,0.571846
0.110000,0.230000,0.619649,0.593276
0.110000,0.240000,0.640734,0.614121
0.110000,0.250000,0.661066,0.634360
0.110000,0.260000,0.680625,0.653972
0.110000,0.270000,0.699396,0.672940
0.110000,0.280000,0.717361,0.691243
0.110000,0.290000,0.734507,0.708864
0.110000,0.300000,0.750820,0.725785
0.110000,0.310000,0.766287,0.741991
0.110000,0.320000,0.780898,0.757463
0.110000,0.330000,0.794644,0.772189
0.110000,0.340000,0.807516,0.786152
0.110000,0.350000,0.819507,0.799340
0.110000,0.360000,0.830612,0.811738
0.110000,0.370000,0.840825,0.823336
0.110000,0.380000,0.850145,0.834121
0.110000,0.390000,0.858568,0.844083
0.110000,0.400000,0.866093,0.853212
0.110000,0.410000,0.872722,0.861499
0.110000,0.420000,0.878454,0.868935
0.110000,0.430000,0.883292,0.875515
0.110000,0.440000,0.887241,0.881230
0.110000,0.450000,0.890303,0.886075
0.110000,0.460000,0.892485,0.890046
0.110000,0.470000,0.893792,0.893139
0.110000,0.480000,0.894232,0.895350
0.110000,0.490000,0.893812,0.896677
0.110000,0.500000,0.892542,0.897120
0.110000,0.510000,0.890430,0.896677
0.110000,0.520000,0.887487,0.895350
0.110000,0.530000,0.883723,0.893139
0.110000,0.540000,0.879151,0.890046
0.110000,0.550000,0.873781,0.886075
0.110000,0.560000,0.867626,0.881230
0.110000,0.570000,0.860701,0.875514
0.110000,0.580000,0.853016,0.868935
0.110000,0.590000,0.844587,0.861499
0.110000,0.600000,0.835428,0.853212
0.110000,0.610000,0.825552,0.844083
0.110000,0.620000,0.814976,0.834121
0.110000,0.630000,0.803713,0.823336
0.110000,0.640000,0.791780,0.811738
0.110000,0.650000,0.779190,0.799340
0.110000,0.660000,0.765961,0.786152
0.110000,0.670000,0.752107,0.772189
0.110000,0.680000,0.737646,0.757463
0.110000,0.690000,0.722591,0.741990
0.110000,0.700000,0.706960,0.725785
0.110000,0.710000,0.690768,0.708864
0.110000,0.720000,0.674032,0.691243
0.110000,0.730000,0.656766,0.672940
0.110000,0.740000,0.638988,0.653972
0.110000,0.750000,0.620713,0.634360
0.110000,0.760000,0.601956,0.614121
0.110000,0.770000,0.582734,0.593276
0.110000,0.780000,0.563061,0.571846
0.110000,0.790000,0.542954,0.549851
0.110000,0.800000,0.522427,0.527314
0.110000,0.810000,0.501496,0.504256
0.110000,0.820000,0.480176,0.480701
0.110000,0.830000,0.458482,0.456671
0.110000,0.840000,0.436428,0.432191
0.110000,0.850000,0.414029,0.407284
0.110000,0.860000,0.391299,0.381975
0.110000,0.870000,0.368252,0.356289
0.110000,0.880000,0.344902,0.330252
0.110000,0.890000,0.321263,0.303889
0.110000,0.900000,0.297348,0.277225
0.110000,0.910000,0.273171,0.250288
0.110000,0.920000,0.248744,0.223104
0.110000,0.930000,0.224080,0.195701
0.110000,0.940000,0.199192,0.168104
0.110000,0.950000,0.174092,0.140340
0.110000,0.960000,0.148793,0.112439
0.110000,0.970000,0.123305,0.084426
0.110000,0.980000,0.097641,0.056331
0.110000,0.990000,0.071812,0.028179
0.110000,1.000000,0.045829,-0.000000
0.120000,0.000000,-0.011664,0.000000
0.120000,0.010000,0.018371,0.027902
0.120000,0.020000,0.048429,0.055777
0.120000,0.030000,0.078463,0.083597
0.120000,0.040000,0.108427,0.111335
0.120000,0.050000,0.138276,0.138962
0.120000,0.060000,0.167968,0.166453
0.120000,0.070000,0.197460,0.193779
0.120000,0.080000,0.226711,0.220914
0.120000,0.090000,0.255682,0.247830
0.120000,0.100000,0.284335,0.274503
0.120000,0.110000,0.312633,0.300904
0.120000,0.120000,0.340540,0.327008
0.120000,0.130000,0.368022,0.352790
0.120000,0.140000,0.395047,0.378224
0.120000,0.150000,0.421581,0.403284
0.120000,0.160000,0.447595,0.427946
0.120000,0.170000,0.473058,0.452186
0.120000,0.180000,0.497944,0.475980
0.120000,0.190000,0.522224,0.499304
0.120000,0.200000,0.545874,0.522135
0.120000,0.210000,0.568867,0.544451
0.120000,0.220000,0.591182,0.566230
0.120000,0.230000,0.612796,0.587450
0.120000,0.240000,0.633688,0.608090
0.120000,0.250000,0.653839,0.628130
0.120000,0.260000,0.673230,0.647550
0.120000,0.270000,0.691843,0.666331
0.120000,0.280000,0.709663,0.684454
0.120000,0.290000,0.726675,0.701902
0.120000,0.300000,0.742866,0.718657
0.120000,0.310000,0.758223,0.734703
0.120000,0.320000,0.772736,0.750024
0.120000,0.330000,0.786395,0.764605
0.120000,0.340000,0.799191,0.778431
0.120000,0.350000,0.811117,0.791489
0.120000,0.360000,0.822169,0.803766
0.120000,0.370000,0.832339,0.815250
0.120000,0.380000,0.841626,0.825929
0.120000,0.390000,0.850026,0.835793
0.120000,0.400000,0.857538,0.844832
0.120000,0.410000,0.864164,0.853038
0.120000,0.420000,0.869902,0.860401
0.120000,0.430000,0.874756,0.866916
0.120000,0.440000,0.878728,0.872575
0.120000,0.450000,0.881823,0.877373
0.120000,0.460000,0.884045,0.881305
0.120000,0.470000,0.885400,0.884367
0.120000,0.480000,0.885896,0.886556
0.120000,0.490000,0.885539,0.887871
0.120000,0.500000,0.884339,0.888309
0.120000,0.510000,0.882304,0.887871
0.120000,0.520000,0.879444,0.886556
0.120000,0.530000,0.875770,0.884367
0.120000,0.540000,0.871292,0.881305
0.120000,0.550000,0.866023,0.877373
0.120000,0.560000,0.859974,0.872575
0.120000,0.570000,0.853158,0.866916
0.120000,0.580000,0.845589,0.860401
0.120000,0.590000,0.837279,0.853038
0.120000,0.600000,0.828243,0.844832
0.120000,0.610000,0.818494,0.835793
0.120000,0.620000,0.808049,0.825929
0.120000,0.630000,0.796920,0.815250
0.120000,0.640000,0.785123,0.803766
0.120000,0.650000,0.772674,0.791489
0.120000,0.660000,0.759588,0.778431
0.120000,0.670000,0.745879,0.764605
0.120000,0.680000,0.731564,0.750024
0.120000,0.690000,0.716659,0.734703
0.120000,0.700000,0.701178,0.718657
0.120000,0.710000,0.685139,0.701902
0.120000,0.720000,0.668555,0.684454
0.120000,0.730000,0.651445,0.666331
0.120000,0.740000,0.633822,0.647550
0.120000,0.750000,0.615704,0.628130
0.120000,0.760000,0.597104,0.608090
0.120000,0.770000,0.578039,0.587449
0.120000,0.780000,0.558525,0.566230
0.120000,0.790000,0.538575,0.544451
0.120000,0.800000,0.518207,0.522135
0.120000,0.810000,0.497434,0.499304
0.120000,0.820000,0.476272,0.475980
0.120000,0.830000,0.454735,0.452186
0.120000,0.840000,0.432838,0.427946
0.120000,0.850000,0.410595,0.403284
0.120000,0.860000,0.388021,0.378224
0.120000,0.870000,0.365129,0.352790
0.120000,0.880000,0.341934,0.327008
0.120000,0.890000,0.318448,0.300904
0.120000,0.900000,0.294685,0.274503
0.120000,0.910000,0.270659,0.247830
0.120000,0.920000,0.246382,0.220913
0.120000,0.930000,0.221866,0.193779
0.120000,0.940000,0.197126,0.166453
0.120000,0.950000,0.172171,0.138962
0.120000,0.960000,0.147016,0.111335
0.120000,0.970000,0.121671,0.083597
0.120000,0.980000,0.096148,0.055777
0.120000,0.990000,0.070459,0.027902
0.120000,1.000000,0.044614,-0.000000
0.130000,0.000000,-0.011673,0.000000
0.130000,0.010000,0.018035,0.027628
0.130000,0.020000,0.047761,0.055230
0.130000,0.030000,0.077459,0.082776
0.130000,0.040000,0.107086,0.110241
0.130000,0.050000,0.136598,0.137597
0.130000,0.060000,0.165952,0.164818
0.130000,0.070000,0.195109,0.191876
0.130000,0.080000,0.224028,0.218744
0.130000,0.090000,0.252670,0.245396
0.130000,0.100000,0.281000,0.271807
0.130000,0.110000,0.308980,0.297949
0.130000,0.120000,0.336576,0.323797
0.130000,0.130000,0.363755,0.349325
0.130000,0.140000,0.390483,0.374509
0.130000,0.150000,0.416730,0.399323
0.130000,0.160000,0.442465,0.423743
0.130000,0.170000,0.467660,0.447745
0.130000,0.180000,0.492287,0.471305
0.130000,0.190000,0.516320,0.494400
0.130000,0.200000,0.539732,0.517007
0.130000,0.210000,0.562500,0.539104
0.130000,0.220000,0.584600,0.560669
0.130000,0.230000,0.606010,0.581680
0.130000,0.240000,0.626711,0.602118
0.130000,0.250000,0.646681,0.621961
0.130000,0.260000,0.665903,0.641190
0.130000,0.270000,0.684360,0.659787
0.130000,0.280000,0.702035,0.677732
0.130000,0.290000,0.718914,0.695009
0.130000,0.300000,0.734983,0.711599
0.130000,0.310000,0.750230,0.727488
0.130000,0.320000,0.764645,0.742658
0.130000,0.330000,0.778217,0.757096
0.130000,0.340000,0.790937,0.770786
0.130000,0.350000,0.802798,0.783716
0.130000,0.360000,0.813795,0.795873
0.130000,0.370000,0.823921,0.807243
0.130000,0.380000,0.833174,0.817818
0.130000,0.390000,0.841551,0.827585
0.130000,0.400000,0.849050,0.836535
0.130000,0.410000,0.855671,0.844660
0.130000,0.420000,0.861415,0.851951
0.130000,0.430000,0.866283,0.858402
0.130000,0.440000,0.870277,0.864005
0.130000,0.450000,0.873404,0.868756
0.130000,0.460000,0.875666,0.872649
0.130000,0.470000,0.877068,0.875682
0.130000,0.480000,0.877619,0.877850
0.130000,0.490000,0.877324,0.879151
0.130000,0.500000,0.876192,0.879585
0.130000,0.510000,0.874233,0.879151
0.130000,0.520000,0.871455,0.877850
0.130000,0.530000,0.867869,0.875682
0.130000,0.540000,0.863485,0.872649
0.130000,0.550000,0.858315,0.868756
0.130000,0.560000,0.852370,0.864005
0.130000,0.570000,0.845664,0.858402
0.130000,0.580000,0.838208,0.851951
0.130000,0.590000,0.830017,0.844660
0.130000,0.600000,0.821103,0.836535
0.130000,0.610000,0.811481,0.827585
0.130000,0.620000,0.801166,0.817818
0.130000,0.630000,0.790171,0.807243
0.130000,0.640000,0.778510,0.795872
0.130000,0.650000,0.766200,0.783716
0.130000,0.660000,0.753255,0.770786
0.130000,0.670000,0.739691,0.757096
0.130000,0.680000,0.725523,0.742658
0.130000,0.690000,0.710766,0.727488
0.130000,0.700000,0.695435,0.711599
0.130000,0.710000,0.679548,0.695009
0.130000,0.720000,0.663118,0.677732
0.130000,0.730000,0.646162,0.659786
0.130000,0.740000,0.628695,0.641190
0.130000,0.750000,0.610732,0.621961
0.130000,0.760000,0.592289,0.602117
0.130000,0.770000,0.573382,0.581680
0.130000,0.780000,0.554025,0.560669
0.130000,0.790000,0.534234,0.539104
0.130000,0.800000,0.514024,0.517007
0.130000,0.810000,0.493409,0.494400
0.130000,0.820000,0.472405,0.471305
0.130000,0.830000,0.451025,0.447745
0.130000,0.840000,0.429286,0.423743
0.130000,0.850000,0.407199,0.399323
0.130000,0.860000,0.384781,0.374509
0.130000,0.870000,0.362044,0.349325
0.130000,0.880000,0.339003,0.323797
0.130000,0.890000,0.315671,0.297949
0.130000,0.900000,0.292061,0.271807
0.130000,0.910000,0.268185,0.245396
0.130000,0.920000,0.244058,0.218744
0.130000,0.930000,0.219692,0.191876
0.130000,0.940000,0.195099,0.164818
0.130000,0.950000,0.170291,0.137597
0.130000,0.960000,0.145280,0.110241
0.130000,0.970000,0.120078,0.082776
0.130000,0.980000,0.094696,0.055230
0.130000,0.990000,0.069147,0.027628
0.130000,1.000000,0.043440,-0.000000
0.140000,0.000000,-0.011651,0.000000
0.140000,0.010000,0.017729,0.027357
0.140000,0.020000,0.047123,0.054687
0.140000,0.030000,0.076487,0.081963
0.140000,0.040000,0.105778,0.109159
0.140000,0.050000,0.134953,0.136246
0.140000,0.060000,0.163972,0.163199
0.140000,0.070000,0.192795,0.189991
0.140000,0.080000,0.221384,0.216596
0.140000,0.090000,0.249700,0.242986
0.140000,0.100000,0.277708,0.269137
0.140000,0.110000,0.305373,0.295023
0.140000,0.120000,0.332660,0.320617
0.140000,0.130000,0.359537,0.345895
0.140000,0.140000,0.385971,0.370831
0.140000,0.150000,0.411933,0.395402
0.140000,0.160000,0.437393,0.419582
0.140000,0.170000,0.462321,0.443348
0.140000,0.180000,0.486692,0.466677
0.140000,0.190000,0.510478,0.489545
0.140000,0.200000,0.533655,0.511930
0.140000,0.210000,0.556198,0.533809
0.140000,0.220000,0.578085,0.555162
0.140000,0.230000,0.599293,0.575967
0.140000,0.240000,0.619802,0.596204
0.140000,0.250000,0.639593,0.615852
0.140000,0.260000,0.658648,0.634893
0.140000,0.270000,0.676949,0.653307
0.140000,0.280000,0.694479,0.671076
0.140000,0.290000,0.711225,0.688183
0.140000,0.300000,0.727173,0.704611
0.140000,0.310000,0.742311,0.720343
0.140000,0.320000,0.756626,0.735365
0.140000,0.330000,0.770111,0.749660
0.140000,0.340000,0.782754,0.763216
0.140000,0.350000,0.794550,0.776019
0.140000,0.360000,0.805492,0.788056
0.140000,0.370000,0.815574,0.799315
0.140000,0.380000,0.824793,0.809786
0.140000,0.390000,0.833145,0.819457
0.140000,0.400000,0.840630,0.828320
0.140000,0.410000,0.847245,0.836365
0.140000,0.420000,0.852993,0.843584
0.140000,0.430000,0.857874,0.849972
0.140000,0.440000,0.861891,0.855520
0.140000,0.450000,0.865047,0.860224
0.140000,0.460000,0.867347,0.864079
0.140000,0.470000,0.868796,0.867081
0.140000,0.480000,0.869400,0.869228
0.140000,0.490000,0.869166,0.870517
0.140000,0.500000,0.868102,0.870947
0.140000,0.510000,0.866218,0.870517
0.140000,0.520000,0.863520,0.869228
0.140000,0.530000,0.860021,0.867081
0.140000,0.540000,0.855729,0.864079
0.140000,0.550000,0.850658,0.860224
0.140000,0.560000,0.844817,0.855520
0.140000,0.570000,0.838219,0.849971
0.140000,0.580000,0.830876,0.843584
0.140000,0.590000,0.822802,0.836365
0.140000,0.600000,0.814010,0.828319
0.140000,0.610000,0.804514,0.819457
0.140000,0.620000,0.794327,0.809786
0.140000,0.630000,0.783464,0.799315
0.140000,0.640000,0.771940,0.788056
0.140000,0.650000,0.759768,0.776019
0.140000,0.660000,0.746964,0.763216
0.140000,0.670000,0.733544,0.749660
0.140000,0.680000,0.719521,0.735365
0.140000,0.690000,0.704912,0.720343
0.140000,0.700000,0.689732,0.704611
0.140000,0.710000,0.673995,0.688183
0.140000,0.720000,0.657718,0.671076
0.140000,0.730000,0.640916,0.653307
0.140000,0.740000,0.623604,0.634893
0.140000,0.750000,0.605797,0.615852
0.140000,0.760000,0.587511,0.596204
0.140000,0.770000,0.568761,0.575967
0.140000,0.780000,0.549562,0.555162
0.140000,0.790000,0.529929,0.533809
0.140000,0.800000,0.509877,0.511930
0.140000,0.810000,0.489420,0.489545
0.140000,0.820000,0.468573,0.466676
0.140000,0.830000,0.447352,0.443348
0.140000,0.840000,0.425769,0.419582
0.140000,0.850000,0.403840,0.395401
0.140000,0.860000,0.381578,0.370831
0.140000,0.870000,0.358996,0.345895
0.140000,0.880000,0.336109,0.320617
0.140000,0.890000,0.312931,0.295023
0.140000,0.900000,0.289473,0.269137
0.140000,0.910000,0.265749,0.242986
0.140000,0.920000,0.241772,0.216595
0.140000,0.930000,0.217555,0.189991
0.140000,0.940000,0.193110,0.163199
0.140000,0.950000,0.168448,0.136246
0.140000,0.960000,0.143582,0.109159
0.140000,0.970000,0.118524,0.081963
0.140000,0.980000,0.093284,0.054687
0.140000,0.990000,0.067875,0.027357
0.140000,1.000000,0.042307,-0.000000
0.150000,0.000000,-0.011598,0.000000
0.150000,0.010000,0.017454,0.027088
0.150000,0.020000,0.046516,0.054150
0.150000,0.030000,0.075546,0.081158
0.150000,0.040000,0.104502,0.108087
0.150000,0.050000,0.133343,0.134908
0.150000,0.060000,0.162028,0.161596
0.150000,0.070000,0.190519,0.188125
0.150000,0.080000,0.218780,0.214468
0.150000,0.090000,0.246772,0.240600
0.150000,0.100000,0.274461,0.266494
0.150000,0.110000,0.301812,0.292125
0.150000,0.120000,0.328793,0.317468
0.150000,0.130000,0.355370,0.342498
0.150000,0.140000,0.381513,0.367189
0.150000,0.150000,0.407192,0.391518
0.150000,0.160000,0.432378,0.415461
0.150000,0.170000,0.457042,0.438994
0.150000,0.180000,0.481158,0.462093
0.150000,0.190000,0.504700,0.484737
0.150000,0.200000,0.527643,0.506902
0.150000,0.210000,0.549963,0.528567
0.150000,0.220000,0.571637,0.549710
0.150000,0.230000,0.592645,0.570311
0.150000,0.240000,0.612965,0.590349
0.150000,0.250000,0.632577,0.609804
0.150000,0.260000,0.651465,0.628658
0.150000,0.270000,0.669610,0.646891
0.150000,0.280000,0.686997,0.664485
0.150000,0.290000,0.703610,0.681424
0.150000,0.300000,0.719437,0.697691
0.150000,0.310000,0.734465,0.713269
0.150000,0.320000,0.748682,0.728143
0.150000,0.330000,0.762078,0.742298
0.150000,0.340000,0.774645,0.755721
0.150000,0.350000,0.786375,0.768398
0.150000,0.360000,0.797261,0.780317
0.150000,0.370000,0.807298,0.791465
0.150000,0.380000,0.816482,0.801833
0.150000,0.390000,0.824809,0.811409
0.150000,0.400000,0.832278,0.820185
0.150000,0.410000,0.838888,0.828151
0.150000,0.420000,0.844638,0.835299
0.150000,0.430000,0.849531,0.841624
0.150000,0.440000,0.853569,0.847118
0.150000,0.450000,0.856754,0.851776
0.150000,0.460000,0.859091,0.855593
0.150000,0.470000,0.860585,0.858566
0.150000,0.480000,0.861241,0.860691
0.150000,0.490000,0.861067,0.861968
0.150000,0.500000,0.860070,0.862393
0.150000,0.510000,0.858258,0.861968
0.150000,0.520000,0.855641,0.860691
0.150000,0.530000,0.852227,0.858566
0.150000,0.540000,0.848027,0.855593
0.150000,0.550000,0.843052,0.851776
0.150000,0.560000,0.837313,0.847118
0.150000,0.570000,0.830823,0.841624
0.150000,0.580000,0.823592,0.835299
0.150000,0.590000,0.815634,0.828151
0.150000,0.600000,0.806963,0.820185
0.150000,0.610000,0.797591,0.811409
0.150000,0.620000,0.787532,0.801833
0.150000,0.630000,0.776801,0.791465
0.150000,0.640000,0.765411,0.780317
0.150000,0.650000,0.753377,0.768398
0.150000,0.660000,0.740714,0.755721
0.150000,0.670000,0.727436,0.742298
0.150000,0.680000,0.713559,0.728142
0.150000,0.690000,0.699097,0.713269
0.150000,0.700000,0.684066,0.697691
0.150000,0.710000,0.668480,0.681424
0.150000,0.720000,0.652355,0.664485
0.150000,0.730000,0.635707,0.646890
0.150000,0.740000,0.618549,0.628658
0.150000,0.750000,0.600898,0.609804
0.150000,0.760000,0.582769,0.590349
0.150000,0.770000,0.564176,0.570311
0.150000,0.780000,0.545134,0.549710
0.150000,0.790000,0.525659,0.528567
0.150000,0.800000,0.505764,0.506902
0.150000,0.810000,0.485465,0.484737
0.150000,0.820000,0.464776,0.462093
0.150000,0.830000,0.443713,0.438994
0.150000,0.840000,0.422287,0.415461
0.150000,0.850000,0.400514,0.391518
0.150000,0.860000,0.378409,0.367189
0.150000,0.870000,0.355982,0.342497
0.150000,0.880000,0.333250,0.317468
0.150000,0.890000,0.310225,0.292125
0.150000,0.900000,0.286921,0.266494
0.150000,0.910000,0.263349,0.240600
0.150000,0.920000,0.239522,0.214468
0.150000,0.930000,0.215455,0.188125
0.150000,0.940000,0.191157,0.161596
0.150000,0.950000,0.166642,0.134908
0.150000,0.960000,0.141922,0.108086
0.150000,0.970000,0.117007,0.081158
0.150000,0.980000,0.091910,0.054150
0.150000,0.990000,0.066641,0.027088
0.150000,1.000000,0.041212,-0.000000
0.160000,0.000000,-0.011516,0.000000
0.160000,0.010000,0.017208,0.026822
0.160000,0.020000,0.045940,0.053618
0.160000,0.030000,0.074637,0.080361
0.160000,0.040000,0.103259,0.107025
0.160000,0.050000,0.131766,0.133583
0.160000,0.060000,0.160120,0.160009
0.160000,0.070000,0.188282,0.186278
0.160000,0.080000,0.216216,0.212362
0.160000,0.090000,0.243886,0.238237
0.160000,0.100000,0.271258,0.263877
0.160000,0.110000,0.298299,0.289256
0.160000,0.120000,0.324975,0.314350
0.160000,0.130000,0.351256,0.339134
0.160000,0.140000,0.377110,0.363583
0.160000,0.150000,0.402508,0.387673
0.160000,0.160000,0.427422,0.411381
0.160000,0.170000,0.451824,0.434682
0.160000,0.180000,0.475687,0.457555
0.160000,0.190000,0.498987,0.479976
0.160000,0.200000,0.521697,0.501924
0.160000,0.210000,0.543796,0.523376
0.160000,0.220000,0.565260,0.544311
0.160000,0.230000,0.586068,0.564710
0.160000,0.240000,0.606199,0.584551
0.160000,0.250000,0.625634,0.603815
0.160000,0.260000,0.644356,0.622483
0.160000,0.270000,0.662346,0.640538
0.160000,0.280000,0.679590,0.657959
0.160000,0.290000,0.696071,0.674732
0.160000,0.300000,0.711776,0.690839
0.160000,0.310000,0.726694,0.706264
0.160000,0.320000,0.740812,0.720991
0.160000,0.330000,0.754121,0.735008
0.160000,0.340000,0.766611,0.748299
0.160000,0.350000,0.778274,0.760851
0.160000,0.360000,0.789104,0.772653
0.160000,0.370000,0.799095,0.783692
0.160000,0.380000,0.808242,0.793958
0.160000,0.390000,0.816543,0.803440
0.160000,0.400000,0.823996,0.812130
0.160000,0.410000,0.830599,0.820017
0.160000,0.420000,0.836352,0.827096
0.160000,0.430000,0.841255,0.833358
0.160000,0.440000,0.845312,0.838798
0.160000,0.450000,0.848525,0.843410
0.160000,0.460000,0.850898,0.847190
0.160000,0.470000,0.852435,0.850134
0.160000,0.480000,0.853143,0.852238
0.160000,0.490000,0.853027,0.853502
0.160000,0.500000,0.852095,0.853923
0.160000,0.510000,0.850355,0.853502
0.160000,0.520000,0.847816,0.852238
0.160000,0.530000,0.844487,0.850134
0.160000,0.540000,0.840377,0.847190
0.160000,0.550000,0.835498,0.843410
0.160000,0.560000,0.829860,0.838798
0.160000,0.570000,0.823476,0.833358
0.160000,0.580000,0.816356,0.827096
0.160000,0.590000,0.808514,0.820017
0.160000,0.600000,0.799961,0.812129
0.160000,0.610000,0.790713,0.803440
0.160000,0.620000,0.780781,0.793958
0.160000,0.630000,0.770180,0.783692
0.160000,0.640000,0.758924,0.772653
0.160000,0.650000,0.747027,0.760851
0.160000,0.660000,0.734504,0.748299
0.160000,0.670000,0.721368,0.735008
0.160000,0.680000,0.707636,0.720991
0.160000,0.690000,0.693320,0.706263
0.160000,0.700000,0.678438,0.690839
0.160000,0.710000,0.663002,0.674732
0.160000,0.720000,0.647029,0.657959
0.160000,0.730000,0.630533,0.640537
0.160000,0.740000,0.613530,0.622483
0.160000,0.750000,0.596034,0.603815
0.160000,0.760000,0.578061,0.584551
0.160000,0.770000,0.559625,0.564710
0.160000,0.780000,0.540740,0.544311
0.160000,0.790000,0.521422,0.523376
0.160000,0.800000,0.501686,0.501924
0.160000,0.810000,0.481545,0.479976
0.160000,0.820000,0.461014,0.457555
0.160000,0.830000,0.440108,0.434682
0.160000,0.840000,0.418839,0.411381
0.160000,0.850000,0.397223,0.387673
0.160000,0.860000,0.375273,0.363583
0.160000,0.870000,0.353003,0.339134
0.160000,0.880000,0.330426,0.314350
0.160000,0.890000,0.307554,0.289256
0.160000,0.900000,0.284402,0.263877
0.160000,0.910000,0.260982,0.238237
0.160000,0.920000,0.237307,0.212362
0.160000,0.930000,0.213389,0.186278
0.160000,0.940000,0.189239,0.160009
0.160000,0.950000,0.164872,0.133583
0.160000,0.960000,0.140297,0.107025
0.160000,0.970000,0.115526,0.080361
0.160000,0.980000,0.090572,0.053618
0.160000,0.990000,0.065444,0.026822
0.160000,1.000000,0.040154,-0.000000
0.170000,0.000000,-0.011406,0.000000
0.170000,0.010000,0.016991,0.026559
0.170000,0.020000,0.045393,0.053092
0.170000,0.030000,0.073759,0.079572
0.170000,0.040000,0.102049,0.105974
0.170000,0.050000,0.130225,0.132271
0.170000,0.060000,0.158248,0.158438
0.170000,0.070000,0.186083,0.184448
0.170000,0.080000,0.213693,0.210277
0.170000,0.090000,0.241044,0.235897
0.170000,0.100000,0.268102,0.261285
0.170000,0.110000,0.294834,0.286415
0.170000,0.120000,0.321209,0.311263
0.170000,0.130000,0.347195,0.335803
0.170000,0.140000,0.372762,0.360012
0.170000,0.150000,0.397882,0.383866
0.170000,0.160000,0.422527,0.407341
0.170000,0.170000,0.446668,0.430413
0.170000,0.180000,0.470281,0.453061
0.170000,0.190000,0.493340,0.475262
0.170000,0.200000,0.515821,0.496994
0.170000,0.210000,0.537699,0.518236
0.170000,0.220000,0.558954,0.538966
0.170000,0.230000,0.579563,0.559164
0.170000,0.240000,0.599507,0.578810
0.170000,0.250000,0.618766,0.597885
0.170000,0.260000,0.637322,0.616370
0.170000,0.270000,0.655158,0.634247
0.170000,0.280000,0.672258,0.651497
0.170000,0.290000,0.688608,0.668105
0.170000,0.300000,0.704192,0.684054
0.170000,0.310000,0.719000,0.699327
0.170000,0.320000,0.733019,0.713911
0.170000,0.330000,0.746239,0.727789
0.170000,0.340000,0.758652,0.740950
0.170000,0.350000,0.770248,0.753379
0.170000,0.360000,0.781021,0.765065
0.170000,0.370000,0.790965,0.775996
0.170000,0.380000,0.800076,0.786160
0.170000,0.390000,0.808350,0.795550
0.170000,0.400000,0.815785,0.804154
0.170000,0.410000,0.822380,0.811964
0.170000,0.420000,0.828134,0.818973
0.170000,0.430000,0.833047,0.825174
0.170000,0.440000,0.837122,0.830560
0.170000,0.450000,0.840361,0.835127
0.170000,0.460000,0.842769,0.838870
0.170000,0.470000,0.844348,0.841785
0.170000,0.480000,0.845106,0.843869
0.170000,0.490000,0.845047,0.845120
0.170000,0.500000,0.844179,0.845537
0.170000,0.510000,0.842510,0.845120
0.170000,0.520000,0.840047,0.843869
0.170000,0.530000,0.836801,0.841785
0.170000,0.540000,0.832780,0.838870
0.170000,0.550000,0.827996,0.835127
0.170000,0.560000,0.822458,0.830560
0.170000,0.570000,0.816178,0.825174
0.170000,0.580000,0.809168,0.818973
0.170000,0.590000,0.801439,0.811964
0.170000,0.600000,0.793006,0.804154
0.170000,0.610000,0.783879,0.795550
0.170000,0.620000,0.774074,0.786160
0.170000,0.630000,0.763603,0.775996
0.170000,0.640000,0.752480,0.765065
0.170000,0.650000,0.740719,0.753379
0.170000,0.660000,0.728334,0.740950
0.170000,0.670000,0.715340,0.727789
0.170000,0.680000,0.701751,0.713911
0.170000,0.690000,0.687581,0.699327
0.170000,0.700000,0.672846,0.684054
0.170000,0.710000,0.657560,0.668105
0.170000,0.720000,0.641738,0.651497
0.170000,0.730000,0.625396,0.634247
0.170000,0.740000,0.608546,0.616370
0.170000,0.750000,0.591205,0.597885
0.170000,0.760000,0.573387,0.578810
0.170000,0.770000,0.555107,0.559164
0.170000,0.780000,0.536380,0.538966
0.170000,0.790000,0.517219,0.518236
0.170000,0.800000,0.497639,0.496994
0.170000,0.810000,0.477657,0.475262
0.170000,0.820000,0.457283,0.453061
0.170000,0.830000,0.436534,0.430413
0.170000,0.840000,0.415423,0.407341
0.170000,0.850000,0.393964,0.383866
0.170000,0.860000,0.372170,0.360012
0.170000,0.870000,0.350055,0.335803
0.170000,0.880000,0.327633,0.311263
0.170000,0.890000,0.304916,0.286416
0.170000,0.900000,0.281916,0.261285
0.170000,0.910000,0.258649,0.235897
0.170000,0.920000,0.235124,0.210276
0.170000,0.930000,0.211356,0.184448
0.170000,0.940000,0.187355,0.158438
0.170000,0.950000,0.163135,0.132271
0.170000,0.960000,0.138705,0.105974
0.170000,0.970000,0.114079,0.079572
0.170000,0.980000,0.089268,0.053092
0.170000,0.990000,0.064281,0.026559
0.170000,1.000000,0.039131,-0.000000
0.180000,0.000000,-0.011269,0.000000
0.180000,0.010000,0.016803,0.026298
0.180000,0.020000,0.044876,0.052570
0.180000,0.030000,0.072912,0.078791
0.180000,0.040000,0.100872,0.104933
0.180000,0.050000,0.128718,0.130972
0.180000,0.060000,0.156413,0.156882
0.180000,0.070000,0.183923,0.182637
0.180000,0.080000,0.211212,0.208211
0.180000,0.090000,0.238246,0.233581
0.180000,0.100000,0.264992,0.258719
0.180000,0.110000,0.291418,0.283603
0.180000,0.120000,0.317494,0.308206
0.180000,0.130000,0.343188,0.332505
0.180000,0.140000,0.368471,0.356476
0.180000,0.150000,0.393315,0.380096
0.180000,0.160000,0.417693,0.403340
0.180000,0.170000,0.441576,0.426186
0.180000,0.180000,0.464940,0.448612
0.180000,0.190000,0.487761,0.470595
0.180000,0.200000,0.510012,0.492113
0.180000,0.210000,0.531672,0.513146
0.180000,0.220000,0.552719,0.533672
0.180000,0.230000,0.573132,0.553672
0.180000,0.240000,0.592889,0.573125
0.180000,0.250000,0.611973,0.592013
0.180000,0.260000,0.630364,0.610317
0.180000,0.270000,0.648047,0.628018
0.180000,0.280000,0.665004,0.645099
0.180000,0.290000,0.681222,0.661544
0.180000,0.300000,0.696686,0.677336
0.180000,0.310000,0.711383,0.692459
0.180000,0.320000,0.725304,0.706899
0.180000,0.330000,0.738435,0.720642
0.180000,0.340000,0.750769,0.733673
0.180000,0.350000,0.762298,0.745980
0.180000,0.360000,0.773013,0.757551
0.180000,0.370000,0.782910,0.768375
0.180000,0.380000,0.791983,0.778440
0.180000,0.390000,0.800230,0.787736
0.180000,0.400000,0.807646,0.796256
0.180000,0.410000,0.814232,0.803990
0.180000,0.420000,0.819985,0.810930
0.180000,0.430000,0.824907,0.817070
0.180000,0.440000,0.828999,0.822403
0.180000,0.450000,0.832263,0.826925
0.180000,0.460000,0.834704,0.830631
0.180000,0.470000,0.836324,0.833517
0.180000,0.480000,0.837130,0.835581
0.180000,0.490000,0.837127,0.836820
0.180000,0.500000,0.836322,0.837233
0.180000,0.510000,0.834722,0.836820
0.180000,0.520000,0.832335,0.835581
0.180000,0.530000,0.829170,0.833517
0.180000,0.540000,0.825237,0.830631
0.180000,0.550000,0.820546,0.826925
0.180000,0.560000,0.815106,0.822403
0.180000,0.570000,0.808930,0.817070
0.180000,0.580000,0.802028,0.810930
0.180000,0.590000,0.794413,0.803990
0.180000,0.600000,0.786096,0.796256
0.180000,0.610000,0.777091,0.787736
0.180000,0.620000,0.767411,0.778440
0.180000,0.630000,0.757068,0.768374
0.180000,0.640000,0.746077,0.757551
0.180000,0.650000,0.734450,0.745980
0.180000,0.660000,0.722203,0.733673
0.180000,0.670000,0.709350,0.720642
0.180000,0.680000,0.695904,0.706899
0.180000,0.690000,0.681879,0.692459
0.180000,0.700000,0.667291,0.677336
0.180000,0.710000,0.652155,0.661544
0.180000,0.720000,0.636483,0.645099
0.180000,0.730000,0.620292,0.628018
0.180000,0.740000,0.603596,0.610317
0.180000,0.750000,0.586409,0.592013
0.180000,0.760000,0.568746,0.573125
0.180000,0.770000,0.550622,0.553672
0.180000,0.780000,0.532051,0.533672
0.180000,0.790000,0.513048,0.513146
0.180000,0.800000,0.493626,0.492113
0.180000,0.810000,0.473800,0.470595
0.180000,0.820000,0.453584,0.448612
0.180000,0.830000,0.432993,0.426186
0.180000,0.840000,0.412038,0.403340
0.180000,0.850000,0.390735,0.380096
0.180000,0.860000,0.369098,0.356476
0.180000,0.870000,0.347139,0.332505
0.180000,0.880000,0.324871,0.308206
0.180000,0.890000,0.302308,0.283603
0.180000,0.900000,0.279462,0.258719
0.180000,0.910000,0.256346,0.233580
0.180000,0.920000,0.232973,0.208211
0.180000,0.930000,0.209354,0.182637
0.180000,0.940000,0.185503,0.156882
0.180000,0.950000,0.161430,0.130972
0.180000,0.960000,0.137147,0.104933
0.180000,0.970000,0.112665,0.078790
0.180000,0.980000,0.087997,0.052570
0.180000,0.990000,0.063152,0.026298
0.180000,1.000000,0.038142,-0.000000
0.190000,0.000000,-0.011104,0.000000
0.190000,0.010000,0.016642,0.026040
0.190000,0.020000,0.044388,0.052054
0.190000,0.030000,0.072095,0.078017
0.190000,0.040000,0.099727,0.103903
0.190000,0.050000,0.127245,0.129686
0.190000,0.060000,0.154615,0.155341
0.190000,0.070000,0.181802,0.180843
0.190000,0.080000,0.208772,0.206167
0.190000,0.090000,0.235492,0.231287
0.190000,0.100000,0.261929,0.256178
0.190000,0.110000,0.288052,0.280817
0.190000,0.120000,0.313831,0.305179
0.190000,0.130000,0.339236,0.329240
0.190000,0.140000,0.364238,0.352975
0.190000,0.150000,0.388808,0.376363
0.190000,0.160000,0.412921,0.399379
0.190000,0.170000,0.436548,0.422001
0.190000,0.180000,0.459666,0.444206
0.190000,0.190000,0.482250,0.465973
0.190000,0.200000,0.504274,0.487280
0.190000,0.210000,0.525718,0.508106
0.190000,0.220000,0.546558,0.528431
0.190000,0.230000,0.566775,0.548235
0.190000,0.240000,0.586347,0.567497
0.190000,0.250000,0.605255,0.586199
0.190000,0.260000,0.623483,0.604323
0.190000,0.270000,0.641013,0.621850
0.190000,0.280000,0.657828,0.638764
0.190000,0.290000,0.673914,0.655047
0.190000,0.300000,0.689258,0.670684
0.190000,0.310000,0.703845,0.685659
0.190000,0.320000,0.717666,0.699957
0.190000,0.330000,0.730708,0.713564
0.190000,0.340000,0.742964,0.726467
0.190000,0.350000,0.754424,0.738654
0.190000,0.360000,0.765082,0.750111
0.190000,0.370000,0.774930,0.760828
0.190000,0.380000,0.783965,0.770794
0.190000,0.390000,0.792183,0.780000
0.190000,0.400000,0.799580,0.788436
0.190000,0.410000,0.806155,0.796094
0.190000,0.420000,0.811906,0.802966
0.190000,0.430000,0.816836,0.809045
0.190000,0.440000,0.820943,0.814326
0.190000,0.450000,0.824232,0.818804
0.190000,0.460000,0.826704,0.822474
0.190000,0.470000,0.828364,0.825331
0.190000,0.480000,0.829217,0.827375
0.190000,0.490000,0.829268,0.828601
0.190000,0.500000,0.828524,0.829010
0.190000,0.510000,0.826992,0.828601
0.190000,0.520000,0.824679,0.827375
0.190000,0.530000,0.821595,0.825331
0.190000,0.540000,0.817748,0.822473
0.190000,0.550000,0.813148,0.818804
0.190000,0.560000,0.807805,0.814326
0.190000,0.570000,0.801731,0.809045
0.190000,0.580000,0.794936,0.802966
0.190000,0.590000,0.787433,0.796094
0.190000,0.600000,0.779232,0.788436
0.190000,0.610000,0.770347,0.780000
0.190000,0.620000,0.760791,0.770794
0.190000,0.630000,0.750575,0.760828
0.190000,0.640000,0.739715,0.750111
0.190000,0.650000,0.728223,0.738654
0.190000,0.660000,0.716112,0.726467
0.190000,0.670000,0.703398,0.713564
0.190000,0.680000,0.690094,0.699957
0.190000,0.690000,0.676214,0.685658
0.190000,0.700000,0.661772,0.670684
0.190000,0.710000,0.646784,0.655047
0.190000,0.720000,0.631262,0.638763
0.190000,0.730000,0.615222,0.621850
0.190000,0.740000,0.598679,0.604323
0.190000,0.750000,0.581646,0.586199
0.190000,0.760000,0.564138,0.567497
0.190000,0.770000,0.546169,0.548234
0.190000,0.780000,0.527754,0.528431
0.190000,0.790000,0.508907,0.508106
0.190000,0.800000,0.489642,0.487280
0.190000,0.810000,0.469974,0.465973
0.190000,0.820000,0.449915,0.444206
0.190000,0.830000,0.429480,0.422001
0.190000,0.840000,0.408683,0.399379
0.190000,0.850000,0.387537,0.376363
0.190000,0.860000,0.366055,0.352975
0.190000,0.870000,0.344252,0.329240
0.190000,0.880000,0.322139,0.305179
0.190000,0.890000,0.299730,0.280817
0.190000,0.900000,0.277037,0.256178
0.190000,0.910000,0.254074,0.231286
0.190000,0.920000,0.230852,0.206166
0.190000,0.930000,0.207383,0.180843
0.190000,0.940000,0.183681,0.155341
0.190000,0.950000,0.159755,0.129686
0.190000,0.960000,0.135619,0.103903
0.190000,0.970000,0.111282,0.078017
0.190000,0.980000,0.086757,0.052054
0.190000,0.990000,0.062055,0.026040
0.190000,1.000000,0.037185,-0.000000
0.200000,0.000000,-0.010915,0.000000
0.200000,0.010000,0.016507,0.025784
0.200000,0.020000,0.043928,0.051543
0.200000,0.030000,0.071309,0.077251
0.200000,0.040000,0.098614,0.102882
0.200000,0.050000,0.125807,0.128412
0.200000,0.060000,0.152854,0.153815
0.200000,0.070000,0.179722,0.179067
0.200000,0.080000,0.206375,0.204142
0.200000,0.090000,0.232783,0.229015
0.200000,0.100000,0.258914,0.253662
0.200000,0.110000,0.284736,0.278059
0.200000,0.120000,0.310221,0.302182
0.200000,0.130000,0.335339,0.326006
0.200000,0.140000,0.360062,0.349509
0.200000,0.150000,0.384362,0.372667
0.200000,0.160000,0.408211,0.395457
0.200000,0.170000,0.431586,0.417856
0.200000,0.180000,0.454459,0.439844
0.200000,0.190000,0.476808,0.461397
0.200000,0.200000,0.498608,0.482495
0.200000,0.210000,0.519836,0.503116
0.200000,0.220000,0.540471,0.523241
0.200000,0.230000,0.560493,0.542850
0.200000,0.240000,0.579881,0.561923
0.200000,0.250000,0.598616,0.580442
0.200000,0.260000,0.616680,0.598388
0.200000,0.270000,0.634057,0.615743
0.200000,0.280000,0.650731,0.632490
0.200000,0.290000,0.666686,0.648614
0.200000,0.300000,0.681908,0.664097
0.200000,0.310000,0.696386,0.678925
0.200000,0.320000,0.710107,0.693082
0.200000,0.330000,0.723060,0.706556
0.200000,0.340000,0.735237,0.719333
0.200000,0.350000,0.746628,0.731399
0.200000,0.360000,0.757227,0.742744
0.200000,0.370000,0.767027,0.753356
0.200000,0.380000,0.776022,0.763224
0.200000,0.390000,0.784210,0.772340
0.200000,0.400000,0.791586,0.780693
0.200000,0.410000,0.798150,0.788275
0.200000,0.420000,0.803899,0.795080
0.200000,0.430000,0.808834,0.801100
0.200000,0.440000,0.812956,0.806329
0.200000,0.450000,0.816267,0.810762
0.200000,0.460000,0.818770,0.814396
0.200000,0.470000,0.820468,0.817226
0.200000,0.480000,0.821367,0.819249
0.200000,0.490000,0.821470,0.820464
0.200000,0.500000,0.820786,0.820869
0.200000,0.510000,0.819320,0.820464
0.200000,0.520000,0.817080,0.819249
0.200000,0.530000,0.814075,0.817226
0.200000,0.540000,0.810312,0.814396
0.200000,0.550000,0.805803,0.810762
0.200000,0.560000,0.800556,0.806329
0.200000,0.570000,0.794583,0.801100
0.200000,0.580000,0.787893,0.795080
0.200000,0.590000,0.780500,0.788275
0.200000,0.600000,0.772414,0.780693
0.200000,0.610000,0.763648,0.772340
0.200000,0.620000,0.754214,0.763224
0.200000,0.630000,0.744125,0.753356
0.200000,0.640000,0.733394,0.742744
0.200000,0.650000,0.722034,0.731399
0.200000,0.660000,0.710060,0.719333
0.200000,0.670000,0.697484,0.706556
0.200000,0.680000,0.684321,0.693082
0.200000,0.690000,0.670584,0.678925
0.200000,0.700000,0.656289,0.664097
0.200000,0.710000,0.641447,0.648614
0.200000,0.720000,0.626075,0.632490
0.200000,0.730000,0.610186,0.615743
0.200000,0.740000,0.593794,0.598388
0.200000,0.750000,0.576914,0.580442
0.200000,0.760000,0.559560,0.561923
0.200000,0.770000,0.541747,0.542850
0.200000,0.780000,0.523487,0.523241
0.200000,0.790000,0.504797,0.503116
0.200000,0.800000,0.485689,0.482494
0.200000,0.810000,0.466176,0.461397
0.200000,0.820000,0.446275,0.439843
0.200000,0.830000,0.425997,0.417856
0.200000,0.840000,0.405356,0.395457
0.200000,0.850000,0.384367,0.372667
0.200000,0.860000,0.363041,0.349509
0.200000,0.870000,0.341393,0.326006
0.200000,0.880000,0.319435,0.302182
0.200000,0.890000,0.297181,0.278059
0.200000,0.900000,0.274641,0.253662
0.200000,0.910000,0.251830,0.229015
0.200000,0.920000,0.228759,0.204142
0.200000,0.930000,0.205441,0.179067
0.200000,0.940000,0.181888,0.153815
0.200000,0.950000,0.158110,0.128412
0.200000,0.960000,0.134120,0.102882
0.200000,0.970000,0.109928,0.077250
0.200000,0.980000,0.085547,0.051543
0.200000,0.990000,0.060987,0.025784
0.200000,1.000000,0.036258,-0.000000
0.210000,0.000000,-0.010701,0.000000
0.210000,0.010000,0.016400,0.025531
0.210000,0.020000,0.043496,0.051037
0.210000,0.030000,0.070553,0.076492
0.210000,0.040000,0.097533,0.101872
0.210000,0.050000,0.124404,0.127151
0.210000,0.060000,0.151131,0.152305
0.210000,0.070000,0.177680,0.177308
0.210000,0.080000,0.204020,0.202137
0.210000,0.090000,0.230119,0.226766
0.210000,0.100000,0.255946,0.251171
0.210000,0.110000,0.281471,0.275329
0.210000,0.120000,0.306665,0.299214
0.210000,0.130000,0.331499,0.322805
0.210000,0.140000,0.355945,0.346076
0.210000,0.150000,0.379976,0.369007
0.210000,0.160000,0.403566,0.391573
0.210000,0.170000,0.426689,0.413752
0.210000,0.180000,0.449320,0.435524
0.210000,0.190000,0.471436,0.456865
0.210000,0.200000,0.493012,0.477756
0.210000,0.210000,0.514027,0.498175
0.210000,0.220000,0.534459,0.518103
0.210000,0.230000,0.554287,0.537519
0.210000,0.240000,0.573492,0.556405
0.210000,0.250000,0.592054,0.574741
0.210000,0.260000,0.609956,0.592511
0.210000,0.270000,0.627182,0.609695
0.210000,0.280000,0.643714,0.626278
0.210000,0.290000,0.659538,0.642243
0.210000,0.300000,0.674640,0.657575
0.210000,0.310000,0.689007,0.672257
0.210000,0.320000,0.702628,0.686276
0.210000,0.330000,0.715492,0.699617
0.210000,0.340000,0.727589,0.712268
0.210000,0.350000,0.738911,0.724216
0.210000,0.360000,0.749450,0.735450
0.210000,0.370000,0.759200,0.745957
0.210000,0.380000,0.768156,0.755729
0.210000,0.390000,0.776312,0.764754
0.210000,0.400000,0.783667,0.773025
0.210000,0.410000,0.790217,0.780533
0.210000,0.420000,0.795963,0.787271
0.210000,0.430000,0.800903,0.793232
0.210000,0.440000,0.805038,0.798410
0.210000,0.450000,0.808370,0.802800
0.210000,0.460000,0.810902,0.806398
0.210000,0.470000,0.812637,0.809200
0.210000,0.480000,0.813579,0.811203
0.210000,0.490000,0.813734,0.812406
0.210000,0.500000,0.813108,0.812807
0.210000,0.510000,0.811707,0.812406
0.210000,0.520000,0.809538,0.811203
0.210000,0.530000,0.806610,0.809200
0.210000,0.540000,0.802931,0.806398
0.210000,0.550000,0.798510,0.802800
0.210000,0.560000,0.793358,0.798410
0.210000,0.570000,0.787484,0.793232
0.210000,0.580000,0.780899,0.787271
0.210000,0.590000,0.773614,0.780533
0.210000,0.600000,0.765641,0.773025
0.210000,0.610000,0.756993,0.764754
0.210000,0.620000,0.747680,0.755729
0.210000,0.630000,0.737716,0.745957
0.210000,0.640000,0.727114,0.735450
0.210000,0.650000,0.715886,0.724216
0.210000,0.660000,0.704046,0.712268
0.210000,0.670000,0.691608,0.699617
0.210000,0.680000,0.678585,0.686276
0.210000,0.690000,0.664991,0.672257
0.210000,0.700000,0.650839,0.657575
0.210000,0.710000,0.636144,0.642244
0.210000,0.720000,0.620920,0.626278
0.210000,0.730000,0.605181,0.609695
0.210000,0.740000,0.588941,0.592511
0.210000,0.750000,0.572214,0.574741
0.210000,0.760000,0.555013,0.556405
0.210000,0.770000,0.537354,0.537519
0.210000,0.780000,0.519250,0.518103
0.210000,0.790000,0.500715,0.498175
0.210000,0.800000,0.481763,0.477756
0.210000,0.810000,0.462407,0.456865
0.210000,0.820000,0.442662,0.435524
0.210000,0.830000,0.422541,0.413752
0.210000,0.840000,0.402057,0.391573
0.210000,0.850000,0.381224,0.369007
0.210000,0.860000,0.360054,0.346076
0.210000,0.870000,0.338561,0.322804
0.210000,0.880000,0.316758,0.299214
0.210000,0.890000,0.294658,0.275329
0.210000,0.900000,0.272272,0.251171
0.210000,0.910000,0.249613,0.226766
0.210000,0.920000,0.226694,0.202137
0.210000,0.930000,0.203526,0.177308
0.210000,0.940000,0.180121,0.152305
0.210000,0.950000,0.156492,0.127151
0.210000,0.960000,0.132649,0.101872
0.210000,0.970000,0.108603,0.076492
0.210000,0.980000,0.084365,0.051037
0.210000,0.990000,0.059947,0.025531
0.210000,1.000000,0.035360,-0.000000
0.220000,0.000000,-0.010463,0.000000
0.220000,0.010000,0.016317,0.025280
0.220000,0.020000,0.043091,0.050535
0.220000,0.030000,0.069826,0.075741
0.220000,0.040000,0.096485,0.100871
0.220000,0.050000,0.123035,0.125902
0.220000,0.060000,0.149444,0.150809
0.220000,0.070000,0.175679,0.175567
0.220000,0.080000,0.201708,0.200152
0.220000,0.090000,0.227501,0.224539
0.220000,0.100000,0.253028,0.248704
0.220000,0.110000,0.278258,0.272625
0.220000,0.120000,0.303163,0.296276
0.220000,0.130000,0.327716,0.319634
0.220000,0.140000,0.351888,0.342678
0.220000,0.150000,0.375653,0.365383
0.220000,0.160000,0.398985,0.387727
0.220000,0.170000,0.421859,0.409689
0.220000,0.180000,0.444250,0.431246
0.220000,0.190000,0.466134,0.452378
0.220000,0.200000,0.487489,0.473064
0.220000,0.210000,0.508292,0.493282
0.220000,0.220000,0.528521,0.513014
0.220000,0.230000,0.548157,0.532240
0.220000,0.240000,0.567180,0.550940
0.220000,0.250000,0.585571,0.569097
0.220000,0.260000,0.603311,0.586692
0.220000,0.270000,0.620385,0.603708
0.220000,0.280000,0.636776,0.620128
0.220000,0.290000,0.652469,0.635936
0.220000,0.300000,0.667451,0.651117
0.220000,0.310000,0.681709,0.665655
0.220000,0.320000,0.695230,0.679536
0.220000,0.330000,0.708004,0.692746
0.220000,0.340000,0.720021,0.705273
0.220000,0.350000,0.731273,0.717104
0.220000,0.360000,0.741752,0.728227
0.220000,0.370000,0.751451,0.738631
0.220000,0.380000,0.760365,0.748307
0.220000,0.390000,0.768490,0.757244
0.220000,0.400000,0.775822,0.765433
0.220000,0.410000,0.782358,0.772868
0.220000,0.420000,0.788099,0.779539
0.220000,0.430000,0.793042,0.785442
0.220000,0.440000,0.797188,0.790569
0.220000,0.450000,0.800541,0.794916
0.220000,0.460000,0.803100,0.798478
0.220000,0.470000,0.804870,0.801252
0.220000,0.480000,0.805855,0.803236
0.220000,0.490000,0.806060,0.804427
0.220000,0.500000,0.805490,0.804824
0.220000,0.510000,0.804152,0.804427
0.220000,0.520000,0.802053,0.803236
0.220000,0.530000,0.799201,0.801252
0.220000,0.540000,0.795603,0.798478
0.220000,0.550000,0.791270,0.794916
0.220000,0.560000,0.786211,0.790569
0.220000,0.570000,0.780435,0.785442
0.220000,0.580000,0.773952,0.779539
0.220000,0.590000,0.766775,0.772868
0.220000,0.600000,0.758914,0.765433
0.220000,0.610000,0.750382,0.757244
0.220000,0.620000,0.741190,0.748307
0.220000,0.630000,0.731349,0.738631
0.220000,0.640000,0.720874,0.728227
0.220000,0.650000,0.709777,0.717104
0.220000,0.660000,0.698071,0.705273
0.220000,0.670000,0.685769,0.692746
0.220000,0.680000,0.672885,0.679536
0.220000,0.690000,0.659432,0.665654
0.220000,0.700000,0.645424,0.651117
0.220000,0.710000,0.630875,0.635936
0.220000,0.720000,0.615798,0.620128
0.220000,0.730000,0.600209,0.603707
0.220000,0.740000,0.584119,0.586692
0.220000,0.750000,0.567543,0.569097
0.220000,0.760000,0.550496,0.550940
0.220000,0.770000,0.532991,0.532240
0.220000,0.780000,0.515042,0.513014
0.220000,0.790000,0.496661,0.493282
0.220000,0.800000,0.477865,0.473064
0.220000,0.810000,0.458666,0.452378
0.220000,0.820000,0.439077,0.431246
0.220000,0.830000,0.419112,0.409689
0.220000,0.840000,0.398784,0.387727
0.220000,0.850000,0.378107,0.365382
0.220000,0.860000,0.357093,0.342677
0.220000,0.870000,0.335755,0.319634
0.220000,0.880000,0.314107,0.296275
0.220000,0.890000,0.292160,0.272625
0.220000,0.900000,0.269928,0.248704
0.220000,0.910000,0.247421,0.224539
0.220000,0.920000,0.224654,0.200151
0.220000,0.930000,0.201636,0.175567
0.220000,0.940000,0.178381,0.150809
0.220000,0.950000,0.154900,0.125902
0.220000,0.960000,0.131204,0.100871
0.220000,0.970000,0.107303,0.075740
0.220000,0.980000,0.083210,0.050535
0.220000,0.990000,0.058935,0.025280
0.220000,1.000000,0.034488,-0.000000
0.230000,0.000000,-0.010202,0.000000
0.230000,0.010000,0.016259,0.025032
0.230000,0.020000,0.042714,0.050039
0.230000,0.030000,0.069128,0.074997
0.230000,0.040000,0.095468,0.099881
0.230000,0.050000,0.121701,0.124666
0.230000,0.060000,0.147795,0.149328
0.230000,0.070000,0.173718,0.173843
0.230000,0.080000,0.199439,0.198186
0.230000,0.090000,0.224929,0.222334
0.230000,0.100000,0.250158,0.246262
0.230000,0.110000,0.275096,0.269947
0.230000,0.120000,0.299716,0.293366
0.230000,0.130000,0.323989,0.316495
0.230000,0.140000,0.347890,0.339312
0.230000,0.150000,0.371392,0.361794
0.230000,0.160000,0.394468,0.383919
0.230000,0.170000,0.417095,0.405665
0.230000,0.180000,0.439248,0.427011
0.230000,0.190000,0.460904,0.447936
0.230000,0.200000,0.482038,0.468418
0.230000,0.210000,0.502631,0.488438
0.230000,0.220000,0.522660,0.507976
0.230000,0.230000,0.542105,0.527013
0.230000,0.240000,0.560947,0.545529
0.230000,0.250000,0.579166,0.563508
0.230000,0.260000,0.596746,0.580930
0.230000,0.270000,0.613669,0.597779
0.230000,0.280000,0.629920,0.614037
0.230000,0.290000,0.645483,0.629690
0.230000,0.300000,0.660344,0.644722
0.230000,0.310000,0.674491,0.659117
0.230000,0.320000,0.687912,0.672862
0.230000,0.330000,0.700596,0.685943
0.230000,0.340000,0.712533,0.698346
0.230000,0.350000,0.723714,0.710061
0.230000,0.360000,0.734132,0.721075
0.230000,0.370000,0.743780,0.731377
0.230000,0.380000,0.752651,0.740958
0.230000,0.390000,0.760743,0.749807
0.230000,0.400000,0.768052,0.757916
0.230000,0.410000,0.774573,0.765277
0.230000,0.420000,0.780307,0.771883
0.230000,0.430000,0.785252,0.777728
0.230000,0.440000,0.789409,0.782804
0.230000,0.450000,0.792779,0.787109
0.230000,0.460000,0.795365,0.790636
0.230000,0.470000,0.797169,0.793383
0.230000,0.480000,0.798195,0.795348
0.230000,0.490000,0.798447,0.796527
0.230000,0.500000,0.797933,0.796920
0.230000,0.510000,0.796657,0.796527
0.230000,0.520000,0.794626,0.795348
0.230000,0.530000,0.791848,0.793383
0.230000,0.540000,0.788331,0.790636
0.230000,0.550000,0.784083,0.787109
0.230000,0.560000,0.779115,0.782804
0.230000,0.570000,0.773435,0.777728
0.230000,0.580000,0.767054,0.771883
0.230000,0.590000,0.759983,0.765277
0.230000,0.600000,0.752233,0.757916
0.230000,0.610000,0.743815,0.749807
0.230000,0.620000,0.734741,0.740957
0.230000,0.630000,0.725024,0.731377
0.230000,0.640000,0.714675,0.721075
0.230000,0.650000,0.703707,0.710061
0.230000,0.660000,0.692133,0.698346
0.230000,0.670000,0.679966,0.685943
0.230000,0.680000,0.667220,0.672862
0.230000,0.690000,0.653908,0.659117
0.230000,0.700000,0.640043,0.644722
0.230000,0.710000,0.625639,0.629690
0.230000,0.720000,0.610708,0.614037
0.230000,0.730000,0.595266,0.597778
0.230000,0.740000,0.579327,0.580930
0.230000,0.750000,0.562902,0.563508
0.230000,0.760000,0.546007,0.545529
0.230000,0.770000,0.528656,0.527013
0.230000,0.780000,0.510860,0.507976
0.230000,0.790000,0.492636,0.488438
0.230000,0.800000,0.473994,0.468418
0.230000,0.810000,0.454950,0.447935
0.230000,0.820000,0.435517,0.427011
0.230000,0.830000,0.415709,0.405665
0.230000,0.840000,0.395537,0.383919
0.230000,0.850000,0.375015,0.361794
0.230000,0.860000,0.354156,0.339312
0.230000,0.870000,0.332974,0.316495
0.230000,0.880000,0.311480,0.293366
0.230000,0.890000,0.289687,0.269947
0.230000,0.900000,0.267608,0.246262
0.230000,0.910000,0.245254,0.222333
0.230000,0.920000,0.222638,0.198186
0.230000,0.930000,0.199771,0.173843
0.230000,0.940000,0.176666,0.149328
0.230000,0.950000,0.153332,0.124666
0.230000,0.960000,0.129783,0.099881
0.230000,0.970000,0.106029,0.074997
0.230000,0.980000,0.082080,0.050039
0.230000,0.990000,0.057948,0.025032
0.230000,1.000000,0.033642,-0.000000
0.240000,0.000000,-0.009918,0.000000
0.240000,0.010000,0.016226,0.024786
0.240000,0.020000,0.042363,0.049548
0.240000,0.030000,0.068460,0.074260
0.240000,0.040000,0.094483,0.098900
0.240000,0.050000,0.120401,0.123441
0.240000,0.060000,0.146183,0.147861
0.240000,0.070000,0.171797,0.172135
0.240000,0.080000,0.197213,0.196240
0.240000,0.090000,0.222402,0.220150
0.240000,0.100000,0.247336,0.243843
0.240000,0.110000,0.271985,0.267296
0.240000,0.120000,0.296322,0.290485
0.240000,0.130000,0.320320,0.313387
0.240000,0.140000,0.343952,0.335980
0.240000,0.150000,0.367193,0.358241
0.240000,0.160000,0.390017,0.380149
0.240000,0.170000,0.412399,0.401681
0.240000,0.180000,0.434316,0.422817
0.240000,0.190000,0.455744,0.443536
0.240000,0.200000,0.476661,0.463817
0.240000,0.210000,0.497045,0.483641
0.240000,0.220000,0.516875,0.502987
0.240000,0.230000,0.536130,0.521837
0.240000,0.240000,0.554792,0.540172
0.240000,0.250000,0.572842,0.557973
0.240000,0.260000,0.590261,0.575224
0.240000,0.270000,0.607034,0.591908
0.240000,0.280000,0.623144,0.608007
0.240000,0.290000,0.638577,0.623506
0.240000,0.300000,0.653318,0.638390
0.240000,0.310000,0.667355,0.652644
0.240000,0.320000,0.680676,0.666254
0.240000,0.330000,0.693269,0.679206
0.240000,0.340000,0.705125,0.691488
0.240000,0.350000,0.716235,0.703087
0.240000,0.360000,0.726591,0.713993
0.240000,0.370000,0.736186,0.724194
0.240000,0.380000,0.745015,0.733681
0.240000,0.390000,0.753073,0.742443
0.240000,0.400000,0.760356,0.750472
0.240000,0.410000,0.766861,0.757761
0.240000,0.420000,0.772587,0.764303
0.240000,0.430000,0.777533,0.770090
0.240000,0.440000,0.781699,0.775116
0.240000,0.450000,0.785086,0.779378
0.240000,0.460000,0.787696,0.782871
0.240000,0.470000,0.789533,0.785591
0.240000,0.480000,0.790598,0.787536
0.240000,0.490000,0.790898,0.788704
0.240000,0.500000,0.790437,0.789093
0.240000,0.510000,0.789220,0.788704
0.240000,0.520000,0.787256,0.787536
0.240000,0.530000,0.784551,0.785591
0.240000,0.540000,0.781112,0.782871
0.240000,0.550000,0.776949,0.779378
0.240000,0.560000,0.772070,0.775116
0.240000,0.570000,0.766485,0.770090
0.240000,0.580000,0.760204,0.764303
0.240000,0.590000,0.753238,0.757761
0.240000,0.600000,0.745597,0.750472
0.240000,0.610000,0.737292,0.742443
0.240000,0.620000,0.728336,0.733680
0.240000,0.630000,0.718739,0.724194
0.240000,0.640000,0.708515,0.713993
0.240000,0.650000,0.697675,0.703087
0.240000,0.660000,0.686232,0.691488
0.240000,0.670000,0.674200,0.679206
0.240000,0.680000,0.661591,0.666254
0.240000,0.690000,0.648418,0.652644
0.240000,0.700000,0.634694,0.638390
0.240000,0.710000,0.620434,0.623506
0.240000,0.720000,0.605649,0.608007
0.240000,0.730000,0.590355,0.591908
0.240000,0.740000,0.574564,0.575224
0.240000,0.750000,0.558290,0.557973
0.240000,0.760000,0.541547,0.540172
0.240000,0.770000,0.524347,0.521837
0.240000,0.780000,0.506706,0.502987
0.240000,0.790000,0.488635,0.483641
0.240000,0.800000,0.470148,0.463817
0.240000,0.810000,0.451260,0.443536
0.240000,0.820000,0.431982,0.422817
0.240000,0.830000,0.412329,0.401681
0.240000,0.840000,0.392313,0.380149
0.240000,0.850000,0.371947,0.358241
0.240000,0.860000,0.351243,0.335980
0.240000,0.870000,0.330216,0.313387
0.240000,0.880000,0.308876,0.290485
0.240000,0.890000,0.287238,0.267296
0.240000,0.900000,0.265312,0.243843
0.240000,0.910000,0.243110,0.220150
0.240000,0.920000,0.220645,0.196239
0.240000,0.930000,0.197929,0.172135
0.240000,0.940000,0.174973,0.147861
0.240000,0.950000,0.151788,0.123441
0.240000,0.960000,0.128386,0.098900
0.240000,0.970000,0.104778,0.074260
0.240000,0.980000,0.080973,0.049548
0.240000,0.990000,0.056984,0.024786
0.240000,1.000000,0.032821,-0.000000
0.250000,0.000000,-0.009614,0.000000
0.250000,0.010000,0.016216,0.024543
0.250000,0.020000,0.042038,0.049061
0.250000,0.030000,0.067819,0.073531
0.250000,0.040000,0.093529,0.097928
0.250000,0.050000,0.119135,0.122229
0.250000,0.060000,0.144607,0.146409
0.250000,0.070000,0.169915,0.170445
0.250000,0.080000,0.195030,0.194312
0.250000,0.090000,0.219922,0.217988
0.250000,0.100000,0.244564,0.241448
0.250000,0.110000,0.268927,0.264671
0.250000,0.120000,0.292984,0.287632
0.250000,0.130000,0.316709,0.310309
0.250000,0.140000,0.340075,0.332680
0.250000,0.150000,0.363057,0.354723
0.250000,0.160000,0.385630,0.376415
0.250000,0.170000,0.407770,0.397736
0.250000,0.180000,0.429453,0.418665
0.250000,0.190000,0.450656,0.439180
0.250000,0.200000,0.471357,0.459262
0.250000,0.210000,0.491533,0.478891
0.250000,0.220000,0.511165,0.498047
0.250000,0.230000,0.530233,0.516712
0.250000,0.240000,0.548716,0.534867
0.250000,0.250000,0.566596,0.552493
0.250000,0.260000,0.583856,0.569575
0.250000,0.270000,0.600480,0.586095
0.250000,0.280000,0.616450,0.602036
0.250000,0.290000,0.631753,0.617383
0.250000,0.300000,0.646374,0.632120
0.250000,0.310000,0.660300,0.646234
0.250000,0.320000,0.673520,0.659710
0.250000,0.330000,0.686023,0.672535
0.250000,0.340000,0.697797,0.684697
0.250000,0.350000,0.708835,0.696182
0.250000,0.360000,0.719129,0.706981
0.250000,0.370000,0.728672,0.717082
0.250000,0.380000,0.737456,0.726475
0.250000,0.390000,0.745479,0.735151
0.250000,0.400000,0.752736,0.743102
0.250000,0.410000,0.759224,0.750319
0.250000,0.420000,0.764941,0.756796
0.250000,0.430000,0.769886,0.762526
0.250000,0.440000,0.774060,0.767504
0.250000,0.450000,0.777462,0.771724
0.250000,0.460000,0.780096,0.775183
0.250000,0.470000,0.781963,0.777876
0.250000,0.480000,0.783066,0.779802
0.250000,0.490000,0.783411,0.780958
0.250000,0.500000,0.783001,0.781344
0.250000,0.510000,0.781844,0.780958
0.250000,0.520000,0.779944,0.779802
0.250000,0.530000,0.777310,0.777876
0.250000,0.540000,0.773948,0.775183
0.250000,0.550000,0.769868,0.771724
0.250000,0.560000,0.765077,0.767504
0.250000,0.570000,0.759586,0.762526
0.250000,0.580000,0.753403,0.756796
0.250000,0.590000,0.746540,0.750319
0.250000,0.600000,0.739006,0.743102
0.250000,0.610000,0.730813,0.735151
0.250000,0.620000,0.721972,0.726475
0.250000,0.630000,0.712496,0.717082
0.250000,0.640000,0.702395,0.706981
0.250000,0.650000,0.691682,0.696182
0.250000,0.660000,0.680369,0.684697
0.250000,0.670000,0.668470,0.672535
0.250000,0.680000,0.655996,0.659710
0.250000,0.690000,0.642961,0.646234
0.250000,0.700000,0.629378,0.632120
0.250000,0.710000,0.615260,0.617383
0.250000,0.720000,0.600621,0.602036
0.250000,0.730000,0.585473,0.586094
0.250000,0.740000,0.569831,0.569575
0.250000,0.750000,0.553706,0.552493
0.250000,0.760000,0.537113,0.534867
0.250000,0.770000,0.520066,0.516712
0.250000,0.780000,0.502577,0.498047
0.250000,0.790000,0.484660,0.478891
0.250000,0.800000,0.466328,0.459262
0.250000,0.810000,0.447594,0.439180
0.250000,0.820000,0.428472,0.418665
0.250000,0.830000,0.408973,0.397736
0.250000,0.840000,0.389112,0.376415
0.250000,0.850000,0.368901,0.354723
0.250000,0.860000,0.348353,0.332680
0.250000,0.870000,0.327480,0.310309
0.250000,0.880000,0.306295,0.287632
0.250000,0.890000,0.284810,0.264671
0.250000,0.900000,0.263037,0.241449
0.250000,0.910000,0.240987,0.217988
0.250000,0.920000,0.218674,0.194312
0.250000,0.930000,0.196109,0.170445
0.250000,0.940000,0.173302,0.146409
0.250000,0.950000,0.150266,0.122229
0.250000,0.960000,0.127011,0.097928
0.250000,0.970000,0.103548,0.073531
0.250000,0.980000,0.079889,0.049061
0.250000,0.990000,0.056043,0.024543
0.250000,1.000000,0.032021,-0.000000
0.260000,0.000000,-0.009288,0.000000
0.260000,0.010000,0.016229,0.024302
0.260000,0.020000,0.041738,0.048579
0.260000,0.030000,0.067207,0.072809
0.260000,0.040000,0.092606,0.096967
0.260000,0.050000,0.117903,0.121029
0.260000,0.060000,0.143068,0.144971
0.260000,0.070000,0.168074,0.168771
0.260000,0.080000,0.192890,0.192404
0.260000,0.090000,0.217488,0.215847
0.260000,0.100000,0.241840,0.239077
0.260000,0.110000,0.265920,0.262071
0.260000,0.120000,0.289700,0.284807
0.260000,0.130000,0.313155,0.307261
0.260000,0.140000,0.336257,0.329413
0.260000,0.150000,0.358984,0.351239
0.260000,0.160000,0.381309,0.372718
0.260000,0.170000,0.403208,0.393830
0.260000,0.180000,0.424659,0.414553
0.260000,0.190000,0.445639,0.434867
0.260000,0.200000,0.466126,0.454752
0.260000,0.210000,0.486097,0.474188
0.260000,0.220000,0.505533,0.493156
0.260000,0.230000,0.524413,0.511637
0.260000,0.240000,0.542719,0.529614
0.260000,0.250000,0.560431,0.547067
0.260000,0.260000,0.577533,0.563981
0.260000,0.270000,0.594007,0.580339
0.260000,0.280000,0.609838,0.596123
0.260000,0.290000,0.625011,0.611319
0.260000,0.300000,0.639512,0.625912
0.260000,0.310000,0.653328,0.639888
0.260000,0.320000,0.666447,0.653231
0.260000,0.330000,0.678858,0.665930
0.260000,0.340000,0.690551,0.677972
0.260000,0.350000,0.701517,0.689345
0.260000,0.360000,0.711747,0.700038
0.260000,0.370000,0.721236,0.710039
0.260000,0.380000,0.729975,0.719340
0.260000,0.390000,0.737962,0.727931
0.260000,0.400000,0.745192,0.735804
0.260000,0.410000,0.751661,0.742951
0.260000,0.420000,0.757368,0.749364
0.260000,0.430000,0.762311,0.755038
0.260000,0.440000,0.766491,0.759966
0.260000,0.450000,0.769908,0.764145
0.260000,0.460000,0.772562,0.767570
0.260000,0.470000,0.774458,0.770237
0.260000,0.480000,0.775599,0.772143
0.260000,0.490000,0.775986,0.773288
0.260000,0.500000,0.775627,0.773670
0.260000,0.510000,0.774527,0.773288
0.260000,0.520000,0.772690,0.772143
0.260000,0.530000,0.770125,0.770237
0.260000,0.540000,0.766839,0.767569
0.260000,0.550000,0.762839,0.764145
0.260000,0.560000,0.758135,0.759966
0.260000,0.570000,0.752736,0.755038
0.260000,0.580000,0.746650,0.749364
0.260000,0.590000,0.739888,0.742951
0.260000,0.600000,0.732460,0.735804
0.260000,0.610000,0.724378,0.727931
0.260000,0.620000,0.715651,0.719340
0.260000,0.630000,0.706293,0.710039
0.260000,0.640000,0.696314,0.700038
0.260000,0.650000,0.685726,0.689345
0.260000,0.660000,0.674542,0.677972
0.260000,0.670000,0.662775,0.665930
0.260000,0.680000,0.650435,0.653231
0.260000,0.690000,0.637538,0.639887
0.260000,0.700000,0.624094,0.625912
0.260000,0.710000,0.610118,0.611319
0.260000,0.720000,0.595622,0.596123
0.260000,0.730000,0.580620,0.580338
0.260000,0.740000,0.565124,0.563981
0.260000,0.750000,0.549148,0.547067
0.260000,0.760000,0.532706,0.529614
0.260000,0.770000,0.515810,0.511637
0.260000,0.780000,0.498473,0.493156
0.260000,0.790000,0.480708,0.474188
0.260000,0.800000,0.462530,0.454752
0.260000,0.810000,0.443951,0.434867
0.260000,0.820000,0.424982,0.414553
0.260000,0.830000,0.405639,0.393830
0.260000,0.840000,0.385933,0.372719
0.260000,0.850000,0.365877,0.351239
0.260000,0.860000,0.345483,0.329413
0.260000,0.870000,0.324765,0.307261
0.260000,0.880000,0.303734,0.284807
0.260000,0.890000,0.282402,0.262071
0.260000,0.900000,0.260782,0.239077
0.260000,0.910000,0.238885,0.215847
0.260000,0.920000,0.216723,0.192404
0.260000,0.930000,0.194308,0.168771
0.260000,0.940000,0.171651,0.144971
0.260000,0.950000,0.148763,0.121029
0.260000,0.960000,0.125656,0.096967
0.260000,0.970000,0.102339,0.072809
0.260000,0.980000,0.078825,0.048579
0.260000,0.990000,0.055122,0.024302
0.260000,1.000000,0.031243,-0.000000
0.270000,0.000000,-0.008943,0.000000
0.270000,0.010000,0.016264,0.024063
0.270000,0.020000,0.041463,0.048102
0.270000,0.030000,0.066623,0.072094
0.270000,0.040000,0.091713,0.096014
0.270000,0.050000,0.116704,0.119840
0.270000,0.060000,0.141566,0.143548
0.270000,0.070000,0.166272,0.167113
0.270000,0.080000,0.190792,0.190514
0.270000,0.090000,0.215099,0.213727
0.270000,0.100000,0.239166,0.236729
0.270000,0.110000,0.262965,0.259498
0.270000,0.120000,0.286472,0.282010
0.270000,0.130000,0.309658,0.304244
0.270000,0.140000,0.332500,0.326178
0.270000,0.150000,0.354973,0.347789
0.270000,0.160000,0.377053,0.369058
0.270000,0.170000,0.398715,0.389962
0.270000,0.180000,0.419936,0.410482
0.270000,0.190000,0.440695,0.430596
0.270000,0.200000,0.460968,0.450286
0.270000,0.210000,0.480736,0.469531
0.270000,0.220000,0.499977,0.488313
0.270000,0.230000,0.518671,0.506612
0.270000,0.240000,0.536800,0.524412
0.270000,0.250000,0.554346,0.541695
0.270000,0.260000,0.571289,0.558442
0.270000,0.270000,0.587615,0.574639
0.270000,0.280000,0.603307,0.590268
0.270000,0.290000,0.618351,0.605316
0.270000,0.300000,0.632732,0.619765
0.270000,0.310000,0.646438,0.633603
0.270000,0.320000,0.659456,0.646816
0.270000,0.330000,0.671775,0.659390
0.270000,0.340000,0.683386,0.671314
0.270000,0.350000,0.694278,0.682575
0.270000,0.360000,0.704445,0.693163
0.270000,0.370000,0.713878,0.703066
0.270000,0.380000,0.722572,0.712276
0.270000,0.390000,0.730522,0.720782
0.270000,0.400000,0.737724,0.728578
0.270000,0.410000,0.744173,0.735654
0.270000,0.420000,0.749868,0.742004
0.270000,0.430000,0.754808,0.747622
0.270000,0.440000,0.758993,0.752503
0.270000,0.450000,0.762421,0.756640
0.270000,0.460000,0.765097,0.760031
0.270000,0.470000,0.767020,0.762672
0.270000,0.480000,0.768195,0.764560
0.270000,0.490000,0.768625,0.765694
0.270000,0.500000,0.768314,0.766072
0.270000,0.510000,0.767269,0.765694
0.270000,0.520000,0.765494,0.764560
0.270000,0.530000,0.762997,0.762672
0.270000,0.540000,0.759784,0.760031
0.270000,0.550000,0.755865,0.756640
0.270000,0.560000,0.751245,0.752503
0.270000,0.570000,0.745935,0.747622
0.270000,0.580000,0.739945,0.742004
0.270000,0.590000,0.733283,0.735654
0.270000,0.600000,0.725959,0.728578
0.270000,0.610000,0.717986,0.720782
0.270000,0.620000,0.709372,0.712276
0.270000,0.630000,0.700131,0.703066
0.270000,0.640000,0.690272,0.693163
0.270000,0.650000,0.679809,0.682575
0.270000,0.660000,0.668752,0.671314
0.270000,0.670000,0.657115,0.659390
0.270000,0.680000,0.644908,0.646816
0.270000,0.690000,0.632146,0.633603
0.270000,0.700000,0.618842,0.619765
0.270000,0.710000,0.605006,0.605316
0.270000,0.720000,0.590653,0.590268
0.270000,0.730000,0.575795,0.574639
0.270000,0.740000,0.560445,0.558442
0.270000,0.750000,0.544618,0.541695
0.270000,0.760000,0.528325,0.524412
0.270000,0.770000,0.511578,0.506612
0.270000,0.780000,0.494393,0.488313
0.270000,0.790000,0.476781,0.469531
0.270000,0.800000,0.458756,0.450286
0.270000,0.810000,0.440330,0.430596
0.270000,0.820000,0.421515,0.410482
0.270000,0.830000,0.402326,0.389962
0.270000,0.840000,0.382775,0.369058
0.270000,0.850000,0.362873,0.347789
0.270000,0.860000,0.342634,0.326177
0.270000,0.870000,0.322069,0.304244
0.270000,0.880000,0.301192,0.282010
0.270000,0.890000,0.280014,0.259498
0.270000,0.900000,0.258547,0.236729
0.270000,0.910000,0.236801,0.213727
0.270000,0.920000,0.214791,0.190514
0.270000,0.930000,0.192527,0.167113
0.270000,0.940000,0.170019,0.143548
0.270000,0.950000,0.147280,0.119840
0.270000,0.960000,0.124319,0.096014
0.270000,0.970000,0.101150,0.072094
0.270000,0.980000,0.077780,0.048102
0.270000,0.990000,0.054221,0.024063
0.270000,1.000000,0.030484,-0.000000
0.280000,0.000000,-0.008579,0.000000
0.280000,0.010000,0.016321,0.023827
0.280000,0.020000,0.041213,0.047630
0.280000,0.030000,0.066066,0.071386
0.280000,0.040000,0.090851,0.095071
0.280000,0.050000,0.115538,0.118663
0.280000,0.060000,0.140101,0.142138
0.280000,0.070000,0.164510,0.165472
0.280000,0.080000,0.188737,0.188643
0.280000,0.090000,0.212756,0.211628
0.280000,0.100000,0.236540,0.234404
0.280000,0.110000,0.260062,0.256949
0.280000,0.120000,0.283297,0.279240
0.280000,0.130000,0.306219,0.301256
0.280000,0.140000,0.328804,0.322974
0.280000,0.150000,0.351026,0.344374
0.280000,0.160000,0.372862,0.365433
0.280000,0.170000,0.394288,0.386132
0.280000,0.180000,0.415282,0.406451
0.280000,0.190000,0.435822,0.426367
0.280000,0.200000,0.455885,0.445863
0.280000,0.210000,0.475450,0.464920
0.280000,0.220000,0.494497,0.483517
0.280000,0.230000,0.513008,0.501637
0.280000,0.240000,0.530961,0.519262
0.280000,0.250000,0.548340,0.536375
0.280000,0.260000,0.565127,0.552958
0.280000,0.270000,0.581305,0.568995
0.280000,0.280000,0.596859,0.584471
0.280000,0.290000,0.611773,0.599371
0.280000,0.300000,0.626034,0.613678
0.280000,0.310000,0.639629,0.627380
0.280000,0.320000,0.652546,0.640463
0.280000,0.330000,0.664774,0.652914
0.280000,0.340000,0.676302,0.664721
0.280000,0.350000,0.687120,0.675871
0.280000,0.360000,0.697223,0.686355
0.280000,0.370000,0.706601,0.696161
0.280000,0.380000,0.715248,0.705280
0.280000,0.390000,0.723159,0.713703
0.280000,0.400000,0.730331,0.721422
0.280000,0.410000,0.736760,0.728429
0.280000,0.420000,0.742442,0.734717
0.280000,0.430000,0.747378,0.740280
0.280000,0.440000,0.751565,0.745112
0.280000,0.450000,0.755005,0.749209
0.280000,0.460000,0.757699,0.752567
0.280000,0.470000,0.759648,0.755182
0.280000,0.480000,0.760856,0.757051
0.280000,0.490000,0.761327,0.758174
0.280000,0.500000,0.761063,0.758548
0.280000,0.510000,0.760071,0.758174
0.280000,0.520000,0.758356,0.757051
0.280000,0.530000,0.755925,0.755182
0.280000,0.540000,0.752784,0.752567
0.280000,0.550000,0.748942,0.749209
0.280000,0.560000,0.744406,0.745112
0.280000,0.570000,0.739185,0.740280
0.280000,0.580000,0.733287,0.734717
0.280000,0.590000,0.726724,0.728429
0.280000,0.600000,0.719503,0.721422
0.280000,0.610000,0.711637,0.713703
0.280000,0.620000,0.703135,0.705280
0.280000,0.630000,0.694009,0.696161
0.280000,0.640000,0.684269,0.686355
0.280000,0.650000,0.673928,0.675871
0.280000,0.660000,0.662998,0.664721
0.280000,0.670000,0.651489,0.652914
0.280000,0.680000,0.639415,0.640463
0.280000,0.690000,0.626788,0.627380
0.280000,0.700000,0.613620,0.613678
0.280000,0.710000,0.599924,0.599371
0.280000,0.720000,0.585713,0.584471
0.280000,0.730000,0.570998,0.568995
0.280000,0.740000,0.555794,0.552958
0.280000,0.750000,0.540113,0.536375
0.280000,0.760000,0.523968,0.519262
0.280000,0.770000,0.507372,0.501637
0.280000,0.780000,0.490337,0.483517
0.280000,0.790000,0.472876,0.464920
0.280000,0.800000,0.455003,0.445863
0.280000,0.810000,0.436730,0.426367
0.280000,0.820000,0.418069,0.406450
0.280000,0.830000,0.399034,0.386132
0.280000,0.840000,0.379636,0.365433
0.280000,0.850000,0.359888,0.344374
0.280000,0.860000,0.339803,0.322974
0.280000,0.870000,0.319393,0.301256
0.280000,0.880000,0.298669,0.279240
0.280000,0.890000,0.277643,0.256949
0.280000,0.900000,0.256329,0.234404
0.280000,0.910000,0.234736,0.211628
0.280000,0.920000,0.212877,0.188643
0.280000,0.930000,0.190762,0.165472
0.280000,0.940000,0.168405,0.142138
0.280000,0.950000,0.145814,0.118663
0.280000,0.960000,0.123001,0.095071
0.280000,0.970000,0.099977,0.071385
0.280000,0.980000,0.076753,0.047630
0.280000,0.990000,0.053338,0.023827
0.280000,1.000000,0.029743,-0.000000
0.290000,0.000000,-0.008196,0.000000
0.290000,0.010000,0.016399,0.023593
0.290000,0.020000,0.040986,0.047162
0.290000,0.030000,0.065535,0.070685
0.290000,0.040000,0.090018,0.094138
0.290000,0.050000,0.114406,0.117498
0.290000,0.060000,0.138672,0.140742
0.290000,0.070000,0.162787,0.163847
0.290000,0.080000,0.186725,0.186791
0.290000,0.090000,0.210459,0.209550
0.290000,0.100000,0.233963,0.232102
0.290000,0.110000,0.257211,0.254426
0.290000,0.120000,0.280178,0.276498
0.290000,0.130000,0.302838,0.298297
0.290000,0.140000,0.325167,0.319802
0.290000,0.150000,0.347141,0.340992
0.290000,0.160000,0.368737,0.361844
0.290000,0.170000,0.389930,0.382340
0.290000,0.180000,0.410698,0.402459
0.290000,0.190000,0.431020,0.422180
0.290000,0.200000,0.450874,0.441485
0.290000,0.210000,0.470239,0.460354
0.290000,0.220000,0.489095,0.478768
0.290000,0.230000,0.507422,0.496710
0.290000,0.240000,0.525201,0.514162
0.290000,0.250000,0.542415,0.531107
0.290000,0.260000,0.559045,0.547527
0.290000,0.270000,0.575076,0.563407
0.290000,0.280000,0.590492,0.578731
0.290000,0.290000,0.605277,0.593484
0.290000,0.300000,0.619419,0.607651
0.290000,0.310000,0.632904,0.621219
0.290000,0.320000,0.645719,0.634173
0.290000,0.330000,0.657854,0.646502
0.290000,0.340000,0.669299,0.658193
0.290000,0.350000,0.680043,0.669234
0.290000,0.360000,0.690080,0.679614
0.290000,0.370000,0.699402,0.689324
0.290000,0.380000,0.708001,0.698354
0.290000,0.390000,0.715874,0.706694
0.290000,0.400000,0.723015,0.714337
0.290000,0.410000,0.729421,0.721275
0.290000,0.420000,0.735090,0.727501
0.290000,0.430000,0.740019,0.733010
0.290000,0.440000,0.744208,0.737794
0.290000,0.450000,0.747658,0.741851
0.290000,0.460000,0.750369,0.745176
0.290000,0.470000,0.752343,0.747765
0.290000,0.480000,0.753582,0.749616
0.290000,0.490000,0.754091,0.750728
0.290000,0.500000,0.753873,0.751098
0.290000,0.510000,0.752933,0.750728
0.290000,0.520000,0.751276,0.749616
0.290000,0.530000,0.748909,0.747765
0.290000,0.540000,0.745839,0.745176
0.290000,0.550000,0.742073,0.741851
0.290000,0.560000,0.737618,0.737794
0.290000,0.570000,0.732483,0.733010
0.290000,0.580000,0.726678,0.727501
0.290000,0.590000,0.720211,0.721275
0.290000,0.600000,0.713092,0.714337
0.290000,0.610000,0.705331,0.706694
0.290000,0.620000,0.696939,0.698354
0.290000,0.630000,0.687927,0.689324
0.290000,0.640000,0.678305,0.679614
0.290000,0.650000,0.668085,0.669234
0.290000,0.660000,0.657279,0.658193
0.290000,0.670000,0.645898,0.646502
0.290000,0.680000,0.633955,0.634173
0.290000,0.690000,0.621461,0.621219
0.290000,0.700000,0.608429,0.607651
0.290000,0.710000,0.594871,0.593484
0.290000,0.720000,0.580800,0.578731
0.290000,0.730000,0.566228,0.563407
0.290000,0.740000,0.551168,0.547527
0.290000,0.750000,0.535633,0.531107
0.290000,0.760000,0.519636,0.514162
0.290000,0.770000,0.503188,0.496710
0.290000,0.780000,0.486303,0.478768
0.290000,0.790000,0.468993,0.460353
0.290000,0.800000,0.451272,0.441485
0.290000,0.810000,0.433151,0.422180
0.290000,0.820000,0.414643,0.402459
0.290000,0.830000,0.395761,0.382340
0.290000,0.840000,0.376517,0.361845
0.290000,0.850000,0.356922,0.340991
0.290000,0.860000,0.336991,0.319802
0.290000,0.870000,0.316734,0.298297
0.290000,0.880000,0.296163,0.276498
0.290000,0.890000,0.275290,0.254426
0.290000,0.900000,0.254128,0.232102
0.290000,0.910000,0.232687,0.209550
0.290000,0.920000,0.210979,0.186790
0.290000,0.930000,0.189015,0.163847
0.290000,0.940000,0.166806,0.140742
0.290000,0.950000,0.144364,0.117498
0.290000,0.960000,0.121699,0.094138
0.290000,0.970000,0.098821,0.070684
0.290000,0.980000,0.075742,0.047162
0.290000,0.990000,0.052471,0.023593
0.290000,1.000000,0.029019,-0.000000
0.300000,0.000000,-0.007796,0.000000
0.300000,0.010000,0.016497,0.023361
0.300000,0.020000,0.040783,0.046699
0.300000,0.030000,0.065031,0.069990
0.300000,0.040000,0.089215,0.093213
0.300000,0.050000,0.113307,0.116344
0.300000,0.060000,0.137278,0.139360
0.300000,0.070000,0.161103,0.162238
0.300000,0.080000,0.184755,0.184956
0.300000,0.090000,0.208208,0.207492
0.300000,0.100000,0.231435,0.229823
0.300000,0.110000,0.254412,0.251927
0.300000,0.120000,0.277113,0.273782
0.300000,0.130000,0.299514,0.295368
0.300000,0.140000,0.321591,0.316661
0.300000,0.150000,0.343319,0.337643
0.300000,0.160000,0.364676,0.358291
0.300000,0.170000,0.385639,0.378585
0.300000,0.180000,0.406184,0.398506
0.300000,0.190000,0.426291,0.418034
0.300000,0.200000,0.445937,0.437149
0.300000,0.210000,0.465103,0.455832
0.300000,0.220000,0.483769,0.474066
0.300000,0.230000,0.501914,0.491832
0.300000,0.240000,0.519520,0.509113
0.300000,0.250000,0.536569,0.525891
0.300000,0.260000,0.553044,0.542150
0.300000,0.270000,0.568928,0.557874
0.300000,0.280000,0.584206,0.573048
0.300000,0.290000,0.598863,0.587656
0.300000,0.300000,0.612885,0.601684
0.300000,0.310000,0.626259,0.615118
0.300000,0.320000,0.638973,0.627945
0.300000,0.330000,0.651016,0.640153
0.300000,0.340000,0.662377,0.651728
0.300000,0.350000,0.673047,0.662661
0.300000,0.360000,0.683018,0.672940
0.300000,0.370000,0.692282,0.682554
0.300000,0.380000,0.700833,0.691495
0.300000,0.390000,0.708666,0.699754
0.300000,0.400000,0.715775,0.707322
0.300000,0.410000,0.722158,0.714191
0.300000,0.420000,0.727811,0.720356
0.300000,0.430000,0.732733,0.725811
0.300000,0.440000,0.736923,0.730549
0.300000,0.450000,0.740380,0.734565
0.300000,0.460000,0.743107,0.737857
0.300000,0.470000,0.745104,0.740421
0.300000,0.480000,0.746373,0.742254
0.300000,0.490000,0.746918,0.743355
0.300000,0.500000,0.746744,0.743722
0.300000,0.510000,0.745854,0.743355
0.300000,0.520000,0.744254,0.742254
0.300000,0.530000,0.741950,0.740421
0.300000,0.540000,0.738948,0.737857
0.300000,0.550000,0.735256,0.734565
0.300000,0.560000,0.730881,0.730548
0.300000,0.570000,0.725832,0.725811
0.300000,0.580000,0.720116,0.720356
0.300000,0.590000,0.713744,0.714191
0.300000,0.600000,0.706725,0.707321
0.300000,0.610000,0.699068,0.699754
0.300000,0.620000,0.690785,0.691495
0.300000,0.630000,0.681884,0.682554
0.300000,0.640000,0.672379,0.672940
0.300000,0.650000,0.662279,0.662661
0.300000,0.660000,0.651595,0.651728
0.300000,0.670000,0.640341,0.640153
0.300000,0.680000,0.628527,0.627945
0.300000,0.690000,0.616165,0.615118
0.300000,0.700000,0.603268,0.601684
0.300000,0.710000,0.589847,0.587656
0.300000,0.720000,0.575915,0.573047
0.300000,0.730000,0.561485,0.557874
0.300000,0.740000,0.546568,0.542150
0.300000,0.750000,0.531178,0.525891
0.300000,0.760000,0.515327,0.509113
0.300000,0.770000,0.499027,0.491832
0.300000,0.780000,0.482291,0.474066
0.300000,0.790000,0.465131,0.455832
0.300000,0.800000,0.447560,0.437149
0.300000,0.810000,0.429591,0.418034
0.300000,0.820000,0.411235,0.398506
0.300000,0.830000,0.392506,0.378585
0.300000,0.840000,0.373414,0.358291
0.300000,0.850000,0.353974,0.337643
0.300000,0.860000,0.334195,0.316661
0.300000,0.870000,0.314091,0.295367
0.300000,0.880000,0.293673,0.273782
0.300000,0.890000,0.272953,0.251927
0.300000,0.900000,0.251943,0.229823
0.300000,0.910000,0.230653,0.207492
0.300000,0.920000,0.209096,0.184956
0.300000,0.930000,0.187282,0.162238
0.300000,0.940000,0.165223,0.139360
0.300000,0.950000,0.142929,0.116344
0.300000,0.960000,0.120411,0.093213
0.300000,0.970000,0.097680,0.069990
0.300000,0.980000,0.074746,0.046699
0.300000,0.990000,0.051619,0.023361
0.300000,1.000000,0.028309,-0.000000
0.310000,0.000000,-0.007379,0.000000
0.310000,0.010000,0.016615,0.023131
0.310000,0.020000,0.040602,0.046240
0.310000,0.030000,0.064553,0.069303
0.310000,0.040000,0.088441,0.092298
0.310000,0.050000,0.112239,0.115201
0.310000,0.060000,0.135920,0.137991
0.310000,0.070000,0.159458,0.160645
0.310000,0.080000,0.182827,0.183140
0.310000,0.090000,0.206001,0.205454
0.310000,0.100000,0.228955,0.227566
0.310000,0.110000,0.251664,0.249453
0.310000,0.120000,0.274103,0.271093
0.310000,0.130000,0.296247,0.292467
0.310000,0.140000,0.318074,0.313551
0.310000,0.150000,0.339560,0.334327
0.310000,0.160000,0.360681,0.354772
0.310000,0.170000,0.381414,0.374867
0.310000,0.180000,0.401739,0.394592
0.310000,0.190000,0.421632,0.413928
0.310000,0.200000,0.441073,0.432855
0.310000,0.210000,0.460042,0.451356
0.310000,0.220000,0.478518,0.469410
0.310000,0.230000,0.496483,0.487002
0.310000,0.240000,0.513917,0.504113
0.310000,0.250000,0.530803,0.520726
0.310000,0.260000,0.547123,0.536825
0.310000,0.270000,0.562861,0.552395
0.310000,0.280000,0.578002,0.567420
0.310000,0.290000,0.592531,0.581884
0.310000,0.300000,0.606434,0.595775
0.310000,0.310000,0.619697,0.609077
0.310000,0.320000,0.632310,0.621778
0.310000,0.330000,0.644259,0.633866
0.310000,0.340000,0.655536,0.645328
0.310000,0.350000,0.666131,0.656153
0.310000,0.360000,0.676035,0.666331
0.310000,0.370000,0.685242,0.675851
0.310000,0.380000,0.693743,0.684704
0.310000,0.390000,0.701534,0.692881
0.310000,0.400000,0.708611,0.700375
0.310000,0.410000,0.714969,0.707177
0.310000,0.420000,0.720605,0.713282
0.310000,0.430000,0.725519,0.718682
0.310000,0.440000,0.729707,0.723374
0.310000,0.450000,0.733172,0.727351
0.310000,0.460000,0.735912,0.730611
0.310000,0.470000,0.737930,0.733150
0.310000,0.480000,0.739229,0.734965
0.310000,0.490000,0.739809,0.736054
0.310000,0.500000,0.739677,0.736418
0.310000,0.510000,0.738835,0.736054
0.310000,0.520000,0.737290,0.734965
0.310000,0.530000,0.735047,0.733150
0.310000,0.540000,0.732112,0.730611
0.310000,0.550000,0.728492,0.727351
0.310000,0.560000,0.724195,0.723374
0.310000,0.570000,0.719229,0.718682
0.310000,0.580000,0.713602,0.713282
0.310000,0.590000,0.707323,0.707177
0.310000,0.600000,0.700402,0.700375
0.310000,0.610000,0.692848,0.692881
0.310000,0.620000,0.684671,0.684704
0.310000,0.630000,0.675881,0.675851
0.310000,0.640000,0.666490,0.666331
0.310000,0.650000,0.656509,0.656153
0.310000,0.660000,0.645947,0.645328
0.310000,0.670000,0.634817,0.633866
0.310000,0.680000,0.623131,0.621778
0.310000,0.690000,0.610900,0.609077
0.310000,0.700000,0.598136,0.595774
0.310000,0.710000,0.584851,0.581884
0.310000,0.720000,0.571057,0.567420
0.310000,0.730000,0.556767,0.552395
0.310000,0.740000,0.541993,0.536825
0.310000,0.750000,0.526746,0.520726
0.310000,0.760000,0.511040,0.504113
0.310000,0.770000,0.494887,0.487002
0.310000,0.780000,0.478300,0.469410
0.310000,0.790000,0.461289,0.451356
0.310000,0.800000,0.443869,0.432855
0.310000,0.810000,0.426050,0.413928
0.310000,0.820000,0.407846,0.394592
0.310000,0.830000,0.389268,0.374867
0.310000,0.840000,0.370329,0.354772
0.310000,0.850000,0.351041,0.334327
0.310000,0.860000,0.331415,0.313551
0.310000,0.870000,0.311463,0.292467
0.310000,0.880000,0.291198,0.271093
0.310000,0.890000,0.270630,0.249453
0.310000,0.900000,0.249771,0.227566
0.310000,0.910000,0.228633,0.205454
0.310000,0.920000,0.207227,0.183139
0.310000,0.930000,0.185563,0.160645
0.310000,0.940000,0.163653,0.137991
0.310000,0.950000,0.141508,0.115201
0.310000,0.960000,0.119137,0.092298
0.310000,0.970000,0.096552,0.069303
0.310000,0.980000,0.073764,0.046240
0.310000,0.990000,0.050780,0.023131
0.310000,1.000000,0.027614,-0.000000
0.320000,0.000000,-0.006946,0.000000
0.320000,0.010000,0.016753,0.022904
0.320000,0.020000,0.040443,0.045786
0.320000,0.030000,0.064100,0.068622
0.320000,0.040000,0.087695,0.091391
0.320000,0.050000,0.111203,0.114070
0.320000,0.060000,0.134597,0.136636
0.320000,0.070000,0.157851,0.159067
0.320000,0.080000,0.180940,0.181341
0.320000,0.090000,0.203839,0.203436
0.320000,0.100000,0.226523,0.225331
0.320000,0.110000,0.248966,0.247003
0.320000,0.120000,0.271146,0.268431
0.320000,0.130000,0.293037,0.289594
0.320000,0.140000,0.314617,0.310472
0.320000,0.150000,0.335862,0.331043
0.320000,0.160000,0.356749,0.351288
0.320000,0.170000,0.377257,0.371186
0.320000,0.180000,0.397362,0.390717
0.320000,0.190000,0.417044,0.409863
0.320000,0.200000,0.436282,0.428604
0.320000,0.210000,0.455055,0.446923
0.320000,0.220000,0.473344,0.464800
0.320000,0.230000,0.491129,0.482219
0.320000,0.240000,0.508392,0.499162
0.320000,0.250000,0.525116,0.515612
0.320000,0.260000,0.541282,0.531553
0.320000,0.270000,0.556875,0.546970
0.320000,0.280000,0.571880,0.561847
0.320000,0.290000,0.586280,0.576169
0.320000,0.300000,0.600064,0.589923
0.320000,0.310000,0.613217,0.603095
0.320000,0.320000,0.625727,0.615672
0.320000,0.330000,0.637584,0.627640
0.320000,0.340000,0.648777,0.638990
0.320000,0.350000,0.659295,0.649709
0.320000,0.360000,0.669133,0.659787
0.320000,0.370000,0.678280,0.669213
0.320000,0.380000,0.686731,0.677979
0.320000,0.390000,0.694480,0.686076
0.320000,0.400000,0.701523,0.693496
0.320000,0.410000,0.707855,0.700232
0.320000,0.420000,0.713474,0.706277
0.320000,0.430000,0.718377,0.711624
0.320000,0.440000,0.722564,0.716269
0.320000,0.450000,0.726033,0.720208
0.320000,0.460000,0.728786,0.723436
0.320000,0.470000,0.730824,0.725949
0.320000,0.480000,0.732149,0.727746
0.320000,0.490000,0.732763,0.728826
0.320000,0.500000,0.732671,0.729185
0.320000,0.510000,0.731876,0.728826
0.320000,0.520000,0.730384,0.727746
0.320000,0.530000,0.728200,0.725949
0.320000,0.540000,0.725330,0.723435
0.320000,0.550000,0.721781,0.720208
0.320000,0.560000,0.717561,0.716269
0.320000,0.570000,0.712676,0.711624
0.320000,0.580000,0.707136,0.706277
0.320000,0.590000,0.700949,0.700232
0.320000,0.600000,0.694124,0.693496
0.320000,0.610000,0.686670,0.686076
0.320000,0.620000,0.678598,0.677979
0.320000,0.630000,0.669918,0.669213
0.320000,0.640000,0.660640,0.659787
0.320000,0.650000,0.650775,0.649709
0.320000,0.660000,0.640333,0.638990
0.320000,0.670000,0.629327,0.627640
0.320000,0.680000,0.617767,0.615672
0.320000,0.690000,0.605666,0.603095
0.320000,0.700000,0.593033,0.589923
0.320000,0.710000,0.579883,0.576169
0.320000,0.720000,0.566226,0.561847
0.320000,0.730000,0.552075,0.546970
0.320000,0.740000,0.537442,0.531553
0.320000,0.750000,0.522338,0.515612
0.320000,0.760000,0.506777,0.499162
0.320000,0.770000,0.490769,0.482219
0.320000,0.780000,0.474329,0.464800
0.320000,0.790000,0.457466,0.446923
0.320000,0.800000,0.440195,0.428604
0.320000,0.810000,0.422527,0.409863
0.320000,0.820000,0.404473,0.390717
0.320000,0.830000,0.386047,0.371185
0.320000,0.840000,0.367260,0.351288
0.320000,0.850000,0.348123,0.331043
0.320000,0.860000,0.328650,0.310472
0.320000,0.870000,0.308850,0.289594
0.320000,0.880000,0.288737,0.268431
0.320000,0.890000,0.268321,0.247003
0.320000,0.900000,0.247614,0.225331
0.320000,0.910000,0.226627,0.203436
0.320000,0.920000,0.205371,0.181341
0.320000,0.930000,0.183857,0.159067
0.320000,0.940000,0.162096,0.136636
0.320000,0.950000,0.140099,0.114070
0.320000,0.960000,0.117875,0.091391
0.320000,0.970000,0.095437,0.068622
0.320000,0.980000,0.072793,0.045786
0.320000,0.990000,0.049954,0.022904
0.320000,1.000000,0.026931,-0.000000
0.330000,0.000000,-0.006497,0.000000
0.330000,0.010000,0.016908,0.022679
0.330000,0.020000,0.040306,0.045336
0.330000,0.030000,0.063672,0.067948
0.330000,0.040000,0.086978,0.090494
0.330000,0.050000,0.110198,0.112949
0.330000,0.060000,0.133309,0.135294
0.330000,0.070000,0.156282,0.157505
0.330000,0.080000,0.179095,0.179560
0.330000,0.090000,0.201722,0.201438
0.330000,0.100000,0.224138,0.223118
0.330000,0.110000,0.246320,0.244577
0.330000,0.120000,0.268243,0.265795
0.330000,0.130000,0.289883,0.286750
0.330000,0.140000,0.311219,0.307423
0.330000,0.150000,0.332226,0.327792
0.330000,0.160000,0.352883,0.347838
0.330000,0.170000,0.373166,0.367540
0.330000,0.180000,0.393055,0.386880
0.330000,0.190000,0.412527,0.405838
0.330000,0.200000,0.431563,0.424395
0.330000,0.210000,0.450142,0.442534
0.330000,0.220000,0.468245,0.460235
0.330000,0.230000,0.485852,0.477483
0.330000,0.240000,0.502946,0.494259
0.330000,0.250000,0.519508,0.510548
0.330000,0.260000,0.535521,0.526333
0.330000,0.270000,0.550969,0.541598
0.330000,0.280000,0.565838,0.556329
0.330000,0.290000,0.580111,0.570511
0.330000,0.300000,0.593775,0.584130
0.330000,0.310000,0.606818,0.597172
0.330000,0.320000,0.619226,0.609625
0.330000,0.330000,0.630990,0.621476
0.330000,0.340000,0.642098,0.632714
0.330000,0.350000,0.652540,0.643328
0.330000,0.360000,0.662310,0.653307
0.330000,0.370000,0.671397,0.662641
0.330000,0.380000,0.679797,0.671321
0.330000,0.390000,0.687503,0.679338
0.330000,0.400000,0.694511,0.686686
0.330000,0.410000,0.700816,0.693355
0.330000,0.420000,0.706416,0.699340
0.330000,0.430000,0.711308,0.704635
0.330000,0.440000,0.715491,0.709235
0.330000,0.450000,0.718964,0.713135
0.330000,0.460000,0.721728,0.716331
0.330000,0.470000,0.723784,0.718820
0.330000,0.480000,0.725134,0.720599
0.330000,0.490000,0.725780,0.721668
0.330000,0.500000,0.725727,0.722024
0.330000,0.510000,0.724977,0.721668
0.330000,0.520000,0.723536,0.720599
0.330000,0.530000,0.721410,0.718820
0.330000,0.540000,0.718603,0.716331
0.330000,0.550000,0.715123,0.713135
0.330000,0.560000,0.710977,0.709235
0.330000,0.570000,0.706173,0.704635
0.330000,0.580000,0.700717,0.699340
0.330000,0.590000,0.694620,0.693355
0.330000,0.600000,0.687889,0.686686
0.330000,0.610000,0.680535,0.679338
0.330000,0.620000,0.672566,0.671321
0.330000,0.630000,0.663993,0.662641
0.330000,0.640000,0.654827,0.653307
0.330000,0.650000,0.645077,0.643328
0.330000,0.660000,0.634754,0.632714
0.330000,0.670000,0.623869,0.621476
0.330000,0.680000,0.612435,0.609625
0.330000,0.690000,0.600461,0.597172
0.330000,0.700000,0.587959,0.584130
0.330000,0.710000,0.574942,0.570511
0.330000,0.720000,0.561421,0.556329
0.330000,0.730000,0.547408,0.541598
0.330000,0.740000,0.532914,0.526333
0.330000,0.750000,0.517953,0.510548
0.330000,0.760000,0.502535,0.494259
0.330000,0.770000,0.486672,0.477483
0.330000,0.780000,0.470377,0.460235
0.330000,0.790000,0.453663,0.442534
0.330000,0.800000,0.436540,0.424395
0.330000,0.810000,0.419021,0.405838
0.330000,0.820000,0.401117,0.386880
0.330000,0.830000,0.382842,0.367540
0.330000,0.840000,0.364205,0.347838
0.330000,0.850000,0.345220,0.327792
0.330000,0.860000,0.325898,0.307423
0.330000,0.870000,0.306251,0.286750
0.330000,0.880000,0.286289,0.265795
0.330000,0.890000,0.266025,0.244577
0.330000,0.900000,0.245469,0.223118
0.330000,0.910000,0.224632,0.201438
0.330000,0.920000,0.203526,0.179560
0.330000,0.930000,0.182162,0.157505
0.330000,0.940000,0.160550,0.135294
0.330000,0.950000,0.138701,0.112949
0.330000,0.960000,0.116625,0.090494
0.330000,0.970000,0.094333,0.067948
0.330000,0.980000,0.071834,0.045336
0.330000,0.990000,0.049140,0.022679
0.330000,1.000000,0.026258,-0.000000
0.340000,0.000000,-0.006033,0.000000
0.340000,0.010000,0.017082,0.022457
0.340000,0.020000,0.040191,0.044891
0.340000,0.030000,0.063268,0.067281
0.340000,0.040000,0.086288,0.089605
0.340000,0.050000,0.109225,0.111840
0.340000,0.060000,0.132054,0.133965
0.340000,0.070000,0.154751,0.155958
0.340000,0.080000,0.177290,0.177797
0.340000,0.090000,0.199648,0.199460
0.340000,0.100000,0.221801,0.220926
0.340000,0.110000,0.243723,0.242175
0.340000,0.120000,0.265393,0.263184
0.340000,0.130000,0.286786,0.283934
0.340000,0.140000,0.307880,0.304404
0.340000,0.150000,0.328652,0.324573
0.340000,0.160000,0.349079,0.344422
0.340000,0.170000,0.369141,0.363930
0.340000,0.180000,0.388815,0.383080
0.340000,0.190000,0.408080,0.401852
0.340000,0.200000,0.426916,0.420227
0.340000,0.210000,0.445303,0.438187
0.340000,0.220000,0.463221,0.455715
0.340000,0.230000,0.480652,0.472794
0.340000,0.240000,0.497577,0.489405
0.340000,0.250000,0.513978,0.505534
0.340000,0.260000,0.529839,0.521164
0.340000,0.270000,0.545144,0.536279
0.340000,0.280000,0.559877,0.550865
0.340000,0.290000,0.574023,0.564908
0.340000,0.300000,0.587568,0.578393
0.340000,0.310000,0.600500,0.591307
0.340000,0.320000,0.612807,0.603638
0.340000,0.330000,0.624476,0.615373
0.340000,0.340000,0.635499,0.626500
0.340000,0.350000,0.645865,0.637010
0.340000,0.360000,0.655566,0.646891
0.340000,0.370000,0.664593,0.656133
0.340000,0.380000,0.672941,0.664728
0.340000,0.390000,0.680603,0.672667
0.340000,0.400000,0.687574,0.679942
0.340000,0.410000,0.693851,0.686546
0.340000,0.420000,0.699431,0.692472
0.340000,0.430000,0.704310,0.697715
0.340000,0.440000,0.708488,0.702269
0.340000,0.450000,0.711964,0.706131
0.340000,0.460000,0.714737,0.709295
0.340000,0.470000,0.716810,0.711760
0.340000,0.480000,0.718183,0.713522
0.340000,0.490000,0.718860,0.714580
0.340000,0.500000,0.718843,0.714933
0.340000,0.510000,0.718137,0.714580
0.340000,0.520000,0.716746,0.713522
0.340000,0.530000,0.714675,0.711760
0.340000,0.540000,0.711930,0.709295
0.340000,0.550000,0.708518,0.706131
0.340000,0.560000,0.704445,0.702269
0.340000,0.570000,0.699718,0.697715
0.340000,0.580000,0.694346,0.692472
0.340000,0.590000,0.688336,0.686546
0.340000,0.600000,0.681699,0.679942
0.340000,0.610000,0.674442,0.672667
0.340000,0.620000,0.666575,0.664728
0.340000,0.630000,0.658108,0.656133
0.340000,0.640000,0.649051,0.646891
0.340000,0.650000,0.639414,0.637010
0.340000,0.660000,0.629208,0.626500
0.340000,0.670000,0.618444,0.615373
0.340000,0.680000,0.607133,0.603638
0.340000,0.690000,0.595286,0.591307
0.340000,0.700000,0.582914,0.578393
0.340000,0.710000,0.570029,0.564908
0.340000,0.720000,0.556642,0.550865
0.340000,0.730000,0.542765,0.536279
0.340000,0.740000,0.528410,0.521164
0.340000,0.750000,0.513589,0.505534
0.340000,0.760000,0.498313,0.489405
0.340000,0.770000,0.482594,0.472794
0.340000,0.780000,0.466445,0.455715
0.340000,0.790000,0.449877,0.438187
0.340000,0.800000,0.432901,0.420227
0.340000,0.810000,0.415531,0.401852
0.340000,0.820000,0.397777,0.383080
0.340000,0.830000,0.379651,0.363930
0.340000,0.840000,0.361165,0.344422
0.340000,0.850000,0.342331,0.324573
0.340000,0.860000,0.323160,0.304404
0.340000,0.870000,0.303663,0.283934
0.340000,0.880000,0.283853,0.263184
0.340000,0.890000,0.263739,0.242175
0.340000,0.900000,0.243334,0.220926
0.340000,0.910000,0.222648,0.199460
0.340000,0.920000,0.201692,0.177796
0.340000,0.930000,0.180478,0.155958
0.340000,0.940000,0.159014,0.133965
0.340000,0.950000,0.137313,0.111840
0.340000,0.960000,0.115385,0.089605
0.340000,0.970000,0.093238,0.067281
0.340000,0.980000,0.070885,0.044891
0.340000,0.990000,0.048334,0.022457
0.340000,1.000000,0.025596,-0.000000
0.350000,0.000000,-0.005556,0.000000
0.350000,0.010000,0.017272,0.022236
0.350000,0.020000,0.040096,0.044450
0.350000,0.030000,0.062888,0.066620
0.350000,0.040000,0.085625,0.088725
0.350000,0.050000,0.108282,0.110742
0.350000,0.060000,0.130834,0.132649
0.350000,0.070000,0.153257,0.154426
0.350000,0.080000,0.175526,0.176050
0.350000,0.090000,0.197618,0.197501
0.350000,0.100000,0.219510,0.218757
0.350000,0.110000,0.241176,0.239796
0.350000,0.120000,0.262595,0.260600
0.350000,0.130000,0.283744,0.281146
0.350000,0.140000,0.304599,0.301414
0.350000,0.150000,0.325138,0.321385
0.350000,0.160000,0.345339,0.341039
0.350000,0.170000,0.365181,0.360356
0.350000,0.180000,0.384643,0.379318
0.350000,0.190000,0.403703,0.397905
0.350000,0.200000,0.422341,0.416100
0.350000,0.210000,0.440537,0.433884
0.350000,0.220000,0.458272,0.451240
0.350000,0.230000,0.475528,0.468150
0.350000,0.240000,0.492285,0.484599
0.350000,0.250000,0.508527,0.500569
0.350000,0.260000,0.524237,0.516045
0.350000,0.270000,0.539398,0.531012
0.350000,0.280000,0.553995,0.545455
0.350000,0.290000,0.568014,0.559360
0.350000,0.300000,0.581441,0.572713
0.350000,0.310000,0.594263,0.585500
0.350000,0.320000,0.606468,0.597709
0.350000,0.330000,0.618044,0.609329
0.350000,0.340000,0.628980,0.620348
0.350000,0.350000,0.639269,0.630754
0.350000,0.360000,0.648901,0.640538
0.350000,0.370000,0.657867,0.649689
0.350000,0.380000,0.666162,0.658199
0.350000,0.390000,0.673779,0.666060
0.350000,0.400000,0.680714,0.673264
0.350000,0.410000,0.686962,0.679803
0.350000,0.420000,0.692520,0.685671
0.350000,0.430000,0.697385,0.690863
0.350000,0.440000,0.701556,0.695373
0.350000,0.450000,0.705032,0.699196
0.350000,0.460000,0.707814,0.702329
0.350000,0.470000,0.709902,0.704770
0.350000,0.480000,0.711297,0.706515
0.350000,0.490000,0.712003,0.707562
0.350000,0.500000,0.712022,0.707912
0.350000,0.510000,0.711357,0.707562
0.350000,0.520000,0.710014,0.706515
0.350000,0.530000,0.707997,0.704770
0.350000,0.540000,0.705312,0.702329
0.350000,0.550000,0.701964,0.699196
0.350000,0.560000,0.697962,0.695372
0.350000,0.570000,0.693312,0.690863
0.350000,0.580000,0.688021,0.685671
0.350000,0.590000,0.682099,0.679803
0.350000,0.600000,0.675552,0.673264
0.350000,0.610000,0.668391,0.666060
0.350000,0.620000,0.660623,0.658199
0.350000,0.630000,0.652261,0.649689
0.350000,0.640000,0.643312,0.640538
0.350000,0.650000,0.633787,0.630754
0.350000,0.660000,0.623697,0.620348
0.350000,0.670000,0.613052,0.609329
0.350000,0.680000,0.601862,0.597709
0.350000,0.690000,0.590140,0.585500
0.350000,0.700000,0.577896,0.572712
0.350000,0.710000,0.565141,0.559360
0.350000,0.720000,0.551888,0.545455
0.350000,0.730000,0.538147,0.531012
0.350000,0.740000,0.523929,0.516045
0.350000,0.750000,0.509247,0.500569
0.350000,0.760000,0.494112,0.484599
0.350000,0.770000,0.478536,0.468150
0.350000,0.780000,0.462531,0.451240
0.350000,0.790000,0.446108,0.433884
0.350000,0.800000,0.429279,0.416100
0.350000,0.810000,0.412057,0.397905
0.350000,0.820000,0.394451,0.379318
0.350000,0.830000,0.376475,0.360356
0.350000,0.840000,0.358139,0.341039
0.350000,0.850000,0.339454,0.321385
0.350000,0.860000,0.320433,0.301414
0.350000,0.870000,0.301088,0.281145
0.350000,0.880000,0.281428,0.260600
0.350000,0.890000,0.261465,0.239797
0.350000,0.900000,0.241210,0.218757
0.350000,0.910000,0.220674,0.197501
0.350000,0.920000,0.199868,0.176050
0.350000,0.930000,0.178802,0.154426
0.350000,0.940000,0.157487,0.132649
0.350000,0.950000,0.135934,0.110742
0.350000,0.960000,0.114152,0.088725
0.350000,0.970000,0.092152,0.066620
0.350000,0.980000,0.069944,0.044450
0.350000,0.990000,0.047538,0.022236
0.350000,1.000000,0.024942,-0.000000
0.360000,0.000000,-0.005065,0.000000
0.360000,0.010000,0.017480,0.022018
0.360000,0.020000,0.040020,0.044014
0.360000,0.030000,0.062531,0.065966
0.360000,0.040000,0.084989,0.087853
0.360000,0.050000,0.107369,0.109654
0.360000,0.060000,0.129647,0.131347
0.360000,0.070000,0.151799,0.152909
0.360000,0.080000,0.173802,0.174321
0.360000,0.090000,0.195632,0.195561
0.360000,0.100000,0.217265,0.216608
0.360000,0.110000,0.238679,0.237441
0.360000,0.120000,0.259850,0.258040
0.360000,0.130000,0.280757,0.278384
0.360000,0.140000,0.301375,0.298454
0.360000,0.150000,0.321684,0.318229
0.360000,0.160000,0.341662,0.337690
0.360000,0.170000,0.361287,0.356817
0.360000,0.180000,0.380538,0.375593
0.360000,0.190000,0.399394,0.393997
0.360000,0.200000,0.417836,0.412013
0.360000,0.210000,0.435843,0.429623
0.360000,0.220000,0.453397,0.446808
0.360000,0.230000,0.470479,0.463553
0.360000,0.240000,0.487070,0.479840
0.360000,0.250000,0.503153,0.495653
0.360000,0.260000,0.518712,0.510977
0.360000,0.270000,0.533731,0.525797
0.360000,0.280000,0.548194,0.540098
0.360000,0.290000,0.562087,0.553866
0.360000,0.300000,0.575395,0.567088
0.360000,0.310000,0.588107,0.579750
0.360000,0.320000,0.600209,0.591839
0.360000,0.330000,0.611691,0.603345
0.360000,0.340000,0.622542,0.614255
0.360000,0.350000,0.632752,0.624559
0.360000,0.360000,0.642315,0.634247
0.360000,0.370000,0.651220,0.643308
0.360000,0.380000,0.659460,0.651735
0.360000,0.390000,0.667032,0.659519
0.360000,0.400000,0.673928,0.666652
0.360000,0.410000,0.680146,0.673127
0.360000,0.420000,0.685681,0.678937
0.360000,0.430000,0.690531,0.684078
0.360000,0.440000,0.694695,0.688543
0.360000,0.450000,0.698170,0.692329
0.360000,0.460000,0.700959,0.695432
0.360000,0.470000,0.703060,0.697848
0.360000,0.480000,0.704476,0.699576
0.360000,0.490000,0.705208,0.700613
0.360000,0.500000,0.705261,0.700959
0.360000,0.510000,0.704636,0.700613
0.360000,0.520000,0.703339,0.699576
0.360000,0.530000,0.701374,0.697848
0.360000,0.540000,0.698747,0.695432
0.360000,0.550000,0.695464,0.692329
0.360000,0.560000,0.691531,0.688543
0.360000,0.570000,0.686955,0.684078
0.360000,0.580000,0.681744,0.678937
0.360000,0.590000,0.675906,0.673127
0.360000,0.600000,0.669449,0.666652
0.360000,0.610000,0.662382,0.659519
0.360000,0.620000,0.654713,0.651735
0.360000,0.630000,0.646452,0.643308
0.360000,0.640000,0.637610,0.634247
0.360000,0.650000,0.628195,0.624559
0.360000,0.660000,0.618219,0.614255
0.360000,0.670000,0.607691,0.603345
0.360000,0.680000,0.596622,0.591839
0.360000,0.690000,0.585024,0.579750
0.360000,0.700000,0.572906,0.567088
0.360000,0.710000,0.560281,0.553866
0.360000,0.720000,0.547158,0.540098
0.360000,0.730000,0.533551,0.525797
0.360000,0.740000,0.519469,0.510977
0.360000,0.750000,0.504926,0.495653
0.360000,0.760000,0.489931,0.479839
0.360000,0.770000,0.474497,0.463553
0.360000,0.780000,0.458635,0.446808
0.360000,0.790000,0.442356,0.429623
0.360000,0.800000,0.425673,0.412013
0.360000,0.810000,0.408597,0.393997
0.360000,0.820000,0.391139,0.375593
0.360000,0.830000,0.373311,0.356817
0.360000,0.840000,0.355124,0.337690
0.360000,0.850000,0.336589,0.318229
0.360000,0.860000,0.317719,0.298454
0.360000,0.870000,0.298523,0.278384
0.360000,0.880000,0.279013,0.258040
0.360000,0.890000,0.259200,0.237441
0.360000,0.900000,0.239095,0.216608
0.360000,0.910000,0.218709,0.195561
0.360000,0.920000,0.198052,0.174321
0.360000,0.930000,0.177135,0.152909
0.360000,0.940000,0.155968,0.131347
0.360000,0.950000,0.134563,0.109654
0.360000,0.960000,0.112928,0.087853
0.360000,0.970000,0.091074,0.065966
0.360000,0.980000,0.069010,0.044014
0.360000,0.990000,0.046748,0.022018
0.360000,1.000000,0.024296,-0.000000
0.370000,0.000000,-0.004561,0.000000
0.370000,0.010000,0.017703,0.021801
0.370000,0.020000,0.039964,0.043581
0.370000,0.030000,0.062197,0.065318
0.370000,0.040000,0.084379,0.086991
0.370000,0.050000,0.106485,0.108577
0.370000,0.060000,0.128493,0.130057
0.370000,0.070000,0.150378,0.151408
0.370000,0.080000,0.172117,0.172609
0.370000,0.090000,0.193688,0.193641
0.370000,0.100000,0.215066,0.214481
0.370000,0.110000,0.236230,0.235110
0.370000,0.120000,0.257157,0.255506
0.370000,0.130000,0.277824,0.275650
0.370000,0.140000,0.298209,0.295523
0.370000,0.150000,0.318291,0.315103
0.370000,0.160000,0.338047,0.334373
0.370000,0.170000,0.357457,0.353313
0.370000,0.180000,0.376500,0.371904
0.370000,0.190000,0.395154,0.390128
0.370000,0.200000,0.413402,0.407967
0.370000,0.210000,0.431222,0.425403
0.370000,0.220000,0.448595,0.442420
0.370000,0.230000,0.465504,0.459000
0.370000,0.240000,0.481931,0.475127
0.370000,0.250000,0.497857,0.490785
0.370000,0.260000,0.513266,0.505959
0.370000,0.270000,0.528143,0.520633
0.370000,0.280000,0.542471,0.534794
0.370000,0.290000,0.556238,0.548427
0.370000,0.300000,0.569428,0.561518
0.370000,0.310000,0.582030,0.574056
0.370000,0.320000,0.594030,0.586027
0.370000,0.330000,0.605418,0.597419
0.370000,0.340000,0.616183,0.608223
0.370000,0.350000,0.626316,0.618425
0.370000,0.360000,0.635807,0.628018
0.370000,0.370000,0.644650,0.636990
0.370000,0.380000,0.652836,0.645335
0.370000,0.390000,0.660361,0.653042
0.370000,0.400000,0.667218,0.660105
0.370000,0.410000,0.673404,0.666516
0.370000,0.420000,0.678916,0.672269
0.370000,0.430000,0.683749,0.677359
0.370000,0.440000,0.687903,0.681781
0.370000,0.450000,0.691377,0.685530
0.370000,0.460000,0.694170,0.688602
0.370000,0.470000,0.696284,0.690995
0.370000,0.480000,0.697719,0.692705
0.370000,0.490000,0.698476,0.693732
0.370000,0.500000,0.698561,0.694075
0.370000,0.510000,0.697975,0.693732
0.370000,0.520000,0.696723,0.692705
0.370000,0.530000,0.694808,0.690995
0.370000,0.540000,0.692237,0.688602
0.370000,0.550000,0.689016,0.685530
0.370000,0.560000,0.685151,0.681781
0.370000,0.570000,0.680648,0.677359
0.370000,0.580000,0.675514,0.672269
0.370000,0.590000,0.669759,0.666516
0.370000,0.600000,0.663389,0.660104
0.370000,0.610000,0.656414,0.653042
0.370000,0.620000,0.648842,0.645334
0.370000,0.630000,0.640682,0.636990
0.370000,0.640000,0.631945,0.628018
0.370000,0.650000,0.622638,0.618425
0.370000,0.660000,0.612774,0.608222
0.370000,0.670000,0.602362,0.597419
0.370000,0.680000,0.591412,0.586027
0.370000,0.690000,0.579936,0.574056
0.370000,0.700000,0.567943,0.561518
0.370000,0.710000,0.555445,0.548427
0.370000,0.720000,0.542454,0.534794
0.370000,0.730000,0.528979,0.520633
0.370000,0.740000,0.515032,0.505959
0.370000,0.750000,0.500625,0.490785
0.370000,0.760000,0.485769,0.475127
0.370000,0.770000,0.470476,0.459000
0.370000,0.780000,0.454756,0.442420
0.370000,0.790000,0.438621,0.425403
0.370000,0.800000,0.422083,0.407967
0.370000,0.810000,0.405152,0.390128
0.370000,0.820000,0.387841,0.371904
0.370000,0.830000,0.370160,0.353313
0.370000,0.840000,0.352121,0.334373
0.370000,0.850000,0.333735,0.315103
0.370000,0.860000,0.315014,0.295523
0.370000,0.870000,0.295967,0.275650
0.370000,0.880000,0.276607,0.255506
0.370000,0.890000,0.256943,0.235110
0.370000,0.900000,0.236988,0.214481
0.370000,0.910000,0.216751,0.193641
0.370000,0.920000,0.196243,0.172609
0.370000,0.930000,0.175475,0.151408
0.370000,0.940000,0.154456,0.130057
0.370000,0.950000,0.133198,0.108577
0.370000,0.960000,0.111709,0.086991
0.370000,0.970000,0.090001,0.065318
0.370000,0.980000,0.068083,0.043581
0.370000,0.990000,0.045965,0.021801
0.370000,1.000000,0.023655,-0.000000
0.380000,0.000000,-0.004044,0.000000
0.380000,0.010000,0.017942,0.021587
0.380000,0.020000,0.039927,0.043153
0.380000,0.030000,0.061885,0.064677
0.380000,0.040000,0.083794,0.086136
0.380000,0.050000,0.105630,0.107511
0.380000,0.060000,0.127370,0.128779
0.380000,0.070000,0.148992,0.149921
0.380000,0.080000,0.170471,0.170914
0.380000,0.090000,0.191785,0.191739
0.380000,0.100000,0.212912,0.212375
0.380000,0.110000,0.233829,0.232800
0.380000,0.120000,0.254514,0.252997
0.380000,0.130000,0.274945,0.272943
0.380000,0.140000,0.295099,0.292620
0.380000,0.150000,0.314956,0.312009
0.380000,0.160000,0.334493,0.331089
0.380000,0.170000,0.353691,0.349843
0.380000,0.180000,0.372527,0.368252
0.380000,0.190000,0.390983,0.386296
0.380000,0.200000,0.409037,0.403960
0.380000,0.210000,0.426672,0.421225
0.380000,0.220000,0.443867,0.438075
0.380000,0.230000,0.460604,0.454492
0.380000,0.240000,0.476867,0.470461
0.380000,0.250000,0.492636,0.485965
0.380000,0.260000,0.507897,0.500990
0.380000,0.270000,0.522632,0.515520
0.380000,0.280000,0.536828,0.529542
0.380000,0.290000,0.550469,0.543041
0.380000,0.300000,0.563541,0.556004
0.380000,0.310000,0.576032,0.568418
0.380000,0.320000,0.587931,0.580271
0.380000,0.330000,0.599224,0.591552
0.380000,0.340000,0.609902,0.602249
0.380000,0.350000,0.619956,0.612352
0.380000,0.360000,0.629377,0.621850
0.380000,0.370000,0.638157,0.630735
0.380000,0.380000,0.646288,0.638997
0.380000,0.390000,0.653765,0.646628
0.380000,0.400000,0.660583,0.653622
0.380000,0.410000,0.666736,0.659970
0.380000,0.420000,0.672223,0.665667
0.380000,0.430000,0.677038,0.670707
0.380000,0.440000,0.681182,0.675085
0.380000,0.450000,0.684653,0.678797
0.380000,0.460000,0.687450,0.681839
0.380000,0.470000,0.689574,0.684208
0.380000,0.480000,0.691025,0.685902
0.380000,0.490000,0.691808,0.686919
0.380000,0.500000,0.691922,0.687258
0.380000,0.510000,0.691373,0.686919
0.380000,0.520000,0.690163,0.685902
0.380000,0.530000,0.688297,0.684208
0.380000,0.540000,0.685781,0.681839
0.380000,0.550000,0.682620,0.678797
0.380000,0.560000,0.678820,0.675085
0.380000,0.570000,0.674388,0.670707
0.380000,0.580000,0.669331,0.665667
0.380000,0.590000,0.663657,0.659970
0.380000,0.600000,0.657373,0.653621
0.380000,0.610000,0.650488,0.646628
0.380000,0.620000,0.643011,0.638997
0.380000,0.630000,0.634950,0.630735
0.380000,0.640000,0.626316,0.621850
0.380000,0.650000,0.617116,0.612352
0.380000,0.660000,0.607362,0.602249
0.380000,0.670000,0.597065,0.591552
0.380000,0.680000,0.586232,0.580271
0.380000,0.690000,0.574876,0.568418
0.380000,0.700000,0.563007,0.556004
0.380000,0.710000,0.550636,0.543041
0.380000,0.720000,0.537772,0.529542
0.380000,0.730000,0.524429,0.515520
0.380000,0.740000,0.510616,0.500990
0.380000,0.750000,0.496345,0.485965
0.380000,0.760000,0.481627,0.470461
0.380000,0.770000,0.466472,0.454492
0.380000,0.780000,0.450893,0.438075
0.380000,0.790000,0.434901,0.421225
0.380000,0.800000,0.418506,0.403960
0.380000,0.810000,0.401720,0.386296
0.380000,0.820000,0.384555,0.368251
0.380000,0.830000,0.367022,0.349843
0.380000,0.840000,0.349130,0.331089
0.380000,0.850000,0.330892,0.312009
0.380000,0.860000,0.312318,0.292620
0.380000,0.870000,0.293421,0.272943
0.380000,0.880000,0.274209,0.252997
0.380000,0.890000,0.254695,0.232800
0.380000,0.900000,0.234888,0.212375
0.380000,0.910000,0.214800,0.191739
0.380000,0.920000,0.194441,0.170914
0.380000,0.930000,0.173820,0.149921
0.380000,0.940000,0.152950,0.128779
0.380000,0.950000,0.131838,0.107511
0.380000,0.960000,0.110496,0.086136
0.380000,0.970000,0.088934,0.064677
0.380000,0.980000,0.067161,0.043153
0.380000,0.990000,0.045186,0.021587
0.380000,1.000000,0.023020,-0.000000
0.390000,0.000000,-0.003517,0.000000
0.390000,0.010000,0.018196,0.021375
0.390000,0.020000,0.039907,0.042730
0.390000,0.030000,0.061594,0.064042
0.390000,0.040000,0.083234,0.085290
0.390000,0.050000,0.104804,0.106455
0.390000,0.060000,0.126280,0.127515
0.390000,0.070000,0.147641,0.148448
0.390000,0.080000,0.168863,0.169236
0.390000,0.090000,0.189925,0.189856
0.390000,0.100000,0.210803,0.210289
0.390000,0.110000,0.231476,0.230514
0.390000,0.120000,0.251922,0.250512
0.390000,0.130000,0.272119,0.270263
0.390000,0.140000,0.292045,0.289747
0.390000,0.150000,0.311680,0.308945
0.390000,0.160000,0.331000,0.327838
0.390000,0.170000,0.349988,0.346407
0.390000,0.180000,0.368620,0.364635
0.390000,0.190000,0.386878,0.382503
0.390000,0.200000,0.404742,0.399993
0.390000,0.210000,0.422192,0.417089
0.390000,0.220000,0.439210,0.433773
0.390000,0.230000,0.455778,0.450029
0.390000,0.240000,0.471877,0.465840
0.390000,0.250000,0.487492,0.481192
0.390000,0.260000,0.502604,0.496070
0.390000,0.270000,0.517200,0.510457
0.390000,0.280000,0.531262,0.524341
0.390000,0.290000,0.544777,0.537707
0.390000,0.300000,0.557733,0.550543
0.390000,0.310000,0.570114,0.562836
0.390000,0.320000,0.581909,0.574573
0.390000,0.330000,0.593109,0.585743
0.390000,0.340000,0.603701,0.596334
0.390000,0.350000,0.613676,0.606338
0.390000,0.360000,0.623025,0.615743
0.390000,0.370000,0.631741,0.624540
0.390000,0.380000,0.639816,0.632721
0.390000,0.390000,0.647245,0.640278
0.390000,0.400000,0.654021,0.647202
0.390000,0.410000,0.660142,0.653488
0.390000,0.420000,0.665602,0.659129
0.390000,0.430000,0.670399,0.664120
0.390000,0.440000,0.674531,0.668455
0.390000,0.450000,0.677996,0.672131
0.390000,0.460000,0.680796,0.675143
0.390000,0.470000,0.682929,0.677489
0.390000,0.480000,0.684396,0.679166
0.390000,0.490000,0.685201,0.680173
0.390000,0.500000,0.685344,0.680509
0.390000,0.510000,0.684829,0.680173
0.390000,0.520000,0.683661,0.679166
0.390000,0.530000,0.681842,0.677489
0.390000,0.540000,0.679379,0.675143
0.390000,0.550000,0.676276,0.672131
0.390000,0.560000,0.672540,0.668455
0.390000,0.570000,0.668177,0.664120
0.390000,0.580000,0.663195,0.659129
0.390000,0.590000,0.657600,0.653488
0.390000,0.600000,0.651400,0.647202
0.390000,0.610000,0.644603,0.640278
0.390000,0.620000,0.637219,0.632721
0.390000,0.630000,0.629256,0.624540
0.390000,0.640000,0.620723,0.615743
0.390000,0.650000,0.611629,0.606338
0.390000,0.660000,0.601984,0.596334
0.390000,0.670000,0.591798,0.585742
0.390000,0.680000,0.581082,0.574573
0.390000,0.690000,0.569845,0.562836
0.390000,0.700000,0.558097,0.550543
0.390000,0.710000,0.545851,0.537707
0.390000,0.720000,0.533116,0.524341
0.390000,0.730000,0.519902,0.510457
0.390000,0.740000,0.506221,0.496070
0.390000,0.750000,0.492084,0.481192
0.390000,0.760000,0.477502,0.465840
0.390000,0.770000,0.462486,0.450029
0.390000,0.780000,0.447047,0.433773
0.390000,0.790000,0.431196,0.417089
0.390000,0.800000,0.414943,0.399993
0.390000,0.810000,0.398302,0.382503
0.390000,0.820000,0.381281,0.364635
0.390000,0.830000,0.363893,0.346407
0.390000,0.840000,0.346148,0.327838
0.390000,0.850000,0.328058,0.308944
0.390000,0.860000,0.309632,0.289746
0.390000,0.870000,0.290882,0.270263
0.390000,0.880000,0.271819,0.250512
0.390000,0.890000,0.252453,0.230514
0.390000,0.900000,0.232795,0.210289
0.390000,0.910000,0.212855,0.189856
0.390000,0.920000,0.192644,0.169235
0.390000,0.930000,0.172172,0.148448
0.390000,0.940000,0.151448,0.127515
0.390000,0.950000,0.130484,0.106455
0.390000,0.960000,0.109288,0.085290
0.390000,0.970000,0.087871,0.064041
0.390000,0.980000,0.066242,0.042729
0.390000,0.990000,0.044411,0.021375
0.390000,1.000000,0.022388,-0.000000
0.400000,0.000000,-0.002978,0.000000
0.400000,0.010000,0.018464,0.021165
0.400000,0.020000,0.039906,0.042310
0.400000,0.030000,0.061325,0.063413
0.400000,0.040000,0.082699,0.084453
0.400000,0.050000,0.104005,0.105410
0.400000,0.060000,0.125221,0.126262
0.400000,0.070000,0.146324,0.146990
0.400000,0.080000,0.167293,0.167574
0.400000,0.090000,0.188104,0.187991
0.400000,0.100000,0.208738,0.208224
0.400000,0.110000,0.229170,0.228250
0.400000,0.120000,0.249380,0.248052
0.400000,0.130000,0.269346,0.267608
0.400000,0.140000,0.289047,0.286901
0.400000,0.150000,0.308461,0.305910
0.400000,0.160000,0.327568,0.324618
0.400000,0.170000,0.346346,0.343005
0.400000,0.180000,0.364777,0.361054
0.400000,0.190000,0.382840,0.378746
0.400000,0.200000,0.400514,0.396065
0.400000,0.210000,0.417782,0.412992
0.400000,0.220000,0.434625,0.429513
0.400000,0.230000,0.451024,0.445609
0.400000,0.240000,0.466962,0.461265
0.400000,0.250000,0.482422,0.476467
0.400000,0.260000,0.497388,0.491198
0.400000,0.270000,0.511843,0.505444
0.400000,0.280000,0.525774,0.519191
0.400000,0.290000,0.539164,0.532427
0.400000,0.300000,0.552002,0.545136
0.400000,0.310000,0.564274,0.557308
0.400000,0.320000,0.575967,0.568930
0.400000,0.330000,0.587072,0.579990
0.400000,0.340000,0.597577,0.590478
0.400000,0.350000,0.607472,0.600383
0.400000,0.360000,0.616750,0.609696
0.400000,0.370000,0.625402,0.618406
0.400000,0.380000,0.633421,0.626507
0.400000,0.390000,0.640800,0.633989
0.400000,0.400000,0.647534,0.640846
0.400000,0.410000,0.653620,0.647070
0.400000,0.420000,0.659053,0.652656
0.400000,0.430000,0.663830,0.657598
0.400000,0.440000,0.667949,0.661890
0.400000,0.450000,0.671408,0.665530
0.400000,0.460000,0.674209,0.668512
0.400000,0.470000,0.676349,0.670835
0.400000,0.480000,0.677831,0.672496
0.400000,0.490000,0.678656,0.673493
0.400000,0.500000,0.678827,0.673825
0.400000,0.510000,0.678345,0.673493
0.400000,0.520000,0.677216,0.672496
0.400000,0.530000,0.675442,0.670835
0.400000,0.540000,0.673030,0.668512
0.400000,0.550000,0.669984,0.665529
0.400000,0.560000,0.666310,0.661890
0.400000,0.570000,0.662015,0.657598
0.400000,0.580000,0.657105,0.652656
0.400000,0.590000,0.651588,0.647070
0.400000,0.600000,0.645470,0.640846
0.400000,0.610000,0.638761,0.633989
0.400000,0.620000,0.631467,0.626507
0.400000,0.630000,0.623600,0.618406
0.400000,0.640000,0.615166,0.609695
0.400000,0.650000,0.606176,0.600383
0.400000,0.660000,0.596638,0.590478
0.400000,0.670000,0.586563,0.579990
0.400000,0.680000,0.575961,0.568930
0.400000,0.690000,0.564841,0.557308
0.400000,0.700000,0.553214,0.545136
0.400000,0.710000,0.541091,0.532427
0.400000,0.720000,0.528482,0.519191
0.400000,0.730000,0.515396,0.505444
0.400000,0.740000,0.501846,0.491198
0.400000,0.750000,0.487842,0.476467
0.400000,0.760000,0.473395,0.461265
0.400000,0.770000,0.458516,0.445609
0.400000,0.780000,0.443216,0.429512
0.400000,0.790000,0.427504,0.412992
0.400000,0.800000,0.411394,0.396065
0.400000,0.810000,0.394895,0.378746
0.400000,0.820000,0.378019,0.361054
0.400000,0.830000,0.360776,0.343005
0.400000,0.840000,0.343176,0.324618
0.400000,0.850000,0.325232,0.305910
0.400000,0.860000,0.306953,0.286901
0.400000,0.870000,0.288351,0.267608
0.400000,0.880000,0.269436,0.248052
0.400000,0.890000,0.250218,0.228250
0.400000,0.900000,0.230707,0.208224
0.400000,0.910000,0.210915,0.187991
0.400000,0.920000,0.190852,0.167573
0.400000,0.930000,0.170527,0.146990
0.400000,0.940000,0.149950,0.126262
0.400000,0.950000,0.129132,0.105410
0.400000,0.960000,0.108082,0.084453
0.400000,0.970000,0.086811,0.063412
0.400000,0.980000,0.065326,0.042310
0.400000,0.990000,0.043639,0.021165
0.400000,1.000000,0.021758,-0.000000
0.410000,0.000000,-0.002429,0.000000
0.410000,0.010000,0.018746,0.020958
0.410000,0.020000,0.039921,0.041894
0.410000,0.030000,0.061076,0.062790
0.410000,0.040000,0.082187,0.083623
0.410000,0.050000,0.103233,0.104374
0.410000,0.060000,0.124192,0.125022
0.410000,0.070000,0.145041,0.145547
0.410000,0.080000,0.165760,0.165928
0.410000,0.090000,0.186325,0.186145
0.410000,0.100000,0.206716,0.206179
0.410000,0.110000,0.226910,0.226009
0.410000,0.120000,0.246887,0.245616
0.410000,0.130000,0.266625,0.264980
0.410000,0.140000,0.286103,0.284083
0.410000,0.150000,0.305300,0.302906
0.410000,0.160000,0.324195,0.321430
0.410000,0.170000,0.342768,0.339636
0.410000,0.180000,0.360998,0.357508
0.410000,0.190000,0.378867,0.375026
0.410000,0.200000,0.396355,0.392175
0.410000,0.210000,0.413442,0.408936
0.410000,0.220000,0.430111,0.425294
0.410000,0.230000,0.446343,0.441232
0.410000,0.240000,0.462121,0.456735
0.410000,0.250000,0.477427,0.471787
0.410000,0.260000,0.492247,0.486374
0.410000,0.270000,0.506563,0.500480
0.410000,0.280000,0.520362,0.514092
0.410000,0.290000,0.533628,0.527198
0.410000,0.300000,0.546349,0.539782
0.410000,0.310000,0.558511,0.551835
0.410000,0.320000,0.570103,0.563342
0.410000,0.330000,0.581113,0.574294
0.410000,0.340000,0.591530,0.584679
0.410000,0.350000,0.601346,0.594486
0.410000,0.360000,0.610552,0.603708
0.410000,0.370000,0.619139,0.612333
0.410000,0.380000,0.627100,0.620354
0.410000,0.390000,0.634430,0.627763
0.410000,0.400000,0.641121,0.634552
0.410000,0.410000,0.647171,0.640715
0.410000,0.420000,0.652576,0.646246
0.410000,0.430000,0.657331,0.651139
0.410000,0.440000,0.661436,0.655390
0.410000,0.450000,0.664888,0.658993
0.410000,0.460000,0.667688,0.661947
0.410000,0.470000,0.669835,0.664247
0.410000,0.480000,0.671329,0.665891
0.410000,0.490000,0.672174,0.666879
0.410000,0.500000,0.672369,0.667208
0.410000,0.510000,0.671920,0.666879
0.410000,0.520000,0.670828,0.665891
0.410000,0.530000,0.669098,0.664247
0.410000,0.540000,0.666735,0.661947
0.410000,0.550000,0.663744,0.658993
0.410000,0.560000,0.660131,0.655390
0.410000,0.570000,0.655901,0.651139
0.410000,0.580000,0.651062,0.646246
0.410000,0.590000,0.645620,0.640715
0.410000,0.600000,0.639583,0.634552
0.410000,0.610000,0.632958,0.627763
0.410000,0.620000,0.625755,0.620354
0.410000,0.630000,0.617981,0.612333
0.410000,0.640000,0.609645,0.603708
0.410000,0.650000,0.600757,0.594487
0.410000,0.660000,0.591325,0.584679
0.410000,0.670000,0.581359,0.574294
0.410000,0.680000,0.570869,0.563342
0.410000,0.690000,0.559865,0.551835
0.410000,0.700000,0.548357,0.539782
0.410000,0.710000,0.536356,0.527198
0.410000,0.720000,0.523871,0.514092
0.410000,0.730000,0.510912,0.500480
0.410000,0.740000,0.497492,0.486374
0.410000,0.750000,0.483620,0.471787
0.410000,0.760000,0.469306,0.456735
0.410000,0.770000,0.454563,0.441232
0.410000,0.780000,0.439400,0.425294
0.410000,0.790000,0.423828,0.408936
0.410000,0.800000,0.407858,0.392175
0.410000,0.810000,0.391501,0.375026
0.410000,0.820000,0.374767,0.357508
0.410000,0.830000,0.357668,0.339636
0.410000,0.840000,0.340213,0.321430
0.410000,0.850000,0.322415,0.302906
0.410000,0.860000,0.304282,0.284083
0.410000,0.870000,0.285827,0.264980
0.410000,0.880000,0.267058,0.245615
0.410000,0.890000,0.247987,0.226009
0.410000,0.900000,0.228625,0.206179
0.410000,0.910000,0.208980,0.186145
0.410000,0.920000,0.189063,0.165928
0.410000,0.930000,0.168885,0.145547
0.410000,0.940000,0.148455,0.125022
0.410000,0.950000,0.127783,0.104374
0.410000,0.960000,0.106879,0.083623
0.410000,0.970000,0.085752,0.062790
0.410000,0.980000,0.064412,0.041894
0.410000,0.990000,0.042869,0.020957
0.410000,1.000000,0.021130,-0.000000
0.420000,0.000000,-0.001871,0.000000
0.420000,0.010000,0.019040,0.020752
0.420000,0.020000,0.039953,0.041483
0.420000,0.030000,0.060847,0.062173
0.420000,0.040000,0.081699,0.082802
0.420000,0.050000,0.102488,0.103349
0.420000,0.060000,0.123193,0.123794
0.420000,0.070000,0.143792,0.144117
0.420000,0.080000,0.164263,0.164298
0.420000,0.090000,0.184585,0.184317
0.420000,0.100000,0.204736,0.204154
0.420000,0.110000,0.224696,0.223789
0.420000,0.120000,0.244442,0.243203
0.420000,0.130000,0.263955,0.262378
0.420000,0.140000,0.283213,0.281293
0.420000,0.150000,0.302194,0.299931
0.420000,0.160000,0.320880,0.318273
0.420000,0.170000,0.339249,0.336301
0.420000,0.180000,0.357282,0.353997
0.420000,0.190000,0.374960,0.371343
0.420000,0.200000,0.392262,0.388323
0.420000,0.210000,0.409170,0.404920
0.420000,0.220000,0.425666,0.421117
0.420000,0.230000,0.441733,0.436899
0.420000,0.240000,0.457351,0.452250
0.420000,0.250000,0.472506,0.467154
0.420000,0.260000,0.487180,0.481597
0.420000,0.270000,0.501359,0.495565
0.420000,0.280000,0.515026,0.509043
0.420000,0.290000,0.528169,0.522020
0.420000,0.300000,0.540773,0.534481
0.420000,0.310000,0.552826,0.546415
0.420000,0.320000,0.564315,0.557810
0.420000,0.330000,0.575231,0.568654
0.420000,0.340000,0.585561,0.578936
0.420000,0.350000,0.595297,0.588648
0.420000,0.360000,0.604430,0.597779
0.420000,0.370000,0.612951,0.606319
0.420000,0.380000,0.620854,0.614262
0.420000,0.390000,0.628133,0.621598
0.420000,0.400000,0.634782,0.628320
0.420000,0.410000,0.640795,0.634423
0.420000,0.420000,0.646170,0.639899
0.420000,0.430000,0.650903,0.644744
0.420000,0.440000,0.654992,0.648953
0.420000,0.450000,0.658436,0.652521
0.420000,0.460000,0.661234,0.655446
0.420000,0.470000,0.663385,0.657723
0.420000,0.480000,0.664891,0.659351
0.420000,0.490000,0.665753,0.660329
0.420000,0.500000,0.665973,0.660655
0.420000,0.510000,0.665552,0.660329
0.420000,0.520000,0.664497,0.659351
0.420000,0.530000,0.662809,0.657723
0.420000,0.540000,0.660494,0.655446
0.420000,0.550000,0.657556,0.652521
0.420000,0.560000,0.654001,0.648953
0.420000,0.570000,0.649835,0.644744
0.420000,0.580000,0.645065,0.639899
0.420000,0.590000,0.639697,0.634423
0.420000,0.600000,0.633739,0.628320
0.420000,0.610000,0.627197,0.621598
0.420000,0.620000,0.620082,0.614262
0.420000,0.630000,0.612400,0.606319
0.420000,0.640000,0.604160,0.597779
0.420000,0.650000,0.595371,0.588648
0.420000,0.660000,0.586044,0.578936
0.420000,0.670000,0.576185,0.568654
0.420000,0.680000,0.565806,0.557809
0.420000,0.690000,0.554917,0.546415
0.420000,0.700000,0.543526,0.534481
0.420000,0.710000,0.531645,0.522020
0.420000,0.720000,0.519282,0.509043
0.420000,0.730000,0.506450,0.495565
0.420000,0.740000,0.493157,0.481597
0.420000,0.750000,0.479416,0.467154
0.420000,0.760000,0.465234,0.452249
0.420000,0.770000,0.450626,0.436899
0.420000,0.780000,0.435598,0.421117
0.420000,0.790000,0.420164,0.404920
0.420000,0.800000,0.404334,0.388323
0.420000,0.810000,0.388117,0.371343
0.420000,0.820000,0.371526,0.353997
0.420000,0.830000,0.354569,0.336301
0.420000,0.840000,0.337259,0.318273
0.420000,0.850000,0.319605,0.299931
0.420000,0.860000,0.301618,0.281293
0.420000,0.870000,0.283308,0.262378
0.420000,0.880000,0.264686,0.243203
0.420000,0.890000,0.245762,0.223789
0.420000,0.900000,0.226545,0.204154
0.420000,0.910000,0.207047,0.184317
0.420000,0.920000,0.187277,0.164298
0.420000,0.930000,0.167246,0.144117
0.420000,0.940000,0.146962,0.123794
0.420000,0.950000,0.126436,0.103349
0.420000,0.960000,0.105677,0.082802
0.420000,0.970000,0.084695,0.062173
0.420000,0.980000,0.063499,0.041483
0.420000,0.990000,0.042099,0.020752
0.420000,1.000000,0.020502,-0.000000
0.430000,0.000000,-0.001303,0.000000
0.430000,0.010000,0.019347,0.020548
0.430000,0.020000,0.040001,0.041075
0.430000,0.030000,0.060636,0.061563
0.430000,0.040000,0.081233,0.081989
0.430000,0.050000,0.101769,0.102334
0.430000,0.060000,0.122223,0.122579
0.430000,0.070000,0.142575,0.142702
0.430000,0.080000,0.162802,0.162685
0.430000,0.090000,0.182883,0.182507
0.430000,0.100000,0.202799,0.202149
0.430000,0.110000,0.222527,0.221591
0.430000,0.120000,0.242045,0.240815
0.430000,0.130000,0.261335,0.259801
0.430000,0.140000,0.280375,0.278531
0.430000,0.150000,0.299145,0.296986
0.430000,0.160000,0.317623,0.315147
0.430000,0.170000,0.335791,0.332998
0.430000,0.180000,0.353629,0.350520
0.430000,0.190000,0.371116,0.367696
0.430000,0.200000,0.388235,0.384510
0.430000,0.210000,0.404966,0.400943
0.430000,0.220000,0.421291,0.416982
0.430000,0.230000,0.437193,0.432608
0.430000,0.240000,0.452654,0.447808
0.430000,0.250000,0.467657,0.462566
0.430000,0.260000,0.482187,0.476867
0.430000,0.270000,0.496228,0.490698
0.430000,0.280000,0.509766,0.504044
0.430000,0.290000,0.522785,0.516893
0.430000,0.300000,0.535273,0.529232
0.430000,0.310000,0.547216,0.541049
0.430000,0.320000,0.558604,0.552331
0.430000,0.330000,0.569425,0.563069
0.430000,0.340000,0.579668,0.573251
0.430000,0.350000,0.589323,0.582867
0.430000,0.360000,0.598383,0.591908
0.430000,0.370000,0.606839,0.600365
0.430000,0.380000,0.614683,0.608229
0.430000,0.390000,0.621910,0.615493
0.430000,0.400000,0.628514,0.622150
0.430000,0.410000,0.634490,0.628192
0.430000,0.420000,0.639835,0.633615
0.430000,0.430000,0.644545,0.638412
0.430000,0.440000,0.648617,0.642580
0.430000,0.450000,0.652051,0.646113
0.430000,0.460000,0.654845,0.649008
0.430000,0.470000,0.657000,0.651264
0.430000,0.480000,0.658516,0.652876
0.430000,0.490000,0.659393,0.653844
0.430000,0.500000,0.659635,0.654167
0.430000,0.510000,0.659244,0.653844
0.430000,0.520000,0.658223,0.652876
0.430000,0.530000,0.656575,0.651264
0.430000,0.540000,0.654306,0.649008
0.430000,0.550000,0.651420,0.646113
0.430000,0.560000,0.647921,0.642580
0.430000,0.570000,0.643818,0.638412
0.430000,0.580000,0.639114,0.633615
0.430000,0.590000,0.633818,0.628192
0.430000,0.600000,0.627937,0.622150
0.430000,0.610000,0.621477,0.615493
0.430000,0.620000,0.614447,0.608229
0.430000,0.630000,0.606856,0.600365
0.430000,0.640000,0.598710,0.591908
0.430000,0.650000,0.590020,0.582867
0.430000,0.660000,0.580795,0.573251
0.430000,0.670000,0.571042,0.563069
0.430000,0.680000,0.560772,0.552331
0.430000,0.690000,0.549995,0.541049
0.430000,0.700000,0.538720,0.529232
0.430000,0.710000,0.526957,0.516893
0.430000,0.720000,0.514717,0.504044
0.430000,0.730000,0.502008,0.490698
0.430000,0.740000,0.488842,0.476867
0.430000,0.750000,0.475229,0.462566
0.430000,0.760000,0.461180,0.447808
0.430000,0.770000,0.446703,0.432608
0.430000,0.780000,0.431811,0.416982
0.430000,0.790000,0.416514,0.400943
0.430000,0.800000,0.400822,0.384510
0.430000,0.810000,0.384745,0.367696
0.430000,0.820000,0.368294,0.350520
0.430000,0.830000,0.351479,0.332998
0.430000,0.840000,0.334312,0.315147
0.430000,0.850000,0.316802,0.296985
0.430000,0.860000,0.298959,0.278531
0.430000,0.870000,0.280794,0.259801
0.430000,0.880000,0.262318,0.240815
0.430000,0.890000,0.243539,0.221591
0.430000,0.900000,0.224469,0.202149
0.430000,0.910000,0.205117,0.182507
0.430000,0.920000,0.185494,0.162685
0.430000,0.930000,0.165608,0.142702
0.430000,0.940000,0.145470,0.122579
0.430000,0.950000,0.125089,0.102334
0.430000,0.960000,0.104475,0.081989
0.430000,0.970000,0.083638,0.061562
0.430000,0.980000,0.062586,0.041075
0.430000,0.990000,0.041328,0.020548
0.430000,1.000000,0.019874,-0.000000
0.440000,0.000000,-0.000727,0.000000
0.440000,0.010000,0.019666,0.020346
0.440000,0.020000,0.040064,0.040672
0.440000,0.030000,0.060445,0.060958
0.440000,0.040000,0.080789,0.081184
0.440000,0.050000,0.101075,0.101329
0.440000,0.060000,0.121282,0.121375
0.440000,0.070000,0.141389,0.141301
0.440000,0.080000,0.161376,0.161087
0.440000,0.090000,0.181220,0.180714
0.440000,0.100000,0.200902,0.200163
0.440000,0.110000,0.220401,0.219415
0.440000,0.120000,0.239696,0.238450
0.440000,0.130000,0.258765,0.257249
0.440000,0.140000,0.277590,0.275795
0.440000,0.150000,0.296150,0.294069
0.440000,0.160000,0.314424,0.312052
0.440000,0.170000,0.332393,0.329728
0.440000,0.180000,0.350037,0.347078
0.440000,0.190000,0.367336,0.364085
0.440000,0.200000,0.384273,0.380733
0.440000,0.210000,0.400829,0.397006
0.440000,0.220000,0.416985,0.412886
0.440000,0.230000,0.432723,0.428360
0.440000,0.240000,0.448027,0.443410
0.440000,0.250000,0.462881,0.458023
0.440000,0.260000,0.477267,0.472184
0.440000,0.270000,0.491172,0.485879
0.440000,0.280000,0.504579,0.499094
0.440000,0.290000,0.517476,0.511817
0.440000,0.300000,0.529848,0.524034
0.440000,0.310000,0.541683,0.535735
0.440000,0.320000,0.552969,0.546907
0.440000,0.330000,0.563695,0.557539
0.440000,0.340000,0.573850,0.567621
0.440000,0.350000,0.583425,0.577142
0.440000,0.360000,0.592411,0.586095
0.440000,0.370000,0.600801,0.594468
0.440000,0.380000,0.608586,0.602255
0.440000,0.390000,0.615761,0.609448
0.440000,0.400000,0.622320,0.616039
0.440000,0.410000,0.628257,0.622023
0.440000,0.420000,0.633570,0.627392
0.440000,0.430000,0.638256,0.632142
0.440000,0.440000,0.642310,0.636269
0.440000,0.450000,0.645733,0.639767
0.440000,0.460000,0.648522,0.642635
0.440000,0.470000,0.650679,0.644867
0.440000,0.480000,0.652203,0.646464
0.440000,0.490000,0.653096,0.647422
0.440000,0.500000,0.653358,0.647742
0.440000,0.510000,0.652994,0.647422
0.440000,0.520000,0.652006,0.646464
0.440000,0.530000,0.650396,0.644867
0.440000,0.540000,0.648171,0.642635
0.440000,0.550000,0.645334,0.639767
0.440000,0.560000,0.641891,0.636269
0.440000,0.570000,0.637848,0.632142
0.440000,0.580000,0.633210,0.627392
0.440000,0.590000,0.627984,0.622023
0.440000,0.600000,0.622178,0.616039
0.440000,0.610000,0.615798,0.609448
0.440000,0.620000,0.608852,0.602255
0.440000,0.630000,0.601349,0.594468
0.440000,0.640000,0.593297,0.586095
0.440000,0.650000,0.584703,0.577143
0.440000,0.660000,0.575577,0.567621
0.440000,0.670000,0.565929,0.557539
0.440000,0.680000,0.555767,0.546907
0.440000,0.690000,0.545101,0.535735
0.440000,0.700000,0.533940,0.524034
0.440000,0.710000,0.522294,0.511817
0.440000,0.720000,0.510173,0.499094
0.440000,0.730000,0.497588,0.485878
0.440000,0.740000,0.484546,0.472184
0.440000,0.750000,0.471061,0.458023
0.440000,0.760000,0.457141,0.443410
0.440000,0.770000,0.442797,0.428360
0.440000,0.780000,0.428038,0.412886
0.440000,0.790000,0.412876,0.397006
0.440000,0.800000,0.397321,0.380733
0.440000,0.810000,0.381382,0.364085
0.440000,0.820000,0.365071,0.347078
0.440000,0.830000,0.348398,0.329728
0.440000,0.840000,0.331372,0.312052
0.440000,0.850000,0.314005,0.294069
0.440000,0.860000,0.296306,0.275795
0.440000,0.870000,0.278285,0.257249
0.440000,0.880000,0.259954,0.238450
0.440000,0.890000,0.241320,0.219415
0.440000,0.900000,0.222395,0.200163
0.440000,0.910000,0.203189,0.180714
0.440000,0.920000,0.183711,0.161087
0.440000,0.930000,0.163971,0.141301
0.440000,0.940000,0.143978,0.121375
0.440000,0.950000,0.123743,0.101329
0.440000,0.960000,0.103273,0.081184
0.440000,0.970000,0.082580,0.060958
0.440000,0.980000,0.061671,0.040672
0.440000,0.990000,0.040556,0.020346
0.440000,1.000000,0.019245,-0.000000
0.450000,0.000000,-0.000142,0.000000
0.450000,0.010000,0.019996,0.020146
0.450000,0.020000,0.040141,0.040273
0.450000,0.030000,0.060271,0.060359
0.450000,0.040000,0.080366,0.080386
0.450000,0.050000,0.100406,0.100334
0.450000,0.060000,0.120369,0.120183
0.450000,0.070000,0.140235,0.139913
0.450000,0.080000,0.159984,0.159505
0.450000,0.090000,0.179595,0.178940
0.450000,0.100000,0.199046,0.198198
0.450000,0.110000,0.218319,0.217260
0.450000,0.120000,0.237392,0.236108
0.450000,0.130000,0.256245,0.254723
0.450000,0.140000,0.274857,0.273087
0.450000,0.150000,0.293209,0.291181
0.450000,0.160000,0.311281,0.308987
0.450000,0.170000,0.329053,0.326489
0.450000,0.180000,0.346505,0.343669
0.450000,0.190000,0.363619,0.360509
0.450000,0.200000,0.380376,0.376994
0.450000,0.210000,0.396757,0.393107
0.450000,0.220000,0.412745,0.408831
0.450000,0.230000,0.428322,0.424153
0.450000,0.240000,0.443471,0.439055
0.450000,0.250000,0.458176,0.453525
0.450000,0.260000,0.472420,0.467546
0.450000,0.270000,0.486189,0.481107
0.450000,0.280000,0.499467,0.494192
0.450000,0.290000,0.512241,0.506790
0.450000,0.300000,0.524498,0.518888
0.450000,0.310000,0.536224,0.530473
0.450000,0.320000,0.547409,0.541536
0.450000,0.330000,0.558040,0.552063
0.450000,0.340000,0.568107,0.562046
0.450000,0.350000,0.577602,0.571474
0.450000,0.360000,0.586515,0.580339
0.450000,0.370000,0.594837,0.588630
0.450000,0.380000,0.602562,0.596341
0.450000,0.390000,0.609684,0.603463
0.450000,0.400000,0.616197,0.609989
0.450000,0.410000,0.622095,0.615914
0.450000,0.420000,0.627376,0.621230
0.450000,0.430000,0.632036,0.625934
0.450000,0.440000,0.636071,0.630020
0.450000,0.450000,0.639481,0.633484
0.450000,0.460000,0.642266,0.636323
0.450000,0.470000,0.644423,0.638534
0.450000,0.480000,0.645954,0.640115
0.450000,0.490000,0.646859,0.641064
0.450000,0.500000,0.647141,0.641381
0.450000,0.510000,0.646801,0.641064
0.450000,0.520000,0.645844,0.640115
0.450000,0.530000,0.644272,0.638534
0.450000,0.540000,0.642089,0.636323
0.450000,0.550000,0.639300,0.633484
0.450000,0.560000,0.635911,0.630020
0.450000,0.570000,0.631925,0.625934
0.450000,0.580000,0.627351,0.621230
0.450000,0.590000,0.622194,0.615914
0.450000,0.600000,0.616461,0.609989
0.450000,0.610000,0.610159,0.603463
0.450000,0.620000,0.603296,0.596341
0.450000,0.630000,0.595879,0.588630
0.450000,0.640000,0.587917,0.580338
0.450000,0.650000,0.579419,0.571474
0.450000,0.660000,0.570392,0.562046
0.450000,0.670000,0.560846,0.552063
0.450000,0.680000,0.550790,0.541535
0.450000,0.690000,0.540233,0.530473
0.450000,0.700000,0.529184,0.518888
0.450000,0.710000,0.517655,0.506790
0.450000,0.720000,0.505652,0.494192
0.450000,0.730000,0.493187,0.481107
0.450000,0.740000,0.480270,0.467546
0.450000,0.750000,0.466910,0.453525
0.450000,0.760000,0.453118,0.439055
0.450000,0.770000,0.438905,0.424153
0.450000,0.780000,0.424278,0.408831
0.450000,0.790000,0.409251,0.393107
0.450000,0.800000,0.393831,0.376994
0.450000,0.810000,0.378030,0.360509
0.450000,0.820000,0.361858,0.343669
0.450000,0.830000,0.345324,0.326489
0.450000,0.840000,0.328439,0.308988
0.450000,0.850000,0.311214,0.291181
0.450000,0.860000,0.293658,0.273086
0.450000,0.870000,0.275780,0.254723
0.450000,0.880000,0.257593,0.236108
0.450000,0.890000,0.239104,0.217260
0.450000,0.900000,0.220324,0.198198
0.450000,0.910000,0.201262,0.178939
0.450000,0.920000,0.181929,0.159505
0.450000,0.930000,0.162333,0.139913
0.450000,0.940000,0.142486,0.120183
0.450000,0.950000,0.122395,0.100334
0.450000,0.960000,0.102069,0.080386
0.450000,0.970000,0.081520,0.060359
0.450000,0.980000,0.060754,0.040273
0.450000,0.990000,0.039782,0.020146
0.450000,1.000000,0.018612,-0.000000
0.460000,0.000000,0.000449,0.000000
0.460000,0.010000,0.020337,0.019948
0.460000,0.020000,0.040232,0.039877
0.460000,0.030000,0.060115,0.059766
0.460000,0.040000,0.079965,0.079597
0.460000,0.050000,0.099761,0.099349
0.460000,0.060000,0.119483,0.119002
0.460000,0.070000,0.139112,0.138539
0.460000,0.080000,0.158626,0.157938
0.460000,0.090000,0.178006,0.177182
0.460000,0.100000,0.197230,0.196251
0.460000,0.110000,0.216279,0.215126
0.460000,0.120000,0.235134,0.233789
0.460000,0.130000,0.253772,0.252221
0.460000,0.140000,0.272174,0.270405
0.460000,0.150000,0.290321,0.288321
0.460000,0.160000,0.308193,0.305953
0.460000,0.170000,0.325770,0.323283
0.460000,0.180000,0.343033,0.340294
0.460000,0.190000,0.359963,0.356969
0.460000,0.200000,0.376542,0.373292
0.460000,0.210000,0.392751,0.389246
0.460000,0.220000,0.408572,0.404816
0.460000,0.230000,0.423989,0.419987
0.460000,0.240000,0.438984,0.434743
0.460000,0.250000,0.453541,0.449070
0.460000,0.260000,0.467644,0.462955
0.460000,0.270000,0.481277,0.476382
0.460000,0.280000,0.494427,0.489339
0.460000,0.290000,0.507080,0.501813
0.460000,0.300000,0.519221,0.513792
0.460000,0.310000,0.530840,0.525264
0.460000,0.320000,0.541923,0.536217
0.460000,0.330000,0.552459,0.546641
0.460000,0.340000,0.562439,0.556526
0.460000,0.350000,0.571853,0.565862
0.460000,0.360000,0.580691,0.574639
0.460000,0.370000,0.588946,0.582849
0.460000,0.380000,0.596611,0.590484
0.460000,0.390000,0.603679,0.597536
0.460000,0.400000,0.610145,0.603998
0.460000,0.410000,0.616004,0.609865
0.460000,0.420000,0.621251,0.615129
0.460000,0.430000,0.625884,0.619787
0.460000,0.440000,0.629900,0.623833
0.460000,0.450000,0.633297,0.627263
0.460000,0.460000,0.636073,0.630074
0.460000,0.470000,0.638230,0.632263
0.460000,0.480000,0.639766,0.633828
0.460000,0.490000,0.640683,0.634768
0.460000,0.500000,0.640983,0.635082
0.460000,0.510000,0.640667,0.634768
0.460000,0.520000,0.639739,0.633828
0.460000,0.530000,0.638202,0.632263
0.460000,0.540000,0.636060,0.630074
0.460000,0.550000,0.633318,0.627263
0.460000,0.560000,0.629979,0.623833
0.460000,0.570000,0.626051,0.619787
0.460000,0.580000,0.621539,0.615129
0.460000,0.590000,0.616449,0.609865
0.460000,0.600000,0.610787,0.603998
0.460000,0.610000,0.604561,0.597536
0.460000,0.620000,0.597779,0.590484
0.460000,0.630000,0.590447,0.582849
0.460000,0.640000,0.582574,0.574639
0.460000,0.650000,0.574169,0.565862
0.460000,0.660000,0.565239,0.556526
0.460000,0.670000,0.555794,0.546641
0.460000,0.680000,0.545841,0.536217
0.460000,0.690000,0.535392,0.525264
0.460000,0.700000,0.524454,0.513792
0.460000,0.710000,0.513038,0.501813
0.460000,0.720000,0.501152,0.489339
0.460000,0.730000,0.488807,0.476382
0.460000,0.740000,0.476012,0.462955
0.460000,0.750000,0.462777,0.449070
0.460000,0.760000,0.449112,0.434743
0.460000,0.770000,0.435027,0.419987
0.460000,0.780000,0.420532,0.404816
0.460000,0.790000,0.405637,0.389246
0.460000,0.800000,0.390352,0.373292
0.460000,0.810000,0.374687,0.356969
0.460000,0.820000,0.358652,0.340294
0.460000,0.830000,0.342257,0.323283
0.460000,0.840000,0.325513,0.305953
0.460000,0.850000,0.308428,0.288321
0.460000,0.860000,0.291013,0.270405
0.460000,0.870000,0.273279,0.252221
0.460000,0.880000,0.255234,0.233789
0.460000,0.890000,0.236889,0.215126
0.460000,0.900000,0.218253,0.196251
0.460000,0.910000,0.199335,0.177182
0.460000,0.920000,0.180147,0.157938
0.460000,0.930000,0.160696,0.138539
0.460000,0.940000,0.140992,0.119002
0.460000,0.950000,0.121045,0.099349
0.460000,0.960000,0.100864,0.079597
0.460000,0.970000,0.080457,0.059766
0.460000,0.980000,0.059835,0.039877
0.460000,0.990000,0.039005,0.019948
0.460000,1.000000,0.017977,-0.000000
0.470000,0.000000,0.001047,0.000000
0.470000,0.010000,0.020688,0.019752
0.470000,0.020000,0.040338,0.039485
0.470000,0.030000,0.059976,0.059179
0.470000,0.040000,0.079583,0.078815
0.470000,0.050000,0.099139,0.098373
0.470000,0.060000,0.118624,0.117834
0.470000,0.070000,0.138018,0.137178
0.470000,0.080000,0.157301,0.156387
0.470000,0.090000,0.176453,0.175442
0.470000,0.100000,0.195453,0.194324
0.470000,0.110000,0.214282,0.213013
0.470000,0.120000,0.232920,0.231493
0.470000,0.130000,0.251346,0.249744
0.470000,0.140000,0.269541,0.267749
0.470000,0.150000,0.287485,0.285489
0.470000,0.160000,0.305160,0.302948
0.470000,0.170000,0.322544,0.320108
0.470000,0.180000,0.339620,0.336952
0.470000,0.190000,0.356368,0.353463
0.470000,0.200000,0.372770,0.369625
0.470000,0.210000,0.388809,0.385423
0.470000,0.220000,0.404465,0.400841
0.470000,0.230000,0.419723,0.415862
0.470000,0.240000,0.434565,0.430474
0.470000,0.250000,0.448975,0.444660
0.470000,0.260000,0.462938,0.458408
0.470000,0.270000,0.476437,0.471703
0.470000,0.280000,0.489460,0.484533
0.470000,0.290000,0.501991,0.496885
0.470000,0.300000,0.514019,0.508746
0.470000,0.310000,0.525529,0.520105
0.470000,0.320000,0.536510,0.530951
0.470000,0.330000,0.546952,0.541273
0.470000,0.340000,0.556844,0.551061
0.470000,0.350000,0.566176,0.560304
0.470000,0.360000,0.574940,0.568995
0.470000,0.370000,0.583128,0.577125
0.470000,0.380000,0.590732,0.584685
0.470000,0.390000,0.597746,0.591668
0.470000,0.400000,0.604165,0.598067
0.470000,0.410000,0.609982,0.603875
0.470000,0.420000,0.615196,0.609088
0.470000,0.430000,0.619801,0.613700
0.470000,0.440000,0.623795,0.617706
0.470000,0.450000,0.627178,0.621102
0.470000,0.460000,0.629946,0.623886
0.470000,0.470000,0.632100,0.626054
0.470000,0.480000,0.633640,0.627603
0.470000,0.490000,0.634568,0.628534
0.470000,0.500000,0.634884,0.628844
0.470000,0.510000,0.634590,0.628534
0.470000,0.520000,0.633690,0.627603
0.470000,0.530000,0.632187,0.626054
0.470000,0.540000,0.630084,0.623886
0.470000,0.550000,0.627386,0.621102
0.470000,0.560000,0.624098,0.617706
0.470000,0.570000,0.620225,0.613700
0.470000,0.580000,0.615773,0.609088
0.470000,0.590000,0.610747,0.603875
0.470000,0.600000,0.605155,0.598067
0.470000,0.610000,0.599004,0.591668
0.470000,0.620000,0.592300,0.584685
0.470000,0.630000,0.585051,0.577125
0.470000,0.640000,0.577266,0.568995
0.470000,0.650000,0.568952,0.560304
0.470000,0.660000,0.560117,0.551060
0.470000,0.670000,0.550771,0.541273
0.470000,0.680000,0.540921,0.530951
0.470000,0.690000,0.530577,0.520105
0.470000,0.700000,0.519749,0.508746
0.470000,0.710000,0.508445,0.496885
0.470000,0.720000,0.496674,0.484533
0.470000,0.730000,0.484447,0.471703
0.470000,0.740000,0.471772,0.458408
0.470000,0.750000,0.458661,0.444660
0.470000,0.760000,0.445121,0.430474
0.470000,0.770000,0.431164,0.415862
0.470000,0.780000,0.416799,0.400840
0.470000,0.790000,0.402035,0.385423
0.470000,0.800000,0.386883,0.369625
0.470000,0.810000,0.371353,0.353463
0.470000,0.820000,0.355455,0.336952
0.470000,0.830000,0.339197,0.320108
0.470000,0.840000,0.322592,0.302948
0.470000,0.850000,0.305647,0.285489
0.470000,0.860000,0.288373,0.267749
0.470000,0.870000,0.270780,0.249744
0.470000,0.880000,0.252878,0.231493
0.470000,0.890000,0.234675,0.213013
0.470000,0.900000,0.216182,0.194324
0.470000,0.910000,0.197408,0.175442
0.470000,0.920000,0.178363,0.156387
0.470000,0.930000,0.159056,0.137178
0.470000,0.940000,0.139496,0.117834
0.470000,0.950000,0.119693,0.098373
0.470000,0.960000,0.099655,0.078815
0.470000,0.970000,0.079391,0.059179
0.470000,0.980000,0.058911,0.039485
0.470000,0.990000,0.038223,0.019752
0.470000,1.000000,0.017336,-0.000000
0.480000,0.000000,0.001652,0.000000
0.480000,0.010000,0.021049,0.019558
0.480000,0.020000,0.040456,0.039098
0.480000,0.030000,0.059853,0.058598
0.480000,0.040000,0.079221,0.078041
0.480000,0.050000,0.098540,0.097407
0.480000,0.060000,0.117791,0.116676
0.480000,0.070000,0.136954,0.135831
0.480000,0.080000,0.156008,0.154851
0.480000,0.090000,0.174935,0.173719
0.480000,0.100000,0.193714,0.192415
0.480000,0.110000,0.212326,0.210921
0.480000,0.120000,0.230750,0.229220
0.480000,0.130000,0.248967,0.247291
0.480000,0.140000,0.266957,0.265119
0.480000,0.150000,0.284701,0.282686
0.480000,0.160000,0.302180,0.299973
0.480000,0.170000,0.319374,0.316964
0.480000,0.180000,0.336264,0.333643
0.480000,0.190000,0.352832,0.349992
0.480000,0.200000,0.369060,0.365995
0.480000,0.210000,0.384930,0.381638
0.480000,0.220000,0.400423,0.396904
0.480000,0.230000,0.415523,0.411778
0.480000,0.240000,0.430214,0.426246
0.480000,0.250000,0.444478,0.440293
0.480000,0.260000,0.458302,0.453906
0.480000,0.270000,0.471668,0.467071
0.480000,0.280000,0.484563,0.479774
0.480000,0.290000,0.496975,0.492005
0.480000,0.300000,0.508888,0.503749
0.480000,0.310000,0.520290,0.514997
0.480000,0.320000,0.531171,0.525736
0.480000,0.330000,0.541518,0.535957
0.480000,0.340000,0.551322,0.545649
0.480000,0.350000,0.560573,0.554802
0.480000,0.360000,0.569263,0.563407
0.480000,0.370000,0.577382,0.571457
0.480000,0.380000,0.584925,0.578943
0.480000,0.390000,0.591884,0.585857
0.480000,0.400000,0.598254,0.592193
0.480000,0.410000,0.604031,0.597945
0.480000,0.420000,0.609209,0.603106
0.480000,0.430000,0.613785,0.607673
0.480000,0.440000,0.617758,0.611639
0.480000,0.450000,0.621124,0.615002
0.480000,0.460000,0.623883,0.617759
0.480000,0.470000,0.626034,0.619905
0.480000,0.480000,0.627577,0.621440
0.480000,0.490000,0.628513,0.622361
0.480000,0.500000,0.628843,0.622669
0.480000,0.510000,0.628571,0.622361
0.480000,0.520000,0.627697,0.621440
0.480000,0.530000,0.626225,0.619905
0.480000,0.540000,0.624160,0.617759
0.480000,0.550000,0.621505,0.615002
0.480000,0.560000,0.618265,0.611639
0.480000,0.570000,0.614445,0.607673
0.480000,0.580000,0.610051,0.603106
0.480000,0.590000,0.605089,0.597945
0.480000,0.600000,0.599565,0.592193
0.480000,0.610000,0.593486,0.585857
0.480000,0.620000,0.586860,0.578942
0.480000,0.630000,0.579692,0.571457
0.480000,0.640000,0.571992,0.563407
0.480000,0.650000,0.563768,0.554802
0.480000,0.660000,0.555027,0.545649
0.480000,0.670000,0.545777,0.535957
0.480000,0.680000,0.536029,0.525736
0.480000,0.690000,0.525789,0.514997
0.480000,0.700000,0.515068,0.503749
0.480000,0.710000,0.503874,0.492005
0.480000,0.720000,0.492218,0.479774
0.480000,0.730000,0.480107,0.467070
0.480000,0.740000,0.467551,0.453906
0.480000,0.750000,0.454561,0.440293
0.480000,0.760000,0.441146,0.426246
0.480000,0.770000,0.427315,0.411778
0.480000,0.780000,0.413078,0.396904
0.480000,0.790000,0.398444,0.381638
0.480000,0.800000,0.383424,0.365995
0.480000,0.810000,0.368028,0.349992
0.480000,0.820000,0.352264,0.333642
0.480000,0.830000,0.336144,0.316964
0.480000,0.840000,0.319676,0.299973
0.480000,0.850000,0.302870,0.282686
0.480000,0.860000,0.285736,0.265119
0.480000,0.870000,0.268284,0.247291
0.480000,0.880000,0.250523,0.229219
0.480000,0.890000,0.232462,0.210921
0.480000,0.900000,0.214112,0.192415
0.480000,0.910000,0.195480,0.173719
0.480000,0.920000,0.176578,0.154851
0.480000,0.930000,0.157414,0.135831
0.480000,0.940000,0.137998,0.116676
0.480000,0.950000,0.118337,0.097407
0.480000,0.960000,0.098442,0.078041
0.480000,0.970000,0.078321,0.058598
0.480000,0.980000,0.057983,0.039098
0.480000,0.990000,0.037437,0.019558
0.480000,1.000000,0.016691,-0.000000
0.490000,0.000000,0.002262,0.000000
0.490000,0.010000,0.021418,0.019366
0.490000,0.020000,0.040586,0.038714
0.490000,0.030000,0.059745,0.058023
0.490000,0.040000,0.078878,0.077275
0.490000,0.050000,0.097964,0.096450
0.490000,0.060000,0.116983,0.115531
0.490000,0.070000,0.135918,0.134497
0.490000,0.080000,0.154747,0.153331
0.490000,0.090000,0.173452,0.172013
0.490000,0.100000,0.192013,0.190525
0.490000,0.110000,0.210409,0.208850
0.490000,0.120000,0.228623,0.226968
0.490000,0.130000,0.246633,0.244863
0.490000,0.140000,0.264421,0.262516
0.490000,0.150000,0.281967,0.279909
0.490000,0.160000,0.299253,0.297027
0.490000,0.170000,0.316259,0.313851
0.490000,0.180000,0.332966,0.330366
0.490000,0.190000,0.349356,0.346554
0.490000,0.200000,0.365411,0.362401
0.490000,0.210000,0.381113,0.377890
0.490000,0.220000,0.396444,0.393006
0.490000,0.230000,0.411389,0.407734
0.490000,0.240000,0.425929,0.422060
0.490000,0.250000,0.440049,0.435969
0.490000,0.260000,0.453734,0.449448
0.490000,0.270000,0.466968,0.462483
0.490000,0.280000,0.479738,0.475062
0.490000,0.290000,0.492029,0.487173
0.490000,0.300000,0.503828,0.498802
0.490000,0.310000,0.515124,0.509939
0.490000,0.320000,0.525903,0.520573
0.490000,0.330000,0.536156,0.530693
0.490000,0.340000,0.545872,0.540290
0.490000,0.350000,0.555042,0.549353
0.490000,0.360000,0.563657,0.557874
0.490000,0.370000,0.571708,0.565845
0.490000,0.380000,0.579189,0.573257
0.490000,0.390000,0.586093,0.580103
0.490000,0.400000,0.592414,0.586377
0.490000,0.410000,0.598148,0.592072
0.490000,0.420000,0.603290,0.597183
0.490000,0.430000,0.607837,0.601705
0.490000,0.440000,0.611786,0.605632
0.490000,0.450000,0.615135,0.608962
0.490000,0.460000,0.617884,0.611692
0.490000,0.470000,0.620030,0.613817
0.490000,0.480000,0.621574,0.615337
0.490000,0.490000,0.622518,0.616249
0.490000,0.500000,0.622862,0.616553
0.490000,0.510000,0.622608,0.616249
0.490000,0.520000,0.621759,0.615337
0.490000,0.530000,0.620318,0.613817
0.490000,0.540000,0.618289,0.611692
0.490000,0.550000,0.615675,0.608962
0.490000,0.560000,0.612481,0.605632
0.490000,0.570000,0.608713,0.601705
0.490000,0.580000,0.604376,0.597183
0.490000,0.590000,0.599475,0.592072
0.490000,0.600000,0.594017,0.586377
0.490000,0.610000,0.588009,0.580103
0.490000,0.620000,0.581458,0.573257
0.490000,0.630000,0.574370,0.565845
0.490000,0.640000,0.566754,0.557874
0.490000,0.650000,0.558617,0.549353
0.490000,0.660000,0.549968,0.540290
0.490000,0.670000,0.540814,0.530693
0.490000,0.680000,0.531164,0.520573
0.490000,0.690000,0.521027,0.509939
0.490000,0.700000,0.510412,0.498802
0.490000,0.710000,0.499327,0.487173
0.490000,0.720000,0.487782,0.475062
0.490000,0.730000,0.475786,0.462483
0.490000,0.740000,0.463349,0.449448
0.490000,0.750000,0.450478,0.435969
0.490000,0.760000,0.437185,0.422060
0.490000,0.770000,0.423479,0.407734
0.490000,0.780000,0.409369,0.393006
0.490000,0.790000,0.394864,0.377890
0.490000,0.800000,0.379975,0.362401
0.490000,0.810000,0.364711,0.346554
0.490000,0.820000,0.349082,0.330366
0.490000,0.830000,0.333097,0.313851
0.490000,0.840000,0.316765,0.297027
0.490000,0.850000,0.300097,0.279909
0.490000,0.860000,0.283101,0.262516
0.490000,0.870000,0.265790,0.244863
0.490000,0.880000,0.248168,0.226968
0.490000,0.890000,0.230249,0.208850
0.490000,0.900000,0.212040,0.190525
0.490000,0.910000,0.193551,0.172013
0.490000,0.920000,0.174792,0.153330
0.490000,0.930000,0.155770,0.134497
0.490000,0.940000,0.136495,0.115531
0.490000,0.950000,0.116978,0.096450
0.490000,0.960000,0.097225,0.077275
0.490000,0.970000,0.077245,0.058023
0.490000,0.980000,0.057050,0.038714
0.490000,0.990000,0.036644,0.019366
0.490000,1.000000,0.016039,-0.000000
0.500000,0.000000,0.002877,0.000000
0.500000,0.010000,0.021796,0.019176
0.500000,0.020000,0.040728,0.038333
0.500000,0.030000,0.059653,0.057453
0.500000,0.040000,0.078553,0.076516
0.500000,0.050000,0.097409,0.095503
0.500000,0.060000,0.116200,0.114396
0.500000,0.070000,0.134910,0.133176
0.500000,0.080000,0.153517,0.151825
0.500000,0.090000,0.172003,0.170324
0.500000,0.100000,0.190348,0.188654
0.500000,0.110000,0.208532,0.206799
0.500000,0.120000,0.226538,0.224739
0.500000,0.130000,0.244344,0.242458
0.500000,0.140000,0.261932,0.259937
0.500000,0.150000,0.279284,0.277160
0.500000,0.160000,0.296378,0.294110
0.500000,0.170000,0.313198,0.310769
0.500000,0.180000,0.329724,0.327121
0.500000,0.190000,0.345937,0.343151
0.500000,0.200000,0.361822,0.358842
0.500000,0.210000,0.377358,0.374179
0.500000,0.220000,0.392529,0.389146
0.500000,0.230000,0.407318,0.403730
0.500000,0.240000,0.421710,0.417915
0.500000,0.250000,0.435687,0.431687
0.500000,0.260000,0.449234,0.445034
0.500000,0.270000,0.462337,0.457941
0.500000,0.280000,0.474981,0.470397
0.500000,0.290000,0.487153,0.482388
0.500000,0.300000,0.498839,0.493903
0.500000,0.310000,0.510028,0.504931
0.500000,0.320000,0.520707,0.515460
0.500000,0.330000,0.530866,0.525481
0.500000,0.340000,0.540494,0.534984
0.500000,0.350000,0.549582,0.543958
0.500000,0.360000,0.558122,0.552395
0.500000,0.370000,0.566104,0.560287
0.500000,0.380000,0.573523,0.567627
0.500000,0.390000,0.580371,0.574406
0.500000,0.400000,0.586643,0.580618
0.500000,0.410000,0.592334,0.586257
0.500000,0.420000,0.597439,0.591318
0.500000,0.430000,0.601956,0.595795
0.500000,0.440000,0.605881,0.599684
0.500000,0.450000,0.609212,0.602982
0.500000,0.460000,0.611948,0.605684
0.500000,0.470000,0.614089,0.607789
0.500000,0.480000,0.615633,0.609293
0.500000,0.490000,0.616583,0.610197
0.500000,0.500000,0.616939,0.610498
0.500000,0.510000,0.616703,0.610197
0.500000,0.520000,0.615877,0.609293
0.500000,0.530000,0.614465,0.607789
0.500000,0.540000,0.612470,0.605684
0.500000,0.550000,0.609896,0.602982
0.500000,0.560000,0.606747,0.599684
0.500000,0.570000,0.603028,0.595795
0.500000,0.580000,0.598746,0.591318
0.500000,0.590000,0.593905,0.586257
0.500000,0.600000,0.588512,0.580618
0.500000,0.610000,0.582572,0.574406
0.500000,0.620000,0.576095,0.567627
0.500000,0.630000,0.569085,0.560287
0.500000,0.640000,0.561551,0.552395
0.500000,0.650000,0.553500,0.543958
0.500000,0.660000,0.544940,0.534983
0.500000,0.670000,0.535880,0.525481
0.500000,0.680000,0.526328,0.515460
0.500000,0.690000,0.516292,0.504931
0.500000,0.700000,0.505780,0.493903
0.500000,0.710000,0.494803,0.482388
0.500000,0.720000,0.483368,0.470397
0.500000,0.730000,0.471485,0.457941
0.500000,0.740000,0.459164,0.445034
0.500000,0.750000,0.446412,0.431687
0.500000,0.760000,0.433240,0.417915
0.500000,0.770000,0.419657,0.403730
0.500000,0.780000,0.405672,0.389146
0.500000,0.790000,0.391295,0.374178
0.500000,0.800000,0.376536,0.358842
0.500000,0.810000,0.361403,0.343151
0.500000,0.820000,0.345906,0.327121
0.500000,0.830000,0.330055,0.310769
0.500000,0.840000,0.313859,0.294110
0.500000,0.850000,0.297327,0.277160
0.500000,0.860000,0.280470,0.259937
0.500000,0.870000,0.263296,0.242458
0.500000,0.880000,0.245815,0.224739
0.500000,0.890000,0.228036,0.206799
0.500000,0.900000,0.209968,0.188654
0.500000,0.910000,0.191620,0.170323
0.500000,0.920000,0.173002,0.151825
0.500000,0.930000,0.154122,0.133176
0.500000,0.940000,0.134990,0.114396
0.500000,0.950000,0.115613,0.095503
0.500000,0.960000,0.096002,0.076516
0.500000,0.970000,0.076165,0.057453
0.500000,0.980000,0.056110,0.038333
0.500000,0.990000,0.035846,0.019176
0.500000,1.000000,0.015381,-0.000000
0.510000,0.000000,0.003497,0.000000
0.510000,0.010000,0.022182,0.018988
0.510000,0.020000,0.040881,0.037957
0.510000,0.030000,0.059575,0.056889
0.510000,0.040000,0.078246,0.075764
0.510000,0.050000,0.096874,0.094565
0.510000,0.060000,0.115441,0.113272
0.510000,0.070000,0.133928,0.131868
0.510000,0.080000,0.152316,0.150334
0.510000,0.090000,0.170586,0.168651
0.510000,0.100000,0.188719,0.186801
0.510000,0.110000,0.206694,0.204768
0.510000,0.120000,0.224494,0.222532
0.510000,0.130000,0.242099,0.240077
0.510000,0.140000,0.259490,0.257385
0.510000,0.150000,0.276648,0.274438
0.510000,0.160000,0.293554,0.291221
0.510000,0.170000,0.310190,0.307717
0.510000,0.180000,0.326536,0.323909
0.510000,0.190000,0.342576,0.339781
0.510000,0.200000,0.358291,0.355318
0.510000,0.210000,0.373663,0.370504
0.510000,0.220000,0.388675,0.385324
0.510000,0.230000,0.403312,0.399765
0.510000,0.240000,0.417555,0.413810
0.510000,0.250000,0.431390,0.427448
0.510000,0.260000,0.444801,0.440663
0.510000,0.270000,0.457774,0.453444
0.510000,0.280000,0.470293,0.465777
0.510000,0.290000,0.482346,0.477650
0.510000,0.300000,0.493920,0.489053
0.510000,0.310000,0.505002,0.499972
0.510000,0.320000,0.515581,0.510398
0.510000,0.330000,0.525646,0.520320
0.510000,0.340000,0.535186,0.529729
0.510000,0.350000,0.544193,0.538615
0.510000,0.360000,0.552657,0.546970
0.510000,0.370000,0.560571,0.554785
0.510000,0.380000,0.567927,0.562052
0.510000,0.390000,0.574719,0.568765
0.510000,0.400000,0.580941,0.574916
0.510000,0.410000,0.586588,0.580500
0.510000,0.420000,0.591655,0.585511
0.510000,0.430000,0.596140,0.589944
0.510000,0.440000,0.600040,0.593795
0.510000,0.450000,0.603352,0.597060
0.510000,0.460000,0.606076,0.599736
0.510000,0.470000,0.608209,0.601819
0.510000,0.480000,0.609753,0.603309
0.510000,0.490000,0.610707,0.604204
0.510000,0.500000,0.611074,0.604502
0.510000,0.510000,0.610854,0.604204
0.510000,0.520000,0.610050,0.603309
0.510000,0.530000,0.608665,0.601819
0.510000,0.540000,0.606702,0.599736
0.510000,0.550000,0.604166,0.597060
0.510000,0.560000,0.601061,0.593795
0.510000,0.570000,0.597391,0.589944
0.510000,0.580000,0.593161,0.585511
0.510000,0.590000,0.588378,0.580500
0.510000,0.600000,0.583048,0.574916
0.510000,0.610000,0.577176,0.568765
0.510000,0.620000,0.570770,0.562052
0.510000,0.630000,0.563836,0.554785
0.510000,0.640000,0.556382,0.546970
0.510000,0.650000,0.548415,0.538616
0.510000,0.660000,0.539945,0.529729
0.510000,0.670000,0.530976,0.520320
0.510000,0.680000,0.521519,0.510398
0.510000,0.690000,0.511582,0.499972
0.510000,0.700000,0.501173,0.489053
0.510000,0.710000,0.490302,0.477651
0.510000,0.720000,0.478975,0.465777
0.510000,0.730000,0.467204,0.453444
0.510000,0.740000,0.454997,0.440663
0.510000,0.750000,0.442362,0.427448
0.510000,0.760000,0.429310,0.413810
0.510000,0.770000,0.415848,0.399765
0.510000,0.780000,0.401988,0.385324
0.510000,0.790000,0.387737,0.370504
0.510000,0.800000,0.373105,0.355317
0.510000,0.810000,0.358102,0.339781
0.510000,0.820000,0.342736,0.323908
0.510000,0.830000,0.327018,0.307717
0.510000,0.840000,0.310957,0.291221
0.510000,0.850000,0.294561,0.274438
0.510000,0.860000,0.277840,0.257384
0.510000,0.870000,0.260804,0.240077
0.510000,0.880000,0.243462,0.222532
0.510000,0.890000,0.225822,0.204768
0.510000,0.900000,0.207894,0.186801
0.510000,0.910000,0.189686,0.168651
0.510000,0.920000,0.171209,0.150333
0.510000,0.930000,0.152470,0.131868
0.510000,0.940000,0.133479,0.113272
0.510000,0.950000,0.114244,0.094565
0.510000,0.960000,0.094774,0.075764
0.510000,0.970000,0.075077,0.056889
0.510000,0.980000,0.055163,0.037957
0.510000,0.990000,0.035040,0.018988
0.510000,1.000000,0.014715,-0.000000
0.520000,0.000000,0.004121,0.000000
0.520000,0.010000,0.022575,0.018801
0.520000,0.020000,0.041045,0.037584
0.520000,0.030000,0.059511,0.056330
0.520000,0.040000,0.077955,0.075020
0.520000,0.050000,0.096360,0.093636
0.520000,0.060000,0.114706,0.112160
0.520000,0.070000,0.132974,0.130573
0.520000,0.080000,0.151146,0.148857
0.520000,0.090000,0.169202,0.166994
0.520000,0.100000,0.187125,0.184967
0.520000,0.110000,0.204894,0.202757
0.520000,0.120000,0.222491,0.220347
0.520000,0.130000,0.239897,0.237719
0.520000,0.140000,0.257093,0.254857
0.520000,0.150000,0.274060,0.271743
0.520000,0.160000,0.290780,0.288361
0.520000,0.170000,0.307233,0.304695
0.520000,0.180000,0.323403,0.320727
0.520000,0.190000,0.339270,0.336444
0.520000,0.200000,0.354818,0.351828
0.520000,0.210000,0.370027,0.366865
0.520000,0.220000,0.384883,0.381540
0.520000,0.230000,0.399367,0.395838
0.520000,0.240000,0.413464,0.409746
0.520000,0.250000,0.427158,0.423250
0.520000,0.260000,0.440434,0.436335
0.520000,0.270000,0.453277,0.448991
0.520000,0.280000,0.465672,0.461203
0.520000,0.290000,0.477608,0.472959
0.520000,0.300000,0.489069,0.484250
0.520000,0.310000,0.500046,0.495062
0.520000,0.320000,0.510525,0.505386
0.520000,0.330000,0.520496,0.515210
0.520000,0.340000,0.529948,0.524527
0.520000,0.350000,0.538873,0.533326
0.520000,0.360000,0.547262,0.541598
0.520000,0.370000,0.555107,0.549336
0.520000,0.380000,0.562400,0.556532
0.520000,0.390000,0.569135,0.563179
0.520000,0.400000,0.575306,0.569270
0.520000,0.410000,0.580909,0.574799
0.520000,0.420000,0.585938,0.579760
0.520000,0.430000,0.590391,0.584150
0.520000,0.440000,0.594265,0.587963
0.520000,0.450000,0.597557,0.591196
0.520000,0.460000,0.600266,0.593846
0.520000,0.470000,0.602391,0.595909
0.520000,0.480000,0.603933,0.597384
0.520000,0.490000,0.604890,0.598270
0.520000,0.500000,0.605266,0.598565
0.520000,0.510000,0.605061,0.598270
0.520000,0.520000,0.604278,0.597384
0.520000,0.530000,0.602919,0.595909
0.520000,0.540000,0.600987,0.593846
0.520000,0.550000,0.598487,0.591196
0.520000,0.560000,0.595423,0.587963
0.520000,0.570000,0.591800,0.584150
0.520000,0.580000,0.587622,0.579760
0.520000,0.590000,0.582895,0.574799
0.520000,0.600000,0.577626,0.569270
0.520000,0.610000,0.571820,0.563179
0.520000,0.620000,0.565483,0.556532
0.520000,0.630000,0.558624,0.549336
0.520000,0.640000,0.551248,0.541598
0.520000,0.650000,0.543364,0.533326
0.520000,0.660000,0.534980,0.524527
0.520000,0.670000,0.526102,0.515210
0.520000,0.680000,0.516738,0.505386
0.520000,0.690000,0.506899,0.495062
0.520000,0.700000,0.496591,0.484250
0.520000,0.710000,0.485823,0.472960
0.520000,0.720000,0.474604,0.461203
0.520000,0.730000,0.462942,0.448990
0.520000,0.740000,0.450848,0.436335
0.520000,0.750000,0.438329,0.423250
0.520000,0.760000,0.425394,0.409746
0.520000,0.770000,0.412053,0.395838
0.520000,0.780000,0.398315,0.381540
0.520000,0.790000,0.384189,0.366865
0.520000,0.800000,0.369683,0.351828
0.520000,0.810000,0.354809,0.336444
0.520000,0.820000,0.339573,0.320727
0.520000,0.830000,0.323987,0.304695
0.520000,0.840000,0.308059,0.288361
0.520000,0.850000,0.291798,0.271743
0.520000,0.860000,0.275212,0.254857
0.520000,0.870000,0.258313,0.237719
0.520000,0.880000,0.241108,0.220347
0.520000,0.890000,0.223606,0.202757
0.520000,0.900000,0.205817,0.184967
0.520000,0.910000,0.187749,0.166994
0.520000,0.920000,0.169412,0.148857
0.520000,0.930000,0.150814,0.130573
0.520000,0.940000,0.131962,0.112160
0.520000,0.950000,0.112868,0.093636
0.520000,0.960000,0.093539,0.075020
0.520000,0.970000,0.073983,0.056330
0.520000,0.980000,0.054209,0.037584
0.520000,0.990000,0.034226,0.018801
0.520000,1.000000,0.014040,-0.000000
0.530000,0.000000,0.004749,0.000000
0.530000,0.010000,0.022975,0.018617
0.530000,0.020000,0.041218,0.037215
0.530000,0.030000,0.059460,0.055777
0.530000,0.040000,0.077682,0.074283
0.530000,0.050000,0.095865,0.092717
0.530000,0.060000,0.113992,0.111058
0.530000,0.070000,0.132045,0.129291
0.530000,0.080000,0.150003,0.147395
0.530000,0.090000,0.167849,0.165354
0.530000,0.100000,0.185565,0.183150
0.530000,0.110000,0.203130,0.200766
0.530000,0.120000,0.220527,0.218183
0.530000,0.130000,0.237737,0.235384
0.530000,0.140000,0.254741,0.252354
0.530000,0.150000,0.271519,0.269074
0.530000,0.160000,0.288055,0.285529
0.530000,0.170000,0.304329,0.301702
0.530000,0.180000,0.320323,0.317578
0.530000,0.190000,0.336020,0.333139
0.530000,0.200000,0.351402,0.348373
0.530000,0.210000,0.366451,0.363262
0.530000,0.220000,0.381150,0.377793
0.530000,0.230000,0.395484,0.391951
0.530000,0.240000,0.409436,0.405722
0.530000,0.250000,0.422991,0.419093
0.530000,0.260000,0.436132,0.432050
0.530000,0.270000,0.448846,0.444581
0.530000,0.280000,0.461119,0.456673
0.530000,0.290000,0.472936,0.468314
0.530000,0.300000,0.484287,0.479494
0.530000,0.310000,0.495158,0.490200
0.530000,0.320000,0.505537,0.500422
0.530000,0.330000,0.515415,0.510150
0.530000,0.340000,0.524779,0.519376
0.530000,0.350000,0.533623,0.528088
0.530000,0.360000,0.541937,0.536279
0.530000,0.370000,0.549712,0.543941
0.530000,0.380000,0.556941,0.551066
0.530000,0.390000,0.563619,0.557648
0.530000,0.400000,0.569740,0.563679
0.530000,0.410000,0.575297,0.569153
0.530000,0.420000,0.580287,0.574067
0.530000,0.430000,0.584707,0.578413
0.530000,0.440000,0.588554,0.582189
0.530000,0.450000,0.591825,0.585390
0.530000,0.460000,0.594519,0.588013
0.530000,0.470000,0.596635,0.590057
0.530000,0.480000,0.598173,0.591517
0.530000,0.490000,0.599133,0.592394
0.530000,0.500000,0.599516,0.592687
0.530000,0.510000,0.599325,0.592394
0.530000,0.520000,0.598560,0.591517
0.530000,0.530000,0.597225,0.590057
0.530000,0.540000,0.595324,0.588013
0.530000,0.550000,0.592859,0.585390
0.530000,0.560000,0.589834,0.582189
0.530000,0.570000,0.586256,0.578413
0.530000,0.580000,0.582128,0.574067
0.530000,0.590000,0.577456,0.569153
0.530000,0.600000,0.572245,0.563679
0.530000,0.610000,0.566503,0.557648
0.530000,0.620000,0.560235,0.551066
0.530000,0.630000,0.553448,0.543941
0.530000,0.640000,0.546149,0.536279
0.530000,0.650000,0.538346,0.528088
0.530000,0.660000,0.530046,0.519375
0.530000,0.670000,0.521257,0.510150
0.530000,0.680000,0.511985,0.500422
0.530000,0.690000,0.502241,0.490200
0.530000,0.700000,0.492033,0.479494
0.530000,0.710000,0.481367,0.468315
0.530000,0.720000,0.470253,0.456673
0.530000,0.730000,0.458700,0.444581
0.530000,0.740000,0.446716,0.432050
0.530000,0.750000,0.434311,0.419093
0.530000,0.760000,0.421493,0.405722
0.530000,0.770000,0.408271,0.391951
0.530000,0.780000,0.394654,0.377793
0.530000,0.790000,0.380650,0.363262
0.530000,0.800000,0.366271,0.348373
0.530000,0.810000,0.351523,0.333139
0.530000,0.820000,0.336417,0.317577
0.530000,0.830000,0.320961,0.301702
0.530000,0.840000,0.305164,0.285529
0.530000,0.850000,0.289037,0.269074
0.530000,0.860000,0.272586,0.252354
0.530000,0.870000,0.255822,0.235384
0.530000,0.880000,0.238753,0.218183
0.530000,0.890000,0.221389,0.200766
0.530000,0.900000,0.203738,0.183150
0.530000,0.910000,0.185809,0.165354
0.530000,0.920000,0.167610,0.147395
0.530000,0.930000,0.149152,0.129291
0.530000,0.940000,0.130441,0.111058
0.530000,0.950000,0.111487,0.092717
0.530000,0.960000,0.092297,0.074283
0.530000,0.970000,0.072881,0.055777
0.530000,0.980000,0.053247,0.037215
0.530000,0.990000,0.033403,0.018617
0.530000,1.000000,0.013357,-0.000000
0.540000,0.000000,0.005379,0.000000
0.540000,0.010000,0.023381,0.018434
0.540000,0.020000,0.041402,0.036850
0.540000,0.030000,0.059421,0.055229
0.540000,0.040000,0.077423,0.073554
0.540000,0.050000,0.095389,0.091806
0.540000,0.060000,0.113301,0.109968
0.540000,0.070000,0.131140,0.128021
0.540000,0.080000,0.148889,0.145948
0.540000,0.090000,0.166527,0.163730
0.540000,0.100000,0.184039,0.181352
0.540000,0.110000,0.201403,0.198794
0.540000,0.120000,0.218603,0.216040
0.540000,0.130000,0.235618,0.233073
0.540000,0.140000,0.252431,0.249875
0.540000,0.150000,0.269024,0.266432
0.540000,0.160000,0.285378,0.282725
0.540000,0.170000,0.301474,0.298739
0.540000,0.180000,0.317295,0.314459
0.540000,0.190000,0.332823,0.329868
0.540000,0.200000,0.348041,0.344951
0.540000,0.210000,0.362931,0.359694
0.540000,0.220000,0.377477,0.374083
0.540000,0.230000,0.391662,0.388101
0.540000,0.240000,0.405470,0.401737
0.540000,0.250000,0.418885,0.414977
0.540000,0.260000,0.431894,0.427807
0.540000,0.270000,0.444480,0.440215
0.540000,0.280000,0.456631,0.452188
0.540000,0.290000,0.468332,0.463715
0.540000,0.300000,0.479572,0.474785
0.540000,0.310000,0.490337,0.485386
0.540000,0.320000,0.500617,0.495507
0.540000,0.330000,0.510401,0.505140
0.540000,0.340000,0.519679,0.514275
0.540000,0.350000,0.528441,0.522901
0.540000,0.360000,0.536679,0.531012
0.540000,0.370000,0.544384,0.538599
0.540000,0.380000,0.551550,0.545654
0.540000,0.390000,0.558170,0.552171
0.540000,0.400000,0.564239,0.558143
0.540000,0.410000,0.569751,0.563564
0.540000,0.420000,0.574702,0.568429
0.540000,0.430000,0.579088,0.572732
0.540000,0.440000,0.582907,0.576471
0.540000,0.450000,0.586156,0.579641
0.540000,0.460000,0.588834,0.582238
0.540000,0.470000,0.590939,0.584261
0.540000,0.480000,0.592472,0.585708
0.540000,0.490000,0.593434,0.586576
0.540000,0.500000,0.593823,0.586866
0.540000,0.510000,0.593644,0.586576
0.540000,0.520000,0.592897,0.585708
0.540000,0.530000,0.591585,0.584261
0.540000,0.540000,0.589711,0.582238
0.540000,0.550000,0.587279,0.579641
0.540000,0.560000,0.584294,0.576471
0.540000,0.570000,0.580759,0.572732
0.540000,0.580000,0.576679,0.568429
0.540000,0.590000,0.572060,0.563564
0.540000,0.600000,0.566907,0.558143
0.540000,0.610000,0.561227,0.552171
0.540000,0.620000,0.555025,0.545654
0.540000,0.630000,0.548309,0.538599
0.540000,0.640000,0.541085,0.531012
0.540000,0.650000,0.533361,0.522901
0.540000,0.660000,0.525144,0.514275
0.540000,0.670000,0.516441,0.505140
0.540000,0.680000,0.507260,0.495507
0.540000,0.690000,0.497610,0.485385
0.540000,0.700000,0.487498,0.474785
0.540000,0.710000,0.476933,0.463715
0.540000,0.720000,0.465923,0.452188
0.540000,0.730000,0.454477,0.440215
0.540000,0.740000,0.442603,0.427807
0.540000,0.750000,0.430309,0.414977
0.540000,0.760000,0.417606,0.401737
0.540000,0.770000,0.404501,0.388101
0.540000,0.780000,0.391004,0.374082
0.540000,0.790000,0.377122,0.359694
0.540000,0.800000,0.362866,0.344951
0.540000,0.810000,0.348245,0.329868
0.540000,0.820000,0.333266,0.314458
0.540000,0.830000,0.317939,0.298739
0.540000,0.840000,0.302273,0.282725
0.540000,0.850000,0.286277,0.266432
0.540000,0.860000,0.269960,0.249875
0.540000,0.870000,0.253331,0.233073
0.540000,0.880000,0.236398,0.216040
0.540000,0.890000,0.219170,0.198794
0.540000,0.900000,0.201656,0.181352
0.540000,0.910000,0.183864,0.163730
0.540000,0.920000,0.165805,0.145948
0.540000,0.930000,0.147485,0.128021
0.540000,0.940000,0.128913,0.109968
0.540000,0.950000,0.110098,0.091806
0.540000,0.960000,0.091048,0.073554
0.540000,0.970000,0.071771,0.055229
0.540000,0.980000,0.052277,0.036850
0.540000,0.990000,0.032571,0.018434
0.540000,1.000000,0.012664,-0.000000
0.550000,0.000000,0.006012,0.000000
0.550000,0.010000,0.023793,0.018253
0.550000,0.020000,0.041594,0.036488
0.550000,0.030000,0.059395,0.054687
0.550000,0.040000,0.077180,0.072831
0.550000,0.050000,0.094932,0.090904
0.550000,0.060000,0.112631,0.108888
0.550000,0.070000,0.130260,0.126764
0.550000,0.080000,0.147801,0.144514
0.550000,0.090000,0.165236,0.162122
0.550000,0.100000,0.182545,0.179571
0.550000,0.110000,0.199711,0.196841
0.550000,0.120000,0.216716,0.213918
0.550000,0.130000,0.233540,0.230784
0.550000,0.140000,0.250165,0.247421
0.550000,0.150000,0.266574,0.263815
0.550000,0.160000,0.282748,0.279948
0.550000,0.170000,0.298669,0.295805
0.550000,0.180000,0.314319,0.311370
0.550000,0.190000,0.329680,0.326628
0.550000,0.200000,0.344736,0.341563
0.550000,0.210000,0.359468,0.356162
0.550000,0.220000,0.373861,0.370409
0.550000,0.230000,0.387899,0.384290
0.550000,0.240000,0.401564,0.397792
0.550000,0.250000,0.414842,0.410901
0.550000,0.260000,0.427718,0.423605
0.550000,0.270000,0.440178,0.435891
0.550000,0.280000,0.452208,0.447747
0.550000,0.290000,0.463793,0.459161
0.550000,0.300000,0.474922,0.470122
0.550000,0.310000,0.485583,0.480619
0.550000,0.320000,0.495765,0.490641
0.550000,0.330000,0.505456,0.500179
0.550000,0.340000,0.514646,0.509224
0.550000,0.350000,0.523326,0.517766
0.550000,0.360000,0.531488,0.525797
0.550000,0.370000,0.539124,0.533309
0.550000,0.380000,0.546226,0.540295
0.550000,0.390000,0.552789,0.546748
0.550000,0.400000,0.558805,0.552661
0.550000,0.410000,0.564271,0.558029
0.550000,0.420000,0.569181,0.562846
0.550000,0.430000,0.573533,0.567108
0.550000,0.440000,0.577323,0.570810
0.550000,0.450000,0.580549,0.573948
0.550000,0.460000,0.583210,0.576520
0.550000,0.470000,0.585304,0.578523
0.550000,0.480000,0.586832,0.579956
0.550000,0.490000,0.587792,0.580816
0.550000,0.500000,0.588188,0.581102
0.550000,0.510000,0.588019,0.580816
0.550000,0.520000,0.587288,0.579956
0.550000,0.530000,0.585997,0.578523
0.550000,0.540000,0.584150,0.576520
0.550000,0.550000,0.581750,0.573948
0.550000,0.560000,0.578801,0.570809
0.550000,0.570000,0.575308,0.567108
0.550000,0.580000,0.571274,0.562846
0.550000,0.590000,0.566707,0.558029
0.550000,0.600000,0.561609,0.552661
0.550000,0.610000,0.555990,0.546748
0.550000,0.620000,0.549853,0.540295
0.550000,0.630000,0.543206,0.533309
0.550000,0.640000,0.536056,0.525797
0.550000,0.650000,0.528408,0.517766
0.550000,0.660000,0.520272,0.509224
0.550000,0.670000,0.511655,0.500179
0.550000,0.680000,0.502562,0.490641
0.550000,0.690000,0.493004,0.480618
0.550000,0.700000,0.482988,0.470122
0.550000,0.710000,0.472522,0.459161
0.550000,0.720000,0.461614,0.447747
0.550000,0.730000,0.450273,0.435891
0.550000,0.740000,0.438506,0.423605
0.550000,0.750000,0.426324,0.410901
0.550000,0.760000,0.413734,0.397792
0.550000,0.770000,0.400745,0.384290
0.550000,0.780000,0.387365,0.370409
0.550000,0.790000,0.373604,0.356162
0.550000,0.800000,0.359471,0.341563
0.550000,0.810000,0.344973,0.326628
0.550000,0.820000,0.330121,0.311370
0.550000,0.830000,0.314922,0.295805
0.550000,0.840000,0.299386,0.279948
0.550000,0.850000,0.283520,0.263815
0.550000,0.860000,0.267335,0.247421
0.550000,0.870000,0.250839,0.230784
0.550000,0.880000,0.234041,0.213918
0.550000,0.890000,0.216948,0.196841
0.550000,0.900000,0.199571,0.179571
0.550000,0.910000,0.181916,0.162122
0.550000,0.920000,0.163994,0.144514
0.550000,0.930000,0.145811,0.126764
0.550000,0.940000,0.127378,0.108888
0.550000,0.950000,0.108701,0.090904
0.550000,0.960000,0.089790,0.072831
0.550000,0.970000,0.070652,0.054686
0.550000,0.980000,0.051296,0.036488
0.550000,0.990000,0.031730,0.018253
0.550000,1.000000,0.011961,-0.000000
0.560000,0.000000,0.006647,0.000000
0.560000,0.010000,0.024210,0.018074
0.560000,0.020000,0.041794,0.036129
0.560000,0.030000,0.059380,0.054149
0.560000,0.040000,0.076952,0.072116
0.560000,0.050000,0.094491,0.090012
0.560000,0.060000,0.111981,0.107818
0.560000,0.070000,0.129404,0.125519
0.560000,0.080000,0.146740,0.143095
0.560000,0.090000,0.163972,0.160530
0.560000,0.100000,0.181083,0.177807
0.560000,0.110000,0.198054,0.194908
0.560000,0.120000,0.214865,0.211817
0.560000,0.130000,0.231501,0.228517
0.560000,0.140000,0.247941,0.244991
0.560000,0.150000,0.264168,0.261224
0.560000,0.160000,0.280165,0.277199
0.560000,0.170000,0.295912,0.292900
0.560000,0.180000,0.311393,0.308312
0.560000,0.190000,0.326589,0.323420
0.560000,0.200000,0.341484,0.338209
0.560000,0.210000,0.356061,0.352664
0.560000,0.220000,0.370303,0.366771
0.560000,0.230000,0.384194,0.380516
0.560000,0.240000,0.397718,0.393885
0.560000,0.250000,0.410860,0.406866
0.560000,0.260000,0.423605,0.419445
0.560000,0.270000,0.435939,0.431610
0.560000,0.280000,0.447848,0.443350
0.560000,0.290000,0.459318,0.454652
0.560000,0.300000,0.470339,0.465505
0.560000,0.310000,0.480895,0.475898
0.560000,0.320000,0.490978,0.485822
0.560000,0.330000,0.500576,0.495267
0.560000,0.340000,0.509679,0.504223
0.560000,0.350000,0.518278,0.512681
0.560000,0.360000,0.526365,0.520633
0.560000,0.370000,0.533931,0.528072
0.560000,0.380000,0.540969,0.534989
0.560000,0.390000,0.547473,0.541378
0.560000,0.400000,0.553437,0.547234
0.560000,0.410000,0.558856,0.552549
0.560000,0.420000,0.563725,0.557318
0.560000,0.430000,0.568042,0.561538
0.560000,0.440000,0.571803,0.565204
0.560000,0.450000,0.575005,0.568311
0.560000,0.460000,0.577647,0.570858
0.560000,0.470000,0.579729,0.572842
0.560000,0.480000,0.581250,0.574260
0.560000,0.490000,0.582209,0.575111
0.560000,0.500000,0.582608,0.575395
0.560000,0.510000,0.582449,0.575111
0.560000,0.520000,0.581733,0.574260
0.560000,0.530000,0.580462,0.572842
0.560000,0.540000,0.578641,0.570858
0.560000,0.550000,0.576271,0.568311
0.560000,0.560000,0.573357,0.565204
0.560000,0.570000,0.569904,0.561538
0.560000,0.580000,0.565915,0.557318
0.560000,0.590000,0.561397,0.552549
0.560000,0.600000,0.556354,0.547234
0.560000,0.610000,0.550793,0.541378
0.560000,0.620000,0.544719,0.534989
0.560000,0.630000,0.538140,0.528072
0.560000,0.640000,0.531060,0.520633
0.560000,0.650000,0.523489,0.512681
0.560000,0.660000,0.515432,0.504223
0.560000,0.670000,0.506898,0.495267
0.560000,0.680000,0.497893,0.485822
0.560000,0.690000,0.488425,0.475898
0.560000,0.700000,0.478503,0.465505
0.560000,0.710000,0.468134,0.454652
0.560000,0.720000,0.457326,0.443350
0.560000,0.730000,0.446088,0.431610
0.560000,0.740000,0.434428,0.419445
0.560000,0.750000,0.422355,0.406866
0.560000,0.760000,0.409876,0.393885
0.560000,0.770000,0.397001,0.380516
0.560000,0.780000,0.383739,0.366771
0.560000,0.790000,0.370096,0.352664
0.560000,0.800000,0.356084,0.338209
0.560000,0.810000,0.341709,0.323420
0.560000,0.820000,0.326982,0.308312
0.560000,0.830000,0.311909,0.292900
0.560000,0.840000,0.296501,0.277199
0.560000,0.850000,0.280765,0.261224
0.560000,0.860000,0.264711,0.244991
0.560000,0.870000,0.248348,0.228517
0.560000,0.880000,0.231682,0.211817
0.560000,0.890000,0.214724,0.194908
0.560000,0.900000,0.197481,0.177807
0.560000,0.910000,0.179963,0.160530
0.560000,0.920000,0.162177,0.143095
0.560000,0.930000,0.144132,0.125519
0.560000,0.940000,0.125836,0.107818
0.560000,0.950000,0.107297,0.090012
0.560000,0.960000,0.088524,0.072116
0.560000,0.970000,0.069525,0.054149
0.560000,0.980000,0.050306,0.036129
0.560000,0.990000,0.030878,0.018074
0.560000,1.000000,0.011246,-0.000000
0.570000,0.000000,0.007284,0.000000
0.570000,0.010000,0.024632,0.017896
0.570000,0.020000,0.042002,0.035775
0.570000,0.030000,0.059376,0.053618
0.570000,0.040000,0.076738,0.071408
0.570000,0.050000,0.094068,0.089128
0.570000,0.060000,0.111352,0.106759
0.570000,0.070000,0.128569,0.124286
0.570000,0.080000,0.145704,0.141690
0.570000,0.090000,0.162738,0.158954
0.570000,0.100000,0.179652,0.176061
0.570000,0.110000,0.196430,0.192994
0.570000,0.120000,0.213052,0.209737
0.570000,0.130000,0.229500,0.226273
0.570000,0.140000,0.245758,0.242585
0.570000,0.150000,0.261806,0.258659
0.570000,0.160000,0.277626,0.274476
0.570000,0.170000,0.293202,0.290024
0.570000,0.180000,0.308515,0.305284
0.570000,0.190000,0.323549,0.320244
0.570000,0.200000,0.338286,0.334887
0.570000,0.210000,0.352708,0.349200
0.570000,0.220000,0.366801,0.363169
0.570000,0.230000,0.380547,0.376779
0.570000,0.240000,0.393931,0.390017
0.570000,0.250000,0.406938,0.402870
0.570000,0.260000,0.419553,0.415326
0.570000,0.270000,0.431762,0.427372
0.570000,0.280000,0.443552,0.438996
0.570000,0.290000,0.454908,0.450186
0.570000,0.300000,0.465819,0.460933
0.570000,0.310000,0.476272,0.471225
0.570000,0.320000,0.486257,0.481051
0.570000,0.330000,0.495762,0.490403
0.570000,0.340000,0.504778,0.499271
0.570000,0.350000,0.513296,0.507646
0.570000,0.360000,0.521307,0.515520
0.570000,0.370000,0.528803,0.522886
0.570000,0.380000,0.535777,0.529735
0.570000,0.390000,0.542222,0.536062
0.570000,0.400000,0.548133,0.541859
0.570000,0.410000,0.553505,0.547122
0.570000,0.420000,0.558333,0.551845
0.570000,0.430000,0.562614,0.556023
0.570000,0.440000,0.566344,0.559653
0.570000,0.450000,0.569522,0.562730
0.570000,0.460000,0.572146,0.565252
0.570000,0.470000,0.574214,0.567216
0.570000,0.480000,0.575726,0.568620
0.570000,0.490000,0.576683,0.569463
0.570000,0.500000,0.577086,0.569744
0.570000,0.510000,0.576934,0.569463
0.570000,0.520000,0.576231,0.568620
0.570000,0.530000,0.574980,0.567216
0.570000,0.540000,0.573181,0.565252
0.570000,0.550000,0.570841,0.562730
0.570000,0.560000,0.567960,0.559653
0.570000,0.570000,0.564545,0.556023
0.570000,0.580000,0.560600,0.551845
0.570000,0.590000,0.556130,0.547122
0.570000,0.600000,0.551140,0.541859
0.570000,0.610000,0.545636,0.536062
0.570000,0.620000,0.539624,0.529735
0.570000,0.630000,0.533109,0.522886
0.570000,0.640000,0.526100,0.515520
0.570000,0.650000,0.518603,0.507646
0.570000,0.660000,0.510624,0.499271
0.570000,0.670000,0.502171,0.490403
0.570000,0.680000,0.493251,0.481051
0.570000,0.690000,0.483871,0.471224
0.570000,0.700000,0.474041,0.460933
0.570000,0.710000,0.463768,0.450186
0.570000,0.720000,0.453059,0.438996
0.570000,0.730000,0.441923,0.427372
0.570000,0.740000,0.430367,0.415326
0.570000,0.750000,0.418401,0.402870
0.570000,0.760000,0.406033,0.390017
0.570000,0.770000,0.393271,0.376779
0.570000,0.780000,0.380123,0.363169
0.570000,0.790000,0.366598,0.349200
0.570000,0.800000,0.352705,0.334887
0.570000,0.810000,0.338452,0.320244
0.570000,0.820000,0.323847,0.305284
0.570000,0.830000,0.308900,0.290023
0.570000,0.840000,0.293619,0.274477
0.570000,0.850000,0.278012,0.258658
0.570000,0.860000,0.262088,0.242585
0.570000,0.870000,0.245855,0.226273
0.570000,0.880000,0.229322,0.209737
0.570000,0.890000,0.212497,0.192994
0.570000,0.900000,0.195388,0.176061
0.570000,0.910000,0.178005,0.158954
0.570000,0.920000,0.160355,0.141690
0.570000,0.930000,0.142446,0.124286
0.570000,0.940000,0.124286,0.106759
0.570000,0.950000,0.105885,0.089128
0.570000,0.960000,0.087249,0.071408
0.570000,0.970000,0.068386,0.053618
0.570000,0.980000,0.049306,0.035775
0.570000,0.990000,0.030015,0.017896
0.570000,1.000000,0.010520,-0.000000
0.580000,0.000000,0.007922,0.000000
0.580000,0.010000,0.025058,0.017720
0.580000,0.020000,0.042218,0.035423
0.580000,0.030000,0.059383,0.053091
0.580000,0.040000,0.076536,0.070707
0.580000,0.050000,0.093661,0.088252
0.580000,0.060000,0.110741,0.105711
0.580000,0.070000,0.127758,0.123065
0.580000,0.080000,0.144693,0.140298
0.580000,0.090000,0.161531,0.157393
0.580000,0.100000,0.178251,0.174332
0.580000,0.110000,0.194838,0.191099
0.580000,0.120000,0.211273,0.207677
0.580000,0.130000,0.227538,0.224051
0.580000,0.140000,0.243614,0.240203
0.580000,0.150000,0.259485,0.256118
0.580000,0.160000,0.275133,0.271781
0.580000,0.170000,0.290539,0.287175
0.580000,0.180000,0.305687,0.302286
0.580000,0.190000,0.320559,0.317099
0.580000,0.200000,0.335139,0.331598
0.580000,0.210000,0.349409,0.345771
0.580000,0.220000,0.363353,0.359602
0.580000,0.230000,0.376956,0.373078
0.580000,0.240000,0.390202,0.386187
0.580000,0.250000,0.403075,0.398914
0.580000,0.260000,0.415561,0.411247
0.580000,0.270000,0.427647,0.423174
0.580000,0.280000,0.439317,0.434684
0.580000,0.290000,0.450560,0.445765
0.580000,0.300000,0.461362,0.456406
0.580000,0.310000,0.471712,0.466597
0.580000,0.320000,0.481600,0.476327
0.580000,0.330000,0.491013,0.485587
0.580000,0.340000,0.499943,0.494367
0.580000,0.350000,0.508380,0.502660
0.580000,0.360000,0.516315,0.510457
0.580000,0.370000,0.523741,0.517750
0.580000,0.380000,0.530650,0.524532
0.580000,0.390000,0.537036,0.530797
0.580000,0.400000,0.542894,0.536538
0.580000,0.410000,0.548218,0.541749
0.580000,0.420000,0.553004,0.546425
0.580000,0.430000,0.557248,0.550562
0.580000,0.440000,0.560948,0.554156
0.580000,0.450000,0.564100,0.557203
0.580000,0.460000,0.566704,0.559700
0.580000,0.470000,0.568757,0.561645
0.580000,0.480000,0.570261,0.563036
0.580000,0.490000,0.571214,0.563870
0.580000,0.500000,0.571618,0.564149
0.580000,0.510000,0.571474,0.563870
0.580000,0.520000,0.570784,0.563036
0.580000,0.530000,0.569549,0.561645
0.580000,0.540000,0.567773,0.559700
0.580000,0.550000,0.565459,0.557203
0.580000,0.560000,0.562611,0.554156
0.580000,0.570000,0.559234,0.550562
0.580000,0.580000,0.555331,0.546425
0.580000,0.590000,0.550906,0.541749
0.580000,0.600000,0.545967,0.536537
0.580000,0.610000,0.540519,0.530797
0.580000,0.620000,0.534566,0.524532
0.580000,0.630000,0.528116,0.517750
0.580000,0.640000,0.521175,0.510457
0.580000,0.650000,0.513749,0.502660
0.580000,0.660000,0.505846,0.494367
0.580000,0.670000,0.497472,0.485587
0.580000,0.680000,0.488636,0.476327
0.580000,0.690000,0.479344,0.466597
0.580000,0.700000,0.469604,0.456406
0.580000,0.710000,0.459425,0.445765
0.580000,0.720000,0.448813,0.434684
0.580000,0.730000,0.437776,0.423174
0.580000,0.740000,0.426324,0.411247
0.580000,0.750000,0.414464,0.398914
0.580000,0.760000,0.402204,0.386186
0.580000,0.770000,0.389553,0.373078
0.580000,0.780000,0.376518,0.359602
0.580000,0.790000,0.363109,0.345771
0.580000,0.800000,0.349334,0.331598
0.580000,0.810000,0.335202,0.317099
0.580000,0.820000,0.320719,0.302286
0.580000,0.830000,0.305896,0.287175
0.580000,0.840000,0.290740,0.271781
0.580000,0.850000,0.275260,0.256118
0.580000,0.860000,0.259464,0.240203
0.580000,0.870000,0.243362,0.224050
0.580000,0.880000,0.226959,0.207677
0.580000,0.890000,0.210266,0.191099
0.580000,0.900000,0.193291,0.174332
0.580000,0.910000,0.176042,0.157392
0.580000,0.920000,0.158526,0.140298
0.580000,0.930000,0.140753,0.123065
0.580000,0.940000,0.122728,0.105711
0.580000,0.950000,0.104464,0.088252
0.580000,0.960000,0.085964,0.070707
0.580000,0.970000,0.067238,0.053091
0.580000,0.980000,0.048294,0.035423
0.580000,0.990000,0.029140,0.017720
0.580000,1.000000,0.009783,-0.000000
0.590000,0.000000,0.008560,0.000000
0.590000,0.010000,0.025488,0.017546
0.590000,0.020000,0.042440,0.035075
0.590000,0.030000,0.059399,0.052570
0.590000,0.040000,0.076348,0.070012
0.590000,0.050000,0.093270,0.087386
0.590000,0.060000,0.110149,0.104673
0.590000,0.070000,0.126967,0.121857
0.590000,0.080000,0.143707,0.138920
0.590000,0.090000,0.160350,0.155847
0.590000,0.100000,0.176880,0.172619
0.590000,0.110000,0.193279,0.189222
0.590000,0.120000,0.209529,0.205637
0.590000,0.130000,0.225611,0.221850
0.590000,0.140000,0.241510,0.237844
0.590000,0.150000,0.257206,0.253603
0.590000,0.160000,0.272682,0.269112
0.590000,0.170000,0.287921,0.284355
0.590000,0.180000,0.302906,0.299317
0.590000,0.190000,0.317619,0.313984
0.590000,0.200000,0.332043,0.328342
0.590000,0.210000,0.346162,0.342375
0.590000,0.220000,0.359960,0.356070
0.590000,0.230000,0.373421,0.369414
0.590000,0.240000,0.386529,0.382394
0.590000,0.250000,0.399270,0.394996
0.590000,0.260000,0.411628,0.407208
0.590000,0.270000,0.423591,0.419018
0.590000,0.280000,0.435143,0.430415
0.590000,0.290000,0.446273,0.441387
0.590000,0.300000,0.456968,0.451924
0.590000,0.310000,0.467216,0.462014
0.590000,0.320000,0.477007,0.471649
0.590000,0.330000,0.486328,0.480818
0.590000,0.340000,0.495171,0.489512
0.590000,0.350000,0.503527,0.497724
0.590000,0.360000,0.511386,0.505444
0.590000,0.370000,0.518742,0.512665
0.590000,0.380000,0.525587,0.519381
0.590000,0.390000,0.531914,0.525584
0.590000,0.400000,0.537718,0.531268
0.590000,0.410000,0.542994,0.536428
0.590000,0.420000,0.547738,0.541059
0.590000,0.430000,0.551945,0.545155
0.590000,0.440000,0.555613,0.548714
0.590000,0.450000,0.558739,0.551731
0.590000,0.460000,0.561322,0.554204
0.590000,0.470000,0.563360,0.556129
0.590000,0.480000,0.564854,0.557506
0.590000,0.490000,0.565802,0.558333
0.590000,0.500000,0.566207,0.558608
0.590000,0.510000,0.566068,0.558333
0.590000,0.520000,0.565389,0.557506
0.590000,0.530000,0.564170,0.556129
0.590000,0.540000,0.562415,0.554204
0.590000,0.550000,0.560127,0.551731
0.590000,0.560000,0.557310,0.548714
0.590000,0.570000,0.553968,0.545155
0.590000,0.580000,0.550105,0.541059
0.590000,0.590000,0.545726,0.536428
0.590000,0.600000,0.540836,0.531268
0.590000,0.610000,0.535441,0.525584
0.590000,0.620000,0.529546,0.519381
0.590000,0.630000,0.523159,0.512665
0.590000,0.640000,0.516284,0.505444
0.590000,0.650000,0.508929,0.497724
0.590000,0.660000,0.501099,0.489512
0.590000,0.670000,0.492804,0.480818
0.590000,0.680000,0.484049,0.471649
0.590000,0.690000,0.474843,0.462014
0.590000,0.700000,0.465192,0.451924
0.590000,0.710000,0.455104,0.441387
0.590000,0.720000,0.444587,0.430415
0.590000,0.730000,0.433649,0.419018
0.590000,0.740000,0.422298,0.407208
0.590000,0.750000,0.410543,0.394996
0.590000,0.760000,0.398389,0.382394
0.590000,0.770000,0.385848,0.369414
0.590000,0.780000,0.372925,0.356070
0.590000,0.790000,0.359631,0.342375
0.590000,0.800000,0.345972,0.328342
0.590000,0.810000,0.331958,0.313984
0.590000,0.820000,0.317596,0.299317
0.590000,0.830000,0.302895,0.284355
0.590000,0.840000,0.287863,0.269112
0.590000,0.850000,0.272509,0.253603
0.590000,0.860000,0.256841,0.237844
0.590000,0.870000,0.240866,0.221850
0.590000,0.880000,0.224594,0.205637
0.590000,0.890000,0.208033,0.189222
0.590000,0.900000,0.191189,0.172619
0.590000,0.910000,0.174073,0.155847
0.590000,0.920000,0.156691,0.138920
0.590000,0.930000,0.139052,0.121857
0.590000,0.940000,0.121163,0.104673
0.590000,0.950000,0.103033,0.087386
0.590000,0.960000,0.084669,0.070012
0.590000,0.970000,0.066080,0.052570
0.590000,0.980000,0.047272,0.035075
0.590000,0.990000,0.028253,0.017546
0.590000,1.000000,0.009032,-0.000000
0.600000,0.000000,0.009198,0.000000
0.600000,0.010000,0.025921,0.017374
0.600000,0.020000,0.042668,0.034731
0.600000,0.030000,0.059424,0.052053
0.600000,0.040000,0.076171,0.069325
0.600000,0.050000,0.092894,0.086527
0.600000,0.060000,0.109575,0.103645
0.600000,0.070000,0.126197,0.120660
0.600000,0.080000,0.142743,0.137556
0.600000,0.090000,0.159196,0.154316
0.600000,0.100000,0.175538,0.170924
0.600000,0.110000,0.191751,0.187363
0.600000,0.120000,0.207818,0.203618
0.600000,0.130000,0.223721,0.219671
0.600000,0.140000,0.239444,0.235508
0.600000,0.150000,0.254967,0.251112
0.600000,0.160000,0.270274,0.266469
0.600000,0.170000,0.285348,0.281562
0.600000,0.180000,0.300171,0.296378
0.600000,0.190000,0.314726,0.310901
0.600000,0.200000,0.328997,0.325117
0.600000,0.210000,0.342967,0.339013
0.600000,0.220000,0.356620,0.352573
0.600000,0.230000,0.369940,0.365786
0.600000,0.240000,0.382912,0.378638
0.600000,0.250000,0.395522,0.391116
0.600000,0.260000,0.407754,0.403209
0.600000,0.270000,0.419594,0.414903
0.600000,0.280000,0.431030,0.426188
0.600000,0.290000,0.442048,0.437052
0.600000,0.300000,0.452636,0.447485
0.600000,0.310000,0.462782,0.457477
0.600000,0.320000,0.472476,0.467017
0.600000,0.330000,0.481706,0.476096
0.600000,0.340000,0.490463,0.484705
0.600000,0.350000,0.498738,0.492836
0.600000,0.360000,0.506522,0.500480
0.600000,0.370000,0.513807,0.507630
0.600000,0.380000,0.520587,0.514280
0.600000,0.390000,0.526855,0.520422
0.600000,0.400000,0.532606,0.526051
0.600000,0.410000,0.537833,0.531160
0.600000,0.420000,0.542533,0.535745
0.600000,0.430000,0.546703,0.539801
0.600000,0.440000,0.550338,0.543325
0.600000,0.450000,0.553438,0.546312
0.600000,0.460000,0.555999,0.548761
0.600000,0.470000,0.558021,0.550667
0.600000,0.480000,0.559504,0.552031
0.600000,0.490000,0.560447,0.552849
0.600000,0.500000,0.560851,0.553122
0.600000,0.510000,0.560717,0.552849
0.600000,0.520000,0.560046,0.552031
0.600000,0.530000,0.558842,0.550667
0.600000,0.540000,0.557107,0.548761
0.600000,0.550000,0.554844,0.546312
0.600000,0.560000,0.552056,0.543325
0.600000,0.570000,0.548748,0.539801
0.600000,0.580000,0.544923,0.535745
0.600000,0.590000,0.540588,0.531160
0.600000,0.600000,0.535746,0.526050
0.600000,0.610000,0.530403,0.520422
0.600000,0.620000,0.524564,0.514280
0.600000,0.630000,0.518237,0.507630
0.600000,0.640000,0.511427,0.500480
0.600000,0.650000,0.504141,0.492836
0.600000,0.660000,0.496384,0.484705
0.600000,0.670000,0.488165,0.476096
0.600000,0.680000,0.479491,0.467017
0.600000,0.690000,0.470367,0.457477
0.600000,0.700000,0.460803,0.447485
0.600000,0.710000,0.450806,0.437052
0.600000,0.720000,0.440383,0.426188
0.600000,0.730000,0.429541,0.414903
0.600000,0.740000,0.418290,0.403209
0.600000,0.750000,0.406637,0.391116
0.600000,0.760000,0.394589,0.378638
0.600000,0.770000,0.382155,0.365786
0.600000,0.780000,0.369343,0.352573
0.600000,0.790000,0.356162,0.339012
0.600000,0.800000,0.342618,0.325117
0.600000,0.810000,0.328720,0.310901
0.600000,0.820000,0.314478,0.296378
0.600000,0.830000,0.299898,0.281562
0.600000,0.840000,0.284990,0.266469
0.600000,0.850000,0.269760,0.251112
0.600000,0.860000,0.254218,0.235508
0.600000,0.870000,0.238371,0.219671
0.600000,0.880000,0.222227,0.203618
0.600000,0.890000,0.205796,0.187363
0.600000,0.900000,0.189083,0.170924
0.600000,0.910000,0.172098,0.154316
0.600000,0.920000,0.154849,0.137556
0.600000,0.930000,0.137343,0.120660
0.600000,0.940000,0.119589,0.103645
0.600000,0.950000,0.101593,0.086527
0.600000,0.960000,0.083365,0.069325
0.600000,0.970000,0.064910,0.052053
0.600000,0.980000,0.046238,0.034731
0.600000,0.990000,0.027355,0.017374
0.600000,1.000000,0.008269,-0.000000
0.610000,0.000000,0.009836,0.000000
0.610000,0.010000,0.026356,0.017203
0.610000,0.020000,0.042902,0.034390
0.610000,0.030000,0.059458,0.051542
0.610000,0.040000,0.076006,0.068644
0.610000,0.050000,0.092532,0.085678
0.610000,0.060000,0.109018,0.102627
0.610000,0.070000,0.125447,0.119475
0.610000,0.080000,0.141802,0.136205
0.610000,0.090000,0.158067,0.152801
0.610000,0.100000,0.174223,0.169246
0.610000,0.110000,0.190253,0.185523
0.610000,0.120000,0.206140,0.201618
0.610000,0.130000,0.221867,0.217514
0.610000,0.140000,0.237415,0.233195
0.610000,0.150000,0.252768,0.248646
0.610000,0.160000,0.267908,0.263852
0.610000,0.170000,0.282818,0.278797
0.610000,0.180000,0.297482,0.293467
0.610000,0.190000,0.311881,0.307847
0.610000,0.200000,0.326000,0.321924
0.610000,0.210000,0.339822,0.335683
0.610000,0.220000,0.353331,0.349111
0.610000,0.230000,0.366513,0.362194
0.610000,0.240000,0.379350,0.374920
0.610000,0.250000,0.391830,0.387275
0.610000,0.260000,0.403936,0.399249
0.610000,0.270000,0.415656,0.410828
0.610000,0.280000,0.426976,0.422002
0.610000,0.290000,0.437882,0.432760
0.610000,0.300000,0.448364,0.443091
0.610000,0.310000,0.458409,0.452984
0.610000,0.320000,0.468006,0.462430
0.610000,0.330000,0.477145,0.471420
0.610000,0.340000,0.485817,0.479944
0.610000,0.350000,0.494011,0.487995
0.610000,0.360000,0.501720,0.495565
0.610000,0.370000,0.508935,0.502645
0.610000,0.380000,0.515650,0.509229
0.610000,0.390000,0.521859,0.515311
0.610000,0.400000,0.527555,0.520884
0.610000,0.410000,0.532734,0.525943
0.610000,0.420000,0.537390,0.530483
0.610000,0.430000,0.541521,0.534500
0.610000,0.440000,0.545124,0.537989
0.610000,0.450000,0.548196,0.540947
0.610000,0.460000,0.550735,0.543371
0.610000,0.470000,0.552740,0.545259
0.610000,0.480000,0.554211,0.546609
0.610000,0.490000,0.555147,0.547420
0.610000,0.500000,0.555549,0.547690
0.610000,0.510000,0.555418,0.547420
0.610000,0.520000,0.554757,0.546609
0.610000,0.530000,0.553566,0.545259
0.610000,0.540000,0.551850,0.543371
0.610000,0.550000,0.549609,0.540947
0.610000,0.560000,0.546850,0.537989
0.610000,0.570000,0.543574,0.534500
0.610000,0.580000,0.539787,0.530483
0.610000,0.590000,0.535493,0.525943
0.610000,0.600000,0.530697,0.520884
0.610000,0.610000,0.525404,0.515311
0.610000,0.620000,0.519621,0.509229
0.610000,0.630000,0.513352,0.502645
0.610000,0.640000,0.506605,0.495565
0.610000,0.650000,0.499386,0.487995
0.610000,0.660000,0.491700,0.479944
0.610000,0.670000,0.483556,0.471420
0.610000,0.680000,0.474960,0.462430
0.610000,0.690000,0.465919,0.452984
0.610000,0.700000,0.456440,0.443090
0.610000,0.710000,0.446531,0.432760
0.610000,0.720000,0.436200,0.422002
0.610000,0.730000,0.425454,0.410828
0.610000,0.740000,0.414301,0.399249
0.610000,0.750000,0.402748,0.387275
0.610000,0.760000,0.390804,0.374920
0.610000,0.770000,0.378476,0.362194
0.610000,0.780000,0.365773,0.349111
0.610000,0.790000,0.352702,0.335683
0.610000,0.800000,0.339272,0.321924
0.610000,0.810000,0.325491,0.307847
0.610000,0.820000,0.311366,0.293467
0.610000,0.830000,0.296906,0.278797
0.610000,0.840000,0.282118,0.263852
0.610000,0.850000,0.267012,0.248646
0.610000,0.860000,0.251594,0.233195
0.610000,0.870000,0.235873,0.217514
0.610000,0.880000,0.219857,0.201618
0.610000,0.890000,0.203554,0.185523
0.610000,0.900000,0.186971,0.169246
0.610000,0.910000,0.170118,0.152801
0.610000,0.920000,0.153000,0.136205
0.610000,0.930000,0.135627,0.119475
0.610000,0.940000,0.118005,0.102627
0.610000,0.950000,0.100144,0.085678
0.610000,0.960000,0.082049,0.068644
0.610000,0.970000,0.063729,0.051542
0.610000,0.980000,0.045192,0.034390
0.610000,0.990000,0.026444,0.017203
0.610000,1.000000,0.007493,-0.000000
0.620000,0.000000,0.010474,0.000000
0.620000,0.010000,0.026794,0.017034
0.620000,0.020000,0.043141,0.034052
0.620000,0.030000,0.059499,0.051036
0.620000,0.040000,0.075852,0.067970
0.620000,0.050000,0.092184,0.084836
0.620000,0.060000,0.108477,0.101619
0.620000,0.070000,0.124716,0.118301
0.620000,0.080000,0.140884,0.134867
0.620000,0.090000,0.156962,0.151300
0.620000,0.100000,0.172935,0.167583
0.620000,0.110000,0.188784,0.183701
0.620000,0.120000,0.204494,0.199638
0.620000,0.130000,0.220046,0.215378
0.620000,0.140000,0.235422,0.230905
0.620000,0.150000,0.250607,0.246204
0.620000,0.160000,0.265582,0.261260
0.620000,0.170000,0.280331,0.276059
0.620000,0.180000,0.294836,0.290585
0.620000,0.190000,0.309082,0.304824
0.620000,0.200000,0.323051,0.318762
0.620000,0.210000,0.336727,0.332386
0.620000,0.220000,0.350095,0.345682
0.620000,0.230000,0.363138,0.358637
0.620000,0.240000,0.375842,0.371237
0.620000,0.250000,0.388193,0.383472
0.620000,0.260000,0.400175,0.395328
0.620000,0.270000,0.411775,0.406794
0.620000,0.280000,0.422979,0.417858
0.620000,0.290000,0.433776,0.428510
0.620000,0.300000,0.444152,0.438739
0.620000,0.310000,0.454097,0.448535
0.620000,0.320000,0.463598,0.457888
0.620000,0.330000,0.472647,0.466790
0.620000,0.340000,0.481233,0.475231
0.620000,0.350000,0.489346,0.483203
0.620000,0.360000,0.496980,0.490698
0.620000,0.370000,0.504125,0.497708
0.620000,0.380000,0.510775,0.504228
0.620000,0.390000,0.516924,0.510250
0.620000,0.400000,0.522566,0.515768
0.620000,0.410000,0.527695,0.520778
0.620000,0.420000,0.532308,0.525273
0.620000,0.430000,0.536401,0.529251
0.620000,0.440000,0.539970,0.532705
0.620000,0.450000,0.543013,0.535634
0.620000,0.460000,0.545529,0.538035
0.620000,0.470000,0.547516,0.539904
0.620000,0.480000,0.548974,0.541241
0.620000,0.490000,0.549902,0.542043
0.620000,0.500000,0.550302,0.542311
0.620000,0.510000,0.550174,0.542043
0.620000,0.520000,0.549520,0.541241
0.620000,0.530000,0.548341,0.539904
0.620000,0.540000,0.546641,0.538035
0.620000,0.550000,0.544423,0.535634
0.620000,0.560000,0.541690,0.532705
0.620000,0.570000,0.538445,0.529250
0.620000,0.580000,0.534694,0.525273
0.620000,0.590000,0.530440,0.520778
0.620000,0.600000,0.525688,0.515768
0.620000,0.610000,0.520445,0.510250
0.620000,0.620000,0.514715,0.504228
0.620000,0.630000,0.508504,0.497708
0.620000,0.640000,0.501818,0.490698
0.620000,0.650000,0.494664,0.483203
0.620000,0.660000,0.487048,0.475231
0.620000,0.670000,0.478976,0.466790
0.620000,0.680000,0.470457,0.457888
0.620000,0.690000,0.461495,0.448535
0.620000,0.700000,0.452101,0.438739
0.620000,0.710000,0.442279,0.428510
0.620000,0.720000,0.432038,0.417858
0.620000,0.730000,0.421385,0.406793
0.620000,0.740000,0.410328,0.395328
0.620000,0.750000,0.398875,0.383472
0.620000,0.760000,0.387033,0.371237
0.620000,0.770000,0.374810,0.358637
0.620000,0.780000,0.362214,0.345682
0.620000,0.790000,0.349253,0.332386
0.620000,0.800000,0.335934,0.318762
0.620000,0.810000,0.322267,0.304824
0.620000,0.820000,0.308259,0.290585
0.620000,0.830000,0.293917,0.276059
0.620000,0.840000,0.279249,0.261260
0.620000,0.850000,0.264264,0.246204
0.620000,0.860000,0.248970,0.230905
0.620000,0.870000,0.233374,0.215378
0.620000,0.880000,0.217485,0.199638
0.620000,0.890000,0.201309,0.183701
0.620000,0.900000,0.184855,0.167583
0.620000,0.910000,0.168131,0.151300
0.620000,0.920000,0.151145,0.134867
0.620000,0.930000,0.133903,0.118301
0.620000,0.940000,0.116413,0.101619
0.620000,0.950000,0.098684,0.084836
0.620000,0.960000,0.080723,0.067970
0.620000,0.970000,0.062537,0.051036
0.620000,0.980000,0.044133,0.034052
0.620000,0.990000,0.025519,0.017034
0.620000,1.000000,0.006702,-0.000000
0.630000,0.000000,0.011110,0.000000
0.630000,0.010000,0.027234,0.016867
0.630000,0.020000,0.043385,0.033718
0.630000,0.030000,0.059549,0.050535
0.630000,0.040000,0.075708,0.067302
0.630000,0.050000,0.091849,0.084003
0.630000,0.060000,0.107953,0.100621
0.630000,0.070000,0.124004,0.117140
0.630000,0.080000,0.139986,0.133543
0.630000,0.090000,0.155881,0.149814
0.630000,0.100000,0.171673,0.165937
0.630000,0.110000,0.187345,0.181897
0.630000,0.120000,0.202879,0.197677
0.630000,0.130000,0.218258,0.213262
0.630000,0.140000,0.233466,0.228637
0.630000,0.150000,0.248484,0.243786
0.630000,0.160000,0.263296,0.258694
0.630000,0.170000,0.277885,0.273348
0.630000,0.180000,0.292235,0.287731
0.630000,0.190000,0.306328,0.301830
0.630000,0.200000,0.320149,0.315632
0.630000,0.210000,0.333680,0.329122
0.630000,0.220000,0.346907,0.342287
0.630000,0.230000,0.359815,0.355115
0.630000,0.240000,0.372387,0.367592
0.630000,0.250000,0.384610,0.379706
0.630000,0.260000,0.396468,0.391445
0.630000,0.270000,0.407949,0.402798
0.630000,0.280000,0.419040,0.413754
0.630000,0.290000,0.429727,0.424301
0.630000,0.300000,0.439999,0.434430
0.630000,0.310000,0.449843,0.444130
0.630000,0.320000,0.459250,0.453391
0.630000,0.330000,0.468209,0.462206
0.630000,0.340000,0.476709,0.470564
0.630000,0.350000,0.484742,0.478457
0.630000,0.360000,0.492301,0.485879
0.630000,0.370000,0.499376,0.492820
0.630000,0.380000,0.505962,0.499276
0.630000,0.390000,0.512051,0.505239
0.630000,0.400000,0.517638,0.510703
0.630000,0.410000,0.522718,0.515663
0.630000,0.420000,0.527286,0.520115
0.630000,0.430000,0.531339,0.524053
0.630000,0.440000,0.534874,0.527474
0.630000,0.450000,0.537889,0.530374
0.630000,0.460000,0.540381,0.532751
0.630000,0.470000,0.542349,0.534602
0.630000,0.480000,0.543794,0.535925
0.630000,0.490000,0.544713,0.536720
0.630000,0.500000,0.545110,0.536985
0.630000,0.510000,0.544982,0.536720
0.630000,0.520000,0.544335,0.535925
0.630000,0.530000,0.543167,0.534602
0.630000,0.540000,0.541483,0.532751
0.630000,0.550000,0.539285,0.530374
0.630000,0.560000,0.536577,0.527474
0.630000,0.570000,0.533362,0.524053
0.630000,0.580000,0.529645,0.520115
0.630000,0.590000,0.525430,0.515663
0.630000,0.600000,0.520722,0.510703
0.630000,0.610000,0.515525,0.505239
0.630000,0.620000,0.509847,0.499276
0.630000,0.630000,0.503692,0.492820
0.630000,0.640000,0.497066,0.485878
0.630000,0.650000,0.489975,0.478457
0.630000,0.660000,0.482427,0.470563
0.630000,0.670000,0.474426,0.462205
0.630000,0.680000,0.465982,0.453391
0.630000,0.690000,0.457099,0.444130
0.630000,0.700000,0.447786,0.434430
0.630000,0.710000,0.438050,0.424301
0.630000,0.720000,0.427897,0.413754
0.630000,0.730000,0.417336,0.402798
0.630000,0.740000,0.406374,0.391445
0.630000,0.750000,0.395018,0.379706
0.630000,0.760000,0.383276,0.367592
0.630000,0.770000,0.371156,0.355115
0.630000,0.780000,0.358666,0.342287
0.630000,0.790000,0.345813,0.329122
0.630000,0.800000,0.332605,0.315632
0.630000,0.810000,0.319051,0.301830
0.630000,0.820000,0.305157,0.287731
0.630000,0.830000,0.290932,0.273348
0.630000,0.840000,0.276383,0.258695
0.630000,0.850000,0.261519,0.243786
0.630000,0.860000,0.246347,0.228637
0.630000,0.870000,0.230875,0.213262
0.630000,0.880000,0.215109,0.197677
0.630000,0.890000,0.199060,0.181897
0.630000,0.900000,0.182734,0.165937
0.630000,0.910000,0.166139,0.149814
0.630000,0.920000,0.149281,0.133543
0.630000,0.930000,0.132170,0.117140
0.630000,0.940000,0.114812,0.100621
0.630000,0.950000,0.097215,0.084003
0.630000,0.960000,0.079386,0.067302
0.630000,0.970000,0.061332,0.050535
0.630000,0.980000,0.043061,0.033718
0.630000,0.990000,0.024581,0.016867
0.630000,1.000000,0.005898,-0.000000
0.640000,0.000000,0.011745,0.000000
0.640000,0.010000,0.027674,0.016701
0.640000,0.020000,0.043633,0.033386
0.640000,0.030000,0.059605,0.050038
0.640000,0.040000,0.075575,0.066641
0.640000,0.050000,0.091526,0.083178
0.640000,0.060000,0.107443,0.099633
0.640000,0.070000,0.123310,0.115989
0.640000,0.080000,0.139109,0.132231
0.640000,0.090000,0.154823,0.148343
0.640000,0.100000,0.170437,0.164308
0.640000,0.110000,0.185933,0.180111
0.640000,0.120000,0.201294,0.195736
0.640000,0.130000,0.216503,0.211168
0.640000,0.140000,0.231543,0.226392
0.640000,0.150000,0.246397,0.241392
0.640000,0.160000,0.261049,0.256154
0.640000,0.170000,0.275481,0.270663
0.640000,0.180000,0.289676,0.284905
0.640000,0.190000,0.303619,0.298866
0.640000,0.200000,0.317292,0.312532
0.640000,0.210000,0.330681,0.325890
0.640000,0.220000,0.343770,0.338926
0.640000,0.230000,0.356542,0.351627
0.640000,0.240000,0.368983,0.363981
0.640000,0.250000,0.381080,0.375977
0.640000,0.260000,0.392816,0.387601
0.640000,0.270000,0.404180,0.398843
0.640000,0.280000,0.415157,0.409691
0.640000,0.290000,0.425735,0.420134
0.640000,0.300000,0.435903,0.430164
0.640000,0.310000,0.445648,0.439768
0.640000,0.320000,0.454960,0.448939
0.640000,0.330000,0.463829,0.457666
0.640000,0.340000,0.472245,0.465942
0.640000,0.350000,0.480199,0.473758
0.640000,0.360000,0.487682,0.481107
0.640000,0.370000,0.494688,0.487981
0.640000,0.380000,0.501208,0.494373
0.640000,0.390000,0.507237,0.500277
0.640000,0.400000,0.512770,0.505687
0.640000,0.410000,0.517800,0.510599
0.640000,0.420000,0.522323,0.515007
0.640000,0.430000,0.526337,0.518906
0.640000,0.440000,0.529838,0.522293
0.640000,0.450000,0.532823,0.525165
0.640000,0.460000,0.535290,0.527519
0.640000,0.470000,0.537239,0.529352
0.640000,0.480000,0.538669,0.530662
0.640000,0.490000,0.539579,0.531449
0.640000,0.500000,0.539970,0.531711
0.640000,0.510000,0.539844,0.531449
0.640000,0.520000,0.539201,0.530662
0.640000,0.530000,0.538043,0.529352
0.640000,0.540000,0.536374,0.527519
0.640000,0.550000,0.534195,0.525165
0.640000,0.560000,0.531510,0.522293
0.640000,0.570000,0.528324,0.518906
0.640000,0.580000,0.524641,0.515007
0.640000,0.590000,0.520462,0.510599
0.640000,0.600000,0.515796,0.505687
0.640000,0.610000,0.510646,0.500277
0.640000,0.620000,0.505017,0.494373
0.640000,0.630000,0.498916,0.487980
0.640000,0.640000,0.492348,0.481107
0.640000,0.650000,0.485319,0.473758
0.640000,0.660000,0.477837,0.465942
0.640000,0.670000,0.469906,0.457666
0.640000,0.680000,0.461535,0.448939
0.640000,0.690000,0.452729,0.439768
0.640000,0.700000,0.443496,0.430163
0.640000,0.710000,0.433844,0.420134
0.640000,0.720000,0.423778,0.409691
0.640000,0.730000,0.413307,0.398842
0.640000,0.740000,0.402437,0.387601
0.640000,0.750000,0.391177,0.375977
0.640000,0.760000,0.379534,0.363981
0.640000,0.770000,0.367516,0.351627
0.640000,0.780000,0.355130,0.338925
0.640000,0.790000,0.342383,0.325890
0.640000,0.800000,0.329284,0.312532
0.640000,0.810000,0.315841,0.298866
0.640000,0.820000,0.302061,0.284905
0.640000,0.830000,0.287951,0.270663
0.640000,0.840000,0.273519,0.256154
0.640000,0.850000,0.258774,0.241392
0.640000,0.860000,0.243722,0.226392
0.640000,0.870000,0.228373,0.211168
0.640000,0.880000,0.212732,0.195736
0.640000,0.890000,0.196807,0.180111
0.640000,0.900000,0.180608,0.164308
0.640000,0.910000,0.164140,0.148343
0.640000,0.920000,0.147411,0.132231
0.640000,0.930000,0.130429,0.115989
0.640000,0.940000,0.113201,0.099633
0.640000,0.950000,0.095734,0.083178
0.640000,0.960000,0.078037,0.066641
0.640000,0.970000,0.060115,0.050038
0.640000,0.980000,0.041977,0.033386
0.640000,0.990000,0.023629,0.016701
0.640000,1.000000,0.005079,-0.000000
0.650000,0.000000,0.012377,0.000000
0.650000,0.010000,0.028116,0.016537
0.650000,0.020000,0.043885,0.033059
0.650000,0.030000,0.059668,0.049547
0.650000,0.040000,0.075450,0.065987
0.650000,0.050000,0.091216,0.082361
0.650000,0.060000,0.106949,0.098654
0.650000,0.070000,0.122633,0.114850
0.650000,0.080000,0.138251,0.130933
0.650000,0.090000,0.153788,0.146886
0.650000,0.100000,0.169225,0.162694
0.650000,0.110000,0.184548,0.178342
0.650000,0.120000,0.199738,0.193814
0.650000,0.130000,0.214780,0.209094
0.650000,0.140000,0.229655,0.224168
0.650000,0.150000,0.244347,0.239021
0.650000,0.160000,0.258839,0.253638
0.650000,0.170000,0.273115,0.268005
0.650000,0.180000,0.287159,0.282107
0.650000,0.190000,0.300953,0.295931
0.650000,0.200000,0.314481,0.309463
0.650000,0.210000,0.327729,0.322689
0.650000,0.220000,0.340680,0.335597
0.650000,0.230000,0.353319,0.348174
0.650000,0.240000,0.365631,0.360407
0.650000,0.250000,0.377602,0.372284
0.650000,0.260000,0.389217,0.383794
0.650000,0.270000,0.400464,0.394925
0.650000,0.280000,0.411329,0.405667
0.650000,0.290000,0.421800,0.416008
0.650000,0.300000,0.431864,0.425939
0.650000,0.310000,0.441511,0.435449
0.650000,0.320000,0.450729,0.444530
0.650000,0.330000,0.459509,0.453171
0.650000,0.340000,0.467841,0.461366
0.650000,0.350000,0.475715,0.469105
0.650000,0.360000,0.483123,0.476382
0.650000,0.370000,0.490059,0.483188
0.650000,0.380000,0.496515,0.489517
0.650000,0.390000,0.502484,0.495364
0.650000,0.400000,0.507961,0.500721
0.650000,0.410000,0.512941,0.505584
0.650000,0.420000,0.517420,0.509949
0.650000,0.430000,0.521394,0.513810
0.650000,0.440000,0.524859,0.517164
0.650000,0.450000,0.527814,0.520007
0.650000,0.460000,0.530257,0.522338
0.650000,0.470000,0.532185,0.524153
0.650000,0.480000,0.533599,0.525450
0.650000,0.490000,0.534499,0.526230
0.650000,0.500000,0.534885,0.526489
0.650000,0.510000,0.534758,0.526230
0.650000,0.520000,0.534118,0.525450
0.650000,0.530000,0.532969,0.524153
0.650000,0.540000,0.531314,0.522338
0.650000,0.550000,0.529153,0.520007
0.650000,0.560000,0.526491,0.517164
0.650000,0.570000,0.523332,0.513810
0.650000,0.580000,0.519679,0.509949
0.650000,0.590000,0.515537,0.505584
0.650000,0.600000,0.510910,0.500721
0.650000,0.610000,0.505805,0.495364
0.650000,0.620000,0.500224,0.489517
0.650000,0.630000,0.494176,0.483188
0.650000,0.640000,0.487665,0.476382
0.650000,0.650000,0.480697,0.469105
0.650000,0.660000,0.473278,0.461366
0.650000,0.670000,0.465416,0.453171
0.650000,0.680000,0.457116,0.444530
0.650000,0.690000,0.448386,0.435449
0.650000,0.700000,0.439231,0.425939
0.650000,0.710000,0.429660,0.416008
0.650000,0.720000,0.419680,0.405667
0.650000,0.730000,0.409297,0.394925
0.650000,0.740000,0.398519,0.383794
0.650000,0.750000,0.387353,0.372284
0.650000,0.760000,0.375808,0.360407
0.650000,0.770000,0.363889,0.348174
0.650000,0.780000,0.351605,0.335597
0.650000,0.790000,0.338964,0.322689
0.650000,0.800000,0.325972,0.309463
0.650000,0.810000,0.312638,0.295931
0.650000,0.820000,0.298970,0.282107
0.650000,0.830000,0.284974,0.268005
0.650000,0.840000,0.270658,0.253638
0.650000,0.850000,0.256031,0.239021
0.650000,0.860000,0.241098,0.224168
0.650000,0.870000,0.225870,0.209094
0.650000,0.880000,0.210351,0.193814
0.650000,0.890000,0.194551,0.178342
0.650000,0.900000,0.178476,0.162694
0.650000,0.910000,0.162134,0.146886
0.650000,0.920000,0.145533,0.130932
0.650000,0.930000,0.128679,0.114850
0.650000,0.940000,0.111580,0.098654
0.650000,0.950000,0.094244,0.082361
0.650000,0.960000,0.076677,0.065987
0.650000,0.970000,0.058886,0.049547
0.650000,0.980000,0.040880,0.033059
0.650000,0.990000,0.022663,0.016537
0.650000,1.000000,0.004245,-0.000000
0.660000,0.000000,0.013007,0.000000
0.660000,0.010000,0.028558,0.016375
0.660000,0.020000,0.044139,0.032734
0.660000,0.030000,0.059736,0.049060
0.660000,0.040000,0.075334,0.065339
0.660000,0.050000,0.090916,0.081552
0.660000,0.060000,0.106468,0.097685
0.660000,0.070000,0.121972,0.113722
0.660000,0.080000,0.137412,0.129647
0.660000,0.090000,0.152773,0.145443
0.660000,0.100000,0.168038,0.161096
0.660000,0.110000,0.183189,0.176590
0.660000,0.120000,0.198211,0.191910
0.660000,0.130000,0.213087,0.207041
0.660000,0.140000,0.227799,0.221967
0.660000,0.150000,0.242331,0.236674
0.660000,0.160000,0.256667,0.251147
0.660000,0.170000,0.270789,0.265373
0.660000,0.180000,0.284682,0.279336
0.660000,0.190000,0.298329,0.293024
0.660000,0.200000,0.311715,0.306423
0.660000,0.210000,0.324823,0.319520
0.660000,0.220000,0.337637,0.332301
0.660000,0.230000,0.350144,0.344754
0.660000,0.240000,0.362328,0.356867
0.660000,0.250000,0.374175,0.368628
0.660000,0.260000,0.385671,0.380025
0.660000,0.270000,0.396802,0.391047
0.660000,0.280000,0.407556,0.401683
0.660000,0.290000,0.417919,0.411922
0.660000,0.300000,0.427881,0.421756
0.660000,0.310000,0.437430,0.431172
0.660000,0.320000,0.446555,0.440164
0.660000,0.330000,0.455246,0.448721
0.660000,0.340000,0.463494,0.456835
0.660000,0.350000,0.471289,0.464498
0.660000,0.360000,0.478623,0.471703
0.660000,0.370000,0.485489,0.478443
0.660000,0.380000,0.491880,0.484710
0.660000,0.390000,0.497789,0.490499
0.660000,0.400000,0.503211,0.495803
0.660000,0.410000,0.508141,0.500619
0.660000,0.420000,0.512575,0.504940
0.660000,0.430000,0.516508,0.508764
0.660000,0.440000,0.519938,0.512085
0.660000,0.450000,0.522862,0.514900
0.660000,0.460000,0.525279,0.517208
0.660000,0.470000,0.527187,0.519005
0.660000,0.480000,0.528585,0.520290
0.660000,0.490000,0.529473,0.521061
0.660000,0.500000,0.529853,0.521319
0.660000,0.510000,0.529723,0.521061
0.660000,0.520000,0.529087,0.520290
0.660000,0.530000,0.527946,0.519005
0.660000,0.540000,0.526302,0.517208
0.660000,0.550000,0.524158,0.514900
0.660000,0.560000,0.521518,0.512085
0.660000,0.570000,0.518384,0.508763
0.660000,0.580000,0.514761,0.504940
0.660000,0.590000,0.510654,0.500619
0.660000,0.600000,0.506066,0.495803
0.660000,0.610000,0.501003,0.490499
0.660000,0.620000,0.495470,0.484710
0.660000,0.630000,0.489472,0.478442
0.660000,0.640000,0.483016,0.471703
0.660000,0.650000,0.476107,0.464498
0.660000,0.660000,0.468751,0.456835
0.660000,0.670000,0.460955,0.448721
0.660000,0.680000,0.452726,0.440164
0.660000,0.690000,0.444069,0.431172
0.660000,0.700000,0.434991,0.421756
0.660000,0.710000,0.425501,0.411922
0.660000,0.720000,0.415603,0.401683
0.660000,0.730000,0.405307,0.391047
0.660000,0.740000,0.394619,0.380025
0.660000,0.750000,0.383546,0.368628
0.660000,0.760000,0.372096,0.356867
0.660000,0.770000,0.360275,0.344754
0.660000,0.780000,0.348092,0.332301
0.660000,0.790000,0.335554,0.319520
0.660000,0.800000,0.322668,0.306423
0.660000,0.810000,0.309443,0.293024
0.660000,0.820000,0.295884,0.279336
0.660000,0.830000,0.282001,0.265373
0.660000,0.840000,0.267800,0.251147
0.660000,0.850000,0.253288,0.236674
0.660000,0.860000,0.238474,0.221967
0.660000,0.870000,0.223365,0.207040
0.660000,0.880000,0.207967,0.191910
0.660000,0.890000,0.192290,0.176590
0.660000,0.900000,0.176339,0.161096
0.660000,0.910000,0.160122,0.145443
0.660000,0.920000,0.143647,0.129647
0.660000,0.930000,0.126920,0.113722
0.660000,0.940000,0.109950,0.097685
0.660000,0.950000,0.092743,0.081552
0.660000,0.960000,0.075305,0.065339
0.660000,0.970000,0.057645,0.049060
0.660000,0.980000,0.039769,0.032734
0.660000,0.990000,0.021684,0.016375
0.660000,1.000000,0.003396,-0.000000
0.670000,0.000000,0.013634,0.000000
0.670000,0.010000,0.029000,0.016214
0.670000,0.020000,0.044397,0.032412
0.670000,0.030000,0.059810,0.048579
0.670000,0.040000,0.075226,0.064697
0.670000,0.050000,0.090628,0.080751
0.670000,0.060000,0.106000,0.096726
0.670000,0.070000,0.121327,0.112605
0.670000,0.080000,0.136593,0.128373
0.670000,0.090000,0.151780,0.144015
0.670000,0.100000,0.166874,0.159514
0.670000,0.110000,0.181856,0.174856
0.670000,0.120000,0.196712,0.190025
0.670000,0.130000,0.211424,0.205007
0.670000,0.140000,0.225975,0.219787
0.670000,0.150000,0.240350,0.234349
0.670000,0.160000,0.254530,0.248681
0.670000,0.170000,0.268501,0.262767
0.670000,0.180000,0.282245,0.276593
0.670000,0.190000,0.295747,0.290147
0.670000,0.200000,0.308991,0.303414
0.670000,0.210000,0.321960,0.316382
0.670000,0.220000,0.334641,0.329037
0.670000,0.230000,0.347017,0.341368
0.670000,0.240000,0.359074,0.353362
0.670000,0.250000,0.370798,0.365008
0.670000,0.260000,0.382175,0.376293
0.670000,0.270000,0.393192,0.387206
0.670000,0.280000,0.403835,0.397738
0.670000,0.290000,0.414093,0.407877
0.670000,0.300000,0.423953,0.417614
0.670000,0.310000,0.433405,0.426938
0.670000,0.320000,0.442437,0.435841
0.670000,0.330000,0.451040,0.444314
0.670000,0.340000,0.459204,0.452348
0.670000,0.350000,0.466920,0.459936
0.670000,0.360000,0.474180,0.467071
0.670000,0.370000,0.480977,0.473744
0.670000,0.380000,0.487303,0.479949
0.670000,0.390000,0.493153,0.485681
0.670000,0.400000,0.498519,0.490934
0.670000,0.410000,0.503399,0.495702
0.670000,0.420000,0.507787,0.499981
0.670000,0.430000,0.511679,0.503767
0.670000,0.440000,0.515073,0.507055
0.670000,0.450000,0.517967,0.509843
0.670000,0.460000,0.520357,0.512128
0.670000,0.470000,0.522243,0.513908
0.670000,0.480000,0.523624,0.515180
0.670000,0.490000,0.524501,0.515944
0.670000,0.500000,0.524873,0.516199
0.670000,0.510000,0.524741,0.515944
0.670000,0.520000,0.524107,0.515180
0.670000,0.530000,0.522972,0.513908
0.670000,0.540000,0.521339,0.512128
0.670000,0.550000,0.519211,0.509843
0.670000,0.560000,0.516590,0.507055
0.670000,0.570000,0.513481,0.503767
0.670000,0.580000,0.509888,0.499981
0.670000,0.590000,0.505813,0.495702
0.670000,0.600000,0.501262,0.490934
0.670000,0.610000,0.496241,0.485681
0.670000,0.620000,0.490754,0.479949
0.670000,0.630000,0.484805,0.473744
0.670000,0.640000,0.478403,0.467071
0.670000,0.650000,0.471551,0.459936
0.670000,0.660000,0.464256,0.452348
0.670000,0.670000,0.456525,0.444314
0.670000,0.680000,0.448363,0.435841
0.670000,0.690000,0.439778,0.426938
0.670000,0.700000,0.430776,0.417614
0.670000,0.710000,0.421364,0.407877
0.670000,0.720000,0.411549,0.397738
0.670000,0.730000,0.401338,0.387206
0.670000,0.740000,0.390737,0.376293
0.670000,0.750000,0.379755,0.365008
0.670000,0.760000,0.368399,0.353362
0.670000,0.770000,0.356675,0.341368
0.670000,0.780000,0.344591,0.329037
0.670000,0.790000,0.332155,0.316382
0.670000,0.800000,0.319374,0.303414
0.670000,0.810000,0.306254,0.290147
0.670000,0.820000,0.292805,0.276593
0.670000,0.830000,0.279032,0.262766
0.670000,0.840000,0.264944,0.248681
0.670000,0.850000,0.250547,0.234349
0.670000,0.860000,0.235850,0.219787
0.670000,0.870000,0.220858,0.205007
0.670000,0.880000,0.205581,0.190025
0.670000,0.890000,0.190025,0.174856
0.670000,0.900000,0.174196,0.159514
0.670000,0.910000,0.158104,0.144015
0.670000,0.920000,0.141753,0.128373
0.670000,0.930000,0.125153,0.112605
0.670000,0.940000,0.108310,0.096726
0.670000,0.950000,0.091231,0.080751
0.670000,0.960000,0.073921,0.064697
0.670000,0.970000,0.056390,0.048578
0.670000,0.980000,0.038644,0.032412
0.670000,0.990000,0.020689,0.016214
0.670000,1.000000,0.002533,-0.000000
0.680000,0.000000,0.014258,0.000000
0.680000,0.010000,0.029441,0.016055
0.680000,0.020000,0.044656,0.032094
0.680000,0.030000,0.059889,0.048101
0.680000,0.040000,0.075125,0.064061
0.680000,0.050000,0.090349,0.079958
0.680000,0.060000,0.105545,0.095776
0.680000,0.070000,0.120697,0.111499
0.680000,0.080000,0.135790,0.127113
0.680000,0.090000,0.150807,0.142600
0.680000,0.100000,0.165732,0.157948
0.680000,0.110000,0.180548,0.173139
0.680000,0.120000,0.195240,0.188159
0.680000,0.130000,0.209790,0.202994
0.680000,0.140000,0.224182,0.217628
0.680000,0.150000,0.238401,0.232048
0.680000,0.160000,0.252429,0.246238
0.680000,0.170000,0.266249,0.260186
0.680000,0.180000,0.279847,0.273877
0.680000,0.190000,0.293205,0.287297
0.680000,0.200000,0.306309,0.300434
0.680000,0.210000,0.319142,0.313275
0.680000,0.220000,0.331690,0.325806
0.680000,0.230000,0.343937,0.338016
0.680000,0.240000,0.355868,0.349892
0.680000,0.250000,0.367471,0.361423
0.680000,0.260000,0.378730,0.372597
0.680000,0.270000,0.389633,0.383404
0.680000,0.280000,0.400167,0.393832
0.680000,0.290000,0.410320,0.403871
0.680000,0.300000,0.420080,0.413512
0.680000,0.310000,0.429435,0.422745
0.680000,0.320000,0.438375,0.431561
0.680000,0.330000,0.446890,0.439950
0.680000,0.340000,0.454971,0.447906
0.680000,0.350000,0.462609,0.455419
0.680000,0.360000,0.469795,0.462483
0.680000,0.370000,0.476522,0.469091
0.680000,0.380000,0.482784,0.475236
0.680000,0.390000,0.488573,0.480912
0.680000,0.400000,0.493885,0.486113
0.680000,0.410000,0.498714,0.490834
0.680000,0.420000,0.503056,0.495071
0.680000,0.430000,0.506908,0.498819
0.680000,0.440000,0.510265,0.502076
0.680000,0.450000,0.513127,0.504836
0.680000,0.460000,0.515490,0.507099
0.680000,0.470000,0.517354,0.508861
0.680000,0.480000,0.518718,0.510121
0.680000,0.490000,0.519582,0.510877
0.680000,0.500000,0.519945,0.511129
0.680000,0.510000,0.519810,0.510877
0.680000,0.520000,0.519177,0.510121
0.680000,0.530000,0.518048,0.508861
0.680000,0.540000,0.516425,0.507099
0.680000,0.550000,0.514311,0.504836
0.680000,0.560000,0.511709,0.502076
0.680000,0.570000,0.508623,0.498819
0.680000,0.580000,0.505057,0.495071
0.680000,0.590000,0.501014,0.490834
0.680000,0.600000,0.496500,0.486113
0.680000,0.610000,0.491518,0.480912
0.680000,0.620000,0.486075,0.475236
0.680000,0.630000,0.480175,0.469091
0.680000,0.640000,0.473824,0.462483
0.680000,0.650000,0.467028,0.455419
0.680000,0.660000,0.459792,0.447906
0.680000,0.670000,0.452124,0.439950
0.680000,0.680000,0.444029,0.431561
0.680000,0.690000,0.435514,0.422745
0.680000,0.700000,0.426586,0.413512
0.680000,0.710000,0.417251,0.403871
0.680000,0.720000,0.407516,0.393832
0.680000,0.730000,0.397388,0.383404
0.680000,0.740000,0.386874,0.372597
0.680000,0.750000,0.375982,0.361423
0.680000,0.760000,0.364717,0.349892
0.680000,0.770000,0.353089,0.338016
0.680000,0.780000,0.341103,0.325806
0.680000,0.790000,0.328766,0.313275
0.680000,0.800000,0.316088,0.300434
0.680000,0.810000,0.303074,0.287297
0.680000,0.820000,0.289731,0.273877
0.680000,0.830000,0.276067,0.260186
0.680000,0.840000,0.262091,0.246238
0.680000,0.850000,0.247808,0.232048
0.680000,0.860000,0.233225,0.217628
0.680000,0.870000,0.218351,0.202994
0.680000,0.880000,0.203192,0.188159
0.680000,0.890000,0.187756,0.173139
0.680000,0.900000,0.172049,0.157948
0.680000,0.910000,0.156079,0.142600
0.680000,0.920000,0.139853,0.127113
0.680000,0.930000,0.123378,0.111499
0.680000,0.940000,0.106660,0.095776
0.680000,0.950000,0.089707,0.079958
0.680000,0.960000,0.072526,0.064061
0.680000,0.970000,0.055123,0.048101
0.680000,0.980000,0.037506,0.032094
0.680000,0.990000,0.019680,0.016055
0.680000,1.000000,0.001653,-0.000000
0.690000,0.000000,0.014879,0.000000
0.690000,0.010000,0.029881,0.015897
0.690000,0.020000,0.044917,0.031779
0.690000,0.030000,0.059972,0.047629
0.690000,0.040000,0.075032,0.063432
0.690000,0.050000,0.090080,0.079173
0.690000,0.060000,0.105102,0.094835
0.690000,0.070000,0.120082,0.110404
0.690000,0.080000,0.135005,0.125864
0.690000,0.090000,0.149853,0.141200
0.690000,0.100000,0.164611,0.156396
0.690000,0.110000,0.179264,0.171438
0.690000,0.120000,0.193793,0.186311
0.690000,0.130000,0.208184,0.201000
0.690000,0.140000,0.222420,0.215491
0.690000,0.150000,0.236485,0.229769
0.690000,0.160000,0.250361,0.243820
0.690000,0.170000,0.264034,0.257631
0.690000,0.180000,0.277487,0.271187
0.690000,0.190000,0.290703,0.284476
0.690000,0.200000,0.303668,0.297484
0.690000,0.210000,0.316366,0.310198
0.690000,0.220000,0.328782,0.322606
0.690000,0.230000,0.340902,0.334696
0.690000,0.240000,0.352709,0.346456
0.690000,0.250000,0.364192,0.357873
0.690000,0.260000,0.375335,0.368938
0.690000,0.270000,0.386126,0.379638
0.690000,0.280000,0.396551,0.389964
0.690000,0.290000,0.406600,0.399905
0.690000,0.300000,0.416259,0.409451
0.690000,0.310000,0.425518,0.418593
0.690000,0.320000,0.434367,0.427322
0.690000,0.330000,0.442795,0.435629
0.690000,0.340000,0.450794,0.443507
0.690000,0.350000,0.458353,0.450947
0.690000,0.360000,0.465466,0.457941
0.690000,0.370000,0.472124,0.464484
0.690000,0.380000,0.478321,0.470568
0.690000,0.390000,0.484050,0.476188
0.690000,0.400000,0.489307,0.481339
0.690000,0.410000,0.494085,0.486014
0.690000,0.420000,0.498382,0.490209
0.690000,0.430000,0.502192,0.493921
0.690000,0.440000,0.505513,0.497145
0.690000,0.450000,0.508342,0.499878
0.690000,0.460000,0.510678,0.502118
0.690000,0.470000,0.512519,0.503863
0.690000,0.480000,0.513865,0.505111
0.690000,0.490000,0.514715,0.505859
0.690000,0.500000,0.515070,0.506109
0.690000,0.510000,0.514930,0.505859
0.690000,0.520000,0.514297,0.505111
0.690000,0.530000,0.513172,0.503863
0.690000,0.540000,0.511558,0.502118
0.690000,0.550000,0.509458,0.499878
0.690000,0.560000,0.506874,0.497145
0.690000,0.570000,0.503810,0.493920
0.690000,0.580000,0.500270,0.490209
0.690000,0.590000,0.496257,0.486014
0.690000,0.600000,0.491777,0.481338
0.690000,0.610000,0.486834,0.476188
0.690000,0.620000,0.481433,0.470568
0.690000,0.630000,0.475580,0.464484
0.690000,0.640000,0.469280,0.457941
0.690000,0.650000,0.462538,0.450947
0.690000,0.660000,0.455361,0.443507
0.690000,0.670000,0.447754,0.435629
0.690000,0.680000,0.439724,0.427322
0.690000,0.690000,0.431277,0.418593
0.690000,0.700000,0.422421,0.409451
0.690000,0.710000,0.413162,0.399905
0.690000,0.720000,0.403505,0.389964
0.690000,0.730000,0.393459,0.379638
0.690000,0.740000,0.383030,0.368938
0.690000,0.750000,0.372225,0.357873
0.690000,0.760000,0.361052,0.346456
0.690000,0.770000,0.349516,0.334696
0.690000,0.780000,0.337626,0.322606
0.690000,0.790000,0.325389,0.310198
0.690000,0.800000,0.312811,0.297484
0.690000,0.810000,0.299900,0.284476
0.690000,0.820000,0.286664,0.271187
0.690000,0.830000,0.273108,0.257630
0.690000,0.840000,0.259241,0.243820
0.690000,0.850000,0.245069,0.229769
0.690000,0.860000,0.230601,0.215491
0.690000,0.870000,0.215842,0.201000
0.690000,0.880000,0.200801,0.186311
0.690000,0.890000,0.185483,0.171438
0.690000,0.900000,0.169896,0.156396
0.690000,0.910000,0.154048,0.141200
0.690000,0.920000,0.137944,0.125864
0.690000,0.930000,0.121593,0.110404
0.690000,0.940000,0.105000,0.094835
0.690000,0.950000,0.088173,0.079173
0.690000,0.960000,0.071118,0.063432
0.690000,0.970000,0.053843,0.047629
0.690000,0.980000,0.036353,0.031779
0.690000,0.990000,0.018656,0.015897
0.690000,1.000000,0.000758,-0.000000
0.700000,0.000000,0.015495,0.000000
0.700000,0.010000,0.030320,0.015741
0.700000,0.020000,0.045180,0.031467
0.700000,0.030000,0.060060,0.047161
0.700000,0.040000,0.074945,0.062809
0.700000,0.050000,0.089821,0.078395
0.700000,0.060000,0.104671,0.093904
0.700000,0.070000,0.119481,0.109320
0.700000,0.080000,0.134235,0.124628
0.700000,0.090000,0.148918,0.139813
0.700000,0.100000,0.163512,0.154860
0.700000,0.110000,0.178002,0.169755
0.700000,0.120000,0.192372,0.184481
0.700000,0.130000,0.206606,0.199026
0.700000,0.140000,0.220687,0.213374
0.700000,0.150000,0.234600,0.227512
0.700000,0.160000,0.248328,0.241425
0.700000,0.170000,0.261854,0.255100
0.700000,0.180000,0.275163,0.268524
0.700000,0.190000,0.288240,0.281682
0.700000,0.200000,0.301068,0.294562
0.700000,0.210000,0.313633,0.307151
0.700000,0.220000,0.325919,0.319438
0.700000,0.230000,0.337912,0.331409
0.700000,0.240000,0.349596,0.343053
0.700000,0.250000,0.360960,0.354359
0.700000,0.260000,0.371987,0.365314
0.700000,0.270000,0.382667,0.375910
0.700000,0.280000,0.392985,0.386134
0.700000,0.290000,0.402931,0.395977
0.700000,0.300000,0.412491,0.405430
0.700000,0.310000,0.421655,0.414482
0.700000,0.320000,0.430413,0.423125
0.700000,0.330000,0.438755,0.431351
0.700000,0.340000,0.446671,0.439151
0.700000,0.350000,0.454153,0.446518
0.700000,0.360000,0.461192,0.453444
0.700000,0.370000,0.467781,0.459922
0.700000,0.380000,0.473914,0.465947
0.700000,0.390000,0.479583,0.471512
0.700000,0.400000,0.484785,0.476611
0.700000,0.410000,0.489512,0.481240
0.700000,0.420000,0.493763,0.485395
0.700000,0.430000,0.497531,0.489070
0.700000,0.440000,0.500815,0.492262
0.700000,0.450000,0.503612,0.494969
0.700000,0.460000,0.505920,0.497187
0.700000,0.470000,0.507738,0.498915
0.700000,0.480000,0.509065,0.500150
0.700000,0.490000,0.509901,0.500891
0.700000,0.500000,0.510246,0.501139
0.700000,0.510000,0.510101,0.500891
0.700000,0.520000,0.509467,0.500150
0.700000,0.530000,0.508345,0.498915
0.700000,0.540000,0.506739,0.497187
0.700000,0.550000,0.504651,0.494969
0.700000,0.560000,0.502084,0.492262
0.700000,0.570000,0.499041,0.489070
0.700000,0.580000,0.495526,0.485395
0.700000,0.590000,0.491542,0.481240
0.700000,0.600000,0.487095,0.476611
0.700000,0.610000,0.482190,0.471512
0.700000,0.620000,0.476830,0.465947
0.700000,0.630000,0.471021,0.459922
0.700000,0.640000,0.464770,0.453444
0.700000,0.650000,0.458081,0.446518
0.700000,0.660000,0.450960,0.439151
0.700000,0.670000,0.443413,0.431351
0.700000,0.680000,0.435448,0.423125
0.700000,0.690000,0.427068,0.414482
0.700000,0.700000,0.418282,0.405430
0.700000,0.710000,0.409096,0.395977
0.700000,0.720000,0.399517,0.386134
0.700000,0.730000,0.389551,0.375910
0.700000,0.740000,0.379205,0.365314
0.700000,0.750000,0.368486,0.354359
0.700000,0.760000,0.357401,0.343053
0.700000,0.770000,0.345958,0.331409
0.700000,0.780000,0.334162,0.319438
0.700000,0.790000,0.322021,0.307151
0.700000,0.800000,0.309543,0.294562
0.700000,0.810000,0.296734,0.281682
0.700000,0.820000,0.283602,0.268524
0.700000,0.830000,0.270153,0.255100
0.700000,0.840000,0.256394,0.241425
0.700000,0.850000,0.242333,0.227512
0.700000,0.860000,0.227977,0.213374
0.700000,0.870000,0.213332,0.199026
0.700000,0.880000,0.198407,0.184481
0.700000,0.890000,0.183206,0.169755
0.700000,0.900000,0.167739,0.154860
0.700000,0.910000,0.152010,0.139813
0.700000,0.920000,0.136028,0.124628
0.700000,0.930000,0.119799,0.109320
0.700000,0.940000,0.103330,0.093904
0.700000,0.950000,0.086628,0.078395
0.700000,0.960000,0.069699,0.062809
0.700000,0.970000,0.052550,0.047161
0.700000,0.980000,0.035187,0.031467
0.700000,0.990000,0.017617,0.015741
0.700000,1.000000,-0.000153,-0.000000
0.710000,0.000000,0.016107,0.000000
0.710000,0.010000,0.030758,0.015587
0.710000,0.020000,0.045444,0.031158
0.710000,0.030000,0.060150,0.046698
0.710000,0.040000,0.074864,0.062192
0.710000,0.050000,0.089569,0.077625
0.710000,0.060000,0.104250,0.092982
0.710000,0.070000,0.118893,0.108246
0.710000,0.080000,0.133482,0.123404
0.710000,0.090000,0.148000,0.138440
0.710000,0.100000,0.162433,0.153340
0.710000,0.110000,0.176763,0.168088
0.710000,0.120000,0.190976,0.182670
0.710000,0.130000,0.205055,0.197072
0.710000,0.140000,0.218983,0.211279
0.710000,0.150000,0.232746,0.225278
0.710000,0.160000,0.246326,0.239054
0.710000,0.170000,0.259708,0.252595
0.710000,0.180000,0.272876,0.265886
0.710000,0.190000,0.285814,0.278915
0.710000,0.200000,0.298507,0.291669
0.710000,0.210000,0.310940,0.304135
0.710000,0.220000,0.323097,0.316301
0.710000,0.230000,0.334965,0.328154
0.710000,0.240000,0.346528,0.339684
0.710000,0.250000,0.357774,0.350878
0.710000,0.260000,0.368688,0.361727
0.710000,0.270000,0.379257,0.372218
0.710000,0.280000,0.389469,0.382342
0.710000,0.290000,0.399312,0.392088
0.710000,0.300000,0.408773,0.401448
0.710000,0.310000,0.417844,0.410412
0.710000,0.320000,0.426512,0.418970
0.710000,0.330000,0.434767,0.427115
0.710000,0.340000,0.442602,0.434838
0.710000,0.350000,0.450006,0.442133
0.710000,0.360000,0.456973,0.448991
0.710000,0.370000,0.463494,0.455406
0.710000,0.380000,0.469562,0.461371
0.710000,0.390000,0.475172,0.466881
0.710000,0.400000,0.480318,0.471930
0.710000,0.410000,0.484995,0.476514
0.710000,0.420000,0.489199,0.480627
0.710000,0.430000,0.492925,0.484267
0.710000,0.440000,0.496172,0.487428
0.710000,0.450000,0.498936,0.490108
0.710000,0.460000,0.501216,0.492304
0.710000,0.470000,0.503010,0.494015
0.710000,0.480000,0.504318,0.495238
0.710000,0.490000,0.505139,0.495972
0.710000,0.500000,0.505473,0.496217
0.710000,0.510000,0.505322,0.495972
0.710000,0.520000,0.504686,0.495238
0.710000,0.530000,0.503568,0.494015
0.710000,0.540000,0.501968,0.492304
0.710000,0.550000,0.499891,0.490108
0.710000,0.560000,0.497339,0.487428
0.710000,0.570000,0.494316,0.484267
0.710000,0.580000,0.490824,0.480627
0.710000,0.590000,0.486869,0.476514
0.710000,0.600000,0.482454,0.471930
0.710000,0.610000,0.477584,0.466881
0.710000,0.620000,0.472264,0.461371
0.710000,0.630000,0.466500,0.455405
0.710000,0.640000,0.460295,0.448991
0.710000,0.650000,0.453658,0.442133
0.710000,0.660000,0.446591,0.434838
0.710000,0.670000,0.439103,0.427115
0.710000,0.680000,0.431199,0.418970
0.710000,0.690000,0.422886,0.410411
0.710000,0.700000,0.414169,0.401448
0.710000,0.710000,0.405055,0.392088
0.710000,0.720000,0.395550,0.382342
0.710000,0.730000,0.385663,0.372218
0.710000,0.740000,0.375398,0.361727
0.710000,0.750000,0.364764,0.350878
0.710000,0.760000,0.353767,0.339684
0.710000,0.770000,0.342413,0.328154
0.710000,0.780000,0.330711,0.316301
0.710000,0.790000,0.318665,0.304135
0.710000,0.800000,0.306285,0.291669
0.710000,0.810000,0.293576,0.278915
0.710000,0.820000,0.280547,0.265886
0.710000,0.830000,0.267202,0.252595
0.710000,0.840000,0.253551,0.239054
0.710000,0.850000,0.239599,0.225278
0.710000,0.860000,0.225354,0.211279
0.710000,0.870000,0.210822,0.197071
0.710000,0.880000,0.196010,0.182670
0.710000,0.890000,0.180926,0.168088
0.710000,0.900000,0.165576,0.153340
0.710000,0.910000,0.149966,0.138440
0.710000,0.920000,0.134105,0.123404
0.710000,0.930000,0.117997,0.108246
0.710000,0.940000,0.101651,0.092982
0.710000,0.950000,0.085072,0.077625
0.710000,0.960000,0.068267,0.062192
0.710000,0.970000,0.051243,0.046698
0.710000,0.980000,0.034007,0.031158
0.710000,0.990000,0.016564,0.015587
0.710000,1.000000,-0.001079,-0.000000
0.720000,0.000000,0.016715,0.000000
0.720000,0.010000,0.031193,0.015433
0.720000,0.020000,0.045707,0.030852
0.720000,0.030000,0.060244,0.046240
0.720000,0.040000,0.074788,0.061582
0.720000,0.050000,0.089325,0.076863
0.720000,0.060000,0.103841,0.092069
0.720000,0.070000,0.118318,0.107183
0.720000,0.080000,0.132743,0.122192
0.720000,0.090000,0.147100,0.137081
0.720000,0.100000,0.161373,0.151834
0.720000,0.110000,0.175546,0.166437
0.720000,0.120000,0.189604,0.180876
0.720000,0.130000,0.203529,0.195136
0.720000,0.140000,0.217307,0.209204
0.720000,0.150000,0.230922,0.223065
0.720000,0.160000,0.244356,0.236707
0.720000,0.170000,0.257596,0.250114
0.720000,0.180000,0.270624,0.263275
0.720000,0.190000,0.283426,0.276176
0.720000,0.200000,0.295985,0.288805
0.720000,0.210000,0.308287,0.301148
0.720000,0.220000,0.320318,0.313194
0.720000,0.230000,0.332062,0.324931
0.720000,0.240000,0.343505,0.336348
0.720000,0.250000,0.354634,0.347432
0.720000,0.260000,0.365435,0.358174
0.720000,0.270000,0.375894,0.368562
0.720000,0.280000,0.386001,0.378587
0.720000,0.290000,0.395743,0.388238
0.720000,0.300000,0.405107,0.397505
0.720000,0.310000,0.414084,0.406381
0.720000,0.320000,0.422662,0.414855
0.720000,0.330000,0.430833,0.422920
0.720000,0.340000,0.438586,0.430568
0.720000,0.350000,0.445914,0.437790
0.720000,0.360000,0.452808,0.444581
0.720000,0.370000,0.459260,0.450933
0.720000,0.380000,0.465264,0.456840
0.720000,0.390000,0.470815,0.462296
0.720000,0.400000,0.475905,0.467296
0.720000,0.410000,0.480532,0.471834
0.720000,0.420000,0.484689,0.475907
0.720000,0.430000,0.488373,0.479510
0.720000,0.440000,0.491583,0.482641
0.720000,0.450000,0.494314,0.485294
0.720000,0.460000,0.496565,0.487469
0.720000,0.470000,0.498335,0.489163
0.720000,0.480000,0.499622,0.490374
0.720000,0.490000,0.500427,0.491101
0.720000,0.500000,0.500750,0.491344
0.720000,0.510000,0.500592,0.491101
0.720000,0.520000,0.499954,0.490374
0.720000,0.530000,0.498837,0.489163
0.720000,0.540000,0.497244,0.487469
0.720000,0.550000,0.495177,0.485294
0.720000,0.560000,0.492640,0.482641
0.720000,0.570000,0.489635,0.479510
0.720000,0.580000,0.486166,0.475907
0.720000,0.590000,0.482237,0.471834
0.720000,0.600000,0.477853,0.467296
0.720000,0.610000,0.473017,0.462296
0.720000,0.620000,0.467736,0.456840
0.720000,0.630000,0.462014,0.450933
0.720000,0.640000,0.455855,0.444581
0.720000,0.650000,0.449268,0.437790
0.720000,0.660000,0.442255,0.430568
0.720000,0.670000,0.434824,0.422920
0.720000,0.680000,0.426980,0.414855
0.720000,0.690000,0.418730,0.406381
0.720000,0.700000,0.410080,0.397505
0.720000,0.710000,0.401037,0.388238
0.720000,0.720000,0.391606,0.378587
0.720000,0.730000,0.381796,0.368562
0.720000,0.740000,0.371611,0.358174
0.720000,0.750000,0.361060,0.347432
0.720000,0.760000,0.350148,0.336348
0.720000,0.770000,0.338883,0.324931
0.720000,0.780000,0.327272,0.313194
0.720000,0.790000,0.315320,0.301148
0.720000,0.800000,0.303036,0.288805
0.720000,0.810000,0.290426,0.276176
0.720000,0.820000,0.277498,0.263275
0.720000,0.830000,0.264257,0.250114
0.720000,0.840000,0.250711,0.236707
0.720000,0.850000,0.236866,0.223065
0.720000,0.860000,0.222730,0.209204
0.720000,0.870000,0.208310,0.195136
0.720000,0.880000,0.193611,0.180876
0.720000,0.890000,0.178642,0.166437
0.720000,0.900000,0.163408,0.151834
0.720000,0.910000,0.147916,0.137080
0.720000,0.920000,0.132173,0.122192
0.720000,0.930000,0.116186,0.107183
0.720000,0.940000,0.099961,0.092069
0.720000,0.950000,0.083505,0.076863
0.720000,0.960000,0.066823,0.061582
0.720000,0.970000,0.049924,0.046239
0.720000,0.980000,0.032812,0.030852
0.720000,0.990000,0.015495,0.015433
0.720000,1.000000,-0.002022,-0.000000
0.730000,0.000000,0.017317,0.000000
0.730000,0.010000,0.031626,0.015282
0.730000,0.020000,0.045971,0.030549
0.730000,0.030000,0.060340,0.045785
0.730000,0.040000,0.074717,0.060977
0.730000,0.050000,0.089089,0.076108
0.730000,0.060000,0.103440,0.091164
0.730000,0.070000,0.117755,0.106131
0.730000,0.080000,0.132019,0.120992
0.730000,0.090000,0.146217,0.135734
0.730000,0.100000,0.160332,0.150342
0.730000,0.110000,0.174350,0.164802
0.730000,0.120000,0.188254,0.179099
0.730000,0.130000,0.202029,0.193220
0.730000,0.140000,0.215658,0.207149
0.730000,0.150000,0.229126,0.220875
0.730000,0.160000,0.242417,0.234382
0.730000,0.170000,0.255516,0.247658
0.730000,0.180000,0.268406,0.260689
0.730000,0.190000,0.281073,0.273464
0.730000,0.200000,0.293500,0.285968
0.730000,0.210000,0.305674,0.298190
0.730000,0.220000,0.317579,0.310118
0.730000,0.230000,0.329200,0.321740
0.730000,0.240000,0.340524,0.333045
0.730000,0.250000,0.351538,0.344020
0.730000,0.260000,0.362227,0.354656
0.730000,0.270000,0.372579,0.364943
0.730000,0.280000,0.382581,0.374869
0.730000,0.290000,0.392222,0.384425
0.730000,0.300000,0.401490,0.393601
0.730000,0.310000,0.410374,0.402390
0.730000,0.320000,0.418864,0.410781
0.730000,0.330000,0.426950,0.418767
0.730000,0.340000,0.434623,0.426339
0.730000,0.350000,0.441874,0.433491
0.730000,0.360000,0.448695,0.440215
0.730000,0.370000,0.455080,0.446504
0.730000,0.380000,0.461020,0.452353
0.730000,0.390000,0.466511,0.457756
0.730000,0.400000,0.471547,0.462706
0.730000,0.410000,0.476122,0.467200
0.730000,0.420000,0.480233,0.471233
0.730000,0.430000,0.483875,0.474801
0.730000,0.440000,0.487047,0.477901
0.730000,0.450000,0.489745,0.480528
0.730000,0.460000,0.491966,0.482682
0.730000,0.470000,0.493711,0.484359
0.730000,0.480000,0.494978,0.485558
0.730000,0.490000,0.495767,0.486278
0.730000,0.500000,0.496079,0.486518
0.730000,0.510000,0.495913,0.486278
0.730000,0.520000,0.495271,0.485558
0.730000,0.530000,0.494155,0.484359
0.730000,0.540000,0.492567,0.482682
0.730000,0.550000,0.490510,0.480528
0.730000,0.560000,0.487985,0.477901
0.730000,0.570000,0.484997,0.474801
0.730000,0.580000,0.481551,0.471233
0.730000,0.590000,0.477647,0.467200
0.730000,0.600000,0.473291,0.462706
0.730000,0.610000,0.468490,0.457756
0.730000,0.620000,0.463246,0.452353
0.730000,0.630000,0.457564,0.446504
0.730000,0.640000,0.451451,0.440215
0.730000,0.650000,0.444911,0.433491
0.730000,0.660000,0.437950,0.426339
0.730000,0.670000,0.430574,0.418767
0.730000,0.680000,0.422790,0.410781
0.730000,0.690000,0.414602,0.402390
0.730000,0.700000,0.406018,0.393601
0.730000,0.710000,0.397043,0.384425
0.730000,0.720000,0.387685,0.374869
0.730000,0.730000,0.377950,0.364943
0.730000,0.740000,0.367844,0.354656
0.730000,0.750000,0.357374,0.344020
0.730000,0.760000,0.346546,0.333045
0.730000,0.770000,0.335368,0.321740
0.730000,0.780000,0.323846,0.310118
0.730000,0.790000,0.311987,0.298190
0.730000,0.800000,0.299798,0.285968
0.730000,0.810000,0.287285,0.273464
0.730000,0.820000,0.274456,0.260689
0.730000,0.830000,0.261317,0.247658
0.730000,0.840000,0.247874,0.234382
0.730000,0.850000,0.234136,0.220875
0.730000,0.860000,0.220108,0.207149
0.730000,0.870000,0.205797,0.193220
0.730000,0.880000,0.191211,0.179099
0.730000,0.890000,0.176354,0.164802
0.730000,0.900000,0.161235,0.150342
0.730000,0.910000,0.145860,0.135734
0.730000,0.920000,0.130235,0.120992
0.730000,0.930000,0.114367,0.106131
0.730000,0.940000,0.098262,0.091164
0.730000,0.950000,0.081927,0.076108
0.730000,0.960000,0.065368,0.060977
0.730000,0.970000,0.048591,0.045785
0.730000,0.980000,0.031604,0.030549
0.730000,0.990000,0.014411,0.015282
0.730000,1.000000,-0.002980,-0.000000
0.740000,0.000000,0.017914,0.000000
0.740000,0.010000,0.032055,0.015132
0.740000,0.020000,0.046235,0.030249
0.740000,0.030000,0.060438,0.045336
0.740000,0.040000,0.074651,0.060378
0.740000,0.050000,0.088860,0.075361
0.740000,0.060000,0.103049,0.090269
0.740000,0.070000,0.117204,0.105088
0.740000,0.080000,0.131309,0.119804
0.740000,0.090000,0.145349,0.134401
0.740000,0.100000,0.159310,0.148866
0.740000,0.110000,0.173174,0.163184
0.740000,0.120000,0.186927,0.177340
0.740000,0.130000,0.200552,0.191322
0.740000,0.140000,0.214035,0.205115
0.740000,0.150000,0.227359,0.218705
0.740000,0.160000,0.240509,0.232080
0.740000,0.170000,0.253468,0.245226
0.740000,0.180000,0.266222,0.258129
0.740000,0.190000,0.278755,0.270778
0.740000,0.200000,0.291052,0.283160
0.740000,0.210000,0.303098,0.295262
0.740000,0.220000,0.314879,0.307073
0.740000,0.230000,0.326380,0.318580
0.740000,0.240000,0.337586,0.329774
0.740000,0.250000,0.348486,0.340642
0.740000,0.260000,0.359064,0.351173
0.740000,0.270000,0.369309,0.361359
0.740000,0.280000,0.379208,0.371187
0.740000,0.290000,0.388749,0.380649
0.740000,0.300000,0.397921,0.389736
0.740000,0.310000,0.406713,0.398438
0.740000,0.320000,0.415115,0.406747
0.740000,0.330000,0.423117,0.414654
0.740000,0.340000,0.430710,0.422152
0.740000,0.350000,0.437885,0.429233
0.740000,0.360000,0.444635,0.435891
0.740000,0.370000,0.450952,0.442119
0.740000,0.380000,0.456829,0.447911
0.740000,0.390000,0.462261,0.453260
0.740000,0.400000,0.467241,0.458162
0.740000,0.410000,0.471766,0.462612
0.740000,0.420000,0.475830,0.466605
0.740000,0.430000,0.479430,0.470138
0.740000,0.440000,0.482564,0.473207
0.740000,0.450000,0.485227,0.475809
0.740000,0.460000,0.487420,0.477941
0.740000,0.470000,0.489139,0.479602
0.740000,0.480000,0.490386,0.480789
0.740000,0.490000,0.491158,0.481502
0.740000,0.500000,0.491457,0.481740
0.740000,0.510000,0.491283,0.481502
0.740000,0.520000,0.490637,0.480789
0.740000,0.530000,0.489521,0.479602
0.740000,0.540000,0.487937,0.477941
0.740000,0.550000,0.485888,0.475809
0.740000,0.560000,0.483376,0.473207
0.740000,0.570000,0.480404,0.470138
0.740000,0.580000,0.476977,0.466605
0.740000,0.590000,0.473098,0.462612
0.740000,0.600000,0.468771,0.458162
0.740000,0.610000,0.464001,0.453260
0.740000,0.620000,0.458793,0.447910
0.740000,0.630000,0.453150,0.442119
0.740000,0.640000,0.447080,0.435891
0.740000,0.650000,0.440588,0.429234
0.740000,0.660000,0.433677,0.422152
0.740000,0.670000,0.426355,0.414654
0.740000,0.680000,0.418628,0.406747
0.740000,0.690000,0.410501,0.398438
0.740000,0.700000,0.401982,0.389736
0.740000,0.710000,0.393075,0.380649
0.740000,0.720000,0.383787,0.371187
0.740000,0.730000,0.374125,0.361358
0.740000,0.740000,0.364096,0.351173
0.740000,0.750000,0.353706,0.340642
0.740000,0.760000,0.342960,0.329774
0.740000,0.770000,0.331867,0.318580
0.740000,0.780000,0.320434,0.307073
0.740000,0.790000,0.308665,0.295262
0.740000,0.800000,0.296569,0.283160
0.740000,0.810000,0.284152,0.270778
0.740000,0.820000,0.271421,0.258129
0.740000,0.830000,0.258382,0.245226
0.740000,0.840000,0.245042,0.232080
0.740000,0.850000,0.231408,0.218705
0.740000,0.860000,0.217487,0.205115
0.740000,0.870000,0.203284,0.191322
0.740000,0.880000,0.188808,0.177340
0.740000,0.890000,0.174063,0.163184
0.740000,0.900000,0.159058,0.148866
0.740000,0.910000,0.143798,0.134401
0.740000,0.920000,0.128289,0.119804
0.740000,0.930000,0.112539,0.105088
0.740000,0.940000,0.096553,0.090269
0.740000,0.950000,0.080338,0.075361
0.740000,0.960000,0.063900,0.060378
0.740000,0.970000,0.047246,0.045336
0.740000,0.980000,0.030381,0.030249
0.740000,0.990000,0.013312,0.015132
0.740000,1.000000,-0.003955,-0.000000
0.750000,0.000000,0.018505,0.000000
0.750000,0.010000,0.032482,0.014983
0.750000,0.020000,0.046497,0.029952
0.750000,0.030000,0.060538,0.044890
0.750000,0.040000,0.074589,0.059785
0.750000,0.050000,0.088636,0.074621
0.750000,0.060000,0.102666,0.089383
0.750000,0.070000,0.116663,0.104056
0.750000,0.080000,0.130611,0.118627
0.750000,0.090000,0.144497,0.133081
0.750000,0.100000,0.158304,0.147404
0.750000,0.110000,0.172017,0.161581
0.750000,0.120000,0.185621,0.175599
0.750000,0.130000,0.199100,0.189443
0.750000,0.140000,0.212437,0.203100
0.750000,0.150000,0.225619,0.216557
0.750000,0.160000,0.238629,0.229801
0.750000,0.170000,0.251451,0.242817
0.750000,0.180000,0.264070,0.255594
0.750000,0.190000,0.276472,0.268119
0.750000,0.200000,0.288640,0.280379
0.750000,0.210000,0.300560,0.292362
0.750000,0.220000,0.312218,0.304057
0.750000,0.230000,0.323599,0.315452
0.750000,0.240000,0.334689,0.326535
0.750000,0.250000,0.345476,0.337296
0.750000,0.260000,0.355945,0.347724
0.750000,0.270000,0.366084,0.357810
0.750000,0.280000,0.375881,0.367542
0.750000,0.290000,0.385323,0.376911
0.750000,0.300000,0.394400,0.385908
0.750000,0.310000,0.403101,0.394525
0.750000,0.320000,0.411416,0.402752
0.750000,0.330000,0.419335,0.410582
0.750000,0.340000,0.426848,0.418006
0.750000,0.350000,0.433948,0.425018
0.750000,0.360000,0.440626,0.431610
0.750000,0.370000,0.446876,0.437777
0.750000,0.380000,0.452690,0.443512
0.750000,0.390000,0.458063,0.448808
0.750000,0.400000,0.462988,0.453662
0.750000,0.410000,0.467462,0.458069
0.750000,0.420000,0.471479,0.462023
0.750000,0.430000,0.475037,0.465521
0.750000,0.440000,0.478132,0.468560
0.750000,0.450000,0.480762,0.471136
0.750000,0.460000,0.482924,0.473247
0.750000,0.470000,0.484619,0.474892
0.750000,0.480000,0.485843,0.476068
0.750000,0.490000,0.486598,0.476773
0.750000,0.500000,0.486884,0.477009
0.750000,0.510000,0.486701,0.476773
0.750000,0.520000,0.486050,0.476068
0.750000,0.530000,0.484934,0.474892
0.750000,0.540000,0.483353,0.473247
0.750000,0.550000,0.481311,0.471136
0.750000,0.560000,0.478810,0.468560
0.750000,0.570000,0.475854,0.465521
0.750000,0.580000,0.472446,0.462023
0.750000,0.590000,0.468590,0.458069
0.750000,0.600000,0.464291,0.453662
0.750000,0.610000,0.459551,0.448808
0.750000,0.620000,0.454378,0.443512
0.750000,0.630000,0.448773,0.437777
0.750000,0.640000,0.442745,0.431610
0.750000,0.650000,0.436298,0.425018
0.750000,0.660000,0.429437,0.418006
0.750000,0.670000,0.422168,0.410581
0.750000,0.680000,0.414496,0.402752
0.750000,0.690000,0.406429,0.394525
0.750000,0.700000,0.397971,0.385908
0.750000,0.710000,0.389130,0.376911
0.750000,0.720000,0.379912,0.367542
0.750000,0.730000,0.370322,0.357810
0.750000,0.740000,0.360368,0.347724
0.750000,0.750000,0.350055,0.337296
0.750000,0.760000,0.339391,0.326535
0.750000,0.770000,0.328382,0.315452
0.750000,0.780000,0.317035,0.304057
0.750000,0.790000,0.305355,0.292362
0.750000,0.800000,0.293351,0.280379
0.750000,0.810000,0.281028,0.268119
0.750000,0.820000,0.268393,0.255594
0.750000,0.830000,0.255453,0.242817
0.750000,0.840000,0.242214,0.229801
0.750000,0.850000,0.228683,0.216557
0.750000,0.860000,0.214867,0.203100
0.750000,0.870000,0.200771,0.189443
0.750000,0.880000,0.186404,0.175599
0.750000,0.890000,0.171770,0.161581
0.750000,0.900000,0.156877,0.147404
0.750000,0.910000,0.141730,0.133081
0.750000,0.920000,0.126337,0.118627
0.750000,0.930000,0.110702,0.104056
0.750000,0.940000,0.094834,0.089383
0.750000,0.950000,0.078738,0.074621
0.750000,0.960000,0.062420,0.059785
0.750000,0.970000,0.045887,0.044890
0.750000,0.980000,0.029144,0.029952
0.750000,0.990000,0.012198,0.014983
0.750000,1.000000,-0.004946,-0.000000
0.760000,0.000000,0.019090,0.000000
0.760000,0.010000,0.032905,0.014836
0.760000,0.020000,0.046759,0.029657
0.760000,0.030000,0.060639,0.044450
0.760000,0.040000,0.074530,0.059198
0.760000,0.050000,0.088419,0.073888
0.760000,0.060000,0.102292,0.088505
0.760000,0.070000,0.116132,0.103034
0.760000,0.080000,0.129927,0.117462
0.760000,0.090000,0.143660,0.131774
0.760000,0.100000,0.157316,0.145956
0.760000,0.110000,0.170880,0.159994
0.760000,0.120000,0.184336,0.173874
0.760000,0.130000,0.197670,0.187583
0.760000,0.140000,0.210865,0.201106
0.760000,0.150000,0.223906,0.214431
0.760000,0.160000,0.236777,0.227544
0.760000,0.170000,0.249464,0.240433
0.760000,0.180000,0.261950,0.253084
0.760000,0.190000,0.274222,0.265485
0.760000,0.200000,0.286262,0.277625
0.760000,0.210000,0.298058,0.289491
0.760000,0.220000,0.309595,0.301071
0.760000,0.230000,0.320858,0.312354
0.760000,0.240000,0.331833,0.323328
0.760000,0.250000,0.342508,0.333984
0.760000,0.260000,0.352869,0.344309
0.760000,0.270000,0.362903,0.354296
0.760000,0.280000,0.372599,0.363932
0.760000,0.290000,0.381944,0.373209
0.760000,0.300000,0.390926,0.382118
0.760000,0.310000,0.399537,0.390650
0.760000,0.320000,0.407765,0.398796
0.760000,0.330000,0.415601,0.406549
0.760000,0.340000,0.423036,0.413901
0.760000,0.350000,0.430061,0.420844
0.760000,0.360000,0.436668,0.427372
0.760000,0.370000,0.442851,0.433478
0.760000,0.380000,0.448602,0.439156
0.760000,0.390000,0.453916,0.444401
0.760000,0.400000,0.458787,0.449207
0.760000,0.410000,0.463209,0.453570
0.760000,0.420000,0.467180,0.457485
0.760000,0.430000,0.470696,0.460949
0.760000,0.440000,0.473752,0.463958
0.760000,0.450000,0.476348,0.466509
0.760000,0.460000,0.478480,0.468600
0.760000,0.470000,0.480149,0.470228
0.760000,0.480000,0.481351,0.471392
0.760000,0.490000,0.482088,0.472091
0.760000,0.500000,0.482360,0.472324
0.760000,0.510000,0.482167,0.472091
0.760000,0.520000,0.481511,0.471392
0.760000,0.530000,0.480393,0.470228
0.760000,0.540000,0.478815,0.468600
0.760000,0.550000,0.476779,0.466509
0.760000,0.560000,0.474289,0.463958
0.760000,0.570000,0.471347,0.460949
0.760000,0.580000,0.467958,0.457485
0.760000,0.590000,0.464124,0.453570
0.760000,0.600000,0.459849,0.449207
0.760000,0.610000,0.455140,0.444401
0.760000,0.620000,0.449999,0.439156
0.760000,0.630000,0.444433,0.433478
0.760000,0.640000,0.438445,0.427372
0.760000,0.650000,0.432041,0.420844
0.760000,0.660000,0.425228,0.413901
0.760000,0.670000,0.418010,0.406549
0.760000,0.680000,0.410393,0.398796
0.760000,0.690000,0.402384,0.390650
0.760000,0.700000,0.393988,0.382118
0.760000,0.710000,0.385211,0.373209
0.760000,0.720000,0.376059,0.363932
0.760000,0.730000,0.366540,0.354295
0.760000,0.740000,0.356660,0.344309
0.760000,0.750000,0.346423,0.333984
0.760000,0.760000,0.335839,0.323328
0.760000,0.770000,0.324912,0.312354
0.760000,0.780000,0.313650,0.301071
0.760000,0.790000,0.302058,0.289491
0.760000,0.800000,0.290143,0.277625
0.760000,0.810000,0.277913,0.265485
0.760000,0.820000,0.265372,0.253084
0.760000,0.830000,0.252530,0.240432
0.760000,0.840000,0.239391,0.227544
0.760000,0.850000,0.225961,0.214431
0.760000,0.860000,0.212248,0.201106
0.760000,0.870000,0.198258,0.187582
0.760000,0.880000,0.183998,0.173874
0.760000,0.890000,0.169473,0.159994
0.760000,0.900000,0.154691,0.145956
0.760000,0.910000,0.139656,0.131774
0.760000,0.920000,0.124376,0.117462
0.760000,0.930000,0.108858,0.103034
0.760000,0.940000,0.093106,0.088505
0.760000,0.950000,0.077128,0.073888
0.760000,0.960000,0.060929,0.059198
0.760000,0.970000,0.044515,0.044449
0.760000,0.980000,0.027893,0.029657
0.760000,0.990000,0.011068,0.014836
0.760000,1.000000,-0.005953,-0.000000
0.770000,0.000000,0.019668,0.000000
0.770000,0.010000,0.033323,0.014690
0.770000,0.020000,0.047019,0.029366
0.770000,0.030000,0.060740,0.044013
0.770000,0.040000,0.074475,0.058617
0.770000,0.050000,0.088207,0.073162
0.770000,0.060000,0.101925,0.087636
0.770000,0.070000,0.115612,0.102022
0.770000,0.080000,0.129254,0.116309
0.770000,0.090000,0.142836,0.130480
0.770000,0.100000,0.156343,0.144523
0.770000,0.110000,0.169760,0.158423
0.770000,0.120000,0.183072,0.172166
0.770000,0.130000,0.196262,0.185740
0.770000,0.140000,0.209316,0.199131
0.770000,0.150000,0.222218,0.212325
0.770000,0.160000,0.234954,0.225309
0.770000,0.170000,0.247506,0.238071
0.770000,0.180000,0.259861,0.250598
0.770000,0.190000,0.272004,0.262878
0.770000,0.200000,0.283919,0.274899
0.770000,0.210000,0.295592,0.286648
0.770000,0.220000,0.307009,0.298114
0.770000,0.230000,0.318155,0.309286
0.770000,0.240000,0.329017,0.320153
0.770000,0.250000,0.339581,0.330703
0.770000,0.260000,0.349835,0.340928
0.770000,0.270000,0.359765,0.350816
0.770000,0.280000,0.369360,0.360358
0.770000,0.290000,0.378608,0.369544
0.770000,0.300000,0.387498,0.378365
0.770000,0.310000,0.396020,0.386813
0.770000,0.320000,0.404162,0.394880
0.770000,0.330000,0.411916,0.402556
0.770000,0.340000,0.419272,0.409836
0.770000,0.350000,0.426223,0.416711
0.770000,0.360000,0.432760,0.423174
0.770000,0.370000,0.438876,0.429220
0.770000,0.380000,0.444565,0.434843
0.770000,0.390000,0.449820,0.440036
0.770000,0.400000,0.454636,0.444795
0.770000,0.410000,0.459008,0.449115
0.770000,0.420000,0.462933,0.452992
0.770000,0.430000,0.466405,0.456422
0.770000,0.440000,0.469424,0.459401
0.770000,0.450000,0.471984,0.461927
0.770000,0.460000,0.474086,0.463998
0.770000,0.470000,0.475729,0.465610
0.770000,0.480000,0.476909,0.466763
0.770000,0.490000,0.477628,0.467455
0.770000,0.500000,0.477885,0.467685
0.770000,0.510000,0.477683,0.467455
0.770000,0.520000,0.477020,0.466763
0.770000,0.530000,0.475899,0.465610
0.770000,0.540000,0.474323,0.463998
0.770000,0.550000,0.472293,0.461927
0.770000,0.560000,0.469812,0.459401
0.770000,0.570000,0.466883,0.456422
0.770000,0.580000,0.463511,0.452992
0.770000,0.590000,0.459698,0.449115
0.770000,0.600000,0.455449,0.444795
0.770000,0.610000,0.450767,0.440036
0.770000,0.620000,0.445659,0.434843
0.770000,0.630000,0.440128,0.429220
0.770000,0.640000,0.434179,0.423174
0.770000,0.650000,0.427819,0.416711
0.770000,0.660000,0.421052,0.409836
0.770000,0.670000,0.413883,0.402556
0.770000,0.680000,0.406319,0.394880
0.770000,0.690000,0.398366,0.386813
0.770000,0.700000,0.390030,0.378365
0.770000,0.710000,0.381316,0.369544
0.770000,0.720000,0.372231,0.360358
0.770000,0.730000,0.362780,0.350816
0.770000,0.740000,0.352972,0.340928
0.770000,0.750000,0.342811,0.330703
0.770000,0.760000,0.332304,0.320153
0.770000,0.770000,0.321457,0.309286
0.770000,0.780000,0.310278,0.298114
0.770000,0.790000,0.298772,0.286648
0.770000,0.800000,0.286946,0.274899
0.770000,0.810000,0.274807,0.262878
0.770000,0.820000,0.262360,0.250598
0.770000,0.830000,0.249613,0.238071
0.770000,0.840000,0.236571,0.225309
0.770000,0.850000,0.223242,0.212325
0.770000,0.860000,0.209631,0.199131
0.770000,0.870000,0.195745,0.185740
0.770000,0.880000,0.181591,0.172166
0.770000,0.890000,0.167174,0.158423
0.770000,0.900000,0.152501,0.144523
0.770000,0.910000,0.137577,0.130480
0.770000,0.920000,0.122410,0.116309
0.770000,0.930000,0.107006,0.102022
0.770000,0.940000,0.091369,0.087635
0.770000,0.950000,0.075507,0.073162
0.770000,0.960000,0.059426,0.058617
0.770000,0.970000,0.043131,0.044013
0.770000,0.980000,0.026629,0.029366
0.770000,0.990000,0.009925,0.014690
0.770000,1.000000,-0.006975,-0.000000
0.780000,0.000000,0.020240,0.000000
0.780000,0.010000,0.033738,0.014546
0.780000,0.020000,0.047276,0.029078
0.780000,0.030000,0.060842,0.043581
0.780000,0.040000,0.074421,0.058041
0.780000,0.050000,0.088000,0.072444
0.780000,0.060000,0.101565,0.086775
0.780000,0.070000,0.115101,0.101020
0.780000,0.080000,0.128593,0.115166
0.780000,0.090000,0.142026,0.129199
0.780000,0.100000,0.155386,0.143103
0.780000,0.110000,0.168658,0.156867
0.780000,0.120000,0.181826,0.170476
0.780000,0.130000,0.194876,0.183916
0.780000,0.140000,0.207790,0.197175
0.780000,0.150000,0.220556,0.210239
0.780000,0.160000,0.233156,0.223096
0.780000,0.170000,0.245577,0.235733
0.780000,0.180000,0.257802,0.248137
0.780000,0.190000,0.269818,0.260296
0.780000,0.200000,0.281609,0.272199
0.780000,0.210000,0.293161,0.283832
0.780000,0.220000,0.304459,0.295186
0.780000,0.230000,0.315489,0.306248
0.780000,0.240000,0.326239,0.317008
0.780000,0.250000,0.336694,0.327456
0.780000,0.260000,0.346842,0.337580
0.780000,0.270000,0.356670,0.347371
0.780000,0.280000,0.366165,0.356819
0.780000,0.290000,0.375318,0.365915
0.780000,0.300000,0.384116,0.374649
0.780000,0.310000,0.392548,0.383015
0.780000,0.320000,0.400606,0.391002
0.780000,0.330000,0.408278,0.398603
0.780000,0.340000,0.415557,0.405811
0.780000,0.350000,0.422434,0.412618
0.780000,0.360000,0.428901,0.419018
0.780000,0.370000,0.434951,0.425005
0.780000,0.380000,0.440577,0.430572
0.780000,0.390000,0.445773,0.435715
0.780000,0.400000,0.450535,0.440427
0.780000,0.410000,0.454857,0.444705
0.780000,0.420000,0.458735,0.448543
0.780000,0.430000,0.462165,0.451939
0.780000,0.440000,0.465145,0.454890
0.780000,0.450000,0.467671,0.457391
0.780000,0.460000,0.469743,0.459441
0.780000,0.470000,0.471358,0.461037
0.780000,0.480000,0.472515,0.462178
0.780000,0.490000,0.473215,0.462864
0.780000,0.500000,0.473458,0.463092
0.780000,0.510000,0.473245,0.462864
0.780000,0.520000,0.472575,0.462178
0.780000,0.530000,0.471452,0.461037
0.780000,0.540000,0.469876,0.459441
0.780000,0.550000,0.467851,0.457391
0.780000,0.560000,0.465379,0.454890
0.780000,0.570000,0.462462,0.451939
0.780000,0.580000,0.459106,0.448543
0.780000,0.590000,0.455313,0.444705
0.780000,0.600000,0.451087,0.440427
0.780000,0.610000,0.446433,0.435715
0.780000,0.620000,0.441356,0.430572
0.780000,0.630000,0.435859,0.425005
0.780000,0.640000,0.429949,0.419018
0.780000,0.650000,0.423630,0.412618
0.780000,0.660000,0.416907,0.405811
0.780000,0.670000,0.409787,0.398603
0.780000,0.680000,0.402275,0.391002
0.780000,0.690000,0.394377,0.383015
0.780000,0.700000,0.386099,0.374649
0.780000,0.710000,0.377446,0.365915
0.780000,0.720000,0.368425,0.356819
0.780000,0.730000,0.359043,0.347371
0.780000,0.740000,0.349304,0.337580
0.780000,0.750000,0.339217,0.327456
0.780000,0.760000,0.328786,0.317008
0.780000,0.770000,0.318019,0.306248
0.780000,0.780000,0.306921,0.295186
0.780000,0.790000,0.295500,0.283832
0.780000,0.800000,0.283761,0.272199
0.780000,0.810000,0.271710,0.260296
0.780000,0.820000,0.259356,0.248137
0.780000,0.830000,0.246702,0.235733
0.780000,0.840000,0.233757,0.223096
0.780000,0.850000,0.220527,0.210239
0.780000,0.860000,0.207016,0.197175
0.780000,0.870000,0.193233,0.183916
0.780000,0.880000,0.179183,0.170476
0.780000,0.890000,0.164872,0.156867
0.780000,0.900000,0.150307,0.143103
0.780000,0.910000,0.135493,0.129199
0.780000,0.920000,0.120437,0.115166
0.780000,0.930000,0.105145,0.101020
0.780000,0.940000,0.089623,0.086775
0.780000,0.950000,0.073876,0.072444
0.780000,0.960000,0.057912,0.058041
0.780000,0.970000,0.041734,0.043581
0.780000,0.980000,0.025350,0.029078
0.780000,0.990000,0.008765,0.014546
0.780000,1.000000,-0.008015,-0.000000
0.790000,0.000000,0.020805,0.000000
0.790000,0.010000,0.034148,0.014403
0.790000,0.020000,0.047532,0.028792
0.790000,0.030000,0.060944,0.043153
0.790000,0.040000,0.074370,0.057471
0.790000,0.050000,0.087798,0.071732
0.790000,0.060000,0.101212,0.085923
0.790000,0.070000,0.114598,0.100028
0.790000,0.080000,0.127942,0.114035
0.790000,0.090000,0.141229,0.127930
0.790000,0.100000,0.154445,0.141698
0.790000,0.110000,0.167573,0.155326
0.790000,0.120000,0.180600,0.168801
0.790000,0.130000,0.193510,0.182110
0.790000,0.140000,0.206287,0.195239
0.790000,0.150000,0.218918,0.208175
0.790000,0.160000,0.231385,0.220905
0.790000,0.170000,0.243675,0.233418
0.790000,0.180000,0.255773,0.245700
0.790000,0.190000,0.267663,0.257740
0.790000,0.200000,0.279331,0.269525
0.790000,0.210000,0.290763,0.281045
0.790000,0.220000,0.301944,0.292287
0.790000,0.230000,0.312861,0.303241
0.790000,0.240000,0.323499,0.313895
0.790000,0.250000,0.333846,0.324240
0.790000,0.260000,0.343889,0.334264
0.790000,0.270000,0.353615,0.343959
0.790000,0.280000,0.363013,0.353314
0.790000,0.290000,0.372070,0.362321
0.790000,0.300000,0.380777,0.370970
0.790000,0.310000,0.389122,0.379253
0.790000,0.320000,0.397095,0.387162
0.790000,0.330000,0.404687,0.394688
0.790000,0.340000,0.411889,0.401825
0.790000,0.350000,0.418692,0.408566
0.790000,0.360000,0.425090,0.414903
0.790000,0.370000,0.431073,0.420831
0.790000,0.380000,0.436638,0.426344
0.790000,0.390000,0.441776,0.431435
0.790000,0.400000,0.446484,0.436101
0.790000,0.410000,0.450756,0.440337
0.790000,0.420000,0.454587,0.444138
0.790000,0.430000,0.457975,0.447501
0.790000,0.440000,0.460915,0.450422
0.790000,0.450000,0.463407,0.452899
0.790000,0.460000,0.465448,0.454928
0.790000,0.470000,0.467036,0.456509
0.790000,0.480000,0.468171,0.457639
0.790000,0.490000,0.468852,0.458318
0.790000,0.500000,0.469079,0.458544
0.790000,0.510000,0.468854,0.458318
0.790000,0.520000,0.468177,0.457639
0.790000,0.530000,0.467050,0.456509
0.790000,0.540000,0.465475,0.454928
0.790000,0.550000,0.463453,0.452899
0.790000,0.560000,0.460989,0.450422
0.790000,0.570000,0.458084,0.447501
0.790000,0.580000,0.454743,0.444138
0.790000,0.590000,0.450969,0.440337
0.790000,0.600000,0.446765,0.436101
0.790000,0.610000,0.442138,0.431435
0.790000,0.620000,0.437090,0.426344
0.790000,0.630000,0.431627,0.420831
0.790000,0.640000,0.425753,0.414903
0.790000,0.650000,0.419474,0.408566
0.790000,0.660000,0.412795,0.401825
0.790000,0.670000,0.405722,0.394688
0.790000,0.680000,0.398260,0.387162
0.790000,0.690000,0.390416,0.379253
0.790000,0.700000,0.382194,0.370970
0.790000,0.710000,0.373601,0.362321
0.790000,0.720000,0.364644,0.353314
0.790000,0.730000,0.355327,0.343959
0.790000,0.740000,0.345658,0.334264
0.790000,0.750000,0.335642,0.324240
0.790000,0.760000,0.325286,0.313895
0.790000,0.770000,0.314596,0.303241
0.790000,0.780000,0.303579,0.292287
0.790000,0.790000,0.292240,0.281045
0.790000,0.800000,0.280586,0.269525
0.790000,0.810000,0.268624,0.257740
0.790000,0.820000,0.256360,0.245700
0.790000,0.830000,0.243799,0.233418
0.790000,0.840000,0.230949,0.220905
0.790000,0.850000,0.217815,0.208175
0.790000,0.860000,0.204403,0.195239
0.790000,0.870000,0.190721,0.182110
0.790000,0.880000,0.176774,0.168801
0.790000,0.890000,0.162568,0.155326
0.790000,0.900000,0.148109,0.141698
0.790000,0.910000,0.133404,0.127930
0.790000,0.920000,0.118458,0.114035
0.790000,0.930000,0.103278,0.100028
0.790000,0.940000,0.087868,0.085923
0.790000,0.950000,0.072235,0.071732
0.790000,0.960000,0.056386,0.057471
0.790000,0.970000,0.040325,0.043153
0.790000,0.980000,0.024058,0.028792
0.790000,0.990000,0.007592,0.014403
0.790000,1.000000,-0.009069,-0.000000
0.800000,0.000000,0.021363,0.000000
0.800000,0.010000,0.034553,0.014262
0.800000,0.020000,0.047784,0.028509
0.800000,0.030000,0.061045,0.042729
0.800000,0.040000,0.074321,0.056906
0.800000,0.050000,0.087599,0.071028
0.800000,0.060000,0.100864,0.085079
0.800000,0.070000,0.114103,0.099046
0.800000,0.080000,0.127301,0.112915
0.800000,0.090000,0.140444,0.126673
0.800000,0.100000,0.153517,0.140306
0.800000,0.110000,0.166504,0.153801
0.800000,0.120000,0.179391,0.167144
0.800000,0.130000,0.192164,0.180321
0.800000,0.140000,0.204806,0.193321
0.800000,0.150000,0.217303,0.206130
0.800000,0.160000,0.229639,0.218736
0.800000,0.170000,0.241801,0.231126
0.800000,0.180000,0.253772,0.243287
0.800000,0.190000,0.265538,0.255209
0.800000,0.200000,0.277085,0.266878
0.800000,0.210000,0.288399,0.278285
0.800000,0.220000,0.299464,0.289416
0.800000,0.230000,0.310267,0.300263
0.800000,0.240000,0.320796,0.310812
0.800000,0.250000,0.331037,0.321055
0.800000,0.260000,0.340975,0.330981
0.800000,0.270000,0.350601,0.340581
0.800000,0.280000,0.359902,0.349844
0.800000,0.290000,0.368866,0.358763
0.800000,0.300000,0.377481,0.367327
0.800000,0.310000,0.385739,0.375528
0.800000,0.320000,0.393629,0.383359
0.800000,0.330000,0.401141,0.390812
0.800000,0.340000,0.408267,0.397879
0.800000,0.350000,0.414998,0.404553
0.800000,0.360000,0.421326,0.410828
0.800000,0.370000,0.427245,0.416698
0.800000,0.380000,0.432748,0.422156
0.800000,0.390000,0.437828,0.427198
0.800000,0.400000,0.442482,0.431818
0.800000,0.410000,0.446703,0.436012
0.800000,0.420000,0.450488,0.439776
0.800000,0.430000,0.453833,0.443106
0.800000,0.440000,0.456735,0.445998
0.800000,0.450000,0.459192,0.448451
0.800000,0.460000,0.461201,0.450460
0.800000,0.470000,0.462763,0.452026
0.800000,0.480000,0.463874,0.453145
0.800000,0.490000,0.464535,0.453817
0.800000,0.500000,0.464748,0.454041
0.800000,0.510000,0.464510,0.453817
0.800000,0.520000,0.463825,0.453145
0.800000,0.530000,0.462694,0.452026
0.800000,0.540000,0.461118,0.450460
0.800000,0.550000,0.459100,0.448451
0.800000,0.560000,0.456642,0.445998
0.800000,0.570000,0.453748,0.443106
0.800000,0.580000,0.450421,0.439776
0.800000,0.590000,0.446665,0.436012
0.800000,0.600000,0.442483,0.431818
0.800000,0.610000,0.437880,0.427198
0.800000,0.620000,0.432861,0.422156
0.800000,0.630000,0.427430,0.416698
0.800000,0.640000,0.421592,0.410828
0.800000,0.650000,0.415352,0.404553
0.800000,0.660000,0.408715,0.397879
0.800000,0.670000,0.401688,0.390812
0.800000,0.680000,0.394276,0.383359
0.800000,0.690000,0.386483,0.375528
0.800000,0.700000,0.378316,0.367327
0.800000,0.710000,0.369782,0.358763
0.800000,0.720000,0.360886,0.349844
0.800000,0.730000,0.351634,0.340581
0.800000,0.740000,0.342032,0.330981
0.800000,0.750000,0.332087,0.321055
0.800000,0.760000,0.321804,0.310812
0.800000,0.770000,0.311190,0.300263
0.800000,0.780000,0.300251,0.289416
0.800000,0.790000,0.288993,0.278285
0.800000,0.800000,0.277424,0.266878
0.800000,0.810000,0.265548,0.255209
0.800000,0.820000,0.253372,0.243287
0.800000,0.830000,0.240902,0.231125
0.800000,0.840000,0.228145,0.218736
0.800000,0.850000,0.215107,0.206130
0.800000,0.860000,0.201793,0.193321
0.800000,0.870000,0.188211,0.180321
0.800000,0.880000,0.174365,0.167143
0.800000,0.890000,0.160262,0.153801
0.800000,0.900000,0.145909,0.140306
0.800000,0.910000,0.131311,0.126673
0.800000,0.920000,0.116473,0.112915
0.800000,0.930000,0.101402,0.099046
0.800000,0.940000,0.086104,0.085079
0.800000,0.950000,0.070584,0.071028
0.800000,0.960000,0.054849,0.056906
0.800000,0.970000,0.038903,0.042729
0.800000,0.980000,0.022753,0.028509
0.800000,0.990000,0.006403,0.014262
0.800000,1.000000,-0.010139,-0.000000
0.810000,0.000000,0.021913,0.000000
0.810000,0.010000,0.034952,0.014122
0.810000,0.020000,0.048034,0.028229
0.810000,0.030000,0.061145,0.042309
0.810000,0.040000,0.074273,0.056348
0.810000,0.050000,0.087403,0.070330
0.810000,0.060000,0.100522,0.084243
0.810000,0.070000,0.113616,0.098073
0.810000,0.080000,0.126670,0.111806
0.810000,0.090000,0.139671,0.125429
0.810000,0.100000,0.152602,0.138928
0.810000,0.110000,0.165451,0.152290
0.810000,0.120000,0.178201,0.165502
0.810000,0.130000,0.190837,0.178550
0.810000,0.140000,0.203346,0.191423
0.810000,0.150000,0.215711,0.204106
0.810000,0.160000,0.227918,0.216588
0.810000,0.170000,0.239952,0.228856
0.810000,0.180000,0.251798,0.240898
0.810000,0.190000,0.263443,0.252702
0.810000,0.200000,0.274870,0.264257
0.810000,0.210000,0.286066,0.275552
0.810000,0.220000,0.297017,0.286574
0.810000,0.230000,0.307709,0.297314
0.810000,0.240000,0.318129,0.307760
0.810000,0.250000,0.328264,0.317902
0.810000,0.260000,0.338101,0.327731
0.810000,0.270000,0.347627,0.337236
0.810000,0.280000,0.356832,0.346409
0.810000,0.290000,0.365703,0.355239
0.810000,0.300000,0.374229,0.363719
0.810000,0.310000,0.382400,0.371840
0.810000,0.320000,0.390207,0.379594
0.810000,0.330000,0.397640,0.386974
0.810000,0.340000,0.404690,0.393971
0.810000,0.350000,0.411349,0.400580
0.810000,0.360000,0.417609,0.406794
0.810000,0.370000,0.423463,0.412606
0.810000,0.380000,0.428905,0.418010
0.810000,0.390000,0.433928,0.423003
0.810000,0.400000,0.438528,0.427577
0.810000,0.410000,0.442699,0.431730
0.810000,0.420000,0.446437,0.435457
0.810000,0.430000,0.449740,0.438754
0.810000,0.440000,0.452604,0.441618
0.810000,0.450000,0.455025,0.444046
0.810000,0.460000,0.457004,0.446036
0.810000,0.470000,0.458537,0.447586
0.810000,0.480000,0.459625,0.448694
0.810000,0.490000,0.460267,0.449360
0.810000,0.500000,0.460463,0.449582
0.810000,0.510000,0.460213,0.449360
0.810000,0.520000,0.459519,0.448694
0.810000,0.530000,0.458383,0.447586
0.810000,0.540000,0.456806,0.446036
0.810000,0.550000,0.454790,0.444046
0.810000,0.560000,0.452339,0.441618
0.810000,0.570000,0.449455,0.438754
0.810000,0.580000,0.446141,0.435457
0.810000,0.590000,0.442402,0.431730
0.810000,0.600000,0.438240,0.427577
0.810000,0.610000,0.433662,0.423003
0.810000,0.620000,0.428670,0.418010
0.810000,0.630000,0.423269,0.412606
0.810000,0.640000,0.417466,0.406794
0.810000,0.650000,0.411263,0.400580
0.810000,0.660000,0.404669,0.393971
0.810000,0.670000,0.397685,0.386974
0.810000,0.680000,0.390320,0.379594
0.810000,0.690000,0.382578,0.371840
0.810000,0.700000,0.374466,0.363719
0.810000,0.710000,0.365989,0.355239
0.810000,0.720000,0.357152,0.346408
0.810000,0.730000,0.347963,0.337236
0.810000,0.740000,0.338428,0.327731
0.810000,0.750000,0.328551,0.317902
0.810000,0.760000,0.318340,0.307760
0.810000,0.770000,0.307800,0.297314
0.810000,0.780000,0.296939,0.286574
0.810000,0.790000,0.285761,0.275552
0.810000,0.800000,0.274273,0.264257
0.810000,0.810000,0.262482,0.252702
0.810000,0.820000,0.250393,0.240898
0.810000,0.830000,0.238013,0.228856
0.810000,0.840000,0.225348,0.216588
0.810000,0.850000,0.212403,0.204106
0.810000,0.860000,0.199186,0.191422
0.810000,0.870000,0.185701,0.178550
0.810000,0.880000,0.171956,0.165502
0.810000,0.890000,0.157955,0.152290
0.810000,0.900000,0.143706,0.138928
0.810000,0.910000,0.129213,0.125429
0.810000,0.920000,0.114482,0.111806
0.810000,0.930000,0.099520,0.098073
0.810000,0.940000,0.084332,0.084243
0.810000,0.950000,0.068923,0.070330
0.810000,0.960000,0.053301,0.056347
0.810000,0.970000,0.037469,0.042309
0.810000,0.980000,0.021434,0.028229
0.810000,0.990000,0.005201,0.014122
0.810000,1.000000,-0.011225,-0.000000
0.820000,0.000000,0.022455,0.000000
0.820000,0.010000,0.035346,0.013983
0.820000,0.020000,0.048280,0.027952
0.820000,0.030000,0.061245,0.041894
0.820000,0.040000,0.074226,0.055794
0.820000,0.050000,0.087211,0.069639
0.820000,0.060000,0.100186,0.083416
0.820000,0.070000,0.113136,0.097110
0.820000,0.080000,0.126049,0.110708
0.820000,0.090000,0.138909,0.124197
0.820000,0.100000,0.151701,0.137564
0.820000,0.110000,0.164412,0.150795
0.820000,0.120000,0.177026,0.163877
0.820000,0.130000,0.189529,0.176797
0.820000,0.140000,0.201906,0.189543
0.820000,0.150000,0.214141,0.202101
0.820000,0.160000,0.226221,0.214460
0.820000,0.170000,0.238129,0.226608
0.820000,0.180000,0.249852,0.238532
0.820000,0.190000,0.261376,0.250221
0.820000,0.200000,0.272685,0.261662
0.820000,0.210000,0.283765,0.272846
0.820000,0.220000,0.294603,0.283760
0.820000,0.230000,0.305185,0.294394
0.820000,0.240000,0.315498,0.304737
0.820000,0.250000,0.325528,0.314780
0.820000,0.260000,0.335264,0.324512
0.820000,0.270000,0.344692,0.333924
0.820000,0.280000,0.353801,0.343006
0.820000,0.290000,0.362580,0.351750
0.820000,0.300000,0.371018,0.360147
0.820000,0.310000,0.379104,0.368188
0.820000,0.320000,0.386830,0.375866
0.820000,0.330000,0.394184,0.383173
0.820000,0.340000,0.401158,0.390102
0.820000,0.350000,0.407746,0.396646
0.820000,0.360000,0.413938,0.402798
0.820000,0.370000,0.419727,0.408553
0.820000,0.380000,0.425108,0.413905
0.820000,0.390000,0.430075,0.418848
0.820000,0.400000,0.434621,0.423378
0.820000,0.410000,0.438742,0.427490
0.820000,0.420000,0.442434,0.431180
0.820000,0.430000,0.445695,0.434445
0.820000,0.440000,0.448519,0.437281
0.820000,0.450000,0.450906,0.439685
0.820000,0.460000,0.452853,0.441656
0.820000,0.470000,0.454359,0.443191
0.820000,0.480000,0.455423,0.444288
0.820000,0.490000,0.456045,0.444947
0.820000,0.500000,0.456224,0.445166
0.820000,0.510000,0.455962,0.444947
0.820000,0.520000,0.455259,0.444288
0.820000,0.530000,0.454117,0.443191
0.820000,0.540000,0.452538,0.441656
0.820000,0.550000,0.450524,0.439685
0.820000,0.560000,0.448078,0.437281
0.820000,0.570000,0.445203,0.434445
0.820000,0.580000,0.441902,0.431180
0.820000,0.590000,0.438179,0.427490
0.820000,0.600000,0.434037,0.423378
0.820000,0.610000,0.429481,0.418848
0.820000,0.620000,0.424516,0.413905
0.820000,0.630000,0.419145,0.408553
0.820000,0.640000,0.413375,0.402798
0.820000,0.650000,0.407209,0.396646
0.820000,0.660000,0.400653,0.390102
0.820000,0.670000,0.393713,0.383173
0.820000,0.680000,0.386394,0.375866
0.820000,0.690000,0.378702,0.368188
0.820000,0.700000,0.370642,0.360147
0.820000,0.710000,0.362221,0.351750
0.820000,0.720000,0.353443,0.343006
0.820000,0.730000,0.344315,0.333924
0.820000,0.740000,0.334844,0.324512
0.820000,0.750000,0.325035,0.314780
0.820000,0.760000,0.314894,0.304737
0.820000,0.770000,0.304427,0.294394
0.820000,0.780000,0.293641,0.283760
0.820000,0.790000,0.282541,0.272845
0.820000,0.800000,0.271134,0.261662
0.820000,0.810000,0.259426,0.250220
0.820000,0.820000,0.247423,0.238532
0.820000,0.830000,0.235132,0.226608
0.820000,0.840000,0.222557,0.214460
0.820000,0.850000,0.209704,0.202101
0.820000,0.860000,0.196582,0.189542
0.820000,0.870000,0.183194,0.176797
0.820000,0.880000,0.169547,0.163877
0.820000,0.890000,0.155647,0.150795
0.820000,0.900000,0.141499,0.137564
0.820000,0.910000,0.127111,0.124197
0.820000,0.920000,0.112486,0.110708
0.820000,0.930000,0.097631,0.097110
0.820000,0.940000,0.082552,0.083416
0.820000,0.950000,0.067254,0.069639
0.820000,0.960000,0.051742,0.055794
0.820000,0.970000,0.036023,0.041894
0.820000,0.980000,0.020102,0.027952
0.820000,0.990000,0.003984,0.013983
0.820000,1.000000,-0.012326,-0.000000
0.830000,0.000000,0.022989,0.000000
0.830000,0.010000,0.035734,0.013846
0.830000,0.020000,0.048523,0.027678
0.830000,0.030000,0.061342,0.041482
0.830000,0.040000,0.074179,0.055246
0.830000,0.050000,0.087021,0.068955
0.830000,0.060000,0.099854,0.082597
0.830000,0.070000,0.112663,0.096156
0.830000,0.080000,0.125436,0.109621
0.830000,0.090000,0.138157,0.122978
0.830000,0.100000,0.150813,0.136213
0.830000,0.110000,0.163388,0.149314
0.830000,0.120000,0.175868,0.162267
0.830000,0.130000,0.188239,0.175060
0.830000,0.140000,0.200485,0.187681
0.830000,0.150000,0.212593,0.200116
0.830000,0.160000,0.224546,0.212354
0.830000,0.170000,0.236331,0.224383
0.830000,0.180000,0.247932,0.236189
0.830000,0.190000,0.259336,0.247763
0.830000,0.200000,0.270528,0.259092
0.830000,0.210000,0.281495,0.270166
0.830000,0.220000,0.292221,0.280973
0.830000,0.230000,0.302694,0.291502
0.830000,0.240000,0.312901,0.301744
0.830000,0.250000,0.322828,0.311689
0.830000,0.260000,0.332463,0.321325
0.830000,0.270000,0.341794,0.330645
0.830000,0.280000,0.350810,0.339638
0.830000,0.290000,0.359498,0.348296
0.830000,0.300000,0.367848,0.356610
0.830000,0.310000,0.375850,0.364572
0.830000,0.320000,0.383494,0.372175
0.830000,0.330000,0.390770,0.379410
0.830000,0.340000,0.397671,0.386271
0.830000,0.350000,0.404187,0.392751
0.830000,0.360000,0.410312,0.398843
0.830000,0.370000,0.416038,0.404541
0.830000,0.380000,0.421358,0.409840
0.830000,0.390000,0.426268,0.414735
0.830000,0.400000,0.430760,0.419220
0.830000,0.410000,0.434832,0.423292
0.830000,0.420000,0.438479,0.426946
0.830000,0.430000,0.441697,0.430178
0.830000,0.440000,0.444483,0.432987
0.830000,0.450000,0.446834,0.435367
0.830000,0.460000,0.448750,0.437318
0.830000,0.470000,0.450228,0.438838
0.830000,0.480000,0.451268,0.439924
0.830000,0.490000,0.451869,0.440577
0.830000,0.500000,0.452031,0.440794
0.830000,0.510000,0.451756,0.440577
0.830000,0.520000,0.451043,0.439924
0.830000,0.530000,0.449895,0.438838
0.830000,0.540000,0.448314,0.437318
0.830000,0.550000,0.446301,0.435367
0.830000,0.560000,0.443860,0.432986
0.830000,0.570000,0.440993,0.430178
0.830000,0.580000,0.437703,0.426946
0.830000,0.590000,0.433995,0.423292
0.830000,0.600000,0.429872,0.419220
0.830000,0.610000,0.425338,0.414735
0.830000,0.620000,0.420398,0.409840
0.830000,0.630000,0.415056,0.404541
0.830000,0.640000,0.409318,0.398842
0.830000,0.650000,0.403188,0.392751
0.830000,0.660000,0.396671,0.386271
0.830000,0.670000,0.389773,0.379410
0.830000,0.680000,0.382499,0.372175
0.830000,0.690000,0.374854,0.364572
0.830000,0.700000,0.366846,0.356610
0.830000,0.710000,0.358478,0.348296
0.830000,0.720000,0.349758,0.339638
0.830000,0.730000,0.340691,0.330645
0.830000,0.740000,0.331282,0.321325
0.830000,0.750000,0.321539,0.311689
0.830000,0.760000,0.311467,0.301744
0.830000,0.770000,0.301071,0.291502
0.830000,0.780000,0.290359,0.280973
0.830000,0.790000,0.279336,0.270166
0.830000,0.800000,0.268009,0.259092
0.830000,0.810000,0.256382,0.247763
0.830000,0.820000,0.244464,0.236189
0.830000,0.830000,0.232258,0.224382
0.830000,0.840000,0.219772,0.212354
0.830000,0.850000,0.207011,0.200116
0.830000,0.860000,0.193981,0.187681
0.830000,0.870000,0.180688,0.175060
0.830000,0.880000,0.167139,0.162267
0.830000,0.890000,0.153338,0.149314
0.830000,0.900000,0.139291,0.136213
0.830000,0.910000,0.125005,0.122978
0.830000,0.920000,0.110484,0.109621
0.830000,0.930000,0.095735,0.096156
0.830000,0.940000,0.080763,0.082597
0.830000,0.950000,0.065574,0.068955
0.830000,0.960000,0.050173,0.055246
0.830000,0.970000,0.034565,0.041482
0.830000,0.980000,0.018757,0.027678
0.830000,0.990000,0.002752,0.013846
0.830000,1.000000,-0.013442,-0.000000
0.840000,0.000000,0.023515,0.000000
0.840000,0.010000,0.036116,0.013710
0.840000,0.020000,0.048761,0.027406
0.840000,0.030000,0.061437,0.041075
0.840000,0.040000,0.074133,0.054704
0.840000,0.050000,0.086833,0.068278
0.840000,0.060000,0.099525,0.081785
0.840000,0.070000,0.112196,0.095212
0.840000,0.080000,0.124831,0.108544
0.840000,0.090000,0.137415,0.121770
0.840000,0.100000,0.149936,0.134875
0.840000,0.110000,0.162378,0.147847
0.840000,0.120000,0.174726,0.160674
0.840000,0.130000,0.186966,0.173341
0.840000,0.140000,0.199084,0.185838
0.840000,0.150000,0.211065,0.198151
0.840000,0.160000,0.222893,0.210269
0.840000,0.170000,0.234556,0.222179
0.840000,0.180000,0.246038,0.233870
0.840000,0.190000,0.257324,0.245330
0.840000,0.200000,0.268401,0.256548
0.840000,0.210000,0.279254,0.267513
0.840000,0.220000,0.289871,0.278213
0.840000,0.230000,0.300236,0.288640
0.840000,0.240000,0.310338,0.298781
0.840000,0.250000,0.320163,0.308627
0.840000,0.260000,0.329699,0.318169
0.840000,0.270000,0.338935,0.327397
0.840000,0.280000,0.347856,0.336302
0.840000,0.290000,0.356454,0.344875
0.840000,0.300000,0.364718,0.353108
0.840000,0.310000,0.372636,0.360992
0.840000,0.320000,0.380200,0.368520
0.840000,0.330000,0.387400,0.375684
0.840000,0.340000,0.394227,0.382477
0.840000,0.350000,0.400672,0.388893
0.840000,0.360000,0.406730,0.394926
0.840000,0.370000,0.412393,0.400568
0.840000,0.380000,0.417653,0.405815
0.840000,0.390000,0.422506,0.410662
0.840000,0.400000,0.426946,0.415103
0.840000,0.410000,0.430969,0.419135
0.840000,0.420000,0.434570,0.422753
0.840000,0.430000,0.437745,0.425954
0.840000,0.440000,0.440492,0.428734
0.840000,0.450000,0.442809,0.431092
0.840000,0.460000,0.444693,0.433023
0.840000,0.470000,0.446144,0.434528
0.840000,0.480000,0.447159,0.435604
0.840000,0.490000,0.447739,0.436250
0.840000,0.500000,0.447884,0.436465
0.840000,0.510000,0.447595,0.436250
0.840000,0.520000,0.446873,0.435604
0.840000,0.530000,0.445718,0.434528
0.840000,0.540000,0.444134,0.433023
0.840000,0.550000,0.442121,0.431092
0.840000,0.560000,0.439684,0.428734
0.840000,0.570000,0.436824,0.425954
0.840000,0.580000,0.433546,0.422753
0.840000,0.590000,0.429852,0.419135
0.840000,0.600000,0.425746,0.415103
0.840000,0.610000,0.421234,0.410662
0.840000,0.620000,0.416318,0.405815
0.840000,0.630000,0.411004,0.400568
0.840000,0.640000,0.405296,0.394925
0.840000,0.650000,0.399201,0.388893
0.840000,0.660000,0.392721,0.382477
0.840000,0.670000,0.385864,0.375684
0.840000,0.680000,0.378633,0.368520
0.840000,0.690000,0.371036,0.360992
0.840000,0.700000,0.363077,0.353108
0.840000,0.710000,0.354762,0.344875
0.840000,0.720000,0.346097,0.336302
0.840000,0.730000,0.337089,0.327397
0.840000,0.740000,0.327742,0.318169
0.840000,0.750000,0.318064,0.308627
0.840000,0.760000,0.308059,0.298781
0.840000,0.770000,0.297733,0.288640
0.840000,0.780000,0.287094,0.278213
0.840000,0.790000,0.276146,0.267513
0.840000,0.800000,0.264896,0.256548
0.840000,0.810000,0.253350,0.245330
0.840000,0.820000,0.241514,0.233870
0.840000,0.830000,0.229393,0.222179
0.840000,0.840000,0.216994,0.210269
0.840000,0.850000,0.204322,0.198151
0.840000,0.860000,0.191384,0.185838
0.840000,0.870000,0.178185,0.173341
0.840000,0.880000,0.164731,0.160673
0.840000,0.890000,0.151028,0.147847
0.840000,0.900000,0.137081,0.134875
0.840000,0.910000,0.122895,0.121770
0.840000,0.920000,0.108478,0.108544
0.840000,0.930000,0.093834,0.095212
0.840000,0.940000,0.078968,0.081785
0.840000,0.950000,0.063886,0.068278
0.840000,0.960000,0.048594,0.054704
0.840000,0.970000,0.033097,0.041075
0.840000,0.980000,0.017399,0.027406
0.840000,0.990000,0.001508,0.013710
0.840000,1.000000,-0.014574,-0.000000
0.850000,0.000000,0.024032,0.000000
0.850000,0.010000,0.036491,0.013575
0.850000,0.020000,0.048995,0.027137
0.850000,0.030000,0.061531,0.040672
0.850000,0.040000,0.074086,0.054166
0.850000,0.050000,0.086647,0.067608
0.850000,0.060000,0.099201,0.080982
0.850000,0.070000,0.111735,0.094277
0.850000,0.080000,0.124233,0.107478
0.850000,0.090000,0.136683,0.120574
0.850000,0.100000,0.149070,0.133551
0.850000,0.110000,0.161380,0.146395
0.850000,0.120000,0.173598,0.159096
0.850000,0.130000,0.185710,0.171639
0.850000,0.140000,0.197701,0.184013
0.850000,0.150000,0.209557,0.196205
0.850000,0.160000,0.221263,0.208204
0.850000,0.170000,0.232805,0.219997
0.850000,0.180000,0.244168,0.231573
0.850000,0.190000,0.255338,0.242920
0.850000,0.200000,0.266301,0.254028
0.850000,0.210000,0.277042,0.264885
0.850000,0.220000,0.287550,0.275481
0.850000,0.230000,0.297810,0.285805
0.850000,0.240000,0.307808,0.295847
0.850000,0.250000,0.317532,0.305596
0.850000,0.260000,0.326971,0.315045
0.850000,0.270000,0.336111,0.324182
0.850000,0.280000,0.344941,0.332999
0.850000,0.290000,0.353450,0.341488
0.850000,0.300000,0.361628,0.349640
0.850000,0.310000,0.369463,0.357446
0.850000,0.320000,0.376947,0.364900
0.850000,0.330000,0.384070,0.371994
0.850000,0.340000,0.390824,0.378721
0.850000,0.350000,0.397201,0.385074
0.850000,0.360000,0.403192,0.391047
0.850000,0.370000,0.408792,0.396634
0.850000,0.380000,0.413993,0.401829
0.850000,0.390000,0.418789,0.406628
0.850000,0.400000,0.423177,0.411026
0.850000,0.410000,0.427150,0.415018
0.850000,0.420000,0.430706,0.418601
0.850000,0.430000,0.433839,0.421770
0.850000,0.440000,0.436548,0.424524
0.850000,0.450000,0.438829,0.426858
0.850000,0.460000,0.440682,0.428771
0.850000,0.470000,0.442104,0.430261
0.850000,0.480000,0.443095,0.431326
0.850000,0.490000,0.443654,0.431965
0.850000,0.500000,0.443782,0.432179
0.850000,0.510000,0.443479,0.431965
0.850000,0.520000,0.442746,0.431326
0.850000,0.530000,0.441584,0.430261
0.850000,0.540000,0.439996,0.428771
0.850000,0.550000,0.437984,0.426858
0.850000,0.560000,0.435550,0.424523
0.850000,0.570000,0.432697,0.421770
0.850000,0.580000,0.429428,0.418601
0.850000,0.590000,0.425748,0.415018
0.850000,0.600000,0.421659,0.411026
0.850000,0.610000,0.417167,0.406628
0.850000,0.620000,0.412275,0.401829
0.850000,0.630000,0.406987,0.396634
0.850000,0.640000,0.401309,0.391047
0.850000,0.650000,0.395247,0.385074
0.850000,0.660000,0.388803,0.378721
0.850000,0.670000,0.381985,0.371994
0.850000,0.680000,0.374797,0.364900
0.850000,0.690000,0.367246,0.357446
0.850000,0.700000,0.359335,0.349640
0.850000,0.710000,0.351072,0.341488
0.850000,0.720000,0.342462,0.332999
0.850000,0.730000,0.333511,0.324182
0.850000,0.740000,0.324225,0.315045
0.850000,0.750000,0.314609,0.305596
0.850000,0.760000,0.304669,0.295847
0.850000,0.770000,0.294412,0.285805
0.850000,0.780000,0.283844,0.275481
0.850000,0.790000,0.272970,0.264885
0.850000,0.800000,0.261796,0.254028
0.850000,0.810000,0.250329,0.242920
0.850000,0.820000,0.238573,0.231573
0.850000,0.830000,0.226536,0.219997
0.850000,0.840000,0.214223,0.208204
0.850000,0.850000,0.201639,0.196205
0.850000,0.860000,0.188791,0.184013
0.850000,0.870000,0.175685,0.171639
0.850000,0.880000,0.162325,0.159095
0.850000,0.890000,0.148717,0.146395
0.850000,0.900000,0.134869,0.133551
0.850000,0.910000,0.120783,0.120574
0.850000,0.920000,0.106467,0.107478
0.850000,0.930000,0.091926,0.094277
0.850000,0.940000,0.077165,0.080982
0.850000,0.950000,0.062190,0.067608
0.850000,0.960000,0.047005,0.054166
0.850000,0.970000,0.031616,0.040671
0.850000,0.980000,0.016030,0.027137
0.850000,0.990000,0.000249,0.013575
0.850000,1.000000,-0.015720,-0.000000
0.860000,0.000000,0.024540,0.000000
0.860000,0.010000,0.036860,0.013442
0.860000,0.020000,0.049224,0.026870
0.860000,0.030000,0.061621,0.040272
0.860000,0.040000,0.074038,0.053634
0.860000,0.050000,0.086462,0.066944
0.860000,0.060000,0.098880,0.080187
0.860000,0.070000,0.111278,0.093351
0.860000,0.080000,0.123643,0.106423
0.860000,0.090000,0.135960,0.119390
0.860000,0.100000,0.148215,0.132239
0.860000,0.110000,0.160395,0.144958
0.860000,0.120000,0.172485,0.157533
0.860000,0.130000,0.184470,0.169953
0.860000,0.140000,0.196336,0.182205
0.860000,0.150000,0.208069,0.194278
0.860000,0.160000,0.219653,0.206159
0.860000,0.170000,0.231076,0.217836
0.860000,0.180000,0.242322,0.229299
0.860000,0.190000,0.253377,0.240535
0.860000,0.200000,0.264227,0.251533
0.860000,0.210000,0.274859,0.262284
0.860000,0.220000,0.285259,0.272776
0.860000,0.230000,0.295414,0.282998
0.860000,0.240000,0.305310,0.292941
0.860000,0.250000,0.314935,0.302595
0.860000,0.260000,0.324276,0.311951
0.860000,0.270000,0.333323,0.320998
0.860000,0.280000,0.342062,0.329729
0.860000,0.290000,0.350483,0.338134
0.860000,0.300000,0.358575,0.346206
0.860000,0.310000,0.366329,0.353936
0.860000,0.320000,0.373734,0.361317
0.860000,0.330000,0.380782,0.368341
0.860000,0.340000,0.387464,0.375002
0.860000,0.350000,0.393772,0.381292
0.860000,0.360000,0.399697,0.387206
0.860000,0.370000,0.405234,0.392739
0.860000,0.380000,0.410376,0.397883
0.860000,0.390000,0.415117,0.402635
0.860000,0.400000,0.419453,0.406990
0.860000,0.410000,0.423377,0.410942
0.860000,0.420000,0.426887,0.414490
0.860000,0.430000,0.429978,0.417628
0.860000,0.440000,0.432649,0.420354
0.860000,0.450000,0.434895,0.422666
0.860000,0.460000,0.436716,0.424560
0.860000,0.470000,0.438110,0.426035
0.860000,0.480000,0.439076,0.427090
0.860000,0.490000,0.439615,0.427723
0.860000,0.500000,0.439725,0.427934
0.860000,0.510000,0.439407,0.427723
0.860000,0.520000,0.438663,0.427090
0.860000,0.530000,0.437494,0.426035
0.860000,0.540000,0.435902,0.424560
0.860000,0.550000,0.433889,0.422666
0.860000,0.560000,0.431457,0.420354
0.860000,0.570000,0.428610,0.417628
0.860000,0.580000,0.425351,0.414490
0.860000,0.590000,0.421684,0.410942
0.860000,0.600000,0.417611,0.406990
0.860000,0.610000,0.413137,0.402635
0.860000,0.620000,0.408268,0.397883
0.860000,0.630000,0.403006,0.392739
0.860000,0.640000,0.397357,0.387206
0.860000,0.650000,0.391327,0.381292
0.860000,0.660000,0.384918,0.375002
0.860000,0.670000,0.378138,0.368341
0.860000,0.680000,0.370992,0.361317
0.860000,0.690000,0.363484,0.353936
0.860000,0.700000,0.355621,0.346206
0.860000,0.710000,0.347409,0.338134
0.860000,0.720000,0.338852,0.329729
0.860000,0.730000,0.329956,0.320998
0.860000,0.740000,0.320728,0.311951
0.860000,0.750000,0.311174,0.302595
0.860000,0.760000,0.301299,0.292941
0.860000,0.770000,0.291110,0.282998
0.860000,0.780000,0.280611,0.272775
0.860000,0.790000,0.269809,0.262284
0.860000,0.800000,0.258710,0.251533
0.860000,0.810000,0.247320,0.240535
0.860000,0.820000,0.235644,0.229299
0.860000,0.830000,0.223689,0.217836
0.860000,0.840000,0.211460,0.206159
0.860000,0.850000,0.198962,0.194278
0.860000,0.860000,0.186203,0.182205
0.860000,0.870000,0.173187,0.169953
0.860000,0.880000,0.159920,0.157533
0.860000,0.890000,0.146407,0.144958
0.860000,0.900000,0.132655,0.132239
0.860000,0.910000,0.118668,0.119390
0.860000,0.920000,0.104452,0.106423
0.860000,0.930000,0.090013,0.093351
0.860000,0.940000,0.075355,0.080187
0.860000,0.950000,0.060485,0.066944
0.860000,0.960000,0.045407,0.053634
0.860000,0.970000,0.030126,0.040272
0.860000,0.980000,0.014648,0.026870
0.860000,0.990000,-0.001023,0.013442
0.860000,1.000000,-0.016880,-0.000000
0.870000,0.000000,0.025040,0.000000
0.870000,0.010000,0.037221,0.013310
0.870000,0.020000,0.049448,0.026606
0.870000,0.030000,0.061708,0.039877
0.870000,0.040000,0.073990,0.053108
0.870000,0.050000,0.086278,0.066286
0.870000,0.060000,0.098562,0.079399
0.870000,0.070000,0.110827,0.092434
0.870000,0.080000,0.123059,0.105378
0.870000,0.090000,0.135245,0.118217
0.870000,0.100000,0.147371,0.130940
0.870000,0.110000,0.159422,0.143534
0.870000,0.120000,0.171385,0.155986
0.870000,0.130000,0.183245,0.168284
0.870000,0.140000,0.194988,0.180416
0.870000,0.150000,0.206599,0.192370
0.870000,0.160000,0.218064,0.204134
0.870000,0.170000,0.229369,0.215697
0.870000,0.180000,0.240499,0.227047
0.870000,0.190000,0.251441,0.238172
0.870000,0.200000,0.262180,0.249063
0.870000,0.210000,0.272704,0.259708
0.870000,0.220000,0.282997,0.270097
0.870000,0.230000,0.293048,0.280219
0.870000,0.240000,0.302843,0.290064
0.870000,0.250000,0.312370,0.299623
0.870000,0.260000,0.321616,0.308887
0.870000,0.270000,0.330569,0.317846
0.870000,0.280000,0.339218,0.326491
0.870000,0.290000,0.347552,0.334813
0.870000,0.300000,0.355561,0.342806
0.870000,0.310000,0.363234,0.350460
0.870000,0.320000,0.370561,0.357768
0.870000,0.330000,0.377534,0.364723
0.870000,0.340000,0.384144,0.371319
0.870000,0.350000,0.390383,0.377547
0.870000,0.360000,0.396244,0.383404
0.870000,0.370000,0.401719,0.388881
0.870000,0.380000,0.406803,0.393975
0.870000,0.390000,0.411489,0.398681
0.870000,0.400000,0.415772,0.402992
0.870000,0.410000,0.419648,0.406907
0.870000,0.420000,0.423113,0.410419
0.870000,0.430000,0.426163,0.413527
0.870000,0.440000,0.428794,0.416226
0.870000,0.450000,0.431006,0.418515
0.870000,0.460000,0.432795,0.420390
0.870000,0.470000,0.434161,0.421851
0.870000,0.480000,0.435102,0.422895
0.870000,0.490000,0.435619,0.423522
0.870000,0.500000,0.435711,0.423731
0.870000,0.510000,0.435379,0.423522
0.870000,0.520000,0.434624,0.422895
0.870000,0.530000,0.433447,0.421851
0.870000,0.540000,0.431850,0.420390
0.870000,0.550000,0.429836,0.418514
0.870000,0.560000,0.427406,0.416226
0.870000,0.570000,0.424565,0.413527
0.870000,0.580000,0.421314,0.410419
0.870000,0.590000,0.417658,0.406907
0.870000,0.600000,0.413601,0.402992
0.870000,0.610000,0.409146,0.398681
0.870000,0.620000,0.404298,0.393975
0.870000,0.630000,0.399061,0.388881
0.870000,0.640000,0.393440,0.383404
0.870000,0.650000,0.387440,0.377547
0.870000,0.660000,0.381066,0.371319
0.870000,0.670000,0.374323,0.364723
0.870000,0.680000,0.367216,0.357768
0.870000,0.690000,0.359752,0.350460
0.870000,0.700000,0.351935,0.342806
0.870000,0.710000,0.343771,0.334813
0.870000,0.720000,0.335266,0.326491
0.870000,0.730000,0.326426,0.317846
0.870000,0.740000,0.317256,0.308887
0.870000,0.750000,0.307761,0.299623
0.870000,0.760000,0.297949,0.290064
0.870000,0.770000,0.287825,0.280219
0.870000,0.780000,0.277394,0.270097
0.870000,0.790000,0.266663,0.259708
0.870000,0.800000,0.255638,0.249063
0.870000,0.810000,0.244323,0.238172
0.870000,0.820000,0.232725,0.227047
0.870000,0.830000,0.220851,0.215697
0.870000,0.840000,0.208704,0.204134
0.870000,0.850000,0.196292,0.192370
0.870000,0.860000,0.183620,0.180416
0.870000,0.870000,0.170693,0.168284
0.870000,0.880000,0.157517,0.155986
0.870000,0.890000,0.144098,0.143534
0.870000,0.900000,0.130441,0.130940
0.870000,0.910000,0.116551,0.118217
0.870000,0.920000,0.102434,0.105378
0.870000,0.930000,0.088094,0.092434
0.870000,0.940000,0.073539,0.079399
0.870000,0.950000,0.058772,0.066286
0.870000,0.960000,0.043799,0.053108
0.870000,0.970000,0.028624,0.039877
0.870000,0.980000,0.013254,0.026606
0.870000,0.990000,-0.002308,0.013310
0.870000,1.000000,-0.018055,-0.000000
0.880000,0.000000,0.025530,0.000000
0.880000,0.010000,0.037575,0.013179
0.880000,0.020000,0.049667,0.026345
0.880000,0.030000,0.061793,0.039485
0.880000,0.040000,0.073940,0.052586
0.880000,0.050000,0.086095,0.065635
0.880000,0.060000,0.098246,0.078620
0.880000,0.070000,0.110379,0.091526
0.880000,0.080000,0.122481,0.104343
0.880000,0.090000,0.134538,0.117056
0.880000,0.100000,0.146536,0.129654
0.880000,0.110000,0.158461,0.142124
0.880000,0.120000,0.170298,0.154454
0.880000,0.130000,0.182035,0.166631
0.880000,0.140000,0.193656,0.178644
0.880000,0.150000,0.205147,0.190481
0.880000,0.160000,0.216494,0.202129
0.880000,0.170000,0.227683,0.213578
0.880000,0.180000,0.238699,0.224817
0.880000,0.190000,0.249529,0.235833
0.880000,0.200000,0.260159,0.246617
0.880000,0.210000,0.270575,0.257157
0.880000,0.220000,0.280764,0.267444
0.880000,0.230000,0.290712,0.277467
0.880000,0.240000,0.300407,0.287215
0.880000,0.250000,0.309837,0.296681
0.880000,0.260000,0.318988,0.305853
0.880000,0.270000,0.327850,0.314724
0.880000,0.280000,0.336410,0.323284
0.880000,0.290000,0.344658,0.331525
0.880000,0.300000,0.352583,0.339439
0.880000,0.310000,0.360176,0.347018
0.880000,0.320000,0.367427,0.354255
0.880000,0.330000,0.374326,0.361141
0.880000,0.340000,0.380865,0.367672
0.880000,0.350000,0.387036,0.373839
0.880000,0.360000,0.392832,0.379638
0.880000,0.370000,0.398246,0.385062
0.880000,0.380000,0.403272,0.390106
0.880000,0.390000,0.407903,0.394765
0.880000,0.400000,0.412135,0.399035
0.880000,0.410000,0.415962,0.402910
0.880000,0.420000,0.419383,0.406388
0.880000,0.430000,0.422391,0.409465
0.880000,0.440000,0.424984,0.412138
0.880000,0.450000,0.427161,0.414404
0.880000,0.460000,0.428918,0.416261
0.880000,0.470000,0.430256,0.417708
0.880000,0.480000,0.431173,0.418742
0.880000,0.490000,0.431668,0.419363
0.880000,0.500000,0.431741,0.419570
0.880000,0.510000,0.431394,0.419363
0.880000,0.520000,0.430628,0.418742
0.880000,0.530000,0.429442,0.417708
0.880000,0.540000,0.427840,0.416261
0.880000,0.550000,0.425824,0.414404
0.880000,0.560000,0.423396,0.412138
0.880000,0.570000,0.420560,0.409465
0.880000,0.580000,0.417317,0.406388
0.880000,0.590000,0.413672,0.402910
0.880000,0.600000,0.409629,0.399035
0.880000,0.610000,0.405191,0.394765
0.880000,0.620000,0.400364,0.390106
0.880000,0.630000,0.395151,0.385062
0.880000,0.640000,0.389557,0.379638
0.880000,0.650000,0.383586,0.373840
0.880000,0.660000,0.377246,0.367672
0.880000,0.670000,0.370539,0.361141
0.880000,0.680000,0.363471,0.354255
0.880000,0.690000,0.356049,0.347018
0.880000,0.700000,0.348277,0.339439
0.880000,0.710000,0.340160,0.331525
0.880000,0.720000,0.331706,0.323284
0.880000,0.730000,0.322919,0.314724
0.880000,0.740000,0.313805,0.305853
0.880000,0.750000,0.304370,0.296681
0.880000,0.760000,0.294619,0.287215
0.880000,0.770000,0.284559,0.277467
0.880000,0.780000,0.274195,0.267444
0.880000,0.790000,0.263533,0.257157
0.880000,0.800000,0.252579,0.246617
0.880000,0.810000,0.241339,0.235833
0.880000,0.820000,0.229818,0.224817
0.880000,0.830000,0.218022,0.213578
0.880000,0.840000,0.205957,0.202129
0.880000,0.850000,0.193629,0.190481
0.880000,0.860000,0.181042,0.178644
0.880000,0.870000,0.168203,0.166631
0.880000,0.880000,0.155117,0.154454
0.880000,0.890000,0.141789,0.142124
0.880000,0.900000,0.128225,0.129654
0.880000,0.910000,0.114431,0.117056
0.880000,0.920000,0.100411,0.104343
0.880000,0.930000,0.086171,0.091526
0.880000,0.940000,0.071716,0.078620
0.880000,0.950000,0.057052,0.065635
0.880000,0.960000,0.042182,0.052586
0.880000,0.970000,0.027113,0.039485
0.880000,0.980000,0.011849,0.026345
0.880000,0.990000,-0.003605,0.013179
0.880000,1.000000,-0.019243,-0.000000
0.890000,0.000000,0.026010,0.000000
0.890000,0.010000,0.037922,0.013050
0.890000,0.020000,0.049880,0.026086
0.890000,0.030000,0.061873,0.039097
0.890000,0.040000,0.073888,0.052070
0.890000,0.050000,0.085912,0.064991
0.890000,0.060000,0.097932,0.077847
0.890000,0.070000,0.109936,0.090627
0.890000,0.080000,0.121909,0.103318
0.890000,0.090000,0.133838,0.115907
0.890000,0.100000,0.145710,0.128381
0.890000,0.110000,0.157510,0.140728
0.890000,0.120000,0.169225,0.152937
0.890000,0.130000,0.180839,0.164995
0.890000,0.140000,0.192340,0.176890
0.890000,0.150000,0.203713,0.188610
0.890000,0.160000,0.214943,0.200144
0.890000,0.170000,0.226017,0.211481
0.890000,0.180000,0.236921,0.222609
0.890000,0.190000,0.247641,0.233517
0.890000,0.200000,0.258162,0.244195
0.890000,0.210000,0.268472,0.254632
0.890000,0.220000,0.278557,0.264817
0.890000,0.230000,0.288405,0.274742
0.890000,0.240000,0.298001,0.284395
0.890000,0.250000,0.307334,0.293767
0.890000,0.260000,0.316392,0.302849
0.890000,0.270000,0.325163,0.311633
0.890000,0.280000,0.333636,0.320109
0.890000,0.290000,0.341799,0.328269
0.890000,0.300000,0.349642,0.336106
0.890000,0.310000,0.357155,0.343610
0.890000,0.320000,0.364330,0.350775
0.890000,0.330000,0.371156,0.357595
0.890000,0.340000,0.377625,0.364061
0.890000,0.350000,0.383729,0.370168
0.890000,0.360000,0.389461,0.375910
0.890000,0.370000,0.394815,0.381280
0.890000,0.380000,0.399782,0.386275
0.890000,0.390000,0.404359,0.390888
0.890000,0.400000,0.408540,0.395116
0.890000,0.410000,0.412320,0.398953
0.890000,0.420000,0.415695,0.402397
0.890000,0.430000,0.418661,0.405444
0.890000,0.440000,0.421218,0.408091
0.890000,0.450000,0.423359,0.410334
0.890000,0.460000,0.425085,0.412173
0.890000,0.470000,0.426394,0.413605
0.890000,0.480000,0.427286,0.414629
0.890000,0.490000,0.427759,0.415244
0.890000,0.500000,0.427815,0.415449
0.890000,0.510000,0.427453,0.415244
0.890000,0.520000,0.426674,0.414629
0.890000,0.530000,0.425480,0.413605
0.890000,0.540000,0.423873,0.412173
0.890000,0.550000,0.421854,0.410334
0.890000,0.560000,0.419427,0.408091
0.890000,0.570000,0.416594,0.405444
0.890000,0.580000,0.413359,0.402397
0.890000,0.590000,0.409725,0.398953
0.890000,0.600000,0.405696,0.395116
0.890000,0.610000,0.401275,0.390888
0.890000,0.620000,0.396467,0.386275
0.890000,0.630000,0.391276,0.381280
0.890000,0.640000,0.385708,0.375910
0.890000,0.650000,0.379767,0.370168
0.890000,0.660000,0.373458,0.364061
0.890000,0.670000,0.366786,0.357595
0.890000,0.680000,0.359756,0.350775
0.890000,0.690000,0.352375,0.343610
0.890000,0.700000,0.344646,0.336106
0.890000,0.710000,0.336577,0.328269
0.890000,0.720000,0.328171,0.320109
0.890000,0.730000,0.319436,0.311633
0.890000,0.740000,0.310377,0.302849
0.890000,0.750000,0.300999,0.293767
0.890000,0.760000,0.291308,0.284395
0.890000,0.770000,0.281311,0.274742
0.890000,0.780000,0.271013,0.264817
0.890000,0.790000,0.260419,0.254632
0.890000,0.800000,0.249535,0.244195
0.890000,0.810000,0.238368,0.233517
0.890000,0.820000,0.226922,0.222609
0.890000,0.830000,0.215204,0.211481
0.890000,0.840000,0.203219,0.200144
0.890000,0.850000,0.190972,0.188610
0.890000,0.860000,0.178469,0.176890
0.890000,0.870000,0.165717,0.164995
0.890000,0.880000,0.152719,0.152937
0.890000,0.890000,0.139482,0.140728
0.890000,0.900000,0.126010,0.128381
0.890000,0.910000,0.112310,0.115907
0.890000,0.920000,0.098386,0.103318
0.890000,0.930000,0.084244,0.090627
0.890000,0.940000,0.069888,0.077847
0.890000,0.950000,0.055324,0.064991
0.890000,0.960000,0.040557,0.052070
0.890000,0.970000,0.025591,0.039097
0.890000,0.980000,0.010432,0.026086
0.890000,0.990000,-0.004915,0.013050
0.890000,1.000000,-0.020446,-0.000000
0.900000,0.000000,0.026481,0.000000
0.900000,0.010000,0.038261,0.012921
0.900000,0.020000,0.050087,0.025830
0.900000,0.030000,0.061949,0.038713
0.900000,0.040000,0.073834,0.051558
0.900000,0.050000,0.085729,0.064352
0.900000,0.060000,0.097620,0.077083
0.900000,0.070000,0.109496,0.089737
0.900000,0.080000,0.121342,0.102303
0.900000,0.090000,0.133146,0.114768
0.900000,0.100000,0.144893,0.127120
0.900000,0.110000,0.156570,0.139346
0.900000,0.120000,0.168163,0.151435
0.900000,0.130000,0.179658,0.163374
0.900000,0.140000,0.191040,0.175152
0.900000,0.150000,0.202295,0.186758
0.900000,0.160000,0.213411,0.198179
0.900000,0.170000,0.224372,0.209404
0.900000,0.180000,0.235164,0.220423
0.900000,0.190000,0.245775,0.231224
0.900000,0.200000,0.256189,0.241797
0.900000,0.210000,0.266395,0.252131
0.900000,0.220000,0.276378,0.262217
0.900000,0.230000,0.286125,0.272043
0.900000,0.240000,0.295624,0.281602
0.900000,0.250000,0.304862,0.290882
0.900000,0.260000,0.313828,0.299875
0.900000,0.270000,0.322510,0.308573
0.900000,0.280000,0.330895,0.316965
0.900000,0.290000,0.338975,0.325045
0.900000,0.300000,0.346736,0.332805
0.900000,0.310000,0.354171,0.340235
0.900000,0.320000,0.361270,0.347330
0.900000,0.330000,0.368024,0.354083
0.900000,0.340000,0.374423,0.360485
0.900000,0.350000,0.380461,0.366533
0.900000,0.360000,0.386130,0.372218
0.900000,0.370000,0.391423,0.377536
0.900000,0.380000,0.396334,0.382481
0.900000,0.390000,0.400857,0.387049
0.900000,0.400000,0.404987,0.391235
0.900000,0.410000,0.408720,0.395035
0.900000,0.420000,0.412050,0.398445
0.900000,0.430000,0.414976,0.401462
0.900000,0.440000,0.417493,0.404083
0.900000,0.450000,0.419601,0.406304
0.900000,0.460000,0.421295,0.408125
0.900000,0.470000,0.422576,0.409543
0.900000,0.480000,0.423443,0.410557
0.900000,0.490000,0.423894,0.411166
0.900000,0.500000,0.423931,0.411369
0.900000,0.510000,0.423553,0.411166
0.900000,0.520000,0.422762,0.410557
0.900000,0.530000,0.421559,0.409543
0.900000,0.540000,0.419946,0.408125
0.900000,0.550000,0.417925,0.406304
0.900000,0.560000,0.415498,0.404083
0.900000,0.570000,0.412669,0.401462
0.900000,0.580000,0.409441,0.398445
0.900000,0.590000,0.405816,0.395035
0.900000,0.600000,0.401800,0.391235
0.900000,0.610000,0.397395,0.387049
0.900000,0.620000,0.392606,0.382481
0.900000,0.630000,0.387438,0.377536
0.900000,0.640000,0.381894,0.372218
0.900000,0.650000,0.375981,0.366533
0.900000,0.660000,0.369703,0.360485
0.900000,0.670000,0.363065,0.354083
0.900000,0.680000,0.356072,0.347330
0.900000,0.690000,0.348730,0.340235
0.900000,0.700000,0.341044,0.332805
0.900000,0.710000,0.333019,0.325045
0.900000,0.720000,0.324662,0.316965
0.900000,0.730000,0.315978,0.308572
0.900000,0.740000,0.306972,0.299875
0.900000,0.750000,0.297651,0.290882
0.900000,0.760000,0.288019,0.281601
0.900000,0.770000,0.278083,0.272043
0.900000,0.780000,0.267848,0.262217
0.900000,0.790000,0.257321,0.252131
0.900000,0.800000,0.246506,0.241797
0.900000,0.810000,0.235410,0.231224
0.900000,0.820000,0.224038,0.220423
0.900000,0.830000,0.212396,0.209404
0.900000,0.840000,0.200489,0.198179
0.900000,0.850000,0.188323,0.186758
0.900000,0.860000,0.175903,0.175152
0.900000,0.870000,0.163235,0.163374
0.900000,0.880000,0.150324,0.151435
0.900000,0.890000,0.137176,0.139346
0.900000,0.900000,0.123795,0.127120
0.900000,0.910000,0.110188,0.114768
0.900000,0.920000,0.096358,0.102303
0.900000,0.930000,0.082312,0.089737
0.900000,0.940000,0.068054,0.077083
0.900000,0.950000,0.053590,0.064352
0.900000,0.960000,0.038923,0.051558
0.900000,0.970000,0.024060,0.038713
0.900000,0.980000,0.009005,0.025830
0.900000,0.990000,-0.006237,0.012921
0.900000,1.000000,-0.021661,-0.000000
0.910000,0.000000,0.026942,0.000000
0.910000,0.010000,0.038591,0.012795
0.910000,0.020000,0.050289,0.025576
0.910000,0.030000,0.062022,0.038333
0.910000,0.040000,0.073778,0.051052
0.910000,0.050000,0.085544,0.063720
0.910000,0.060000,0.097309,0.076326
0.910000,0.070000,0.109059,0.088856
0.910000,0.080000,0.120780,0.101299
0.910000,0.090000,0.132460,0.113641
0.910000,0.100000,0.144084,0.125872
0.910000,0.110000,0.155640,0.137978
0.910000,0.120000,0.167112,0.149948
0.910000,0.130000,0.178488,0.161770
0.910000,0.140000,0.189754,0.173432
0.910000,0.150000,0.200894,0.184924
0.910000,0.160000,0.211896,0.196232
0.910000,0.170000,0.222745,0.207347
0.910000,0.180000,0.233428,0.218258
0.910000,0.190000,0.243931,0.228953
0.910000,0.200000,0.254240,0.239422
0.910000,0.210000,0.264343,0.249655
0.910000,0.220000,0.274224,0.259641
0.910000,0.230000,0.283873,0.269372
0.910000,0.240000,0.293276,0.278836
0.910000,0.250000,0.302420,0.288025
0.910000,0.260000,0.311295,0.296930
0.910000,0.270000,0.319888,0.305542
0.910000,0.280000,0.328187,0.313852
0.910000,0.290000,0.336184,0.321853
0.910000,0.300000,0.343865,0.329536
0.910000,0.310000,0.351223,0.336894
0.910000,0.320000,0.358247,0.343919
0.910000,0.330000,0.364929,0.350605
0.910000,0.340000,0.371260,0.356945
0.910000,0.350000,0.377232,0.362933
0.910000,0.360000,0.382838,0.368562
0.910000,0.370000,0.388072,0.373828
0.910000,0.380000,0.392926,0.378725
0.910000,0.390000,0.397396,0.383248
0.910000,0.400000,0.401475,0.387393
0.910000,0.410000,0.405161,0.391155
0.910000,0.420000,0.408447,0.394532
0.910000,0.430000,0.411332,0.397519
0.910000,0.440000,0.413811,0.400114
0.910000,0.450000,0.415884,0.402314
0.910000,0.460000,0.417547,0.404117
0.910000,0.470000,0.418800,0.405521
0.910000,0.480000,0.419642,0.406525
0.910000,0.490000,0.420071,0.407128
0.910000,0.500000,0.420089,0.407329
0.910000,0.510000,0.419696,0.407128
0.910000,0.520000,0.418893,0.406525
0.910000,0.530000,0.417680,0.405521
0.910000,0.540000,0.416061,0.404117
0.910000,0.550000,0.414036,0.402314
0.910000,0.560000,0.411610,0.400114
0.910000,0.570000,0.408784,0.397519
0.910000,0.580000,0.405561,0.394532
0.910000,0.590000,0.401946,0.391155
0.910000,0.600000,0.397942,0.387393
0.910000,0.610000,0.393552,0.383248
0.910000,0.620000,0.388781,0.378725
0.910000,0.630000,0.383634,0.373828
0.910000,0.640000,0.378115,0.368562
0.910000,0.650000,0.372229,0.362933
0.910000,0.660000,0.365980,0.356945
0.910000,0.670000,0.359375,0.350605
0.910000,0.680000,0.352418,0.343919
0.910000,0.690000,0.345114,0.336894
0.910000,0.700000,0.337469,0.329536
0.910000,0.710000,0.329489,0.321853
0.910000,0.720000,0.321179,0.313852
0.910000,0.730000,0.312544,0.305542
0.910000,0.740000,0.303590,0.296930
0.910000,0.750000,0.294324,0.288025
0.910000,0.760000,0.284750,0.278836
0.910000,0.770000,0.274874,0.269372
0.910000,0.780000,0.264702,0.259641
0.910000,0.790000,0.254239,0.249655
0.910000,0.800000,0.243492,0.239422
0.910000,0.810000,0.232466,0.228953
0.910000,0.820000,0.221166,0.218258
0.910000,0.830000,0.209598,0.207347
0.910000,0.840000,0.197769,0.196232
0.910000,0.850000,0.185682,0.184923
0.910000,0.860000,0.173343,0.173432
0.910000,0.870000,0.160758,0.161770
0.910000,0.880000,0.147933,0.149948
0.910000,0.890000,0.134872,0.137978
0.910000,0.900000,0.121581,0.125872
0.910000,0.910000,0.108064,0.113641
0.910000,0.920000,0.094328,0.101299
0.910000,0.930000,0.080377,0.088856
0.910000,0.940000,0.066215,0.076326
0.910000,0.950000,0.051849,0.063720
0.910000,0.960000,0.037282,0.051052
0.910000,0.970000,0.022520,0.038333
0.910000,0.980000,0.007568,0.025576
0.910000,0.990000,-0.007570,0.012794
0.910000,1.000000,-0.022890,-0.000000
0.920000,0.000000,0.027392,0.000000
0.920000,0.010000,0.038914,0.012669
0.920000,0.020000,0.050484,0.025325
0.920000,0.030000,0.062089,0.037957
0.920000,0.040000,0.073719,0.050550
0.920000,0.050000,0.085360,0.063095
0.920000,0.060000,0.096999,0.075576
0.920000,0.070000,0.108624,0.087983
0.920000,0.080000,0.120222,0.100304
0.920000,0.090000,0.131780,0.112525
0.920000,0.100000,0.143283,0.124635
0.920000,0.110000,0.154719,0.136623
0.920000,0.120000,0.166073,0.148475
0.920000,0.130000,0.177332,0.160181
0.920000,0.140000,0.188482,0.171729
0.920000,0.150000,0.199509,0.183107
0.920000,0.160000,0.210398,0.194305
0.920000,0.170000,0.221138,0.205311
0.920000,0.180000,0.231712,0.216114
0.920000,0.190000,0.242109,0.226704
0.920000,0.200000,0.252314,0.237071
0.920000,0.210000,0.262314,0.247203
0.920000,0.220000,0.272096,0.257091
0.920000,0.230000,0.281647,0.266726
0.920000,0.240000,0.290955,0.276097
0.920000,0.250000,0.300007,0.285196
0.920000,0.260000,0.308792,0.294014
0.920000,0.270000,0.317297,0.302541
0.920000,0.280000,0.325512,0.310770
0.920000,0.290000,0.333425,0.318692
0.920000,0.300000,0.341028,0.326300
0.920000,0.310000,0.348309,0.333585
0.920000,0.320000,0.355259,0.340542
0.920000,0.330000,0.361870,0.347162
0.920000,0.340000,0.368133,0.353440
0.920000,0.350000,0.374041,0.359368
0.920000,0.360000,0.379585,0.364943
0.920000,0.370000,0.384759,0.370157
0.920000,0.380000,0.389557,0.375005
0.920000,0.390000,0.393974,0.379484
0.920000,0.400000,0.398004,0.383588
0.920000,0.410000,0.401642,0.387314
0.920000,0.420000,0.404885,0.390657
0.920000,0.430000,0.407729,0.393615
0.920000,0.440000,0.410172,0.396185
0.920000,0.450000,0.412210,0.398363
0.920000,0.460000,0.413842,0.400148
0.920000,0.470000,0.415067,0.401539
0.920000,0.480000,0.415883,0.402533
0.920000,0.490000,0.416290,0.403130
0.920000,0.500000,0.416290,0.403329
0.920000,0.510000,0.415880,0.403130
0.920000,0.520000,0.415064,0.402533
0.920000,0.530000,0.413842,0.401539
0.920000,0.540000,0.412216,0.400148
0.920000,0.550000,0.410189,0.398363
0.920000,0.560000,0.407761,0.396185
0.920000,0.570000,0.404938,0.393615
0.920000,0.580000,0.401721,0.390657
0.920000,0.590000,0.398114,0.387314
0.920000,0.600000,0.394121,0.383588
0.920000,0.610000,0.389746,0.379484
0.920000,0.620000,0.384993,0.375005
0.920000,0.630000,0.379866,0.370157
0.920000,0.640000,0.374370,0.364943
0.920000,0.650000,0.368510,0.359368
0.920000,0.660000,0.362290,0.353440
0.920000,0.670000,0.355717,0.347162
0.920000,0.680000,0.348795,0.340542
0.920000,0.690000,0.341528,0.333585
0.920000,0.700000,0.333924,0.326300
0.920000,0.710000,0.325986,0.318692
0.920000,0.720000,0.317721,0.310770
0.920000,0.730000,0.309135,0.302541
0.920000,0.740000,0.300232,0.294014
0.920000,0.750000,0.291019,0.285196
0.920000,0.760000,0.281501,0.276097
0.920000,0.770000,0.271684,0.266726
0.920000,0.780000,0.261573,0.257091
0.920000,0.790000,0.251175,0.247203
0.920000,0.800000,0.240493,0.237071
0.920000,0.810000,0.229536,0.226704
0.920000,0.820000,0.218307,0.216114
0.920000,0.830000,0.206813,0.205311
0.920000,0.840000,0.195058,0.194305
0.920000,0.850000,0.183048,0.183107
0.920000,0.860000,0.170790,0.171729
0.920000,0.870000,0.158287,0.160181
0.920000,0.880000,0.145546,0.148475
0.920000,0.890000,0.132571,0.136623
0.920000,0.900000,0.119367,0.124635
0.920000,0.910000,0.105941,0.112525
0.920000,0.920000,0.092296,0.100304
0.920000,0.930000,0.078438,0.087983
0.920000,0.940000,0.064372,0.075576
0.920000,0.950000,0.050102,0.063094
0.920000,0.960000,0.035633,0.050550
0.920000,0.970000,0.020972,0.037956
0.920000,0.980000,0.006120,0.025325
0.920000,0.990000,-0.008915,0.012669
0.920000,1.000000,-0.024131,-0.000000
0.930000,0.000000,0.027833,0.000000
0.930000,0.010000,0.039229,0.012544
0.930000,0.020000,0.050672,0.025076
0.930000,0.030000,0.062152,0.037584
0.930000,0.040000,0.073657,0.050054
0.930000,0.050000,0.085173,0.062475
0.930000,0.060000,0.096689,0.074834
0.930000,0.070000,0.108192,0.087119
0.930000,0.080000,0.119668,0.099319
0.930000,0.090000,0.131105,0.111420
0.930000,0.100000,0.142489,0.123411
0.930000,0.110000,0.153807,0.135281
0.930000,0.120000,0.165044,0.147017
0.930000,0.130000,0.176188,0.158608
0.930000,0.140000,0.187224,0.170042
0.930000,0.150000,0.198138,0.181309
0.930000,0.160000,0.208917,0.192397
0.930000,0.170000,0.219548,0.203295
0.930000,0.180000,0.230016,0.213992
0.930000,0.190000,0.240307,0.224478
0.930000,0.200000,0.250409,0.234742
0.930000,0.210000,0.260309,0.244775
0.930000,0.220000,0.269992,0.254566
0.930000,0.230000,0.279447,0.264106
0.930000,0.240000,0.288661,0.273386
0.930000,0.250000,0.297622,0.282395
0.930000,0.260000,0.306317,0.291126
0.930000,0.270000,0.314736,0.299570
0.930000,0.280000,0.322867,0.307718
0.930000,0.290000,0.330700,0.315562
0.930000,0.300000,0.338224,0.323095
0.930000,0.310000,0.345429,0.330309
0.930000,0.320000,0.352307,0.337197
0.930000,0.330000,0.358848,0.343752
0.930000,0.340000,0.365043,0.349968
0.930000,0.350000,0.370886,0.355839
0.930000,0.360000,0.376369,0.361359
0.930000,0.370000,0.381485,0.366521
0.930000,0.380000,0.386228,0.371322
0.930000,0.390000,0.390592,0.375757
0.930000,0.400000,0.394573,0.379821
0.930000,0.410000,0.398165,0.383510
0.930000,0.420000,0.401364,0.386821
0.930000,0.430000,0.404168,0.389749
0.930000,0.440000,0.406573,0.392294
0.930000,0.450000,0.408577,0.394451
0.930000,0.460000,0.410178,0.396218
0.930000,0.470000,0.411374,0.397595
0.930000,0.480000,0.412165,0.398579
0.930000,0.490000,0.412551,0.399170
0.930000,0.500000,0.412531,0.399367
0.930000,0.510000,0.412106,0.399170
0.930000,0.520000,0.411277,0.398579
0.930000,0.530000,0.410045,0.397595
0.930000,0.540000,0.408412,0.396218
0.930000,0.550000,0.406380,0.394451
0.930000,0.560000,0.403952,0.392294
0.930000,0.570000,0.401131,0.389749
0.930000,0.580000,0.397919,0.386821
0.930000,0.590000,0.394320,0.383510
0.930000,0.600000,0.390338,0.379821
0.930000,0.610000,0.385976,0.375757
0.930000,0.620000,0.381239,0.371322
0.930000,0.630000,0.376132,0.366521
0.930000,0.640000,0.370659,0.361358
0.930000,0.650000,0.364824,0.355839
0.930000,0.660000,0.358633,0.349968
0.930000,0.670000,0.352090,0.343752
0.930000,0.680000,0.345201,0.337197
0.930000,0.690000,0.337972,0.330309
0.930000,0.700000,0.330406,0.323095
0.930000,0.710000,0.322510,0.315562
0.930000,0.720000,0.314290,0.307718
0.930000,0.730000,0.305751,0.299570
0.930000,0.740000,0.296898,0.291126
0.930000,0.750000,0.287737,0.282395
0.930000,0.760000,0.278274,0.273386
0.930000,0.770000,0.268514,0.264106
0.930000,0.780000,0.258463,0.254566
0.930000,0.790000,0.248127,0.244775
0.930000,0.800000,0.237511,0.234742
0.930000,0.810000,0.226620,0.224478
0.930000,0.820000,0.215460,0.213992
0.930000,0.830000,0.204038,0.203295
0.930000,0.840000,0.192358,0.192397
0.930000,0.850000,0.180424,0.181309
0.930000,0.860000,0.168244,0.170042
0.930000,0.870000,0.155822,0.158608
0.930000,0.880000,0.143163,0.147017
0.930000,0.890000,0.130272,0.135281
0.930000,0.900000,0.117155,0.123411
0.930000,0.910000,0.103817,0.111420
0.930000,0.920000,0.090262,0.099319
0.930000,0.930000,0.076497,0.087119
0.930000,0.940000,0.062524,0.074834
0.930000,0.950000,0.048350,0.062475
0.930000,0.960000,0.033978,0.050054
0.930000,0.970000,0.019415,0.037584
0.930000,0.980000,0.004663,0.025076
0.930000,0.990000,-0.010271,0.012544
0.930000,1.000000,-0.025384,-0.000000
0.940000,0.000000,0.028263,0.000000
0.940000,0.010000,0.039534,0.012421
0.940000,0.020000,0.050854,0.024830
0.940000,0.030000,0.062210,0.037215
0.940000,0.040000,0.073591,0.049562
0.940000,0.050000,0.084985,0.061861
0.940000,0.060000,0.096380,0.074099
0.940000,0.070000,0.107762,0.086264
0.940000,0.080000,0.119118,0.098343
0.940000,0.090000,0.130436,0.110326
0.940000,0.100000,0.141702,0.122199
0.940000,0.110000,0.152903,0.133952
0.940000,0.120000,0.164025,0.145573
0.940000,0.130000,0.175055,0.157050
0.940000,0.140000,0.185978,0.168372
0.940000,0.150000,0.196782,0.179528
0.940000,0.160000,0.207452,0.190507
0.940000,0.170000,0.217975,0.201298
0.940000,0.180000,0.228338,0.211890
0.940000,0.190000,0.238526,0.222273
0.940000,0.200000,0.248527,0.232437
0.940000,0.210000,0.258326,0.242371
0.940000,0.220000,0.267913,0.252066
0.940000,0.230000,0.277272,0.261513
0.940000,0.240000,0.286394,0.270701
0.940000,0.250000,0.295264,0.279622
0.940000,0.260000,0.303872,0.288267
0.940000,0.270000,0.312205,0.296628
0.940000,0.280000,0.320253,0.304696
0.940000,0.290000,0.328006,0.312463
0.940000,0.300000,0.335453,0.319922
0.940000,0.310000,0.342583,0.327065
0.940000,0.320000,0.349388,0.333885
0.940000,0.330000,0.355860,0.340376
0.940000,0.340000,0.361989,0.346531
0.940000,0.350000,0.367768,0.352344
0.940000,0.360000,0.373191,0.357810
0.940000,0.370000,0.378249,0.362922
0.940000,0.380000,0.382937,0.367676
0.940000,0.390000,0.387249,0.372067
0.940000,0.400000,0.391181,0.376091
0.940000,0.410000,0.394727,0.379744
0.940000,0.420000,0.397883,0.383022
0.940000,0.430000,0.400647,0.385922
0.940000,0.440000,0.403014,0.388441
0.940000,0.450000,0.404984,0.390577
0.940000,0.460000,0.406554,0.392327
0.940000,0.470000,0.407722,0.393690
0.940000,0.480000,0.408489,0.394665
0.940000,0.490000,0.408853,0.395250
0.940000,0.500000,0.408813,0.395445
0.940000,0.510000,0.408372,0.395250
0.940000,0.520000,0.407530,0.394665
0.940000,0.530000,0.406288,0.393690
0.940000,0.540000,0.404648,0.392327
0.940000,0.550000,0.402612,0.390577
0.940000,0.560000,0.400182,0.388441
0.940000,0.570000,0.397362,0.385922
0.940000,0.580000,0.394155,0.383022
0.940000,0.590000,0.390563,0.379744
0.940000,0.600000,0.386592,0.376091
0.940000,0.610000,0.382243,0.372067
0.940000,0.620000,0.377523,0.367676
0.940000,0.630000,0.372434,0.362922
0.940000,0.640000,0.366982,0.357810
0.940000,0.650000,0.361172,0.352344
0.940000,0.660000,0.355008,0.346531
0.940000,0.670000,0.348495,0.340376
0.940000,0.680000,0.341639,0.333885
0.940000,0.690000,0.334444,0.327065
0.940000,0.700000,0.326917,0.319922
0.940000,0.710000,0.319062,0.312463
0.940000,0.720000,0.310885,0.304696
0.940000,0.730000,0.302391,0.296628
0.940000,0.740000,0.293587,0.288267
0.940000,0.750000,0.284477,0.279622
0.940000,0.760000,0.275068,0.270701
0.940000,0.770000,0.265364,0.261513
0.940000,0.780000,0.255371,0.252066
0.940000,0.790000,0.245096,0.242371
0.940000,0.800000,0.234543,0.232437
0.940000,0.810000,0.223719,0.222273
0.940000,0.820000,0.212628,0.211890
0.940000,0.830000,0.201275,0.201298
0.940000,0.840000,0.189667,0.190507
0.940000,0.850000,0.177809,0.179528
0.940000,0.860000,0.165705,0.168372
0.940000,0.870000,0.153362,0.157050
0.940000,0.880000,0.140784,0.145573
0.940000,0.890000,0.127977,0.133952
0.940000,0.900000,0.114945,0.122199
0.940000,0.910000,0.101694,0.110326
0.940000,0.920000,0.088228,0.098343
0.940000,0.930000,0.074553,0.086264
0.940000,0.940000,0.060672,0.074099
0.940000,0.950000,0.046592,0.061861
0.940000,0.960000,0.032316,0.049562
0.940000,0.970000,0.017849,0.037215
0.940000,0.980000,0.003197,0.024830
0.940000,0.990000,-0.011638,0.012421
0.940000,1.000000,-0.026649,-0.000000
0.950000,0.000000,0.028682,0.000000
0.950000,0.010000,0.039830,0.012299
0.950000,0.020000,0.051028,0.024586
0.950000,0.030000,0.062263,0.036849
0.950000,0.040000,0.073523,0.049076
0.950000,0.050000,0.084796,0.061254
0.950000,0.060000,0.096070,0.073371
0.950000,0.070000,0.107333,0.085417
0.950000,0.080000,0.118571,0.097377
0.950000,0.090000,0.129772,0.109242
0.950000,0.100000,0.140922,0.120999
0.950000,0.110000,0.152007,0.132637
0.950000,0.120000,0.163016,0.144143
0.950000,0.130000,0.173933,0.155508
0.950000,0.140000,0.184746,0.166719
0.950000,0.150000,0.195440,0.177765
0.950000,0.160000,0.206002,0.188636
0.950000,0.170000,0.216420,0.199321
0.950000,0.180000,0.226678,0.209809
0.950000,0.190000,0.236764,0.220090
0.950000,0.200000,0.246664,0.230154
0.950000,0.210000,0.256366,0.239991
0.950000,0.220000,0.265856,0.249591
0.950000,0.230000,0.275123,0.258944
0.950000,0.240000,0.284152,0.268042
0.950000,0.250000,0.292933,0.276876
0.950000,0.260000,0.301454,0.285436
0.950000,0.270000,0.309703,0.293715
0.950000,0.280000,0.317670,0.301703
0.950000,0.290000,0.325343,0.309394
0.950000,0.300000,0.332713,0.316780
0.950000,0.310000,0.339769,0.323853
0.950000,0.320000,0.346504,0.330606
0.950000,0.330000,0.352907,0.337034
0.950000,0.340000,0.358970,0.343128
0.950000,0.350000,0.364687,0.348884
0.950000,0.360000,0.370049,0.354296
0.950000,0.370000,0.375049,0.359357
0.950000,0.380000,0.379683,0.364065
0.950000,0.390000,0.383944,0.368413
0.950000,0.400000,0.387827,0.372397
0.950000,0.410000,0.391327,0.376014
0.950000,0.420000,0.394441,0.379260
0.950000,0.430000,0.397165,0.382132
0.950000,0.440000,0.399496,0.384626
0.950000,0.450000,0.401432,0.386741
0.950000,0.460000,0.402971,0.388474
0.950000,0.470000,0.404112,0.389824
0.950000,0.480000,0.404852,0.390789
0.950000,0.490000,0.405194,0.391368
0.950000,0.500000,0.405136,0.391562
0.950000,0.510000,0.404678,0.391368
0.950000,0.520000,0.403823,0.390789
0.950000,0.530000,0.402571,0.389824
0.950000,0.540000,0.400923,0.388474
0.950000,0.550000,0.398883,0.386741
0.950000,0.560000,0.396451,0.384626
0.950000,0.570000,0.393633,0.382132
0.950000,0.580000,0.390429,0.379260
0.950000,0.590000,0.386845,0.376014
0.950000,0.600000,0.382882,0.372397
0.950000,0.610000,0.378546,0.368413
0.950000,0.620000,0.373841,0.364065
0.950000,0.630000,0.368771,0.359357
0.950000,0.640000,0.363340,0.354295
0.950000,0.650000,0.357553,0.348884
0.950000,0.660000,0.351415,0.343128
0.950000,0.670000,0.344931,0.337034
0.950000,0.680000,0.338107,0.330606
0.950000,0.690000,0.330946,0.323853
0.950000,0.700000,0.323456,0.316780
0.950000,0.710000,0.315641,0.309394
0.950000,0.720000,0.307506,0.301703
0.950000,0.730000,0.299057,0.293715
0.950000,0.740000,0.290300,0.285436
0.950000,0.750000,0.281240,0.276876
0.950000,0.760000,0.271883,0.268042
0.950000,0.770000,0.262234,0.258944
0.950000,0.780000,0.252299,0.249591
0.950000,0.790000,0.242083,0.239991
0.950000,0.800000,0.231593,0.230154
0.950000,0.810000,0.220832,0.220090
0.950000,0.820000,0.209808,0.209809
0.950000,0.830000,0.198524,0.199321
0.950000,0.840000,0.186988,0.188636
0.950000,0.850000,0.175203,0.177765
0.950000,0.860000,0.163175,0.166719
0.950000,0.870000,0.150909,0.155508
0.950000,0.880000,0.138411,0.144143
0.950000,0.890000,0.125685,0.132637
0.950000,0.900000,0.112737,0.120999
0.950000,0.910000,0.099571,0.109242
0.950000,0.920000,0.086193,0.097377
0.950000,0.930000,0.072607,0.085417
0.950000,0.940000,0.058817,0.073371
0.950000,0.950000,0.044829,0.061254
0.950000,0.960000,0.030648,0.049076
0.950000,0.970000,0.016277,0.036849
0.950000,0.980000,0.001722,0.024586
0.950000,0.990000,-0.013014,0.012299
0.950000,1.000000,-0.027926,-0.000000
0.960000,0.000000,0.029090,0.000000
0.960000,0.010000,0.040118,0.012178
0.960000,0.020000,0.051195,0.024345
0.960000,0.030000,0.062309,0.036487
0.960000,0.040000,0.073450,0.048594
0.960000,0.050000,0.084604,0.060652
0.960000,0.060000,0.095760,0.072651
0.960000,0.070000,0.106905,0.084578
0.960000,0.080000,0.118027,0.096421
0.960000,0.090000,0.129111,0.108169
0.960000,0.100000,0.140147,0.119811
0.960000,0.110000,0.151119,0.131334
0.960000,0.120000,0.162015,0.142728
0.960000,0.130000,0.172822,0.153981
0.960000,0.140000,0.183525,0.165081
0.960000,0.150000,0.194111,0.176019
0.960000,0.160000,0.204568,0.186784
0.960000,0.170000,0.214880,0.197364
0.960000,0.180000,0.225036,0.207749
0.960000,0.190000,0.235021,0.217929
0.960000,0.200000,0.244822,0.227894
0.960000,0.210000,0.254427,0.237634
0.960000,0.220000,0.263822,0.247140
0.960000,0.230000,0.272996,0.256401
0.960000,0.240000,0.281935,0.265410
0.960000,0.250000,0.290628,0.274157
0.960000,0.260000,0.299064,0.282633
0.960000,0.270000,0.307229,0.290830
0.960000,0.280000,0.315115,0.298740
0.960000,0.290000,0.322710,0.306356
0.960000,0.300000,0.330004,0.313669
0.960000,0.310000,0.336988,0.320672
0.960000,0.320000,0.343651,0.327359
0.960000,0.330000,0.349987,0.333724
0.960000,0.340000,0.355986,0.339758
0.960000,0.350000,0.361640,0.345458
0.960000,0.360000,0.366943,0.350816
0.960000,0.370000,0.371887,0.355828
0.960000,0.380000,0.376467,0.360489
0.960000,0.390000,0.380676,0.364795
0.960000,0.400000,0.384511,0.368740
0.960000,0.410000,0.387966,0.372321
0.960000,0.420000,0.391038,0.375535
0.960000,0.430000,0.393722,0.378379
0.960000,0.440000,0.396017,0.380849
0.960000,0.450000,0.397919,0.382943
0.960000,0.460000,0.399428,0.384659
0.960000,0.470000,0.400540,0.385995
0.960000,0.480000,0.401256,0.386951
0.960000,0.490000,0.401576,0.387525
0.960000,0.500000,0.401498,0.387716
0.960000,0.510000,0.401025,0.387525
0.960000,0.520000,0.400156,0.386951
0.960000,0.530000,0.398893,0.385995
0.960000,0.540000,0.397237,0.384659
0.960000,0.550000,0.395192,0.382943
0.960000,0.560000,0.392759,0.380849
0.960000,0.570000,0.389941,0.378379
0.960000,0.580000,0.386741,0.375535
0.960000,0.590000,0.383163,0.372321
0.960000,0.600000,0.379210,0.368740
0.960000,0.610000,0.374886,0.364795
0.960000,0.620000,0.370195,0.360489
0.960000,0.630000,0.365142,0.355828
0.960000,0.640000,0.359731,0.350816
0.960000,0.650000,0.353967,0.345458
0.960000,0.660000,0.347854,0.339758
0.960000,0.670000,0.341399,0.333723
0.960000,0.680000,0.334605,0.327359
0.960000,0.690000,0.327478,0.320672
0.960000,0.700000,0.320024,0.313669
0.960000,0.710000,0.312247,0.306356
0.960000,0.720000,0.304153,0.298740
0.960000,0.730000,0.295748,0.290830
0.960000,0.740000,0.287037,0.282633
0.960000,0.750000,0.278026,0.274157
0.960000,0.760000,0.268720,0.265410
0.960000,0.770000,0.259125,0.256401
0.960000,0.780000,0.249246,0.247139
0.960000,0.790000,0.239089,0.237634
0.960000,0.800000,0.228658,0.227894
0.960000,0.810000,0.217961,0.217929
0.960000,0.820000,0.207002,0.207749
0.960000,0.830000,0.195786,0.197363
0.960000,0.840000,0.184320,0.186784
0.960000,0.850000,0.172606,0.176019
0.960000,0.860000,0.160652,0.165081
0.960000,0.870000,0.148463,0.153981
0.960000,0.880000,0.136043,0.142728
0.960000,0.890000,0.123398,0.131334
0.960000,0.900000,0.110532,0.119811
0.960000,0.910000,0.097450,0.108169
0.960000,0.920000,0.084158,0.096421
0.960000,0.930000,0.070659,0.084578
0.960000,0.940000,0.056959,0.072651
0.960000,0.950000,0.043063,0.060652
0.960000,0.960000,0.028974,0.048594
0.960000,0.970000,0.014697,0.036487
0.960000,0.980000,0.000238,0.024345
0.960000,0.990000,-0.014401,0.012178
0.960000,1.000000,-0.029213,-0.000000
0.970000,0.000000,0.029488,0.000000
0.970000,0.010000,0.040396,0.012059
0.970000,0.020000,0.051354,0.024106
0.970000,0.030000,0.062350,0.036129
0.970000,0.040000,0.073373,0.048116
0.970000,0.050000,0.084410,0.060056
0.970000,0.060000,0.095449,0.071937
0.970000,0.070000,0.106478,0.083747
0.970000,0.080000,0.117485,0.095474
0.970000,0.090000,0.128455,0.107107
0.970000,0.100000,0.139377,0.118634
0.970000,0.110000,0.150238,0.130044
0.970000,0.120000,0.161023,0.141326
0.970000,0.130000,0.171720,0.152468
0.970000,0.140000,0.182315,0.163460
0.970000,0.150000,0.192796,0.174291
0.970000,0.160000,0.203147,0.184949
0.970000,0.170000,0.213356,0.195425
0.970000,0.180000,0.223410,0.205708
0.970000,0.190000,0.233296,0.215788
0.970000,0.200000,0.243000,0.225656
0.970000,0.210000,0.252509,0.235300
0.970000,0.220000,0.261811,0.244712
0.970000,0.230000,0.270893,0.253883
0.970000,0.240000,0.279743,0.262803
0.970000,0.250000,0.288349,0.271464
0.970000,0.260000,0.296699,0.279857
0.970000,0.270000,0.304783,0.287974
0.970000,0.280000,0.312589,0.295806
0.970000,0.290000,0.320107,0.303347
0.970000,0.300000,0.327326,0.310588
0.970000,0.310000,0.334238,0.317523
0.970000,0.320000,0.340832,0.324144
0.970000,0.330000,0.347100,0.330446
0.970000,0.340000,0.353035,0.336421
0.970000,0.350000,0.358627,0.342065
0.970000,0.360000,0.363871,0.347371
0.970000,0.370000,0.368760,0.352334
0.970000,0.380000,0.373286,0.356949
0.970000,0.390000,0.377445,0.361212
0.970000,0.400000,0.381233,0.365118
0.970000,0.410000,0.384643,0.368665
0.970000,0.420000,0.387673,0.371847
0.970000,0.430000,0.390318,0.374663
0.970000,0.440000,0.392577,0.377108
0.970000,0.450000,0.394446,0.379182
0.970000,0.460000,0.395923,0.380881
0.970000,0.470000,0.397008,0.382204
0.970000,0.480000,0.397699,0.383151
0.970000,0.490000,0.397997,0.383719
0.970000,0.500000,0.397900,0.383908
0.970000,0.510000,0.397410,0.383719
0.970000,0.520000,0.396528,0.383151
0.970000,0.530000,0.395254,0.382204
0.970000,0.540000,0.393591,0.380881
0.970000,0.550000,0.391540,0.379182
0.970000,0.560000,0.389105,0.377108
0.970000,0.570000,0.386287,0.374662
0.970000,0.580000,0.383090,0.371847
0.970000,0.590000,0.379518,0.368665
0.970000,0.600000,0.375573,0.365118
0.970000,0.610000,0.371261,0.361212
0.970000,0.620000,0.366584,0.356949
0.970000,0.630000,0.361548,0.352334
0.970000,0.640000,0.356156,0.347371
0.970000,0.650000,0.350414,0.342065
0.970000,0.660000,0.344326,0.336421
0.970000,0.670000,0.337898,0.330446
0.970000,0.680000,0.331134,0.324144
0.970000,0.690000,0.324039,0.317523
0.970000,0.700000,0.316620,0.310588
0.970000,0.710000,0.308881,0.303347
0.970000,0.720000,0.300827,0.295806
0.970000,0.730000,0.292465,0.287974
0.970000,0.740000,0.283799,0.279857
0.970000,0.750000,0.274835,0.271464
0.970000,0.760000,0.265579,0.262803
0.970000,0.770000,0.256036,0.253883
0.970000,0.780000,0.246212,0.244712
0.970000,0.790000,0.236112,0.235300
0.970000,0.800000,0.225741,0.225656
0.970000,0.810000,0.215106,0.215788
0.970000,0.820000,0.204210,0.205708
0.970000,0.830000,0.193061,0.195425
0.970000,0.840000,0.181662,0.184949
0.970000,0.850000,0.170020,0.174291
0.970000,0.860000,0.158139,0.163460
0.970000,0.870000,0.146024,0.152468
0.970000,0.880000,0.133681,0.141326
0.970000,0.890000,0.121115,0.130044
0.970000,0.900000,0.108330,0.118634
0.970000,0.910000,0.095331,0.107107
0.970000,0.920000,0.082123,0.095474
0.970000,0.930000,0.068711,0.083747
0.970000,0.940000,0.055099,0.071937
0.970000,0.950000,0.041292,0.060056
0.970000,0.960000,0.027295,0.048116
0.970000,0.970000,0.013111,0.036129
0.970000,0.980000,-0.001254,0.024106
0.970000,0.990000,-0.015796,0.012059
0.970000,1.000000,-0.030511,-0.000000
0.980000,0.000000,0.029875,0.000000
0.980000,0.010000,0.040666,0.011940
0.980000,0.020000,0.051506,0.023869
0.980000,0.030000,0.062386,0.035774
0.980000,0.040000,0.073291,0.047644
0.980000,0.050000,0.084213,0.059467
0.980000,0.060000,0.095137,0.071231
0.980000,0.070000,0.106052,0.082925
0.980000,0.080000,0.116944,0.094536
0.980000,0.090000,0.127802,0.106055
0.980000,0.100000,0.138613,0.117469
0.980000,0.110000,0.149363,0.128767
0.980000,0.120000,0.160039,0.139938
0.980000,0.130000,0.170629,0.150971
0.980000,0.140000,0.181117,0.161855
0.980000,0.150000,0.191492,0.172579
0.980000,0.160000,0.201740,0.183133
0.980000,0.170000,0.211848,0.193506
0.980000,0.180000,0.221801,0.203688
0.980000,0.190000,0.231589,0.213669
0.980000,0.200000,0.241196,0.223439
0.980000,0.210000,0.250611,0.232989
0.980000,0.220000,0.259820,0.242309
0.980000,0.230000,0.268812,0.251390
0.980000,0.240000,0.277574,0.260222
0.980000,0.250000,0.286094,0.268798
0.980000,0.260000,0.294361,0.277109
0.980000,0.270000,0.302364,0.285146
0.980000,0.280000,0.310091,0.292901
0.980000,0.290000,0.317532,0.300368
0.980000,0.300000,0.324678,0.307538
0.980000,0.310000,0.331518,0.314405
0.980000,0.320000,0.338043,0.320961
0.980000,0.330000,0.344246,0.327201
0.980000,0.340000,0.350117,0.333117
0.980000,0.350000,0.355649,0.338705
0.980000,0.360000,0.360835,0.343959
0.980000,0.370000,0.365667,0.348873
0.980000,0.380000,0.370142,0.353443
0.980000,0.390000,0.374251,0.357664
0.980000,0.400000,0.377991,0.361533
0.980000,0.410000,0.381357,0.365044
0.980000,0.420000,0.384345,0.368195
0.980000,0.430000,0.386952,0.370983
0.980000,0.440000,0.389174,0.373405
0.980000,0.450000,0.391010,0.375458
0.980000,0.460000,0.392457,0.377140
0.980000,0.470000,0.393515,0.378451
0.980000,0.480000,0.394182,0.379388
0.980000,0.490000,0.394457,0.379950
0.980000,0.500000,0.394341,0.380138
0.980000,0.510000,0.393834,0.379950
0.980000,0.520000,0.392939,0.379388
0.980000,0.530000,0.391654,0.378451
0.980000,0.540000,0.389982,0.377140
0.980000,0.550000,0.387927,0.375458
0.980000,0.560000,0.385489,0.373405
0.980000,0.570000,0.382671,0.370983
0.980000,0.580000,0.379477,0.368195
0.980000,0.590000,0.375910,0.365044
0.980000,0.600000,0.371973,0.361533
0.980000,0.610000,0.367672,0.357664
0.980000,0.620000,0.363008,0.353443
0.980000,0.630000,0.357988,0.348873
0.980000,0.640000,0.352615,0.343959
0.980000,0.650000,0.346894,0.338705
0.980000,0.660000,0.340830,0.333117
0.980000,0.670000,0.334428,0.327201
0.980000,0.680000,0.327693,0.320961
0.980000,0.690000,0.320631,0.314405
0.980000,0.700000,0.313245,0.307538
0.980000,0.710000,0.305542,0.300368
0.980000,0.720000,0.297528,0.292901
0.980000,0.730000,0.289207,0.285146
0.980000,0.740000,0.280585,0.277109
0.980000,0.750000,0.271668,0.268798
0.980000,0.760000,0.262461,0.260222
0.980000,0.770000,0.252969,0.251390
0.980000,0.780000,0.243198,0.242309
0.980000,0.790000,0.233154,0.232989
0.980000,0.800000,0.222841,0.223439
0.980000,0.810000,0.212266,0.213669
0.980000,0.820000,0.201434,0.203688
0.980000,0.830000,0.190349,0.193506
0.980000,0.840000,0.179018,0.183133
0.980000,0.850000,0.167444,0.172579
0.980000,0.860000,0.155635,0.161855
0.980000,0.870000,0.143593,0.150971
0.980000,0.880000,0.131326,0.139938
0.980000,0.890000,0.118837,0.128767
0.980000,0.900000,0.106131,0.117469
0.980000,0.910000,0.093213,0.106055
0.980000,0.920000,0.080089,0.094536
0.980000,0.930000,0.066762,0.082925
0.980000,0.940000,0.053236,0.071231
0.980000,0.950000,0.039518,0.059467
0.980000,0.960000,0.025611,0.047644
0.980000,0.970000,0.011519,0.035774
0.980000,0.980000,-0.002753,0.023869
0.980000,0.990000,-0.017200,0.011940
0.980000,1.000000,-0.031820,-0.000000
0.990000,0.000000,0.030250,0.000000
0.990000,0.010000,0.040925,0.011823
0.990000,0.020000,0.051650,0.023635
0.990000,0.030000,0.062414,0.035423
0.990000,0.040000,0.073206,0.047176
0.990000,0.050000,0.084013,0.058883
0.990000,0.060000,0.094823,0.070531
0.990000,0.070000,0.105625,0.082110
0.990000,0.080000,0.116406,0.093608
0.990000,0.090000,0.127153,0.105014
0.990000,0.100000,0.137853,0.116315
0.990000,0.110000,0.148494,0.127502
0.990000,0.120000,0.159063,0.138564
0.990000,0.130000,0.169546,0.149488
0.990000,0.140000,0.179929,0.160265
0.990000,0.150000,0.190200,0.170884
0.990000,0.160000,0.200346,0.181334
0.990000,0.170000,0.210353,0.191605
0.990000,0.180000,0.220208,0.201688
0.990000,0.190000,0.229899,0.211571
0.990000,0.200000,0.239411,0.221245
0.990000,0.210000,0.248733,0.230701
0.990000,0.220000,0.257851,0.239929
0.990000,0.230000,0.266753,0.248921
0.990000,0.240000,0.275429,0.257667
0.990000,0.250000,0.283864,0.266158
0.990000,0.260000,0.292048,0.274387
0.990000,0.270000,0.299971,0.282345
0.990000,0.280000,0.307620,0.290025
0.990000,0.290000,0.314986,0.297418
0.990000,0.300000,0.322059,0.304518
0.990000,0.310000,0.328828,0.311317
0.990000,0.320000,0.335286,0.317809
0.990000,0.330000,0.341423,0.323987
0.990000,0.340000,0.347231,0.329846
0.990000,0.350000,0.352703,0.335379
0.990000,0.360000,0.357831,0.340581
0.990000,0.370000,0.362609,0.345447
0.990000,0.380000,0.367031,0.349972
0.990000,0.390000,0.371092,0.354152
0.990000,0.400000,0.374785,0.357982
0.990000,0.410000,0.378107,0.361459
0.990000,0.420000,0.381054,0.364579
0.990000,0.430000,0.383622,0.367339
0.990000,0.440000,0.385810,0.369737
0.990000,0.450000,0.387612,0.371770
0.990000,0.460000,0.389030,0.373436
0.990000,0.470000,0.390060,0.374734
0.990000,0.480000,0.390702,0.375662
0.990000,0.490000,0.390955,0.376219
0.990000,0.500000,0.390821,0.376404
0.990000,0.510000,0.390298,0.376219
0.990000,0.520000,0.389388,0.375662
0.990000,0.530000,0.388092,0.374734
0.990000,0.540000,0.386413,0.373436
0.990000,0.550000,0.384351,0.371770
0.990000,0.560000,0.381910,0.369737
0.990000,0.570000,0.379092,0.367339
0.990000,0.580000,0.375900,0.364579
0.990000,0.590000,0.372338,0.361459
0.990000,0.600000,0.368410,0.357982
0.990000,0.610000,0.364118,0.354152
0.990000,0.620000,0.359467,0.349972
0.990000,0.630000,0.354463,0.345447
0.990000,0.640000,0.349108,0.340581
0.990000,0.650000,0.343407,0.335379
0.990000,0.660000,0.337366,0.329846
0.990000,0.670000,0.330990,0.323987
0.990000,0.680000,0.324283,0.317809
0.990000,0.690000,0.317251,0.311317
0.990000,0.700000,0.309899,0.304518
0.990000,0.710000,0.302232,0.297418
0.990000,0.720000,0.294255,0.290025
0.990000,0.730000,0.285975,0.282345
0.990000,0.740000,0.277395,0.274387
0.990000,0.750000,0.268524,0.266158
0.990000,0.760000,0.259364,0.257667
0.990000,0.770000,0.249922,0.248921
0.990000,0.780000,0.240204,0.239929
0.990000,0.790000,0.230214,0.230701
0.990000,0.800000,0.219959,0.221245
0.990000,0.810000,0.209443,0.211571
0.990000,0.820000,0.198672,0.201688
0.990000,0.830000,0.187651,0.191605
0.990000,0.840000,0.176385,0.181334
0.990000,0.850000,0.164880,0.170884
0.990000,0.860000,0.153140,0.160265
0.990000,0.870000,0.141171,0.149488
0.990000,0.880000,0.128977,0.138564
0.990000,0.890000,0.116564,0.127502
0.990000,0.900000,0.103936,0.116315
0.990000,0.910000,0.091098,0.105013
0.990000,0.920000,0.078056,0.093608
0.990000,0.930000,0.064812,0.082110
0.990000,0.940000,0.051372,0.070531
0.990000,0.950000,0.037741,0.058883
0.990000,0.960000,0.023922,0.047176
0.990000,0.970000,0.009921,0.035423
0.990000,0.980000,-0.004259,0.023635
0.990000,0.990000,-0.018613,0.011823
0.990000,1.000000,-0.033138,-0.000000
1.000000,0.000000,0.030614,0.000000
1.000000,0.010000,0.041175,0.011707
1.000000,0.020000,0.051786,0.023403
1.000000,0.030000,0.062436,0.035075
1.000000,0.040000,0.073115,0.046713
1.000000,0.050000,0.083809,0.058304
1.000000,0.060000,0.094508,0.069838
1.000000,0.070000,0.105198,0.081304
1.000000,0.080000,0.115869,0.092689
1.000000,0.090000,0.126506,0.103982
1.000000,0.100000,0.137098,0.115173
1.000000,0.110000,0.147632,0.126250
1.000000,0.120000,0.158094,0.137203
1.000000,0.130000,0.168471,0.148020
1.000000,0.140000,0.178751,0.158691
1.000000,0.150000,0.188920,0.169206
1.000000,0.160000,0.198965,0.179553
1.000000,0.170000,0.208873,0.189724
1.000000,0.180000,0.218631,0.199707
1.000000,0.190000,0.228225,0.209493
1.000000,0.200000,0.237644,0.219072
1.000000,0.210000,0.246873,0.228435
1.000000,0.220000,0.255902,0.237573
1.000000,0.230000,0.264716,0.246476
1.000000,0.240000,0.273305,0.255136
1.000000,0.250000,0.281657,0.263544
1.000000,0.260000,0.289760,0.271692
1.000000,0.270000,0.297603,0.279572
1.000000,0.280000,0.305176,0.287176
1.000000,0.290000,0.312467,0.294497
1.000000,0.300000,0.319468,0.301527
1.000000,0.310000,0.326168,0.308259
1.000000,0.320000,0.332558,0.314688
1.000000,0.330000,0.338631,0.320805
1.000000,0.340000,0.344377,0.326606
1.000000,0.350000,0.349789,0.332085
1.000000,0.360000,0.354861,0.337236
1.000000,0.370000,0.359585,0.342054
1.000000,0.380000,0.363956,0.346535
1.000000,0.390000,0.367968,0.350674
1.000000,0.400000,0.371615,0.354466
1.000000,0.410000,0.374893,0.357909
1.000000,0.420000,0.377800,0.360999
1.000000,0.430000,0.380330,0.363732
1.000000,0.440000,0.382482,0.366106
1.000000,0.450000,0.384252,0.368119
1.000000,0.460000,0.385639,0.369769
1.000000,0.470000,0.386642,0.371054
1.000000,0.480000,0.387260,0.371972
1.000000,0.490000,0.387491,0.372524
1.000000,0.500000,0.387338,0.372708
1.000000,0.510000,0.386799,0.372524
1.000000,0.520000,0.385875,0.371972
1.000000,0.530000,0.384568,0.371054
1.000000,0.540000,0.382880,0.369769
1.000000,0.550000,0.380813,0.368119
1.000000,0.560000,0.378368,0.366106
1.000000,0.570000,0.375550,0.363732
1.000000,0.580000,0.372360,0.360999
1.000000,0.590000,0.368803,0.357909
1.000000,0.600000,0.364881,0.354466
1.000000,0.610000,0.360599,0.350674
1.000000,0.620000,0.355961,0.346535
1.000000,0.630000,0.350971,0.342054
1.000000,0.640000,0.345634,0.337236
1.000000,0.650000,0.339953,0.332085
1.000000,0.660000,0.333934,0.326606
1.000000,0.670000,0.327583,0.320805
1.000000,0.680000,0.320904,0.314688
1.000000,0.690000,0.313901,0.308259
1.000000,0.700000,0.306581,0.301527
1.000000,0.710000,0.298948,0.294497
1.000000,0.720000,0.291009,0.287176
1.000000,0.730000,0.282768,0.279572
1.000000,0.740000,0.274231,0.271692
1.000000,0.750000,0.265403,0.263544
1.000000,0.760000,0.256290,0.255136
1.000000,0.770000,0.246897,0.246476
1.000000,0.780000,0.237230,0.237573
1.000000,0.790000,0.227294,0.228435
1.000000,0.800000,0.217094,0.219072
1.000000,0.810000,0.206636,0.209493
1.000000,0.820000,0.195925,0.199707
1.000000,0.830000,0.184966,0.189724
1.000000,0.840000,0.173764,0.179553
1.000000,0.850000,0.162326,0.169206
1.000000,0.860000,0.150655,0.158691
1.000000,0.870000,0.138756,0.148020
1.000000,0.880000,0.126635,0.137203
1.000000,0.890000,0.114297,0.126250
1.000000,0.900000,0.101746,0.115173
1.000000,0.910000,0.088987,0.103982
1.000000,0.920000,0.076024,0.092689
1.000000,0.930000,0.062863,0.081304
1.000000,0.940000,0.049507,0.069838
1.000000,0.950000,0.035961,0.058304
1.000000,0.960000,0.022230,0.046713
1.000000,0.970000,0.008318,0.035075
1.000000,0.980000,-0.005772,0.023402
1.000000,0.990000,-0.020034,0.011707
1.000000,1.000000,-0.034465,-0.000000
