t,S,V_pred,V_exact
0.000000,0.000000,0.000000,0.000000
0.000000,2.000000,-0.013953,0.000000
0.000000,4.000000,-0.026756,0.000000
0.000000,6.000000,-0.038270,0.000000
0.000000,8.000000,-0.048505,0.000000
0.000000,10.000000,-0.057465,0.000000
0.000000,12.000000,-0.065152,0.000000
0.000000,14.000000,-0.071568,0.000000
0.000000,16.000000,-0.076715,0.000000
0.000000,18.000000,-0.080591,0.000000
0.000000,20.000000,-0.083199,0.000000
0.000000,22.000000,-0.084537,0.000000
0.000000,24.000000,-0.084606,0.000000
0.000000,26.000000,-0.083405,0.000000
0.000000,28.000000,-0.080933,0.000000
0.000000,30.000000,-0.077188,0.000000
0.000000,32.000000,-0.072169,0.000001
0.000000,34.000000,-0.065872,-0.000000
0.000000,36.000000,-0.058292,0.000001
0.000000,38.000000,-0.049421,0.000007
0.000000,40.000000,-0.039246,0.000020
0.000000,42.000000,-0.027748,0.000061
0.000000,44.000000,-0.014893,0.000172
0.000000,46.000000,-0.000627,0.000451
0.000000,48.000000,0.015143,0.001081
0.000000,50.000000,0.032580,0.002399
0.000000,52.000000,0.051969,0.004992
0.000000,54.000000,0.073820,0.009789
0.000000,56.000000,0.099042,0.018182
0.000000,58.000000,0.129252,0.032164
0.000000,60.000000,0.167219,0.054437
0.000000,62.000000,0.217356,0.088498
0.000000,64.000000,0.285796,0.138690
0.000000,66.000000,0.379419,0.210182
0.000000,68.000000,0.504270,0.308913
0.000000,70.000000,0.665405,0.441449
0.000000,72.000000,0.868430,0.614806
0.000000,74.000000,1.120435,0.836232
0.000000,76.000000,1.429141,1.112933
0.000000,78.000000,1.800578,1.451857
0.000000,80.000000,2.239190,1.859420
0.000000,82.000000,2.751700,2.341298
0.000000,84.000000,3.346365,2.902257
0.000000,86.000000,4.027509,3.546024
0.000000,88.000000,4.794596,4.275193
0.000000,90.000000,5.643640,5.091224
0.000000,92.000000,6.567822,5.994443
0.000000,94.000000,7.561636,6.984114
0.000000,96.000000,8.625072,8.058531
0.000000,98.000000,9.759394,9.215115
0.000000,100.000000,10.961203,10.450583
0.000000,102.000000,12.230381,11.761064
0.000000,104.000000,13.567810,13.142239
0.000000,106.000000,14.968132,14.589499
0.000000,108.000000,16.431875,16.098022
0.000000,110.000000,17.959801,17.662951
0.000000,112.000000,19.544432,19.279444
0.000000,114.000000,21.177744,20.942739
0.000000,116.000000,22.855688,22.648293
0.000000,118.000000,24.575565,24.391766
0.000000,120.000000,26.333900,26.169050
0.000000,122.000000,28.126019,27.976364
0.000000,124.000000,29.946754,29.810198
0.000000,126.000000,31.791594,31.667353
0.000000,128.000000,33.657169,33.544922
0.000000,130.000000,35.541073,35.440269
0.000000,132.000000,37.441422,37.351082
0.000000,134.000000,39.356483,39.275253
0.000000,136.000000,41.284512,41.210953
0.000000,138.000000,43.223698,43.156536
0.000000,140.000000,45.172352,45.110611
0.000000,142.000000,47.128975,47.071922
0.000000,144.000000,49.092373,49.039391
0.000000,146.000000,51.061649,51.012112
0.000000,148.000000,53.036091,52.989246
0.000000,150.000000,55.015141,54.970146
0.000000,152.000000,56.998291,56.954193
0.000000,154.000000,58.985054,58.940899
0.000000,156.000000,60.974937,60.929840
0.000000,158.000000,62.967449,62.920654
0.000000,160.000000,64.962112,64.913025
0.000000,162.000000,66.958473,66.906700
0.000000,164.000000,68.956123,68.901482
0.000000,166.000000,70.954674,70.897141
0.000000,168.000000,72.953804,72.893578
0.000000,170.000000,74.953209,74.890625
0.000000,172.000000,76.952675,76.888199
0.000000,174.000000,78.951958,78.886200
0.000000,176.000000,80.950905,80.884544
0.000000,178.000000,82.949371,82.883202
0.000000,180.000000,84.947227,84.882095
0.000000,182.000000,86.944389,86.881187
0.000000,184.000000,88.940750,88.880424
0.000000,186.000000,90.936256,90.879822
0.000000,188.000000,92.930847,92.879311
0.000000,190.000000,94.924484,94.878899
0.000000,192.000000,96.917114,96.878571
0.000000,194.000000,98.908714,98.878281
0.000000,196.000000,100.899254,100.878067
0.000000,198.000000,102.888710,102.877884
0.000000,200.000000,104.877060,104.877724
0.010000,0.000000,0.000000,0.000000
0.010000,2.000000,-0.013801,0.000000
0.010000,4.000000,-0.026465,0.000000
0.010000,6.000000,-0.037851,0.000000
0.010000,8.000000,-0.047972,0.000000
0.010000,10.000000,-0.056830,0.000000
0.010000,12.000000,-0.064428,0.000000
0.010000,14.000000,-0.070769,0.000000
0.010000,16.000000,-0.075851,0.000000
0.010000,18.000000,-0.079677,0.000000
0.010000,20.000000,-0.082247,0.000000
0.010000,22.000000,-0.083560,0.000000
0.010000,24.000000,-0.083617,0.000000
0.010000,26.000000,-0.082416,0.000000
0.010000,28.000000,-0.079958,0.000000
0.010000,30.000000,-0.076239,0.000000
0.010000,32.000000,-0.071259,0.000001
0.010000,34.000000,-0.065014,0.000001
0.010000,36.000000,-0.057500,0.000003
0.010000,38.000000,-0.048708,0.000005
0.010000,40.000000,-0.038627,0.000016
0.010000,42.000000,-0.027238,0.000055
0.010000,44.000000,-0.014509,0.000157
0.010000,46.000000,-0.000388,0.000413
0.010000,48.000000,0.015212,0.000995
0.010000,50.000000,0.032445,0.002227
0.010000,52.000000,0.051581,0.004667
0.010000,54.000000,0.073100,0.009203
0.010000,56.000000,0.097865,0.017190
0.010000,58.000000,0.127406,0.030568
0.010000,60.000000,0.164366,0.051975
0.010000,62.000000,0.213000,0.084862
0.010000,64.000000,0.279334,0.133507
0.010000,66.000000,0.370323,0.203042
0.010000,68.000000,0.492249,0.299386
0.010000,70.000000,0.650354,0.429089
0.010000,72.000000,0.850281,0.599200
0.010000,74.000000,1.099128,0.816991
0.010000,76.000000,1.404688,1.089746
0.010000,78.000000,1.773068,1.424482
0.010000,80.000000,2.208445,1.827708
0.010000,82.000000,2.716963,2.305204
0.010000,84.000000,3.306752,2.861829
0.010000,86.000000,3.982802,3.501411
0.010000,88.000000,4.745421,4.226635
0.010000,90.000000,5.591114,5.039026
0.010000,92.000000,6.513127,5.938982
0.010000,94.000000,7.505531,6.925795
0.010000,96.000000,8.567509,7.997791
0.010000,98.000000,9.699953,9.152405
0.010000,100.000000,10.899927,10.386334
0.010000,102.000000,12.167617,11.695708
0.010000,104.000000,13.503798,13.076170
0.010000,106.000000,14.903461,14.523070
0.010000,108.000000,16.367138,16.031570
0.010000,110.000000,17.895124,17.596741
0.010000,112.000000,19.479965,19.213705
0.010000,114.000000,21.113943,20.877665
0.010000,116.000000,22.792933,22.584030
0.010000,118.000000,24.513908,24.328417
0.010000,120.000000,26.273132,26.106689
0.010000,122.000000,28.065847,27.915041
0.010000,124.000000,29.886993,29.749928
0.010000,126.000000,31.732231,31.608137
0.010000,128.000000,33.598320,33.486725
0.010000,130.000000,35.482880,35.383083
0.010000,132.000000,37.383999,37.294830
0.010000,134.000000,39.299892,39.219902
0.010000,136.000000,41.228752,41.156422
0.010000,138.000000,43.168736,43.102787
0.010000,140.000000,45.118122,45.057556
0.010000,142.000000,47.075417,47.019508
0.010000,144.000000,49.039433,48.987568
0.010000,146.000000,51.009274,50.960808
0.010000,148.000000,52.984234,52.938435
0.010000,150.000000,54.963760,54.919739
0.010000,152.000000,56.947338,56.904163
0.010000,154.000000,58.934483,58.891201
0.010000,156.000000,60.924706,60.880436
0.010000,158.000000,62.917511,62.871494
0.010000,160.000000,64.912422,64.864090
0.010000,162.000000,66.908997,66.857964
0.010000,164.000000,68.906815,68.852905
0.010000,166.000000,70.905518,70.848724
0.010000,168.000000,72.904762,72.845284
0.010000,170.000000,74.904289,74.842438
0.010000,172.000000,76.903831,76.840096
0.010000,174.000000,78.903198,78.838181
0.010000,176.000000,80.902222,80.836601
0.010000,178.000000,82.900757,82.835297
0.010000,180.000000,84.898689,84.834229
0.010000,182.000000,86.895912,86.833359
0.010000,184.000000,88.892349,88.832657
0.010000,186.000000,90.887932,90.832085
0.010000,188.000000,92.882607,92.831596
0.010000,190.000000,94.876328,94.831215
0.010000,192.000000,96.869064,96.830887
0.010000,194.000000,98.860764,98.830635
0.010000,196.000000,100.851418,100.830414
0.010000,198.000000,102.840996,102.830254
0.010000,200.000000,104.829483,104.830109
0.020000,0.000000,0.000000,0.000000
0.020000,2.000000,-0.013650,0.000000
0.020000,4.000000,-0.026173,0.000000
0.020000,6.000000,-0.037433,0.000000
0.020000,8.000000,-0.047439,0.000000
0.020000,10.000000,-0.056196,0.000000
0.020000,12.000000,-0.063706,0.000000
0.020000,14.000000,-0.069970,0.000000
0.020000,16.000000,-0.074990,0.000000
0.020000,18.000000,-0.078765,0.000000
0.020000,20.000000,-0.081297,0.000000
0.020000,22.000000,-0.082585,0.000000
0.020000,24.000000,-0.082630,0.000000
0.020000,26.000000,-0.081430,0.000000
0.020000,28.000000,-0.078984,0.000000
0.020000,30.000000,-0.075292,0.000000
0.020000,32.000000,-0.070352,0.000001
0.020000,34.000000,-0.064159,0.000000
0.020000,36.000000,-0.056710,0.000001
0.020000,38.000000,-0.047998,0.000004
0.020000,40.000000,-0.038010,0.000013
0.020000,42.000000,-0.026729,0.000048
0.020000,44.000000,-0.014126,0.000143
0.020000,46.000000,-0.000150,0.000376
0.020000,48.000000,0.015281,0.000914
0.020000,50.000000,0.032312,0.002066
0.020000,52.000000,0.051199,0.004353
0.020000,54.000000,0.072396,0.008643
0.020000,56.000000,0.096717,0.016236
0.020000,58.000000,0.125614,0.029024
0.020000,60.000000,0.161602,0.049588
0.020000,62.000000,0.208781,0.081313
0.020000,64.000000,0.273057,0.128429
0.020000,66.000000,0.361434,0.196030
0.020000,68.000000,0.480422,0.289998
0.020000,70.000000,0.635458,0.416889
0.020000,72.000000,0.832237,0.583750
0.020000,74.000000,1.077860,0.797906
0.020000,76.000000,1.380197,1.066701
0.020000,78.000000,1.745453,1.397228
0.020000,80.000000,2.177602,1.796091
0.020000,82.000000,2.682221,2.269167
0.020000,84.000000,3.267239,2.821427
0.020000,86.000000,3.938222,3.456787
0.020000,88.000000,4.696311,4.178020
0.020000,90.000000,5.538543,4.986736
0.020000,92.000000,6.458275,5.883390
0.020000,94.000000,7.449198,6.867315
0.020000,96.000000,8.509704,7.936867
0.020000,98.000000,9.640287,9.089484
0.020000,100.000000,10.838456,10.321882
0.020000,102.000000,12.104680,11.630143
0.020000,104.000000,13.439642,13.009890
0.020000,106.000000,14.838681,14.456449
0.020000,108.000000,16.302298,15.964916
0.020000,110.000000,17.830343,17.530354
0.020000,112.000000,19.415413,19.147804
0.020000,114.000000,21.050079,20.812445
0.020000,116.000000,22.730110,22.519646
0.020000,118.000000,24.452152,24.264957
0.020000,120.000000,26.212233,26.044249
0.020000,122.000000,28.005527,27.853659
0.020000,124.000000,29.827097,29.689627
0.020000,126.000000,31.672770,31.548883
0.020000,128.000000,33.539413,33.428528
0.020000,130.000000,35.424671,35.325871
0.020000,132.000000,37.326588,37.238579
0.020000,134.000000,39.243336,39.164555
0.020000,136.000000,41.173035,41.101913
0.020000,138.000000,43.113815,43.049046
0.020000,140.000000,45.063942,45.004532
0.020000,142.000000,47.021908,46.967129
0.020000,144.000000,48.986538,48.935791
0.020000,146.000000,50.956940,50.909542
0.020000,148.000000,52.932419,52.887627
0.020000,150.000000,54.912415,54.869354
0.020000,152.000000,56.896416,56.854153
0.020000,154.000000,58.883945,58.841515
0.020000,156.000000,60.874496,60.831039
0.020000,158.000000,62.867592,62.822346
0.020000,160.000000,64.862747,64.815170
0.020000,162.000000,66.859528,66.809235
0.020000,164.000000,68.857521,68.804337
0.020000,166.000000,70.856369,70.800301
0.020000,168.000000,72.855728,72.796974
0.020000,170.000000,74.855354,74.794235
0.020000,172.000000,76.854988,76.792000
0.020000,174.000000,78.854439,78.790154
0.020000,176.000000,80.853531,80.788651
0.020000,178.000000,82.852135,82.787407
0.020000,180.000000,84.850136,84.786392
0.020000,182.000000,86.847427,86.785553
0.020000,184.000000,88.843933,88.784874
0.020000,186.000000,90.839600,90.784332
0.020000,188.000000,92.834358,92.783882
0.020000,190.000000,94.828163,94.783508
0.020000,192.000000,96.820992,96.783211
0.020000,194.000000,98.812798,98.782967
0.020000,196.000000,100.803574,100.782761
0.020000,198.000000,102.793266,102.782608
0.020000,200.000000,104.781891,104.782455
0.030000,0.000000,0.000000,0.000000
0.030000,2.000000,-0.013499,0.000000
0.030000,4.000000,-0.025883,0.000000
0.030000,6.000000,-0.037016,0.000000
0.030000,8.000000,-0.046908,0.000000
0.030000,10.000000,-0.055564,0.000000
0.030000,12.000000,-0.062985,0.000000
0.030000,14.000000,-0.069173,0.000000
0.030000,16.000000,-0.074130,0.000000
0.030000,18.000000,-0.077855,0.000000
0.030000,20.000000,-0.080350,0.000000
0.030000,22.000000,-0.081614,0.000000
0.030000,24.000000,-0.081646,0.000000
0.030000,26.000000,-0.080447,0.000000
0.030000,28.000000,-0.078015,0.000000
0.030000,30.000000,-0.074350,0.000000
0.030000,32.000000,-0.069448,0.000001
0.030000,34.000000,-0.063308,-0.000001
0.030000,36.000000,-0.055926,0.000001
0.030000,38.000000,-0.047292,0.000003
0.030000,40.000000,-0.037399,0.000013
0.030000,42.000000,-0.026227,0.000043
0.030000,44.000000,-0.013748,0.000127
0.030000,46.000000,0.000083,0.000342
0.030000,48.000000,0.015346,0.000841
0.030000,50.000000,0.032179,0.001910
0.030000,52.000000,0.050821,0.004059
0.030000,54.000000,0.071703,0.008107
0.030000,56.000000,0.095593,0.015320
0.030000,58.000000,0.123867,0.027533
0.030000,60.000000,0.158920,0.047269
0.030000,62.000000,0.204691,0.077855
0.030000,64.000000,0.266957,0.123466
0.030000,66.000000,0.352748,0.189147
0.030000,68.000000,0.468788,0.280755
0.030000,70.000000,0.620722,0.404835
0.030000,72.000000,0.814303,0.568451
0.030000,74.000000,1.056641,0.778974
0.030000,76.000000,1.355675,1.043792
0.030000,78.000000,1.717736,1.370088
0.030000,80.000000,2.146649,1.764558
0.030000,82.000000,2.647453,2.233183
0.030000,84.000000,3.227806,2.781034
0.030000,86.000000,3.893760,3.412131
0.030000,88.000000,4.647266,4.129338
0.030000,90.000000,5.485929,4.934344
0.030000,92.000000,6.403266,5.827662
0.030000,94.000000,7.392633,6.808671
0.030000,96.000000,8.451651,7.875751
0.030000,98.000000,9.580386,9.026371
0.030000,100.000000,10.776777,10.257206
0.030000,102.000000,12.041565,11.564344
0.030000,104.000000,13.375334,12.943393
0.030000,106.000000,14.773772,14.389603
0.030000,108.000000,16.237339,15.898063
0.030000,110.000000,17.765442,17.463760
0.030000,112.000000,19.350763,19.081720
0.030000,114.000000,20.986139,20.747066
0.030000,116.000000,22.667202,22.455111
0.030000,118.000000,24.390282,24.201385
0.030000,120.000000,26.151182,25.981716
0.030000,122.000000,27.945045,27.792194
0.030000,124.000000,29.767054,29.629248
0.030000,126.000000,31.613203,31.489594
0.030000,128.000000,33.480446,33.370277
0.030000,130.000000,35.366432,35.268658
0.030000,132.000000,37.269184,37.182323
0.030000,134.000000,39.186794,39.109188
0.030000,136.000000,41.117348,41.047390
0.030000,138.000000,43.058933,42.995312
0.030000,140.000000,45.009796,44.951500
0.030000,142.000000,46.968433,46.914761
0.030000,144.000000,48.933674,48.883980
0.030000,146.000000,50.904640,50.858280
0.030000,148.000000,52.880627,52.836830
0.030000,150.000000,54.861095,54.818977
0.030000,152.000000,56.845524,56.804150
0.030000,154.000000,58.833420,58.791843
0.030000,156.000000,60.824303,60.781647
0.030000,158.000000,62.817673,62.773212
0.030000,160.000000,64.813072,64.766243
0.030000,162.000000,66.810051,66.760506
0.030000,164.000000,68.808220,68.755760
0.030000,166.000000,70.807205,70.751862
0.030000,168.000000,72.806686,72.748665
0.030000,170.000000,74.806412,74.746040
0.030000,172.000000,76.806129,76.743881
0.030000,174.000000,78.805656,78.742119
0.030000,176.000000,80.804817,80.740662
0.030000,178.000000,82.803490,82.739487
0.030000,180.000000,84.801552,84.738518
0.030000,182.000000,86.798912,86.737732
0.030000,184.000000,88.795502,88.737091
0.030000,186.000000,90.791229,90.736557
0.030000,188.000000,92.786072,92.736130
0.030000,190.000000,94.779968,94.735786
0.030000,192.000000,96.772896,96.735497
0.030000,194.000000,98.764809,98.735260
0.030000,196.000000,100.755684,100.735077
0.030000,198.000000,102.745514,102.734924
0.030000,200.000000,104.734268,104.734810
0.040000,0.000000,0.000000,0.000000
0.040000,2.000000,-0.013348,0.000000
0.040000,4.000000,-0.025593,0.000000
0.040000,6.000000,-0.036599,0.000000
0.040000,8.000000,-0.046378,0.000000
0.040000,10.000000,-0.054932,0.000000
0.040000,12.000000,-0.062265,0.000000
0.040000,14.000000,-0.068379,0.000000
0.040000,16.000000,-0.073272,0.000000
0.040000,18.000000,-0.076948,0.000000
0.040000,20.000000,-0.079405,0.000000
0.040000,22.000000,-0.080644,0.000000
0.040000,24.000000,-0.080665,0.000000
0.040000,26.000000,-0.079467,0.000000
0.040000,28.000000,-0.077049,0.000000
0.040000,30.000000,-0.073410,0.000000
0.040000,32.000000,-0.068549,0.000001
0.040000,34.000000,-0.062462,0.000001
0.040000,36.000000,-0.055145,0.000001
0.040000,38.000000,-0.046591,0.000003
0.040000,40.000000,-0.036791,0.000013
0.040000,42.000000,-0.025727,0.000038
0.040000,44.000000,-0.013374,0.000115
0.040000,46.000000,0.000314,0.000311
0.040000,48.000000,0.015410,0.000769
0.040000,50.000000,0.032046,0.001766
0.040000,52.000000,0.050447,0.003778
0.040000,54.000000,0.071021,0.007598
0.040000,56.000000,0.094493,0.014442
0.040000,58.000000,0.122166,0.026093
0.040000,60.000000,0.156317,0.045021
0.040000,62.000000,0.200728,0.074485
0.040000,64.000000,0.261036,0.118611
0.040000,66.000000,0.344271,0.182393
0.040000,68.000000,0.457356,0.271656
0.040000,70.000000,0.606156,0.392939
0.040000,72.000000,0.796495,0.553319
0.040000,74.000000,1.035487,0.760192
0.040000,76.000000,1.331138,1.021027
0.040000,78.000000,1.689927,1.343071
0.040000,80.000000,2.115587,1.733119
0.040000,82.000000,2.612647,2.197260
0.040000,84.000000,3.188442,2.740669
0.040000,86.000000,3.849413,3.367459
0.040000,88.000000,4.598294,4.080598
0.040000,90.000000,5.433283,4.881849
0.040000,92.000000,6.348112,5.771793
0.040000,94.000000,7.335844,6.749858
0.040000,96.000000,8.393351,7.814447
0.040000,98.000000,9.520253,8.963038
0.040000,100.000000,10.714895,10.192308
0.040000,102.000000,11.978271,11.498330
0.040000,104.000000,13.310867,12.876661
0.040000,106.000000,14.708735,14.322544
0.040000,108.000000,16.172255,15.831007
0.040000,110.000000,17.700418,17.396984
0.040000,112.000000,19.286015,19.015480
0.040000,114.000000,20.922119,20.681549
0.040000,116.000000,22.604202,22.390455
0.040000,118.000000,24.328291,24.137707
0.040000,120.000000,26.089981,25.919088
0.040000,122.000000,27.884403,27.730654
0.040000,124.000000,29.706875,29.568813
0.040000,126.000000,31.553537,31.430260
0.040000,128.000000,33.421421,33.312012
0.040000,130.000000,35.308182,35.211411
0.040000,132.000000,37.211788,37.126045
0.040000,134.000000,39.130283,39.053829
0.040000,136.000000,41.061699,40.992886
0.040000,138.000000,43.004089,42.941578
0.040000,140.000000,44.955692,44.898495
0.040000,142.000000,46.915001,46.862404
0.040000,144.000000,48.880852,48.832218
0.040000,146.000000,50.852375,50.807026
0.040000,148.000000,52.828876,52.786060
0.040000,150.000000,54.809807,54.768620
0.040000,152.000000,56.794647,56.754150
0.040000,154.000000,58.782917,58.742180
0.040000,156.000000,60.774124,60.732262
0.040000,158.000000,62.767773,62.724079
0.040000,160.000000,64.763405,64.717323
0.040000,162.000000,66.760590,66.711761
0.040000,164.000000,68.758919,68.707191
0.040000,166.000000,70.758041,70.703438
0.040000,168.000000,72.757637,72.700363
0.040000,170.000000,74.757454,74.697823
0.040000,172.000000,76.757263,76.695747
0.040000,174.000000,78.756859,78.694069
0.040000,176.000000,80.756096,80.692688
0.040000,178.000000,82.754837,82.691551
0.040000,180.000000,84.752953,84.690628
0.040000,182.000000,86.750381,86.689888
0.040000,184.000000,88.747032,88.689278
0.040000,186.000000,90.742851,90.688774
0.040000,188.000000,92.737770,92.688362
0.040000,190.000000,94.731758,94.688034
0.040000,192.000000,96.724777,96.687775
0.040000,194.000000,98.716789,98.687553
0.040000,196.000000,100.707787,100.687363
0.040000,198.000000,102.697731,102.687233
0.040000,200.000000,104.686623,104.687111
0.050000,0.000000,0.000000,0.000000
0.050000,2.000000,-0.013198,0.000000
0.050000,4.000000,-0.025303,0.000000
0.050000,6.000000,-0.036183,0.000000
0.050000,8.000000,-0.045848,0.000000
0.050000,10.000000,-0.054302,0.000000
0.050000,12.000000,-0.061547,0.000000
0.050000,14.000000,-0.067585,0.000000
0.050000,16.000000,-0.072417,0.000000
0.050000,18.000000,-0.076042,0.000000
0.050000,20.000000,-0.078463,0.000000
0.050000,22.000000,-0.079678,0.000000
0.050000,24.000000,-0.079687,0.000000
0.050000,26.000000,-0.078490,0.000000
0.050000,28.000000,-0.076086,0.000000
0.050000,30.000000,-0.072474,0.000000
0.050000,32.000000,-0.067653,0.000001
0.050000,34.000000,-0.061618,0.000000
0.050000,36.000000,-0.054367,0.000000
0.050000,38.000000,-0.045894,0.000004
0.050000,40.000000,-0.036187,0.000011
0.050000,42.000000,-0.025232,0.000036
0.050000,44.000000,-0.013004,0.000103
0.050000,46.000000,0.000541,0.000282
0.050000,48.000000,0.015472,0.000705
0.050000,50.000000,0.031913,0.001630
0.050000,52.000000,0.050077,0.003511
0.050000,54.000000,0.070350,0.007110
0.050000,56.000000,0.093416,0.013597
0.050000,58.000000,0.120508,0.024705
0.050000,60.000000,0.153791,0.042838
0.050000,62.000000,0.196889,0.071204
0.050000,64.000000,0.255289,0.113866
0.050000,66.000000,0.336002,0.175768
0.050000,68.000000,0.446132,0.262704
0.050000,70.000000,0.591769,0.381196
0.050000,72.000000,0.778822,0.538342
0.050000,74.000000,1.014410,0.741570
0.050000,76.000000,1.306603,0.998404
0.050000,78.000000,1.662039,1.316180
0.050000,80.000000,2.084412,1.701781
0.050000,82.000000,2.577790,2.161398
0.050000,84.000000,3.149132,2.700324
0.050000,86.000000,3.805179,3.322770
0.050000,88.000000,4.549398,4.031797
0.050000,90.000000,5.380615,4.829260
0.050000,92.000000,6.292820,5.715792
0.050000,94.000000,7.278833,6.690883
0.050000,96.000000,8.334802,7.752958
0.050000,98.000000,9.459887,8.899500
0.050000,100.000000,10.652805,10.127197
0.050000,102.000000,11.914793,11.432085
0.050000,104.000000,13.246244,12.809708
0.050000,106.000000,14.643562,14.255269
0.050000,108.000000,16.107044,15.763731
0.050000,110.000000,17.635273,17.330030
0.050000,112.000000,19.221165,18.949059
0.050000,114.000000,20.858011,20.615862
0.050000,116.000000,22.541103,22.325663
0.050000,118.000000,24.266167,24.073921
0.050000,120.000000,26.028622,25.856358
0.050000,122.000000,27.823599,27.669044
0.050000,124.000000,29.646559,29.508310
0.050000,126.000000,31.493778,31.370880
0.050000,128.000000,33.362350,33.253716
0.050000,130.000000,35.249920,35.154133
0.050000,132.000000,37.154411,37.069771
0.050000,134.000000,39.073807,38.998474
0.050000,136.000000,41.006088,40.938385
0.050000,138.000000,42.949291,42.887863
0.050000,140.000000,44.901630,44.845516
0.050000,142.000000,46.861610,46.810059
0.050000,144.000000,48.828072,48.780464
0.050000,146.000000,50.800148,50.755802
0.050000,148.000000,52.777157,52.735298
0.050000,150.000000,54.758549,54.718277
0.050000,152.000000,56.743801,56.704174
0.050000,154.000000,58.732437,58.692513
0.050000,156.000000,60.723961,60.682880
0.050000,158.000000,62.717884,62.674950
0.050000,160.000000,64.713753,64.668419
0.050000,162.000000,66.711128,66.663033
0.050000,164.000000,68.709610,68.658623
0.050000,166.000000,70.708870,70.655006
0.050000,168.000000,72.708580,72.652031
0.050000,170.000000,74.708488,74.649605
0.050000,172.000000,76.708382,76.647621
0.050000,174.000000,78.708054,78.646004
0.050000,176.000000,80.707359,80.644691
0.050000,178.000000,82.706154,82.643616
0.050000,180.000000,84.704346,84.642731
0.050000,182.000000,86.701843,86.642014
0.050000,184.000000,88.698563,88.641441
0.050000,186.000000,90.694443,90.640961
0.050000,188.000000,92.689453,92.640579
0.050000,190.000000,94.683517,94.640274
0.050000,192.000000,96.676636,96.640022
0.050000,194.000000,98.668755,98.639816
0.050000,196.000000,100.659859,100.639656
0.050000,198.000000,102.649940,102.639519
0.050000,200.000000,104.638954,104.639404
0.060000,0.000000,0.000000,0.000000
0.060000,2.000000,-0.013048,0.000000
0.060000,4.000000,-0.025014,0.000000
0.060000,6.000000,-0.035768,0.000000
0.060000,8.000000,-0.045320,0.000000
0.060000,10.000000,-0.053673,0.000000
0.060000,12.000000,-0.060830,0.000000
0.060000,14.000000,-0.066793,0.000000
0.060000,16.000000,-0.071563,0.000000
0.060000,18.000000,-0.075139,0.000000
0.060000,20.000000,-0.077522,0.000000
0.060000,22.000000,-0.078713,0.000000
0.060000,24.000000,-0.078711,0.000000
0.060000,26.000000,-0.077516,0.000000
0.060000,28.000000,-0.075126,0.000000
0.060000,30.000000,-0.071542,0.000000
0.060000,32.000000,-0.066760,0.000001
0.060000,34.000000,-0.060779,0.000000
0.060000,36.000000,-0.053594,0.000001
0.060000,38.000000,-0.045200,0.000004
0.060000,40.000000,-0.035588,0.000009
0.060000,42.000000,-0.024741,0.000031
0.060000,44.000000,-0.012637,0.000092
0.060000,46.000000,0.000765,0.000257
0.060000,48.000000,0.015532,0.000644
0.060000,50.000000,0.031779,0.001501
0.060000,52.000000,0.049711,0.003259
0.060000,54.000000,0.069688,0.006645
0.060000,56.000000,0.092360,0.012788
0.060000,58.000000,0.118890,0.023365
0.060000,60.000000,0.151337,0.040729
0.060000,62.000000,0.193168,0.068015
0.060000,64.000000,0.249715,0.109229
0.060000,66.000000,0.327944,0.169267
0.060000,68.000000,0.435122,0.253895
0.060000,70.000000,0.577569,0.369614
0.060000,72.000000,0.761295,0.523530
0.060000,74.000000,0.993423,0.723107
0.060000,76.000000,1.282084,0.975927
0.060000,78.000000,1.634082,1.289414
0.060000,80.000000,2.053128,1.670538
0.060000,82.000000,2.542869,2.125602
0.060000,84.000000,3.109860,2.660003
0.060000,86.000000,3.761047,3.278061
0.060000,88.000000,4.500583,3.982938
0.060000,90.000000,5.327935,4.776567
0.060000,92.000000,6.237396,5.659653
0.060000,94.000000,7.221606,6.631735
0.060000,96.000000,8.276009,7.691267
0.060000,98.000000,9.399283,8.835745
0.060000,100.000000,10.590507,10.061852
0.060000,102.000000,11.851129,11.365606
0.060000,104.000000,13.181456,12.742537
0.060000,106.000000,14.578254,14.187773
0.060000,108.000000,16.041697,15.696266
0.060000,110.000000,17.569992,17.262869
0.060000,112.000000,19.156212,18.882465
0.060000,114.000000,20.793814,20.550035
0.060000,116.000000,22.477896,22.260750
0.060000,118.000000,24.203905,24.010021
0.060000,120.000000,25.967096,25.793556
0.060000,122.000000,27.762636,27.607363
0.060000,124.000000,29.586111,29.447773
0.060000,126.000000,31.433933,31.311464
0.060000,128.000000,33.303238,33.195389
0.060000,130.000000,35.191650,35.096867
0.060000,132.000000,37.097046,37.013481
0.060000,134.000000,39.017357,38.943115
0.060000,136.000000,40.950520,40.883896
0.060000,138.000000,42.894539,42.834167
0.060000,140.000000,44.847610,44.792519
0.060000,142.000000,46.808262,46.757732
0.060000,144.000000,48.775330,48.728725
0.060000,146.000000,50.747963,50.704601
0.060000,148.000000,52.725471,52.684559
0.060000,150.000000,54.707317,54.667950
0.060000,152.000000,56.692986,56.654221
0.060000,154.000000,58.681976,58.642872
0.060000,156.000000,60.673817,60.633518
0.060000,158.000000,62.668011,62.625820
0.060000,160.000000,64.664101,64.619499
0.060000,162.000000,66.661667,66.614304
0.060000,164.000000,68.660316,68.610054
0.060000,166.000000,70.659698,70.606560
0.060000,168.000000,72.659523,72.603714
0.060000,170.000000,74.659523,74.601387
0.060000,172.000000,76.659492,76.599487
0.060000,174.000000,78.659233,78.597939
0.060000,176.000000,80.658600,80.596664
0.060000,178.000000,82.657463,82.595650
0.060000,180.000000,84.655716,84.594818
0.060000,182.000000,86.653275,86.594147
0.060000,184.000000,88.650063,88.593597
0.060000,186.000000,90.646027,90.593155
0.060000,188.000000,92.641106,92.592796
0.060000,190.000000,94.635269,94.592499
0.060000,192.000000,96.628479,96.592262
0.060000,194.000000,98.620697,98.592072
0.060000,196.000000,100.611916,100.591911
0.060000,198.000000,102.602112,102.591782
0.060000,200.000000,104.591263,104.591682
0.070000,0.000000,0.000000,0.000000
0.070000,2.000000,-0.012898,0.000000
0.070000,4.000000,-0.024725,0.000000
0.070000,6.000000,-0.035354,0.000000
0.070000,8.000000,-0.044792,0.000000
0.070000,10.000000,-0.053045,0.000000
0.070000,12.000000,-0.060116,0.000000
0.070000,14.000000,-0.066004,0.000000
0.070000,16.000000,-0.070711,0.000000
0.070000,18.000000,-0.074238,0.000000
0.070000,20.000000,-0.076585,0.000000
0.070000,22.000000,-0.077752,0.000000
0.070000,24.000000,-0.077739,0.000000
0.070000,26.000000,-0.076546,0.000000
0.070000,28.000000,-0.074171,0.000000
0.070000,30.000000,-0.070614,0.000000
0.070000,32.000000,-0.065872,0.000000
0.070000,34.000000,-0.059944,-0.000001
0.070000,36.000000,-0.052826,0.000001
0.070000,38.000000,-0.044512,0.000000
0.070000,40.000000,-0.034993,0.000008
0.070000,42.000000,-0.024255,0.000027
0.070000,44.000000,-0.012275,0.000083
0.070000,46.000000,0.000984,0.000230
0.070000,48.000000,0.015588,0.000589
0.070000,50.000000,0.031644,0.001380
0.070000,52.000000,0.049345,0.003021
0.070000,54.000000,0.069034,0.006200
0.070000,56.000000,0.091321,0.012012
0.070000,58.000000,0.117309,0.022075
0.070000,60.000000,0.148949,0.038681
0.070000,62.000000,0.189559,0.064910
0.070000,64.000000,0.244306,0.104699
0.070000,66.000000,0.320092,0.162902
0.070000,68.000000,0.424327,0.245233
0.070000,70.000000,0.563562,0.358191
0.070000,72.000000,0.743922,0.508882
0.070000,74.000000,0.972537,0.704805
0.070000,76.000000,1.257592,0.953606
0.070000,78.000000,1.606067,1.262776
0.070000,80.000000,2.021732,1.639402
0.070000,82.000000,2.507870,2.089871
0.070000,84.000000,3.070608,2.619703
0.070000,86.000000,3.717006,3.233331
0.070000,88.000000,4.451847,3.934016
0.070000,90.000000,5.275245,4.723771
0.070000,92.000000,6.181845,5.603371
0.070000,94.000000,7.164157,6.572412
0.070000,96.000000,8.216958,7.629377
0.070000,98.000000,9.338435,8.771772
0.070000,100.000000,10.527988,9.996280
0.070000,102.000000,11.787270,11.298901
0.070000,104.000000,13.116497,12.675119
0.070000,106.000000,14.512794,14.120048
0.070000,108.000000,15.976204,15.628578
0.070000,110.000000,17.504576,17.195515
0.070000,112.000000,19.091143,18.815689
0.070000,114.000000,20.729509,20.484039
0.070000,116.000000,22.414570,22.195686
0.070000,118.000000,24.141489,23.945995
0.070000,120.000000,25.905399,25.730652
0.070000,122.000000,27.701506,27.545605
0.070000,124.000000,29.525534,29.387178
0.070000,126.000000,31.374001,31.251995
0.070000,128.000000,33.244076,33.137024
0.070000,130.000000,35.133366,35.039562
0.070000,132.000000,37.039696,36.957188
0.070000,134.000000,38.960938,38.887772
0.070000,136.000000,40.894985,40.829414
0.070000,138.000000,42.839817,42.780476
0.070000,140.000000,44.793633,44.739559
0.070000,142.000000,46.754948,46.705421
0.070000,144.000000,48.722622,48.676994
0.070000,146.000000,50.695801,50.653397
0.070000,148.000000,52.673817,52.633823
0.070000,150.000000,54.656113,54.617622
0.070000,152.000000,56.642185,56.604259
0.070000,154.000000,58.631538,58.593246
0.070000,156.000000,60.623680,60.584160
0.070000,158.000000,62.618141,62.576698
0.070000,160.000000,64.614456,64.570587
0.070000,162.000000,66.612206,66.565567
0.070000,164.000000,68.611000,68.561462
0.070000,166.000000,70.610519,70.558113
0.070000,168.000000,72.610443,72.555374
0.070000,170.000000,74.610535,74.553146
0.070000,172.000000,76.610580,76.551346
0.070000,174.000000,78.610390,78.549858
0.070000,176.000000,80.609825,80.548660
0.070000,178.000000,82.608749,82.547684
0.070000,180.000000,84.607063,84.546883
0.070000,182.000000,86.604683,86.546234
0.070000,184.000000,88.601547,88.545723
0.070000,186.000000,90.597580,90.545303
0.070000,188.000000,92.592735,92.544952
0.070000,190.000000,94.586975,94.544685
0.070000,192.000000,96.580284,96.544456
0.070000,194.000000,98.572609,98.544281
0.070000,196.000000,100.563942,100.544144
0.070000,198.000000,102.554260,102.544022
0.070000,200.000000,104.543541,104.543938
0.080000,0.000000,0.000000,0.000000
0.080000,2.000000,-0.012748,0.000000
0.080000,4.000000,-0.024437,0.000000
0.080000,6.000000,-0.034940,0.000000
0.080000,8.000000,-0.044266,0.000000
0.080000,10.000000,-0.052419,0.000000
0.080000,12.000000,-0.059402,0.000000
0.080000,14.000000,-0.065215,0.000000
0.080000,16.000000,-0.069861,0.000000
0.080000,18.000000,-0.073339,0.000000
0.080000,20.000000,-0.075649,0.000000
0.080000,22.000000,-0.076793,0.000000
0.080000,24.000000,-0.076769,0.000000
0.080000,26.000000,-0.075577,0.000000
0.080000,28.000000,-0.073217,0.000000
0.080000,30.000000,-0.069688,0.000000
0.080000,32.000000,-0.064987,0.000000
0.080000,34.000000,-0.059112,-0.000001
0.080000,36.000000,-0.052061,-0.000001
0.080000,38.000000,-0.043827,0.000002
0.080000,40.000000,-0.034401,0.000005
0.080000,42.000000,-0.023772,0.000022
0.080000,44.000000,-0.011916,0.000076
0.080000,46.000000,0.001202,0.000209
0.080000,48.000000,0.015643,0.000537
0.080000,50.000000,0.031509,0.001268
0.080000,52.000000,0.048984,0.002797
0.080000,54.000000,0.068389,0.005781
0.080000,56.000000,0.090303,0.011268
0.080000,58.000000,0.115766,0.020834
0.080000,60.000000,0.146630,0.036703
0.080000,62.000000,0.186063,0.061890
0.080000,64.000000,0.239063,0.100282
0.080000,66.000000,0.312453,0.156664
0.080000,68.000000,0.413757,0.236719
0.080000,70.000000,0.549761,0.346931
0.080000,72.000000,0.726717,0.494402
0.080000,74.000000,0.951769,0.686670
0.080000,76.000000,1.233148,0.931440
0.080000,78.000000,1.578013,1.236277
0.080000,80.000000,1.990236,1.608365
0.080000,82.000000,2.472790,2.054211
0.080000,84.000000,3.031364,2.579435
0.080000,86.000000,3.673052,3.188590
0.080000,88.000000,4.403193,3.885038
0.080000,90.000000,5.222557,4.670872
0.080000,92.000000,6.126184,5.546951
0.080000,94.000000,7.106503,6.512918
0.080000,96.000000,8.157664,7.567286
0.080000,98.000000,9.277351,8.707582
0.080000,100.000000,10.465261,9.930477
0.080000,102.000000,11.723221,11.231960
0.080000,104.000000,13.051369,12.607473
0.080000,106.000000,14.447187,14.052092
0.080000,108.000000,15.910568,15.560674
0.080000,110.000000,17.439026,17.127974
0.080000,112.000000,19.025963,18.748749
0.080000,114.000000,20.665104,20.417898
0.080000,116.000000,22.351120,22.130497
0.080000,118.000000,24.078924,23.881868
0.080000,120.000000,25.843536,25.667652
0.080000,122.000000,27.640217,27.483774
0.080000,124.000000,29.464836,29.326519
0.080000,126.000000,31.313995,31.192501
0.080000,128.000000,33.184887,33.078659
0.080000,130.000000,35.075085,34.982281
0.080000,132.000000,36.982368,36.900909
0.080000,134.000000,38.904556,38.832417
0.080000,136.000000,40.839500,40.774937
0.080000,138.000000,42.785149,42.726814
0.080000,140.000000,44.739704,44.686611
0.080000,142.000000,46.701683,46.653130
0.080000,144.000000,48.669960,48.625313
0.080000,146.000000,50.643688,50.602222
0.080000,148.000000,52.622200,52.583122
0.080000,150.000000,54.604946,54.567341
0.080000,152.000000,56.591412,56.554329
0.080000,154.000000,58.581120,58.543621
0.080000,156.000000,60.573566,60.534824
0.080000,158.000000,62.568287,62.527592
0.080000,160.000000,64.564819,64.521683
0.080000,162.000000,66.562752,66.516846
0.080000,164.000000,68.561707,68.512909
0.080000,166.000000,70.561333,70.509682
0.080000,168.000000,72.561371,72.507065
0.080000,170.000000,74.561554,74.504906
0.080000,172.000000,76.561668,76.503166
0.080000,174.000000,78.561546,78.501770
0.080000,176.000000,80.561043,80.500626
0.080000,178.000000,82.560028,82.499695
0.080000,180.000000,84.558403,84.498947
0.080000,182.000000,86.556084,86.498337
0.080000,184.000000,88.553009,88.497849
0.080000,186.000000,90.549118,90.497459
0.080000,188.000000,92.544357,92.497131
0.080000,190.000000,94.538681,94.496872
0.080000,192.000000,96.532082,96.496658
0.080000,194.000000,98.524513,98.496498
0.080000,196.000000,100.515953,100.496368
0.080000,198.000000,102.506386,102.496254
0.080000,200.000000,104.495804,104.496170
0.090000,0.000000,0.000000,0.000000
0.090000,2.000000,-0.012598,0.000000
0.090000,4.000000,-0.024149,0.000000
0.090000,6.000000,-0.034527,0.000000
0.090000,8.000000,-0.043740,0.000000
0.090000,10.000000,-0.051794,0.000000
0.090000,12.000000,-0.058689,0.000000
0.090000,14.000000,-0.064429,0.000000
0.090000,16.000000,-0.069013,0.000000
0.090000,18.000000,-0.072442,0.000000
0.090000,20.000000,-0.074717,0.000000
0.090000,22.000000,-0.075837,0.000000
0.090000,24.000000,-0.075803,0.000000
0.090000,26.000000,-0.074613,0.000000
0.090000,28.000000,-0.072268,0.000000
0.090000,30.000000,-0.068766,0.000000
0.090000,32.000000,-0.064106,0.000000
0.090000,34.000000,-0.058285,-0.000001
0.090000,36.000000,-0.051301,0.000001
0.090000,38.000000,-0.043147,0.000001
0.090000,40.000000,-0.033816,0.000006
0.090000,42.000000,-0.023294,0.000023
0.090000,44.000000,-0.011563,0.000066
0.090000,46.000000,0.001415,0.000187
0.090000,48.000000,0.015693,0.000487
0.090000,50.000000,0.031372,0.001162
0.090000,52.000000,0.048623,0.002586
0.090000,54.000000,0.067750,0.005382
0.090000,56.000000,0.089299,0.010560
0.090000,58.000000,0.114254,0.019640
0.090000,60.000000,0.144370,0.034792
0.090000,62.000000,0.182670,0.058963
0.090000,64.000000,0.233979,0.095972
0.090000,66.000000,0.305020,0.150557
0.090000,68.000000,0.403411,0.228359
0.090000,70.000000,0.536167,0.335831
0.090000,72.000000,0.709686,0.480090
0.090000,74.000000,0.931126,0.668705
0.090000,76.000000,1.208760,0.909426
0.090000,78.000000,1.549929,1.209911
0.090000,80.000000,1.958639,1.577438
0.090000,82.000000,2.437615,2.018621
0.090000,84.000000,2.992107,2.539202
0.090000,86.000000,3.629166,3.143835
0.090000,88.000000,4.354617,3.835992
0.090000,90.000000,5.169873,4.617868
0.090000,92.000000,6.070409,5.490387
0.090000,94.000000,7.048635,6.453244
0.090000,96.000000,8.098116,7.504988
0.090000,98.000000,9.216021,8.643163
0.090000,100.000000,10.402308,9.864439
0.090000,102.000000,11.658972,11.164778
0.090000,104.000000,12.986064,12.539585
0.090000,106.000000,14.381419,13.983913
0.090000,108.000000,15.844771,15.492558
0.090000,110.000000,17.373325,17.060225
0.090000,112.000000,18.960657,18.681622
0.090000,114.000000,20.600578,20.351593
0.090000,116.000000,22.287529,22.065159
0.090000,118.000000,24.016191,23.817631
0.090000,120.000000,25.781490,25.604559
0.090000,122.000000,27.578768,27.421869
0.090000,124.000000,29.404015,29.265810
0.090000,126.000000,31.253916,31.132971
0.090000,128.000000,33.125664,33.020264
0.090000,130.000000,35.016808,34.924961
0.090000,132.000000,36.925064,36.844612
0.090000,134.000000,38.848206,38.777084
0.090000,136.000000,40.784050,40.720474
0.090000,138.000000,42.730515,42.673145
0.090000,140.000000,44.685810,44.633686
0.090000,142.000000,46.648453,46.600861
0.090000,144.000000,48.617329,48.573627
0.090000,146.000000,50.591602,50.551071
0.090000,148.000000,52.570606,52.532429
0.090000,150.000000,54.553802,54.517063
0.090000,152.000000,56.540665,56.504406
0.090000,154.000000,58.530716,58.494007
0.090000,156.000000,60.523464,60.485485
0.090000,158.000000,62.518440,62.478500
0.090000,160.000000,64.515182,64.472786
0.090000,162.000000,66.513298,66.468124
0.090000,164.000000,68.512398,68.464325
0.090000,166.000000,70.512154,70.461227
0.090000,168.000000,72.512283,72.458710
0.090000,170.000000,74.512543,74.456665
0.090000,172.000000,76.512733,76.454994
0.090000,174.000000,78.512680,78.453659
0.090000,176.000000,80.512230,80.452568
0.090000,178.000000,82.511284,82.451691
0.090000,180.000000,84.509720,84.450981
0.090000,182.000000,86.507462,86.450401
0.090000,184.000000,88.504456,88.449944
0.090000,186.000000,90.500626,90.449577
0.090000,188.000000,92.495941,92.449265
0.090000,190.000000,94.490356,94.449020
0.090000,192.000000,96.483841,96.448830
0.090000,194.000000,98.476379,98.448685
0.090000,196.000000,100.467934,100.448547
0.090000,198.000000,102.458488,102.448448
0.090000,200.000000,104.448036,104.448372
0.100000,0.000000,0.000000,0.000000
0.100000,2.000000,-0.012449,0.000000
0.100000,4.000000,-0.023861,0.000000
0.100000,6.000000,-0.034114,0.000000
0.100000,8.000000,-0.043215,0.000000
0.100000,10.000000,-0.051169,0.000000
0.100000,12.000000,-0.057978,0.000000
0.100000,14.000000,-0.063644,0.000000
0.100000,16.000000,-0.068166,0.000000
0.100000,18.000000,-0.071547,0.000000
0.100000,20.000000,-0.073785,0.000000
0.100000,22.000000,-0.074883,0.000000
0.100000,24.000000,-0.074838,0.000000
0.100000,26.000000,-0.073651,0.000000
0.100000,28.000000,-0.071321,0.000000
0.100000,30.000000,-0.067846,0.000000
0.100000,32.000000,-0.063227,0.000000
0.100000,34.000000,-0.057460,0.000001
0.100000,36.000000,-0.050543,-0.000001
0.100000,38.000000,-0.042469,0.000001
0.100000,40.000000,-0.033232,0.000003
0.100000,42.000000,-0.022819,0.000019
0.100000,44.000000,-0.011211,0.000059
0.100000,46.000000,0.001625,0.000169
0.100000,48.000000,0.015743,0.000441
0.100000,50.000000,0.031236,0.001064
0.100000,52.000000,0.048266,0.002386
0.100000,54.000000,0.067120,0.005001
0.100000,56.000000,0.088314,0.009882
0.100000,58.000000,0.112777,0.018495
0.100000,60.000000,0.142172,0.032946
0.100000,62.000000,0.179380,0.056119
0.100000,64.000000,0.229053,0.091770
0.100000,66.000000,0.297795,0.144582
0.100000,68.000000,0.393296,0.220142
0.100000,70.000000,0.522793,0.324892
0.100000,72.000000,0.692841,0.465951
0.100000,74.000000,0.910626,0.650908
0.100000,76.000000,1.184451,0.887575
0.100000,78.000000,1.521835,1.183687
0.100000,80.000000,1.926956,1.546621
0.100000,82.000000,2.402346,1.983105
0.100000,84.000000,2.952827,2.498993
0.100000,86.000000,3.585341,3.099068
0.100000,88.000000,4.306121,3.786891
0.100000,90.000000,5.117204,4.564765
0.100000,92.000000,6.014538,5.433681
0.100000,94.000000,6.990567,6.393394
0.100000,96.000000,8.038321,7.442490
0.100000,98.000000,9.154446,8.578522
0.100000,100.000000,10.339142,9.798161
0.100000,102.000000,11.594523,11.097346
0.100000,104.000000,12.920580,12.471468
0.100000,106.000000,14.315495,13.915518
0.100000,108.000000,15.778821,15.424229
0.100000,110.000000,17.307480,16.992275
0.100000,112.000000,18.895233,18.614315
0.100000,114.000000,20.535934,20.285133
0.100000,116.000000,22.223801,21.999704
0.100000,118.000000,23.953289,23.753281
0.100000,120.000000,25.719273,25.541388
0.100000,122.000000,27.517164,27.359905
0.100000,124.000000,29.343084,29.205059
0.100000,126.000000,31.193771,31.073402
0.100000,128.000000,33.066418,32.961853
0.100000,130.000000,34.958534,34.867638
0.100000,132.000000,36.867786,36.788322
0.100000,134.000000,38.791901,38.721752
0.100000,136.000000,40.728645,40.666027
0.100000,138.000000,42.675934,42.619518
0.100000,140.000000,44.631966,44.580799
0.100000,142.000000,46.595272,46.548622
0.100000,144.000000,48.564743,48.521976
0.100000,146.000000,50.539558,50.499943
0.100000,148.000000,52.519054,52.481770
0.100000,150.000000,54.502689,54.466801
0.100000,152.000000,56.489944,56.454498
0.100000,154.000000,58.480339,58.444416
0.100000,156.000000,60.473385,60.436157
0.100000,158.000000,62.468609,62.429413
0.100000,160.000000,64.465561,64.423897
0.100000,162.000000,66.463852,66.419403
0.100000,164.000000,68.463089,68.415749
0.100000,166.000000,70.462959,70.412788
0.100000,168.000000,72.463196,72.410370
0.100000,170.000000,74.463547,74.408417
0.100000,172.000000,76.463799,76.406845
0.100000,174.000000,78.463814,78.405548
0.100000,176.000000,80.463425,80.404526
0.100000,178.000000,82.462524,82.403679
0.100000,180.000000,84.461021,84.403023
0.100000,182.000000,86.458832,86.402466
0.100000,184.000000,88.455879,88.402023
0.100000,186.000000,90.452133,90.401688
0.100000,188.000000,92.447517,92.401398
0.100000,190.000000,94.442017,94.401169
0.100000,192.000000,96.435600,96.400986
0.100000,194.000000,98.428238,98.400848
0.100000,196.000000,100.419899,100.400726
0.100000,198.000000,102.410583,102.400627
0.100000,200.000000,104.400253,104.400551
0.110000,0.000000,0.000000,0.000000
0.110000,2.000000,-0.012300,0.000000
0.110000,4.000000,-0.023574,0.000000
0.110000,6.000000,-0.033702,0.000000
0.110000,8.000000,-0.042691,0.000000
0.110000,10.000000,-0.050546,0.000000
0.110000,12.000000,-0.057269,0.000000
0.110000,14.000000,-0.062860,0.000000
0.110000,16.000000,-0.067322,0.000000
0.110000,18.000000,-0.070654,0.000000
0.110000,20.000000,-0.072857,0.000000
0.110000,22.000000,-0.073932,0.000000
0.110000,24.000000,-0.073877,0.000000
0.110000,26.000000,-0.072692,0.000000
0.110000,28.000000,-0.070377,0.000000
0.110000,30.000000,-0.066932,0.000000
0.110000,32.000000,-0.062353,0.000000
0.110000,34.000000,-0.056641,0.000001
0.110000,36.000000,-0.049790,0.000001
0.110000,38.000000,-0.041797,0.000002
0.110000,40.000000,-0.032654,0.000004
0.110000,42.000000,-0.022350,0.000016
0.110000,44.000000,-0.010865,0.000052
0.110000,46.000000,0.001830,0.000152
0.110000,48.000000,0.015788,0.000400
0.110000,50.000000,0.031096,0.000971
0.110000,52.000000,0.047907,0.002196
0.110000,54.000000,0.066494,0.004642
0.110000,56.000000,0.087341,0.009237
0.110000,58.000000,0.111328,0.017392
0.110000,60.000000,0.140028,0.031163
0.110000,62.000000,0.176184,0.053362
0.110000,64.000000,0.224275,0.087679
0.110000,66.000000,0.290772,0.138734
0.110000,68.000000,0.383410,0.212081
0.110000,70.000000,0.509640,0.314129
0.110000,72.000000,0.676189,0.451988
0.110000,74.000000,0.890274,0.633285
0.110000,76.000000,1.160228,0.865885
0.110000,78.000000,1.493741,1.157607
0.110000,80.000000,1.895190,1.515917
0.110000,82.000000,2.366971,1.947667
0.110000,84.000000,2.913502,2.458824
0.110000,86.000000,3.541558,3.054287
0.110000,88.000000,4.257691,3.737734
0.110000,90.000000,5.064547,4.511555
0.110000,92.000000,5.958566,5.376824
0.110000,94.000000,6.932296,6.333360
0.110000,96.000000,7.978269,7.379774
0.110000,98.000000,9.092621,8.513643
0.110000,100.000000,10.275743,9.731632
0.110000,102.000000,11.529865,11.029671
0.110000,104.000000,12.854908,12.403093
0.110000,106.000000,14.249397,13.846864
0.110000,108.000000,15.712702,15.355667
0.110000,110.000000,17.241478,16.924118
0.110000,112.000000,18.829670,18.546831
0.110000,114.000000,20.471155,20.218512
0.110000,116.000000,22.159914,21.934107
0.110000,118.000000,23.890209,23.688808
0.110000,120.000000,25.656868,25.478115
0.110000,122.000000,27.455408,27.297874
0.110000,124.000000,29.282043,29.144249
0.110000,126.000000,31.133562,31.013802
0.110000,128.000000,33.007149,32.903412
0.110000,130.000000,34.900269,34.810314
0.110000,132.000000,36.810539,36.732040
0.110000,134.000000,38.735626,38.666443
0.110000,136.000000,40.673283,40.611603
0.110000,138.000000,42.621395,42.565895
0.110000,140.000000,44.578159,44.527905
0.110000,142.000000,46.542126,46.496407
0.110000,144.000000,48.512196,48.470345
0.110000,146.000000,50.487549,50.448837
0.110000,148.000000,52.467529,52.431122
0.110000,150.000000,54.451599,54.416569
0.110000,152.000000,56.439247,56.404610
0.110000,154.000000,58.429977,58.394829
0.110000,156.000000,60.423313,60.386841
0.110000,158.000000,62.418781,62.380322
0.110000,160.000000,64.415939,64.375015
0.110000,162.000000,66.414391,66.370689
0.110000,164.000000,68.413773,68.367180
0.110000,166.000000,70.413765,70.364326
0.110000,168.000000,72.414093,72.362030
0.110000,170.000000,74.414520,74.360168
0.110000,172.000000,76.414848,76.358635
0.110000,174.000000,78.414917,78.357422
0.110000,176.000000,80.414589,80.356445
0.110000,178.000000,82.413750,82.355652
0.110000,180.000000,84.412300,84.355026
0.110000,182.000000,86.410172,86.354507
0.110000,184.000000,88.407280,88.354103
0.110000,186.000000,90.403595,90.353775
0.110000,188.000000,92.399071,92.353500
0.110000,190.000000,94.393654,94.353279
0.110000,192.000000,96.387329,96.353127
0.110000,194.000000,98.380066,98.352982
0.110000,196.000000,100.371834,100.352867
0.110000,198.000000,102.362633,102.352783
0.110000,200.000000,104.352440,104.352722
0.120000,0.000000,0.000000,0.000000
0.120000,2.000000,-0.012151,0.000000
0.120000,4.000000,-0.023288,0.000000
0.120000,6.000000,-0.033291,0.000000
0.120000,8.000000,-0.042169,0.000000
0.120000,10.000000,-0.049924,0.000000
0.120000,12.000000,-0.056561,0.000000
0.120000,14.000000,-0.062079,0.000000
0.120000,16.000000,-0.066479,0.000000
0.120000,18.000000,-0.069764,0.000000
0.120000,20.000000,-0.071932,0.000000
0.120000,22.000000,-0.072983,0.000000
0.120000,24.000000,-0.072918,0.000000
0.120000,26.000000,-0.071736,0.000000
0.120000,28.000000,-0.069437,0.000000
0.120000,30.000000,-0.066020,0.000000
0.120000,32.000000,-0.061483,0.000000
0.120000,34.000000,-0.055825,0.000001
0.120000,36.000000,-0.049042,-0.000000
0.120000,38.000000,-0.041129,0.000000
0.120000,40.000000,-0.032080,0.000005
0.120000,42.000000,-0.021885,0.000015
0.120000,44.000000,-0.010523,0.000046
0.120000,46.000000,0.002032,0.000134
0.120000,48.000000,0.015830,0.000361
0.120000,50.000000,0.030954,0.000886
0.120000,52.000000,0.047550,0.002021
0.120000,54.000000,0.065873,0.004302
0.120000,56.000000,0.086382,0.008620
0.120000,58.000000,0.109906,0.016338
0.120000,60.000000,0.137936,0.029445
0.120000,62.000000,0.173081,0.050689
0.120000,64.000000,0.219643,0.083695
0.120000,66.000000,0.283951,0.133023
0.120000,68.000000,0.373757,0.204171
0.120000,70.000000,0.496717,0.303526
0.120000,72.000000,0.659739,0.438199
0.120000,74.000000,0.870084,0.615839
0.120000,76.000000,1.136108,0.844364
0.120000,78.000000,1.465665,1.131674
0.120000,80.000000,1.863355,1.485330
0.120000,82.000000,2.331492,1.912306
0.120000,84.000000,2.874122,2.418686
0.120000,86.000000,3.497801,3.009494
0.120000,88.000000,4.209329,3.688513
0.120000,90.000000,5.011906,4.458239
0.120000,92.000000,5.902508,5.319821
0.120000,94.000000,6.873830,6.273138
0.120000,96.000000,7.917968,7.316847
0.120000,98.000000,9.030544,8.448533
0.120000,100.000000,10.212114,9.664859
0.120000,102.000000,11.464998,10.961736
0.120000,104.000000,12.789047,12.334470
0.120000,106.000000,14.183126,13.777975
0.120000,108.000000,15.646409,15.286888
0.120000,110.000000,17.175320,16.855761
0.120000,112.000000,18.763973,18.479156
0.120000,114.000000,20.406239,20.151730
0.120000,116.000000,22.095865,21.868372
0.120000,118.000000,23.826944,23.624226
0.120000,120.000000,25.594286,25.414761
0.120000,122.000000,27.393501,27.235762
0.120000,124.000000,29.220898,29.083393
0.120000,126.000000,31.073298,30.954157
0.120000,128.000000,32.947861,32.844963
0.120000,130.000000,34.842010,34.752983
0.120000,132.000000,36.753315,36.675762
0.120000,134.000000,38.679394,38.611122
0.120000,136.000000,40.617962,40.557186
0.120000,138.000000,42.566898,42.512306
0.120000,140.000000,44.524399,44.475052
0.120000,142.000000,46.489021,46.444206
0.120000,144.000000,48.459686,48.418739
0.120000,146.000000,50.435574,50.397758
0.120000,148.000000,52.416039,52.380489
0.120000,150.000000,54.400543,54.366337
0.120000,152.000000,56.388569,56.354740
0.120000,154.000000,58.379635,58.345264
0.120000,156.000000,60.373257,60.337540
0.120000,158.000000,62.368969,62.331245
0.120000,160.000000,64.366325,64.326126
0.120000,162.000000,66.364952,66.321968
0.120000,164.000000,68.364464,68.318596
0.120000,166.000000,70.364563,70.315880
0.120000,168.000000,72.364983,72.313675
0.120000,170.000000,74.365486,74.311890
0.120000,172.000000,76.365883,76.310455
0.120000,174.000000,78.366013,78.309303
0.120000,176.000000,80.365738,80.308365
0.120000,178.000000,82.364960,82.307610
0.120000,180.000000,84.363564,84.307022
0.120000,182.000000,86.361488,86.306541
0.120000,184.000000,88.358673,88.306145
0.120000,186.000000,90.355049,90.305840
0.120000,188.000000,92.350594,92.305588
0.120000,190.000000,94.345261,94.305389
0.120000,192.000000,96.339027,96.305237
0.120000,194.000000,98.331863,98.305092
0.120000,196.000000,100.323753,100.305000
0.120000,198.000000,102.314667,102.304916
0.120000,200.000000,104.304604,104.304855
0.130000,0.000000,0.000000,0.000000
0.130000,2.000000,-0.012002,0.000000
0.130000,4.000000,-0.023002,0.000000
0.130000,6.000000,-0.032881,0.000000
0.130000,8.000000,-0.041647,0.000000
0.130000,10.000000,-0.049304,0.000000
0.130000,12.000000,-0.055854,0.000000
0.130000,14.000000,-0.061299,0.000000
0.130000,16.000000,-0.065639,0.000000
0.130000,18.000000,-0.068875,0.000000
0.130000,20.000000,-0.071008,0.000000
0.130000,22.000000,-0.072037,0.000000
0.130000,24.000000,-0.071962,0.000000
0.130000,26.000000,-0.070784,0.000000
0.130000,28.000000,-0.068501,0.000000
0.130000,30.000000,-0.065112,0.000000
0.130000,32.000000,-0.060617,0.000000
0.130000,34.000000,-0.055012,0.000001
0.130000,36.000000,-0.048297,-0.000001
0.130000,38.000000,-0.040465,-0.000000
0.130000,40.000000,-0.031511,0.000002
0.130000,42.000000,-0.021423,0.000011
0.130000,44.000000,-0.010186,0.000042
0.130000,46.000000,0.002230,0.000121
0.130000,48.000000,0.015869,0.000325
0.130000,50.000000,0.030811,0.000806
0.130000,52.000000,0.047193,0.001855
0.130000,54.000000,0.065256,0.003979
0.130000,56.000000,0.085435,0.008033
0.130000,58.000000,0.108511,0.015325
0.130000,60.000000,0.135895,0.027791
0.130000,62.000000,0.170066,0.048103
0.130000,64.000000,0.215152,0.079821
0.130000,66.000000,0.277328,0.127439
0.130000,68.000000,0.364338,0.196416
0.130000,70.000000,0.484028,0.293093
0.130000,72.000000,0.643499,0.424589
0.130000,74.000000,0.850066,0.598575
0.130000,76.000000,1.112104,0.823016
0.130000,78.000000,1.437624,1.105888
0.130000,80.000000,1.831463,1.454868
0.130000,82.000000,2.295911,1.877031
0.130000,84.000000,2.834672,2.378590
0.130000,86.000000,3.454055,2.964692
0.130000,88.000000,4.161020,3.639235
0.130000,90.000000,4.959285,4.404813
0.130000,92.000000,5.846365,5.262670
0.130000,94.000000,6.815172,6.212734
0.130000,96.000000,7.857416,7.253704
0.130000,98.000000,8.968214,8.383185
0.130000,100.000000,10.148258,9.597836
0.130000,102.000000,11.399917,10.893545
0.130000,104.000000,12.722993,12.265594
0.130000,106.000000,14.116676,13.708833
0.130000,108.000000,15.579941,15.217873
0.130000,110.000000,17.109001,16.787195
0.130000,112.000000,18.698133,18.411291
0.130000,114.000000,20.341175,20.084782
0.130000,116.000000,22.031649,21.802502
0.130000,118.000000,23.763493,23.559536
0.130000,120.000000,25.531525,25.351316
0.130000,122.000000,27.331450,27.173584
0.130000,124.000000,29.159658,29.022480
0.130000,126.000000,31.012985,30.894503
0.130000,128.000000,32.888565,32.786491
0.130000,130.000000,34.783772,34.695644
0.130000,132.000000,36.696129,36.619488
0.130000,134.000000,38.623207,38.555828
0.130000,136.000000,40.562687,40.502796
0.130000,138.000000,42.512447,42.458729
0.130000,140.000000,44.470684,44.422211
0.130000,142.000000,46.435966,46.392040
0.130000,144.000000,48.407215,48.367153
0.130000,146.000000,50.383633,50.346680
0.130000,148.000000,52.364578,52.329891
0.130000,150.000000,54.349510,54.316132
0.130000,152.000000,56.337917,56.304882
0.130000,154.000000,58.329311,58.295719
0.130000,156.000000,60.323212,60.288246
0.130000,158.000000,62.319160,62.282169
0.130000,160.000000,64.316719,64.277252
0.130000,162.000000,66.315498,66.273254
0.130000,164.000000,68.315147,68.270027
0.130000,166.000000,70.315353,70.267418
0.130000,168.000000,72.315865,72.265312
0.130000,170.000000,74.316444,74.263611
0.130000,172.000000,76.316902,76.262238
0.130000,174.000000,78.317101,78.261147
0.130000,176.000000,80.316879,80.260269
0.130000,178.000000,82.316147,82.259560
0.130000,180.000000,84.314812,84.258995
0.130000,182.000000,86.312790,86.258545
0.130000,184.000000,88.310036,88.258179
0.130000,186.000000,90.306488,90.257881
0.130000,188.000000,92.302109,92.257652
0.130000,190.000000,94.296860,94.257469
0.130000,192.000000,96.290710,96.257324
0.130000,194.000000,98.283646,98.257202
0.130000,196.000000,100.275642,100.257103
0.130000,198.000000,102.266678,102.257042
0.130000,200.000000,104.256744,104.256973
0.140000,0.000000,0.000000,0.000000
0.140000,2.000000,-0.011854,0.000000
0.140000,4.000000,-0.022717,0.000000
0.140000,6.000000,-0.032471,0.000000
0.140000,8.000000,-0.041126,0.000000
0.140000,10.000000,-0.048684,0.000000
0.140000,12.000000,-0.055148,0.000000
0.140000,14.000000,-0.060520,0.000000
0.140000,16.000000,-0.064800,0.000000
0.140000,18.000000,-0.067989,0.000000
0.140000,20.000000,-0.070086,0.000000
0.140000,22.000000,-0.071093,0.000000
0.140000,24.000000,-0.071009,0.000000
0.140000,26.000000,-0.069834,0.000000
0.140000,28.000000,-0.067567,0.000000
0.140000,30.000000,-0.064207,0.000000
0.140000,32.000000,-0.059754,0.000000
0.140000,34.000000,-0.054204,0.000001
0.140000,36.000000,-0.047556,0.000001
0.140000,38.000000,-0.039805,0.000002
0.140000,40.000000,-0.030946,0.000004
0.140000,42.000000,-0.020966,0.000012
0.140000,44.000000,-0.009852,0.000037
0.140000,46.000000,0.002424,0.000106
0.140000,48.000000,0.015905,0.000293
0.140000,50.000000,0.030666,0.000733
0.140000,52.000000,0.046836,0.001698
0.140000,54.000000,0.064644,0.003676
0.140000,56.000000,0.084499,0.007475
0.140000,58.000000,0.107140,0.014359
0.140000,60.000000,0.133900,0.026195
0.140000,62.000000,0.167134,0.045598
0.140000,64.000000,0.210798,0.076053
0.140000,66.000000,0.270900,0.121988
0.140000,68.000000,0.355155,0.188809
0.140000,70.000000,0.471580,0.282833
0.140000,72.000000,0.627479,0.411160
0.140000,74.000000,0.830232,0.581489
0.140000,76.000000,1.088231,0.801837
0.140000,78.000000,1.409632,1.080256
0.140000,80.000000,1.799528,1.424527
0.140000,82.000000,2.260229,1.841838
0.140000,84.000000,2.795142,2.338535
0.140000,86.000000,3.410305,2.919881
0.140000,88.000000,4.112758,3.589901
0.140000,90.000000,4.906682,4.351289
0.140000,92.000000,5.790148,5.205369
0.140000,94.000000,6.756327,6.152142
0.140000,96.000000,7.796613,7.190340
0.140000,98.000000,8.905630,8.317593
0.140000,100.000000,10.084166,9.530558
0.140000,102.000000,11.334618,10.825102
0.140000,104.000000,12.656738,12.196460
0.140000,106.000000,14.050039,13.639447
0.140000,108.000000,15.513288,15.148629
0.140000,110.000000,17.042519,16.718410
0.140000,112.000000,18.632147,18.343241
0.140000,114.000000,20.275957,20.017677
0.140000,116.000000,21.967253,21.736481
0.140000,118.000000,23.699852,23.494740
0.140000,120.000000,25.468588,25.287771
0.140000,122.000000,27.269260,27.111343
0.140000,124.000000,29.098330,28.961536
0.140000,126.000000,30.952627,30.834808
0.140000,128.000000,32.829258,32.728004
0.140000,130.000000,34.725552,34.638306
0.140000,132.000000,36.638973,36.563213
0.140000,134.000000,38.567062,38.500561
0.140000,136.000000,40.507462,40.448418
0.140000,138.000000,42.458042,42.405182
0.140000,140.000000,44.417015,44.369404
0.140000,142.000000,46.382946,46.339886
0.140000,144.000000,48.354782,48.315594
0.140000,146.000000,50.331734,50.295647
0.140000,148.000000,52.313152,52.279301
0.140000,150.000000,54.298512,54.265949
0.140000,152.000000,56.287289,56.255058
0.140000,154.000000,58.279011,58.246166
0.140000,156.000000,60.273186,60.238956
0.140000,158.000000,62.269363,62.233109
0.140000,160.000000,64.267113,64.228371
0.140000,162.000000,66.266052,66.224533
0.140000,164.000000,68.265823,68.221451
0.140000,166.000000,70.266144,70.218956
0.140000,168.000000,72.266739,72.216957
0.140000,170.000000,74.267387,74.215332
0.140000,172.000000,76.267921,76.214035
0.140000,174.000000,78.268166,78.212997
0.140000,176.000000,80.267998,80.212151
0.140000,178.000000,82.267319,82.211494
0.140000,180.000000,84.266037,84.210960
0.140000,182.000000,86.264076,86.210526
0.140000,184.000000,88.261383,88.210197
0.140000,186.000000,90.257904,90.209923
0.140000,188.000000,92.253593,92.209702
0.140000,190.000000,94.248428,94.209534
0.140000,192.000000,96.242371,96.209396
0.140000,194.000000,98.235405,98.209282
0.140000,196.000000,100.227516,100.209198
0.140000,198.000000,102.218666,102.209137
0.140000,200.000000,104.208862,104.209076
0.150000,0.000000,0.000000,0.000000
0.150000,2.000000,-0.011705,0.000000
0.150000,4.000000,-0.022432,0.000000
0.150000,6.000000,-0.032063,0.000000
0.150000,8.000000,-0.040606,0.000000
0.150000,10.000000,-0.048066,0.000000
0.150000,12.000000,-0.054445,0.000000
0.150000,14.000000,-0.059744,0.000000
0.150000,16.000000,-0.063964,0.000000
0.150000,18.000000,-0.067105,0.000000
0.150000,20.000000,-0.069168,0.000000
0.150000,22.000000,-0.070153,0.000000
0.150000,24.000000,-0.070060,0.000000
0.150000,26.000000,-0.068888,0.000000
0.150000,28.000000,-0.066638,0.000000
0.150000,30.000000,-0.063307,0.000000
0.150000,32.000000,-0.058895,0.000000
0.150000,34.000000,-0.053400,0.000001
0.150000,36.000000,-0.046820,0.000000
0.150000,38.000000,-0.039151,0.000002
0.150000,40.000000,-0.030386,0.000002
0.150000,42.000000,-0.020515,0.000010
0.150000,44.000000,-0.009525,0.000030
0.150000,46.000000,0.002612,0.000093
0.150000,48.000000,0.015935,0.000262
0.150000,50.000000,0.030516,0.000663
0.150000,52.000000,0.046477,0.001555
0.150000,54.000000,0.064034,0.003392
0.150000,56.000000,0.083572,0.006945
0.150000,58.000000,0.105790,0.013435
0.150000,60.000000,0.131948,0.024662
0.150000,62.000000,0.164280,0.043177
0.150000,64.000000,0.206573,0.072393
0.150000,66.000000,0.264660,0.116670
0.150000,68.000000,0.346204,0.181360
0.150000,70.000000,0.459374,0.272743
0.150000,72.000000,0.611682,0.397915
0.150000,74.000000,0.810588,0.564589
0.150000,76.000000,1.064498,0.780834
0.150000,78.000000,1.381705,1.054785
0.150000,80.000000,1.767560,1.394312
0.150000,82.000000,2.224447,1.806738
0.150000,84.000000,2.755520,2.298523
0.150000,86.000000,3.366529,2.875062
0.150000,88.000000,4.064528,3.540507
0.150000,90.000000,4.854093,4.297649
0.150000,92.000000,5.733852,5.147912
0.150000,94.000000,6.697296,6.091351
0.150000,96.000000,7.735555,7.126747
0.150000,98.000000,8.842784,8.251757
0.150000,100.000000,10.019827,9.463016
0.150000,102.000000,11.269093,10.756382
0.150000,104.000000,12.590279,12.127058
0.150000,106.000000,13.983208,13.569819
0.150000,108.000000,15.446444,15.079144
0.150000,110.000000,16.975857,16.649414
0.150000,112.000000,18.565998,18.274998
0.150000,114.000000,20.210571,19.950397
0.150000,116.000000,21.902670,21.670340
0.150000,118.000000,23.636009,23.429810
0.150000,120.000000,25.405468,25.224140
0.150000,122.000000,27.206934,27.049032
0.150000,124.000000,29.036911,28.900532
0.150000,126.000000,30.892227,30.775084
0.150000,128.000000,32.769947,32.669502
0.150000,130.000000,34.667347,34.580956
0.150000,132.000000,36.581852,36.506943
0.150000,134.000000,38.510956,38.445282
0.150000,136.000000,40.452278,40.394070
0.150000,138.000000,42.403683,42.351643
0.150000,140.000000,44.363384,44.316616
0.150000,142.000000,46.329967,46.287762
0.150000,144.000000,48.302387,48.264053
0.150000,146.000000,50.279865,50.244629
0.150000,148.000000,52.261753,52.228741
0.150000,150.000000,54.247532,54.215775
0.150000,152.000000,56.236683,56.205227
0.150000,154.000000,58.228714,58.196644
0.150000,156.000000,60.223167,60.189682
0.150000,158.000000,62.219574,62.184059
0.150000,160.000000,64.217506,64.179497
0.150000,162.000000,66.216599,66.175819
0.150000,164.000000,68.216507,68.172874
0.150000,166.000000,70.216927,70.170479
0.150000,168.000000,72.217606,72.168564
0.150000,170.000000,74.218323,74.167030
0.150000,172.000000,76.218910,76.165802
0.150000,174.000000,78.219215,78.164810
0.150000,176.000000,80.219101,80.164040
0.150000,178.000000,82.218475,82.163399
0.150000,180.000000,84.217247,84.162888
0.150000,182.000000,86.215332,86.162491
0.150000,184.000000,88.212700,88.162170
0.150000,186.000000,90.209290,90.161926
0.150000,188.000000,92.205055,92.161720
0.150000,190.000000,94.199974,94.161560
0.150000,192.000000,96.194008,96.161430
0.150000,194.000000,98.187134,98.161324
0.150000,196.000000,100.179352,100.161240
0.150000,198.000000,102.170624,102.161186
0.150000,200.000000,104.160950,104.161140
0.160000,0.000000,0.000000,0.000000
0.160000,2.000000,-0.011557,0.000000
0.160000,4.000000,-0.022147,0.000000
0.160000,6.000000,-0.031654,0.000000
0.160000,8.000000,-0.040087,0.000000
0.160000,10.000000,-0.047449,0.000000
0.160000,12.000000,-0.053742,0.000000
0.160000,14.000000,-0.058969,0.000000
0.160000,16.000000,-0.063129,0.000000
0.160000,18.000000,-0.066223,0.000000
0.160000,20.000000,-0.068251,0.000000
0.160000,22.000000,-0.069215,0.000000
0.160000,24.000000,-0.069113,0.000000
0.160000,26.000000,-0.067945,0.000000
0.160000,28.000000,-0.065710,0.000000
0.160000,30.000000,-0.062409,0.000000
0.160000,32.000000,-0.058039,0.000000
0.160000,34.000000,-0.052599,0.000000
0.160000,36.000000,-0.046087,0.000000
0.160000,38.000000,-0.038499,-0.000001
0.160000,40.000000,-0.029829,0.000001
0.160000,42.000000,-0.020067,0.000007
0.160000,44.000000,-0.009199,0.000027
0.160000,46.000000,0.002798,0.000082
0.160000,48.000000,0.015964,0.000235
0.160000,50.000000,0.030366,0.000601
0.160000,52.000000,0.046119,0.001418
0.160000,54.000000,0.063428,0.003120
0.160000,56.000000,0.082657,0.006445
0.160000,58.000000,0.104464,0.012552
0.160000,60.000000,0.130039,0.023191
0.160000,62.000000,0.161504,0.040840
0.160000,64.000000,0.202476,0.068836
0.160000,66.000000,0.258608,0.111483
0.160000,68.000000,0.337490,0.174066
0.160000,70.000000,0.447420,0.262829
0.160000,72.000000,0.596121,0.384857
0.160000,74.000000,0.791149,0.547877
0.160000,76.000000,1.040925,0.760015
0.160000,78.000000,1.353862,1.029473
0.160000,80.000000,1.735582,1.364233
0.160000,82.000000,2.188578,1.771729
0.160000,84.000000,2.715803,2.258558
0.160000,86.000000,3.322720,2.830242
0.160000,88.000000,4.016322,3.491055
0.160000,90.000000,4.801520,4.243908
0.160000,92.000000,5.677490,5.090302
0.160000,94.000000,6.638088,6.030366
0.160000,96.000000,7.674252,7.062941
0.160000,98.000000,8.779682,8.185668
0.160000,100.000000,9.955254,9.395222
0.160000,102.000000,11.203344,10.687399
0.160000,104.000000,12.523613,12.057405
0.160000,106.000000,13.916182,13.499931
0.160000,108.000000,15.379409,15.009429
0.160000,110.000000,16.909027,16.580204
0.160000,112.000000,18.499695,18.206566
0.160000,114.000000,20.145018,19.882963
0.160000,116.000000,21.837898,21.604055
0.160000,118.000000,23.571980,23.364775
0.160000,120.000000,25.342182,25.160427
0.160000,122.000000,27.144485,26.986654
0.160000,124.000000,28.975424,28.839487
0.160000,126.000000,30.831800,30.715334
0.160000,128.000000,32.710640,32.610992
0.160000,130.000000,34.609177,34.523621
0.160000,132.000000,36.524776,36.450699
0.160000,134.000000,38.454903,38.390041
0.160000,136.000000,40.397148,40.339748
0.160000,138.000000,42.349377,42.298157
0.160000,140.000000,44.309807,44.263859
0.160000,142.000000,46.277039,46.235683
0.160000,144.000000,48.250038,48.212566
0.160000,146.000000,50.228035,50.193634
0.160000,148.000000,52.210396,52.178207
0.160000,150.000000,54.196587,54.165634
0.160000,152.000000,56.186100,56.155426
0.160000,154.000000,58.178452,58.147129
0.160000,156.000000,60.173168,60.140427
0.160000,158.000000,62.169796,62.135010
0.160000,160.000000,64.167915,64.130638
0.160000,162.000000,66.167160,66.127121
0.160000,164.000000,68.167191,68.124298
0.160000,166.000000,70.167709,70.122017
0.160000,168.000000,72.168465,72.120186
0.160000,170.000000,74.169258,74.118736
0.160000,172.000000,76.169907,76.117569
0.160000,174.000000,78.170258,78.116631
0.160000,176.000000,80.170197,80.115891
0.160000,178.000000,82.169617,82.115303
0.160000,180.000000,84.168434,84.114830
0.160000,182.000000,86.166588,86.114464
0.160000,184.000000,88.164009,88.114151
0.160000,186.000000,90.160667,90.113930
0.160000,188.000000,92.156502,92.113731
0.160000,190.000000,94.151497,94.113594
0.160000,192.000000,96.145622,96.113464
0.160000,194.000000,98.138855,98.113380
0.160000,196.000000,100.131180,100.113297
0.160000,198.000000,102.122566,102.113251
0.160000,200.000000,104.113022,104.113190
0.170000,0.000000,0.000000,0.000000
0.170000,2.000000,-0.011410,0.000000
0.170000,4.000000,-0.021863,0.000000
0.170000,6.000000,-0.031247,0.000000
0.170000,8.000000,-0.039569,0.000000
0.170000,10.000000,-0.046833,0.000000
0.170000,12.000000,-0.053042,0.000000
0.170000,14.000000,-0.058196,0.000000
0.170000,16.000000,-0.062296,0.000000
0.170000,18.000000,-0.065343,0.000000
0.170000,20.000000,-0.067338,0.000000
0.170000,22.000000,-0.068280,0.000000
0.170000,24.000000,-0.068169,0.000000
0.170000,26.000000,-0.067005,0.000000
0.170000,28.000000,-0.064787,0.000000
0.170000,30.000000,-0.061515,0.000000
0.170000,32.000000,-0.057188,0.000000
0.170000,34.000000,-0.051803,0.000000
0.170000,36.000000,-0.045360,-0.000001
0.170000,38.000000,-0.037853,-0.000000
0.170000,40.000000,-0.029277,0.000001
0.170000,42.000000,-0.019624,0.000006
0.170000,44.000000,-0.008880,0.000025
0.170000,46.000000,0.002978,0.000074
0.170000,48.000000,0.015987,0.000211
0.170000,50.000000,0.030211,0.000540
0.170000,52.000000,0.045759,0.001291
0.170000,54.000000,0.062823,0.002868
0.170000,56.000000,0.081748,0.005970
0.170000,58.000000,0.103155,0.011712
0.170000,60.000000,0.128168,0.021779
0.170000,62.000000,0.158798,0.038585
0.170000,64.000000,0.198498,0.065389
0.170000,66.000000,0.252736,0.106428
0.170000,68.000000,0.329006,0.166925
0.170000,70.000000,0.435715,0.253088
0.170000,72.000000,0.580799,0.371983
0.170000,74.000000,0.771920,0.531360
0.170000,76.000000,1.017517,0.739377
0.170000,78.000000,1.326114,1.004324
0.170000,80.000000,1.703602,1.334286
0.170000,82.000000,2.152626,1.736812
0.170000,84.000000,2.675979,2.218638
0.170000,86.000000,3.278851,2.785418
0.170000,88.000000,3.968120,3.441548
0.170000,90.000000,4.748954,4.190051
0.170000,92.000000,5.621057,5.032534
0.170000,94.000000,6.578704,5.969186
0.170000,96.000000,7.612694,6.998888
0.170000,98.000000,8.716311,8.119322
0.170000,100.000000,9.890428,9.327140
0.170000,102.000000,11.137358,10.618143
0.170000,104.000000,12.456730,11.987469
0.170000,106.000000,13.848948,13.429783
0.170000,108.000000,15.312174,14.939467
0.170000,110.000000,16.842010,16.510769
0.170000,112.000000,18.433218,18.137924
0.170000,114.000000,20.079277,19.815342
0.170000,116.000000,21.772924,21.537621
0.170000,118.000000,23.507744,23.299629
0.170000,120.000000,25.278723,25.096630
0.170000,122.000000,27.081913,26.924217
0.170000,124.000000,28.913860,28.778397
0.170000,126.000000,30.771341,30.655561
0.170000,128.000000,32.651337,32.552475
0.170000,130.000000,34.551025,34.466282
0.170000,132.000000,36.467735,36.394455
0.170000,134.000000,38.398888,38.334816
0.170000,136.000000,40.342064,40.285431
0.170000,138.000000,42.295113,42.244682
0.170000,140.000000,44.256264,44.211143
0.170000,142.000000,46.224144,46.183605
0.170000,144.000000,48.197723,48.161079
0.170000,146.000000,50.176239,50.142677
0.170000,148.000000,52.159061,52.127693
0.170000,150.000000,54.145664,54.115505
0.170000,152.000000,56.135536,56.105629
0.170000,154.000000,58.128201,58.097626
0.170000,156.000000,60.123177,60.091179
0.170000,158.000000,62.120022,62.085964
0.170000,160.000000,64.118324,64.081772
0.170000,162.000000,66.117714,66.078407
0.170000,164.000000,68.117859,68.075699
0.170000,166.000000,70.118469,70.073540
0.170000,168.000000,72.119308,72.071800
0.170000,170.000000,74.120171,74.070419
0.170000,172.000000,76.120872,76.069328
0.170000,174.000000,78.121277,78.068436
0.170000,176.000000,80.121262,80.067726
0.170000,178.000000,82.120728,82.067184
0.170000,180.000000,84.119598,84.066742
0.170000,182.000000,86.117813,86.066391
0.170000,184.000000,88.115295,88.066101
0.170000,186.000000,90.112015,90.065887
0.170000,188.000000,92.107925,92.065712
0.170000,190.000000,94.102997,94.065575
0.170000,192.000000,96.097214,96.065475
0.170000,194.000000,98.090546,98.065384
0.170000,196.000000,100.082977,100.065315
0.170000,198.000000,102.074486,102.065262
0.170000,200.000000,104.065063,104.065216
0.180000,0.000000,0.000000,0.000000
0.180000,2.000000,-0.011262,0.000000
0.180000,4.000000,-0.021579,0.000000
0.180000,6.000000,-0.030840,0.000000
0.180000,8.000000,-0.039052,0.000000
0.180000,10.000000,-0.046219,0.000000
0.180000,12.000000,-0.052342,0.000000
0.180000,14.000000,-0.057424,0.000000
0.180000,16.000000,-0.061465,0.000000
0.180000,18.000000,-0.064466,0.000000
0.180000,20.000000,-0.066426,0.000000
0.180000,22.000000,-0.067347,0.000000
0.180000,24.000000,-0.067227,0.000000
0.180000,26.000000,-0.066068,0.000000
0.180000,28.000000,-0.063867,0.000000
0.180000,30.000000,-0.060625,0.000000
0.180000,32.000000,-0.056340,0.000000
0.180000,34.000000,-0.051011,0.000000
0.180000,36.000000,-0.044636,-0.000001
0.180000,38.000000,-0.037211,0.000000
0.180000,40.000000,-0.028730,0.000002
0.180000,42.000000,-0.019186,0.000004
0.180000,44.000000,-0.008565,0.000020
0.180000,46.000000,0.003154,0.000066
0.180000,48.000000,0.016007,0.000187
0.180000,50.000000,0.030054,0.000488
0.180000,52.000000,0.045398,0.001173
0.180000,54.000000,0.062221,0.002631
0.180000,56.000000,0.080847,0.005518
0.180000,58.000000,0.101864,0.010909
0.180000,60.000000,0.126333,0.020427
0.180000,62.000000,0.156159,0.036407
0.180000,64.000000,0.194636,0.062049
0.180000,66.000000,0.247040,0.101503
0.180000,68.000000,0.320754,0.159944
0.180000,70.000000,0.424266,0.243527
0.180000,72.000000,0.565724,0.359304
0.180000,74.000000,0.752912,0.515033
0.180000,76.000000,0.994288,0.718928
0.180000,78.000000,1.298479,0.979348
0.180000,80.000000,1.671640,1.304481
0.180000,82.000000,2.116601,1.701997
0.180000,84.000000,2.636049,2.178770
0.180000,86.000000,3.234914,2.740590
0.180000,88.000000,3.919912,3.391983
0.180000,90.000000,4.696390,4.136088
0.180000,92.000000,5.564560,4.974609
0.180000,94.000000,6.519145,5.907802
0.180000,96.000000,7.550888,6.934607
0.180000,98.000000,8.652679,8.052717
0.180000,100.000000,9.825352,9.258787
0.180000,102.000000,11.071136,10.548604
0.180000,104.000000,12.389629,11.917259
0.180000,106.000000,13.781506,13.359377
0.180000,108.000000,15.244732,14.869260
0.180000,110.000000,16.774811,16.441113
0.180000,112.000000,18.366564,18.069101
0.180000,114.000000,20.013351,19.747570
0.180000,116.000000,21.707748,21.471046
0.180000,118.000000,23.443314,23.234371
0.180000,120.000000,25.215103,25.032749
0.180000,122.000000,27.019228,26.861719
0.180000,124.000000,28.852236,28.717276
0.180000,126.000000,30.710863,30.595762
0.180000,128.000000,32.592041,32.493950
0.180000,130.000000,34.492908,34.408951
0.180000,132.000000,36.410744,36.338234
0.180000,134.000000,38.342926,38.279606
0.180000,136.000000,40.287029,40.231163
0.180000,138.000000,42.240898,42.191231
0.180000,140.000000,44.202778,44.158447
0.180000,142.000000,46.171295,46.131584
0.180000,144.000000,48.145451,48.109634
0.180000,146.000000,50.124477,50.091740
0.180000,148.000000,52.107761,52.077202
0.180000,150.000000,54.094769,54.065403
0.180000,152.000000,56.084999,56.055862
0.180000,154.000000,58.077965,58.048138
0.180000,156.000000,60.073200,60.041931
0.180000,158.000000,62.070263,62.036922
0.180000,160.000000,64.068733,64.032913
0.180000,162.000000,66.068268,66.029694
0.180000,164.000000,68.068527,68.027115
0.180000,166.000000,70.069229,70.025055
0.180000,168.000000,72.070152,72.023407
0.180000,170.000000,74.071068,74.022095
0.180000,172.000000,76.071831,76.021065
0.180000,174.000000,78.072281,78.020226
0.180000,176.000000,80.072319,80.019562
0.180000,178.000000,82.071838,82.019051
0.180000,180.000000,84.070755,84.018631
0.180000,182.000000,86.069016,86.018311
0.180000,184.000000,88.066559,88.018036
0.180000,186.000000,90.063339,90.017838
0.180000,188.000000,92.059319,92.017677
0.180000,190.000000,94.054482,94.017548
0.180000,192.000000,96.048782,96.017456
0.180000,194.000000,98.042206,98.017372
0.180000,196.000000,100.034744,100.017319
0.180000,198.000000,102.026375,102.017258
0.180000,200.000000,104.017082,104.017220
0.190000,0.000000,0.000000,0.000000
0.190000,2.000000,-0.011115,0.000000
0.190000,4.000000,-0.021296,0.000000
0.190000,6.000000,-0.030434,0.000000
0.190000,8.000000,-0.038536,0.000000
0.190000,10.000000,-0.045605,0.000000
0.190000,12.000000,-0.051644,0.000000
0.190000,14.000000,-0.056654,0.000000
0.190000,16.000000,-0.060635,0.000000
0.190000,18.000000,-0.063589,0.000000
0.190000,20.000000,-0.065516,0.000000
0.190000,22.000000,-0.066416,0.000000
0.190000,24.000000,-0.066288,0.000000
0.190000,26.000000,-0.065133,0.000000
0.190000,28.000000,-0.062949,0.000000
0.190000,30.000000,-0.059737,0.000000
0.190000,32.000000,-0.055495,0.000000
0.190000,34.000000,-0.050222,0.000000
0.190000,36.000000,-0.043915,-0.000002
0.190000,38.000000,-0.036571,-0.000001
0.190000,40.000000,-0.028186,0.000001
0.190000,42.000000,-0.018751,0.000006
0.190000,44.000000,-0.008253,0.000018
0.190000,46.000000,0.003328,0.000058
0.190000,48.000000,0.016025,0.000166
0.190000,50.000000,0.029895,0.000438
0.190000,52.000000,0.045037,0.001064
0.190000,54.000000,0.061621,0.002409
0.190000,56.000000,0.079956,0.005095
0.190000,58.000000,0.100593,0.010146
0.190000,60.000000,0.124536,0.019129
0.190000,62.000000,0.153587,0.034311
0.190000,64.000000,0.190886,0.058814
0.190000,66.000000,0.241519,0.096713
0.190000,68.000000,0.312733,0.153117
0.190000,70.000000,0.413077,0.234143
0.190000,72.000000,0.550905,0.346814
0.190000,74.000000,0.734137,0.498904
0.190000,76.000000,0.971254,0.698670
0.190000,78.000000,1.270975,0.954544
0.190000,80.000000,1.639717,1.274812
0.190000,82.000000,2.080518,1.667288
0.190000,84.000000,2.596014,2.138962
0.190000,86.000000,3.190897,2.695764
0.190000,88.000000,3.871681,3.342366
0.190000,90.000000,4.643825,4.082024
0.190000,92.000000,5.508003,4.916526
0.190000,94.000000,6.459423,5.846223
0.190000,96.000000,7.488837,6.870090
0.190000,98.000000,8.588784,7.985852
0.190000,100.000000,9.760026,9.190170
0.190000,102.000000,11.004679,10.478792
0.190000,104.000000,12.322309,11.846778
0.190000,106.000000,13.713854,13.288699
0.190000,108.000000,15.177088,14.798809
0.190000,110.000000,16.707420,16.371233
0.190000,112.000000,18.299730,18.000092
0.190000,114.000000,19.947231,19.679634
0.190000,116.000000,21.642368,21.404346
0.190000,118.000000,23.378691,23.169006
0.190000,120.000000,25.151329,24.968773
0.190000,122.000000,26.956440,26.799154
0.190000,124.000000,28.790558,28.656113
0.190000,126.000000,30.650375,30.535948
0.190000,128.000000,32.532768,32.435425
0.190000,130.000000,34.434834,34.351627
0.190000,132.000000,36.353798,36.282036
0.190000,134.000000,38.287022,38.224430
0.190000,136.000000,40.232052,40.176914
0.190000,138.000000,42.186741,42.137829
0.190000,140.000000,44.149338,44.105789
0.190000,142.000000,46.118500,46.079586
0.190000,144.000000,48.093224,48.058216
0.190000,146.000000,50.072765,50.040840
0.190000,148.000000,52.056499,52.026741
0.190000,150.000000,54.043915,54.015331
0.190000,152.000000,56.034492,56.006119
0.190000,154.000000,58.027752,57.998676
0.190000,156.000000,60.023239,59.992706
0.190000,158.000000,62.020512,61.987915
0.190000,160.000000,64.019157,63.984074
0.190000,162.000000,66.018829,65.980995
0.190000,164.000000,68.019203,67.978523
0.190000,166.000000,70.019997,69.976570
0.190000,168.000000,72.020981,71.975014
0.190000,170.000000,74.021973,73.973778
0.190000,172.000000,76.022781,75.972794
0.190000,174.000000,78.023285,77.972008
0.190000,176.000000,80.023369,79.971390
0.190000,178.000000,82.022926,81.970901
0.190000,180.000000,84.021896,83.970520
0.190000,182.000000,86.020210,85.970215
0.190000,184.000000,88.017807,87.969978
0.190000,186.000000,90.014656,89.969780
0.190000,188.000000,92.010712,91.969635
0.190000,190.000000,94.005943,93.969513
0.190000,192.000000,96.000343,95.969429
0.190000,194.000000,97.993866,97.969353
0.190000,196.000000,99.986504,99.969292
0.190000,198.000000,101.978249,101.969238
0.190000,200.000000,103.969086,103.969215
0.200000,0.000000,0.000000,0.000000
0.200000,2.000000,-0.010968,0.000000
0.200000,4.000000,-0.021014,0.000000
0.200000,6.000000,-0.030029,0.000000
0.200000,8.000000,-0.038021,0.000000
0.200000,10.000000,-0.044993,0.000000
0.200000,12.000000,-0.050947,0.000000
0.200000,14.000000,-0.055885,0.000000
0.200000,16.000000,-0.059808,0.000000
0.200000,18.000000,-0.062716,0.000000
0.200000,20.000000,-0.064609,0.000000
0.200000,22.000000,-0.065488,0.000000
0.200000,24.000000,-0.065352,0.000000
0.200000,26.000000,-0.064202,0.000000
0.200000,28.000000,-0.062036,0.000000
0.200000,30.000000,-0.058853,0.000000
0.200000,32.000000,-0.054655,0.000000
0.200000,34.000000,-0.049437,0.000000
0.200000,36.000000,-0.043199,0.000001
0.200000,38.000000,-0.035937,0.000001
0.200000,40.000000,-0.027647,0.000001
0.200000,42.000000,-0.018321,0.000006
0.200000,44.000000,-0.007946,0.000015
0.200000,46.000000,0.003496,0.000049
0.200000,48.000000,0.016037,0.000146
0.200000,50.000000,0.029732,0.000393
0.200000,52.000000,0.044673,0.000964
0.200000,54.000000,0.061022,0.002200
0.200000,56.000000,0.079068,0.004695
0.200000,58.000000,0.099335,0.009422
0.200000,60.000000,0.122768,0.017888
0.200000,62.000000,0.151074,0.032292
0.200000,64.000000,0.187240,0.055680
0.200000,66.000000,0.236160,0.092051
0.200000,68.000000,0.304935,0.146446
0.200000,70.000000,0.402145,0.224936
0.200000,72.000000,0.536342,0.334520
0.200000,74.000000,0.715596,0.482979
0.200000,76.000000,0.948420,0.678606
0.200000,78.000000,1.243611,0.929917
0.200000,80.000000,1.607841,1.245301
0.200000,82.000000,2.044386,1.632685
0.200000,84.000000,2.555867,2.099206
0.200000,86.000000,3.146780,2.650944
0.200000,88.000000,3.823408,3.292697
0.200000,90.000000,4.591240,4.027839
0.200000,92.000000,5.451375,4.858277
0.200000,94.000000,6.399532,5.784432
0.200000,96.000000,7.426535,6.805328
0.200000,98.000000,8.524613,7.918719
0.200000,100.000000,9.694437,9.121265
0.200000,102.000000,10.937969,10.408680
0.200000,104.000000,12.254756,11.776006
0.200000,106.000000,13.645975,13.217752
0.200000,108.000000,15.109222,14.728106
0.200000,110.000000,16.639832,16.301126
0.200000,112.000000,18.232700,17.930870
0.200000,114.000000,19.880905,19.611519
0.200000,116.000000,21.576773,21.337486
0.200000,118.000000,23.313869,23.103523
0.200000,120.000000,25.087400,24.904709
0.200000,122.000000,26.893551,26.736532
0.200000,124.000000,28.728828,28.594894
0.200000,126.000000,30.589870,30.476116
0.200000,128.000000,32.473511,32.376884
0.200000,130.000000,34.376785,34.294315
0.200000,132.000000,36.296898,36.225849
0.200000,134.000000,38.231163,38.169285
0.200000,136.000000,40.177124,40.122696
0.200000,138.000000,42.132629,42.084457
0.200000,140.000000,44.095943,44.053162
0.200000,142.000000,46.065739,46.027618
0.200000,144.000000,48.041031,48.006828
0.200000,146.000000,50.021080,49.989956
0.200000,148.000000,52.005268,51.976307
0.200000,150.000000,53.993080,53.965263
0.200000,152.000000,55.983997,55.956375
0.200000,154.000000,57.977554,57.949230
0.200000,156.000000,59.973293,59.943489
0.200000,158.000000,61.970768,61.938892
0.200000,160.000000,63.969582,63.935226
0.200000,162.000000,65.969383,65.932289
0.200000,164.000000,67.969864,67.929947
0.200000,166.000000,69.970749,69.928085
0.200000,168.000000,71.971809,71.926605
0.200000,170.000000,73.972855,73.925438
0.200000,172.000000,75.973717,75.924515
0.200000,174.000000,77.974266,77.923782
0.200000,176.000000,79.974388,79.923187
0.200000,178.000000,81.973999,81.922745
0.200000,180.000000,83.973015,83.922379
0.200000,182.000000,85.971375,85.922096
0.200000,184.000000,87.969040,87.921867
0.200000,186.000000,89.965942,89.921700
0.200000,188.000000,91.962074,91.921555
0.200000,190.000000,93.957390,93.921448
0.200000,192.000000,95.951859,95.921364
0.200000,194.000000,97.945488,97.921303
0.200000,196.000000,99.938232,99.921249
0.200000,198.000000,101.930099,101.921204
0.200000,200.000000,103.921059,103.921173
0.210000,0.000000,0.000000,0.000000
0.210000,2.000000,-0.010821,0.000000
0.210000,4.000000,-0.020732,0.000000
0.210000,6.000000,-0.029625,0.000000
0.210000,8.000000,-0.037507,0.000000
0.210000,10.000000,-0.044382,0.000000
0.210000,12.000000,-0.050252,0.000000
0.210000,14.000000,-0.055119,0.000000
0.210000,16.000000,-0.058983,0.000000
0.210000,18.000000,-0.061845,0.000000
0.210000,20.000000,-0.063706,0.000000
0.210000,22.000000,-0.064564,0.000000
0.210000,24.000000,-0.064420,0.000000
0.210000,26.000000,-0.063274,0.000000
0.210000,28.000000,-0.061126,0.000000
0.210000,30.000000,-0.057975,0.000000
0.210000,32.000000,-0.053819,0.000000
0.210000,34.000000,-0.048658,0.000000
0.210000,36.000000,-0.042489,0.000001
0.210000,38.000000,-0.035309,-0.000000
0.210000,40.000000,-0.027115,-0.000001
0.210000,42.000000,-0.017897,0.000002
0.210000,44.000000,-0.007646,0.000014
0.210000,46.000000,0.003657,0.000045
0.210000,48.000000,0.016044,0.000129
0.210000,50.000000,0.029563,0.000350
0.210000,52.000000,0.044304,0.000871
0.210000,54.000000,0.060421,0.002007
0.210000,56.000000,0.078184,0.004316
0.210000,58.000000,0.098089,0.008734
0.210000,60.000000,0.121028,0.016705
0.210000,62.000000,0.148616,0.030354
0.210000,64.000000,0.183693,0.052651
0.210000,66.000000,0.230960,0.087523
0.210000,68.000000,0.297357,0.139939
0.210000,70.000000,0.391471,0.215912
0.210000,72.000000,0.522041,0.322423
0.210000,74.000000,0.697298,0.467255
0.210000,76.000000,0.925795,0.658743
0.210000,78.000000,1.216401,0.905470
0.210000,80.000000,1.576031,1.215935
0.210000,82.000000,2.008216,1.598187
0.210000,84.000000,2.515614,2.059510
0.210000,86.000000,3.102552,2.606121
0.210000,88.000000,3.775074,3.242965
0.210000,90.000000,4.538627,3.973543
0.210000,92.000000,5.394679,4.799864
0.210000,94.000000,6.339473,5.722424
0.210000,96.000000,7.363982,6.740316
0.210000,98.000000,8.460169,7.851313
0.210000,100.000000,9.628579,9.052057
0.210000,102.000000,10.871004,10.338276
0.210000,104.000000,12.186966,11.704943
0.210000,106.000000,13.577866,13.146525
0.210000,108.000000,15.041134,14.657143
0.210000,110.000000,16.572037,16.230789
0.210000,112.000000,18.165468,17.861439
0.210000,114.000000,19.814365,19.543219
0.210000,116.000000,21.510956,21.270493
0.210000,118.000000,23.248850,23.037926
0.210000,120.000000,25.023323,24.840567
0.210000,122.000000,26.830568,26.673862
0.210000,124.000000,28.667051,28.533657
0.210000,126.000000,30.529360,30.416250
0.210000,128.000000,32.414268,32.318352
0.210000,130.000000,34.318779,34.236992
0.210000,132.000000,36.240040,36.169670
0.210000,134.000000,38.175354,38.114151
0.210000,136.000000,40.122242,40.068508
0.210000,138.000000,42.078560,42.031105
0.210000,140.000000,44.042595,44.000557
0.210000,142.000000,46.013023,45.975677
0.210000,144.000000,47.988880,47.955475
0.210000,146.000000,49.969425,49.939110
0.210000,148.000000,51.954063,51.925900
0.210000,150.000000,53.942265,53.915237
0.210000,152.000000,55.933525,55.906662
0.210000,154.000000,57.927372,57.899788
0.210000,156.000000,59.923347,59.894283
0.210000,158.000000,61.921021,61.889874
0.210000,160.000000,63.919998,63.886368
0.210000,162.000000,65.919937,65.883575
0.210000,164.000000,67.920517,67.881340
0.210000,166.000000,69.921494,69.879593
0.210000,168.000000,71.922615,71.878181
0.210000,170.000000,73.923721,73.877075
0.210000,172.000000,75.924629,75.876205
0.210000,174.000000,77.925232,77.875526
0.210000,176.000000,79.925392,79.874969
0.210000,178.000000,81.925041,81.874557
0.210000,180.000000,83.924110,83.874214
0.210000,182.000000,85.922523,85.873955
0.210000,184.000000,87.920242,87.873749
0.210000,186.000000,89.917206,89.873573
0.210000,188.000000,91.913399,91.873451
0.210000,190.000000,93.908798,93.873352
0.210000,192.000000,95.903358,95.873283
0.210000,194.000000,97.897079,97.873215
0.210000,196.000000,99.889931,99.873161
0.210000,198.000000,101.881912,101.873138
0.210000,200.000000,103.873001,103.873108
0.220000,0.000000,0.000000,0.000000
0.220000,2.000000,-0.010674,0.000000
0.220000,4.000000,-0.020450,0.000000
0.220000,6.000000,-0.029221,0.000000
0.220000,8.000000,-0.036993,0.000000
0.220000,10.000000,-0.043772,0.000000
0.220000,12.000000,-0.049558,0.000000
0.220000,14.000000,-0.054354,0.000000
0.220000,16.000000,-0.058160,0.000000
0.220000,18.000000,-0.060976,0.000000
0.220000,20.000000,-0.062803,0.000000
0.220000,22.000000,-0.063641,0.000000
0.220000,24.000000,-0.063490,0.000000
0.220000,26.000000,-0.062349,0.000000
0.220000,28.000000,-0.060219,0.000000
0.220000,30.000000,-0.057098,0.000000
0.220000,32.000000,-0.052985,0.000000
0.220000,34.000000,-0.047880,0.000000
0.220000,36.000000,-0.041781,0.000001
0.220000,38.000000,-0.034684,-0.000001
0.220000,40.000000,-0.026584,0.000001
0.220000,42.000000,-0.017476,0.000002
0.220000,44.000000,-0.007348,0.000011
0.220000,46.000000,0.003817,0.000039
0.220000,48.000000,0.016048,0.000114
0.220000,50.000000,0.029393,0.000313
0.220000,52.000000,0.043936,0.000785
0.220000,54.000000,0.059822,0.001824
0.220000,56.000000,0.077308,0.003962
0.220000,58.000000,0.096859,0.008081
0.220000,60.000000,0.119319,0.015574
0.220000,62.000000,0.146214,0.028493
0.220000,64.000000,0.180244,0.049727
0.220000,66.000000,0.225917,0.083125
0.220000,68.000000,0.290000,0.133590
0.220000,70.000000,0.381062,0.207071
0.220000,72.000000,0.508012,0.310528
0.220000,74.000000,0.679257,0.451742
0.220000,76.000000,0.903398,0.639081
0.220000,78.000000,1.189365,0.881212
0.220000,80.000000,1.544309,1.186730
0.220000,82.000000,1.972031,1.563809
0.220000,84.000000,2.475264,2.019881
0.220000,86.000000,3.058211,2.561311
0.220000,88.000000,3.726668,3.193187
0.220000,90.000000,4.485979,3.919137
0.220000,92.000000,5.337913,4.741285
0.220000,94.000000,6.279255,5.660214
0.220000,96.000000,7.301188,6.675053
0.220000,98.000000,8.395455,7.783626
0.220000,100.000000,9.562459,8.982573
0.220000,102.000000,10.803785,10.267578
0.220000,104.000000,12.118938,11.633590
0.220000,106.000000,13.509527,13.075016
0.220000,108.000000,14.972824,14.585928
0.220000,110.000000,16.504032,16.160217
0.220000,112.000000,18.098032,17.791809
0.220000,114.000000,19.747608,19.474766
0.220000,116.000000,21.444929,21.203362
0.220000,118.000000,23.183651,22.972225
0.220000,120.000000,24.959110,24.776346
0.220000,122.000000,26.767506,26.611118
0.220000,124.000000,28.605244,28.472378
0.220000,126.000000,30.468853,30.356390
0.220000,128.000000,32.355061,32.259804
0.220000,130.000000,34.260818,34.179718
0.220000,132.000000,36.183243,36.113533
0.220000,134.000000,38.119606,38.059052
0.220000,136.000000,40.067421,40.014355
0.220000,138.000000,42.024551,41.977802
0.220000,140.000000,43.989296,43.948002
0.220000,142.000000,45.960354,45.923790
0.220000,144.000000,47.936768,47.904163
0.220000,146.000000,49.917820,49.888290
0.220000,148.000000,51.902897,51.875500
0.220000,150.000000,53.891487,53.865223
0.220000,152.000000,55.883080,55.856964
0.220000,154.000000,57.877213,57.850361
0.220000,156.000000,59.873425,59.845081
0.220000,158.000000,61.871296,61.840878
0.220000,160.000000,63.870430,63.837536
0.220000,162.000000,65.870491,65.834869
0.220000,164.000000,67.871185,67.832756
0.220000,166.000000,69.872231,69.831093
0.220000,168.000000,71.873421,71.829765
0.220000,170.000000,73.874580,73.828735
0.220000,172.000000,75.875542,75.827904
0.220000,174.000000,77.876183,77.827271
0.220000,176.000000,79.876389,79.826752
0.220000,178.000000,81.876083,81.826363
0.220000,180.000000,83.875191,83.826035
0.220000,182.000000,85.873657,85.825798
0.220000,184.000000,87.871429,87.825615
0.220000,186.000000,89.868454,89.825462
0.220000,188.000000,91.864731,91.825333
0.220000,190.000000,93.860191,93.825241
0.220000,192.000000,95.854843,95.825180
0.220000,194.000000,97.848663,97.825127
0.220000,196.000000,99.841614,99.825073
0.220000,198.000000,101.833717,101.825050
0.220000,200.000000,103.824928,103.825020
0.230000,0.000000,0.000000,0.000000
0.230000,2.000000,-0.010528,0.000000
0.230000,4.000000,-0.020169,0.000000
0.230000,6.000000,-0.028817,0.000000
0.230000,8.000000,-0.036481,0.000000
0.230000,10.000000,-0.043163,0.000000
0.230000,12.000000,-0.048866,0.000000
0.230000,14.000000,-0.053591,0.000000
0.230000,16.000000,-0.057338,0.000000
0.230000,18.000000,-0.060109,0.000000
0.230000,20.000000,-0.061903,0.000000
0.230000,22.000000,-0.062721,0.000000
0.230000,24.000000,-0.062562,0.000000
0.230000,26.000000,-0.061427,0.000000
0.230000,28.000000,-0.059315,0.000000
0.230000,30.000000,-0.056224,0.000000
0.230000,32.000000,-0.052156,0.000000
0.230000,34.000000,-0.047107,0.000000
0.230000,36.000000,-0.041077,0.000001
0.230000,38.000000,-0.034062,0.000001
0.230000,40.000000,-0.026059,0.000001
0.230000,42.000000,-0.017060,0.000003
0.230000,44.000000,-0.007055,0.000009
0.230000,46.000000,0.003972,0.000031
0.230000,48.000000,0.016048,0.000100
0.230000,50.000000,0.029220,0.000277
0.230000,52.000000,0.043566,0.000703
0.230000,54.000000,0.059224,0.001656
0.230000,56.000000,0.076436,0.003630
0.230000,58.000000,0.095641,0.007467
0.230000,60.000000,0.117636,0.014497
0.230000,62.000000,0.143864,0.026707
0.230000,64.000000,0.176886,0.046905
0.230000,66.000000,0.221023,0.078859
0.230000,68.000000,0.282857,0.127396
0.230000,70.000000,0.370913,0.198415
0.230000,72.000000,0.494256,0.298833
0.230000,74.000000,0.661475,0.436438
0.230000,76.000000,0.881232,0.619630
0.230000,78.000000,1.162512,0.857143
0.230000,80.000000,1.512688,1.157681
0.230000,82.000000,1.935843,1.529551
0.230000,84.000000,2.434822,1.980318
0.230000,86.000000,3.013746,2.516509
0.230000,88.000000,3.678174,3.143355
0.230000,90.000000,4.433279,3.864624
0.230000,92.000000,5.281073,4.682543
0.230000,94.000000,6.218876,5.597780
0.230000,96.000000,7.238149,6.609545
0.230000,98.000000,8.330463,7.715655
0.230000,100.000000,9.496067,8.912773
0.230000,102.000000,10.736307,10.196567
0.230000,104.000000,12.050665,11.561937
0.230000,106.000000,13.440948,13.003231
0.230000,108.000000,14.904281,14.514445
0.230000,110.000000,16.435814,16.089407
0.230000,112.000000,18.030380,17.721973
0.230000,114.000000,19.680628,19.406126
0.230000,116.000000,21.378683,21.136082
0.230000,118.000000,23.118267,22.906412
0.230000,120.000000,24.894770,24.712038
0.230000,122.000000,26.704367,26.548325
0.230000,124.000000,28.543409,28.411079
0.230000,126.000000,30.408356,30.296520
0.230000,128.000000,32.295887,32.201279
0.230000,130.000000,34.202908,34.122444
0.230000,132.000000,36.126503,36.057423
0.230000,134.000000,38.063915,38.003986
0.230000,136.000000,40.012653,39.960251
0.230000,138.000000,41.970596,41.924538
0.230000,140.000000,43.936050,43.895489
0.230000,142.000000,45.907734,45.871929
0.230000,144.000000,47.884705,47.852875
0.230000,146.000000,49.866249,49.837517
0.230000,148.000000,51.851765,51.825153
0.230000,150.000000,53.840736,53.815235
0.230000,152.000000,55.832657,55.807293
0.230000,154.000000,57.827068,57.800953
0.230000,156.000000,59.823517,59.795910
0.230000,158.000000,61.821575,61.791878
0.230000,160.000000,63.820862,63.788689
0.230000,162.000000,65.821053,65.786171
0.230000,164.000000,67.821831,67.784164
0.230000,166.000000,69.822968,69.782593
0.230000,168.000000,71.824226,71.781342
0.230000,170.000000,73.825424,73.780357
0.230000,172.000000,75.826439,75.779602
0.230000,174.000000,77.827118,77.778992
0.230000,176.000000,79.827370,79.778519
0.230000,178.000000,81.827110,81.778137
0.230000,180.000000,83.826256,83.777855
0.230000,182.000000,85.824776,85.777626
0.230000,184.000000,87.822594,87.777458
0.230000,186.000000,89.819687,89.777306
0.230000,188.000000,91.816025,91.777199
0.230000,190.000000,93.811569,93.777122
0.230000,192.000000,95.806313,95.777054
0.230000,194.000000,97.800217,97.777016
0.230000,196.000000,99.793282,99.776962
0.230000,198.000000,101.785492,101.776947
0.230000,200.000000,103.776833,103.776917
0.240000,0.000000,0.000000,0.000000
0.240000,2.000000,-0.010382,0.000000
0.240000,4.000000,-0.019888,0.000000
0.240000,6.000000,-0.028415,0.000000
0.240000,8.000000,-0.035970,0.000000
0.240000,10.000000,-0.042556,0.000000
0.240000,12.000000,-0.048175,0.000000
0.240000,14.000000,-0.052829,0.000000
0.240000,16.000000,-0.056519,0.000000
0.240000,18.000000,-0.059244,0.000000
0.240000,20.000000,-0.061006,0.000000
0.240000,22.000000,-0.061804,0.000000
0.240000,24.000000,-0.061638,0.000000
0.240000,26.000000,-0.060509,0.000000
0.240000,28.000000,-0.058415,0.000000
0.240000,30.000000,-0.055355,0.000000
0.240000,32.000000,-0.051331,0.000000
0.240000,34.000000,-0.046339,0.000000
0.240000,36.000000,-0.040379,0.000000
0.240000,38.000000,-0.033446,0.000001
0.240000,40.000000,-0.025539,-0.000000
0.240000,42.000000,-0.016649,0.000002
0.240000,44.000000,-0.006768,0.000008
0.240000,46.000000,0.004120,0.000029
0.240000,48.000000,0.016042,0.000088
0.240000,50.000000,0.029041,0.000246
0.240000,52.000000,0.043192,0.000633
0.240000,54.000000,0.058623,0.001498
0.240000,56.000000,0.075566,0.003320
0.240000,58.000000,0.094433,0.006882
0.240000,60.000000,0.115976,0.013470
0.240000,62.000000,0.141558,0.024992
0.240000,64.000000,0.173612,0.044183
0.240000,66.000000,0.216269,0.074725
0.240000,68.000000,0.275920,0.121361
0.240000,70.000000,0.361021,0.189941
0.240000,72.000000,0.480775,0.287344
0.240000,74.000000,0.643959,0.421344
0.240000,76.000000,0.859306,0.600389
0.240000,78.000000,1.135853,0.833271
0.240000,80.000000,1.481183,1.128800
0.240000,82.000000,1.899666,1.495414
0.240000,84.000000,2.394293,1.940827
0.240000,86.000000,2.969150,2.471722
0.240000,88.000000,3.629568,3.093472
0.240000,90.000000,4.380507,3.809992
0.240000,92.000000,5.224148,4.623623
0.240000,94.000000,6.158334,5.535130
0.240000,96.000000,7.174859,6.543768
0.240000,98.000000,8.265189,7.647398
0.240000,100.000000,9.429394,8.842675
0.240000,102.000000,10.668556,10.125255
0.240000,104.000000,11.982136,11.489985
0.240000,106.000000,13.372119,12.931145
0.240000,108.000000,14.835497,14.442687
0.240000,110.000000,16.367369,16.018356
0.240000,112.000000,17.962500,17.651939
0.240000,114.000000,19.613413,19.337326
0.240000,116.000000,21.312218,21.068661
0.240000,118.000000,23.052702,22.840483
0.240000,120.000000,24.830303,24.647655
0.240000,122.000000,26.641159,26.485485
0.240000,124.000000,28.481546,28.349737
0.240000,126.000000,30.347864,30.236618
0.240000,128.000000,32.236740,32.142754
0.240000,130.000000,34.145042,34.065178
0.240000,132.000000,36.069809,36.001324
0.240000,134.000000,38.008278,37.948959
0.240000,136.000000,39.957939,39.906155
0.240000,138.000000,41.916691,41.871300
0.240000,140.000000,43.882851,43.843010
0.240000,142.000000,45.855152,45.820103
0.240000,144.000000,47.832676,47.801628
0.240000,146.000000,49.814709,49.786747
0.240000,148.000000,51.800655,51.774811
0.240000,150.000000,53.790009,53.765266
0.240000,152.000000,55.782253,55.757629
0.240000,154.000000,57.776939,57.751556
0.240000,156.000000,59.773613,59.746727
0.240000,158.000000,61.771858,61.742882
0.240000,160.000000,63.771297,63.739849
0.240000,162.000000,65.771599,65.737457
0.240000,164.000000,67.772484,67.735573
0.240000,166.000000,69.773689,69.734077
0.240000,168.000000,71.775002,71.732903
0.240000,170.000000,73.776268,73.731979
0.240000,172.000000,75.777313,75.731247
0.240000,174.000000,77.778038,77.730698
0.240000,176.000000,79.778328,79.730247
0.240000,178.000000,81.778107,81.729912
0.240000,180.000000,83.777298,83.729645
0.240000,182.000000,85.775856,85.729424
0.240000,184.000000,87.773743,87.729271
0.240000,186.000000,89.770889,89.729149
0.240000,188.000000,91.767296,91.729042
0.240000,190.000000,93.762924,93.728973
0.240000,192.000000,95.757744,95.728912
0.240000,194.000000,97.751740,97.728867
0.240000,196.000000,99.744911,99.728828
0.240000,198.000000,101.737244,101.728806
0.240000,200.000000,103.728706,103.728783
0.250000,0.000000,0.000000,0.000000
0.250000,2.000000,-0.010236,0.000000
0.250000,4.000000,-0.019608,0.000000
0.250000,6.000000,-0.028013,0.000000
0.250000,8.000000,-0.035459,0.000000
0.250000,10.000000,-0.041950,0.000000
0.250000,12.000000,-0.047486,0.000000
0.250000,14.000000,-0.052070,0.000000
0.250000,16.000000,-0.055701,0.000000
0.250000,18.000000,-0.058382,0.000000
0.250000,20.000000,-0.060111,0.000000
0.250000,22.000000,-0.060890,0.000000
0.250000,24.000000,-0.060717,0.000000
0.250000,26.000000,-0.059593,0.000000
0.250000,28.000000,-0.057518,0.000000
0.250000,30.000000,-0.054490,0.000000
0.250000,32.000000,-0.050510,0.000000
0.250000,34.000000,-0.045575,0.000000
0.250000,36.000000,-0.039684,0.000000
0.250000,38.000000,-0.032835,-0.000001
0.250000,40.000000,-0.025023,0.000000
0.250000,42.000000,-0.016243,0.000002
0.250000,44.000000,-0.006486,0.000005
0.250000,46.000000,0.004264,0.000025
0.250000,48.000000,0.016032,0.000075
0.250000,50.000000,0.028859,0.000218
0.250000,52.000000,0.042814,0.000563
0.250000,54.000000,0.058022,0.001353
0.250000,56.000000,0.074698,0.003026
0.250000,58.000000,0.093234,0.006333
0.250000,60.000000,0.114338,0.012495
0.250000,62.000000,0.139298,0.023356
0.250000,64.000000,0.170421,0.041563
0.250000,66.000000,0.211653,0.070717
0.250000,68.000000,0.269188,0.115488
0.250000,70.000000,0.351388,0.181658
0.250000,72.000000,0.467574,0.276063
0.250000,74.000000,0.626715,0.406474
0.250000,76.000000,0.837630,0.581365
0.250000,78.000000,1.109403,0.809601
0.250000,80.000000,1.449813,1.100092
0.250000,82.000000,1.863520,1.461408
0.250000,84.000000,2.353692,1.901411
0.250000,86.000000,2.924422,2.426945
0.250000,88.000000,3.580842,3.043542
0.250000,90.000000,4.327655,3.755247
0.250000,92.000000,5.167131,4.564535
0.250000,94.000000,6.097630,5.472252
0.250000,96.000000,7.111323,6.477724
0.250000,98.000000,8.199635,7.578846
0.250000,100.000000,9.362440,8.772271
0.250000,102.000000,10.600531,10.053624
0.250000,104.000000,11.913351,11.417711
0.250000,106.000000,13.303039,12.858774
0.250000,108.000000,14.766470,14.370665
0.250000,110.000000,16.298691,15.947061
0.250000,112.000000,17.894390,17.581675
0.250000,114.000000,19.545965,19.268333
0.250000,116.000000,21.245533,21.001112
0.250000,118.000000,22.986965,22.774446
0.250000,120.000000,24.765722,24.583185
0.250000,122.000000,26.577890,26.422585
0.250000,124.000000,28.419670,28.288374
0.250000,126.000000,30.287390,30.176712
0.250000,128.000000,32.177635,32.084236
0.250000,130.000000,34.087223,34.007942
0.250000,132.000000,36.013180,35.945267
0.250000,134.000000,37.952698,37.893963
0.250000,136.000000,39.903286,39.852116
0.250000,138.000000,41.862839,41.818111
0.250000,140.000000,43.829697,43.790569
0.250000,142.000000,45.802624,45.768314
0.250000,144.000000,47.780693,47.750404
0.250000,146.000000,49.763210,49.736027
0.250000,148.000000,51.749584,51.724514
0.250000,150.000000,53.739307,53.715317
0.250000,152.000000,55.731873,55.707996
0.250000,154.000000,57.726826,57.702171
0.250000,156.000000,59.723724,59.697556
0.250000,158.000000,61.722149,61.693909
0.250000,160.000000,63.721733,63.691021
0.250000,162.000000,65.722160,65.688751
0.250000,164.000000,67.723129,67.686951
0.250000,166.000000,69.724403,69.685562
0.250000,168.000000,71.725784,71.684448
0.250000,170.000000,73.727089,73.683586
0.250000,172.000000,75.728180,75.682907
0.250000,174.000000,77.728943,77.682396
0.250000,176.000000,79.729271,79.681976
0.250000,178.000000,81.729088,81.681648
0.250000,180.000000,83.728325,83.681412
0.250000,182.000000,85.726929,85.681221
0.250000,184.000000,87.724861,87.681053
0.250000,186.000000,89.722076,89.680954
0.250000,188.000000,91.718544,91.680855
0.250000,190.000000,93.714241,93.680786
0.250000,192.000000,95.709152,95.680733
0.250000,194.000000,97.703247,97.680695
0.250000,196.000000,99.696526,99.680664
0.250000,198.000000,101.688965,101.680634
0.250000,200.000000,103.680557,103.680618
0.260000,0.000000,0.000000,0.000000
0.260000,2.000000,-0.010090,0.000000
0.260000,4.000000,-0.019328,0.000000
0.260000,6.000000,-0.027612,0.000000
0.260000,8.000000,-0.034950,0.000000
0.260000,10.000000,-0.041345,0.000000
0.260000,12.000000,-0.046798,0.000000
0.260000,14.000000,-0.051311,0.000000
0.260000,16.000000,-0.054886,0.000000
0.260000,18.000000,-0.057522,0.000000
0.260000,20.000000,-0.059219,0.000000
0.260000,22.000000,-0.059978,0.000000
0.260000,24.000000,-0.059799,0.000000
0.260000,26.000000,-0.058681,0.000000
0.260000,28.000000,-0.056624,0.000000
0.260000,30.000000,-0.053628,0.000000
0.260000,32.000000,-0.049692,0.000000
0.260000,34.000000,-0.044814,0.000000
0.260000,36.000000,-0.038994,0.000000
0.260000,38.000000,-0.032227,-0.000001
0.260000,40.000000,-0.024512,0.000001
0.260000,42.000000,-0.015842,0.000002
0.260000,44.000000,-0.006208,0.000005
0.260000,46.000000,0.004404,0.000021
0.260000,48.000000,0.016018,0.000066
0.260000,50.000000,0.028672,0.000191
0.260000,52.000000,0.042434,0.000504
0.260000,54.000000,0.057420,0.001222
0.260000,56.000000,0.073834,0.002755
0.260000,58.000000,0.092045,0.005819
0.260000,60.000000,0.112721,0.011571
0.260000,62.000000,0.137080,0.021788
0.260000,64.000000,0.167307,0.039041
0.260000,66.000000,0.207169,0.066841
0.260000,68.000000,0.262653,0.109777
0.260000,70.000000,0.342013,0.173557
0.260000,72.000000,0.454658,0.264986
0.260000,74.000000,0.609752,0.391819
0.260000,76.000000,0.816214,0.562559
0.260000,78.000000,1.083174,0.786134
0.260000,80.000000,1.418591,1.071556
0.260000,82.000000,1.827422,1.427526
0.260000,84.000000,2.313030,1.862070
0.260000,86.000000,2.879562,2.382185
0.260000,88.000000,3.531981,2.993560
0.260000,90.000000,4.274702,3.700392
0.260000,92.000000,5.110018,4.505271
0.260000,94.000000,6.036761,5.409153
0.260000,96.000000,7.047544,6.411415
0.260000,98.000000,8.133796,7.509994
0.260000,100.000000,9.295198,8.701544
0.260000,102.000000,10.532227,9.981665
0.260000,104.000000,11.844299,11.345128
0.260000,106.000000,13.233698,12.786103
0.260000,108.000000,14.697190,14.298363
0.260000,110.000000,16.229776,15.875530
0.260000,112.000000,17.826038,17.511209
0.260000,114.000000,19.478277,19.199167
0.260000,116.000000,21.178635,20.933411
0.260000,118.000000,22.921064,22.708302
0.260000,120.000000,24.701038,24.518642
0.260000,122.000000,26.514570,26.359629
0.260000,124.000000,28.357782,28.226982
0.260000,126.000000,30.226940,30.116812
0.260000,128.000000,32.118572,32.025726
0.260000,130.000000,34.029465,33.950726
0.260000,132.000000,35.956608,35.889244
0.260000,134.000000,37.897182,37.838993
0.260000,136.000000,39.848690,39.798122
0.260000,138.000000,41.809044,41.764969
0.260000,140.000000,43.776600,43.738167
0.260000,142.000000,45.750137,45.716576
0.260000,144.000000,47.728752,47.699226
0.260000,146.000000,49.711750,49.685329
0.260000,148.000000,51.698547,51.674240
0.260000,150.000000,53.688633,53.665405
0.260000,152.000000,55.681515,55.658379
0.260000,154.000000,57.676731,57.652805
0.260000,156.000000,59.673843,59.648407
0.260000,158.000000,61.672447,61.644936
0.260000,160.000000,63.672173,63.642197
0.260000,162.000000,65.672707,65.640038
0.260000,164.000000,67.673767,67.638344
0.260000,166.000000,69.675117,69.637024
0.260000,168.000000,71.676544,71.636002
0.260000,170.000000,73.677902,73.635193
0.260000,172.000000,75.679031,75.634552
0.260000,174.000000,77.679825,77.634064
0.260000,176.000000,79.680199,79.633690
0.260000,178.000000,81.680054,81.633392
0.260000,180.000000,83.679337,83.633156
0.260000,182.000000,85.677986,85.632988
0.260000,184.000000,87.675964,87.632851
0.260000,186.000000,89.673241,89.632751
0.260000,188.000000,91.669777,91.632660
0.260000,190.000000,93.665550,93.632599
0.260000,192.000000,95.660545,95.632545
0.260000,194.000000,97.654739,97.632507
0.260000,196.000000,99.648117,99.632477
0.260000,198.000000,101.640671,101.632462
0.260000,200.000000,103.632385,103.632446
0.270000,0.000000,0.000000,0.000000
0.270000,2.000000,-0.009945,0.000000
0.270000,4.000000,-0.019049,0.000000
0.270000,6.000000,-0.027212,0.000000
0.270000,8.000000,-0.034442,0.000000
0.270000,10.000000,-0.040741,0.000000
0.270000,12.000000,-0.046111,0.000000
0.270000,14.000000,-0.050555,0.000000
0.270000,16.000000,-0.054072,0.000000
0.270000,18.000000,-0.056663,0.000000
0.270000,20.000000,-0.058329,0.000000
0.270000,22.000000,-0.059069,0.000000
0.270000,24.000000,-0.058883,0.000000
0.270000,26.000000,-0.057772,0.000000
0.270000,28.000000,-0.055734,0.000000
0.270000,30.000000,-0.052770,0.000000
0.270000,32.000000,-0.048878,0.000000
0.270000,34.000000,-0.044058,0.000000
0.270000,36.000000,-0.038307,0.000000
0.270000,38.000000,-0.031624,-0.000002
0.270000,40.000000,-0.024005,-0.000000
0.270000,42.000000,-0.015445,0.000000
0.270000,44.000000,-0.005935,0.000005
0.270000,46.000000,0.004539,0.000016
0.270000,48.000000,0.015999,0.000057
0.270000,50.000000,0.028482,0.000168
0.270000,52.000000,0.042052,0.000448
0.270000,54.000000,0.056817,0.001097
0.270000,56.000000,0.072971,0.002501
0.270000,58.000000,0.090864,0.005332
0.270000,60.000000,0.111125,0.010693
0.270000,62.000000,0.134902,0.020296
0.270000,64.000000,0.164267,0.036615
0.270000,66.000000,0.202811,0.063092
0.270000,68.000000,0.256312,0.104224
0.270000,70.000000,0.332891,0.165651
0.270000,72.000000,0.442026,0.254126
0.270000,74.000000,0.593074,0.377396
0.270000,76.000000,0.795065,0.543979
0.270000,78.000000,1.057177,0.762877
0.270000,80.000000,1.387536,1.043202
0.270000,82.000000,1.791388,1.393792
0.270000,84.000000,2.272322,1.822819
0.270000,86.000000,2.834572,2.337446
0.270000,88.000000,3.482975,2.943533
0.270000,90.000000,4.221635,3.645421
0.270000,92.000000,5.052794,4.445835
0.270000,94.000000,5.975726,5.345817
0.270000,96.000000,6.983518,6.344830
0.270000,98.000000,8.067672,7.440837
0.270000,100.000000,9.227664,8.630496
0.270000,102.000000,10.463634,9.909386
0.270000,104.000000,11.774977,11.272218
0.270000,106.000000,13.164089,12.713123
0.270000,108.000000,14.627656,14.225786
0.270000,110.000000,16.160614,15.803748
0.270000,112.000000,17.757441,17.440521
0.270000,114.000000,19.410347,19.129810
0.270000,116.000000,21.111526,20.865570
0.270000,118.000000,22.855007,22.642050
0.270000,120.000000,24.636255,24.454025
0.270000,122.000000,26.451208,26.296638
0.270000,124.000000,28.295895,28.165569
0.270000,126.000000,30.166515,30.056908
0.270000,128.000000,32.059559,31.967232
0.270000,130.000000,33.971767,33.893543
0.270000,132.000000,35.900101,35.833241
0.270000,134.000000,37.841732,37.784088
0.270000,136.000000,39.794151,39.744175
0.270000,138.000000,41.755299,41.711861
0.270000,140.000000,43.723553,43.685802
0.270000,142.000000,45.697701,45.664867
0.270000,144.000000,47.676849,47.648079
0.270000,146.000000,49.660328,49.634678
0.270000,148.000000,51.647545,51.623993
0.270000,150.000000,53.637989,53.615509
0.270000,152.000000,55.631180,55.608780
0.270000,154.000000,57.626656,57.603462
0.270000,156.000000,59.623981,59.599258
0.270000,158.000000,61.622753,61.595963
0.270000,160.000000,63.622620,63.593353
0.270000,162.000000,65.623260,65.591339
0.270000,164.000000,67.624405,67.589729
0.270000,166.000000,69.625816,69.588501
0.270000,168.000000,71.627312,71.587524
0.270000,170.000000,73.628708,73.586769
0.270000,172.000000,75.629875,75.586174
0.270000,174.000000,77.630714,77.585724
0.270000,176.000000,79.631111,79.585373
0.270000,178.000000,81.630997,81.585106
0.270000,180.000000,83.630318,83.584892
0.270000,182.000000,85.629021,85.584732
0.270000,184.000000,87.627052,87.584618
0.270000,186.000000,89.624382,89.584511
0.270000,188.000000,91.620987,91.584442
0.270000,190.000000,93.616837,93.584389
0.270000,192.000000,95.611916,95.584343
0.270000,194.000000,97.606194,97.584297
0.270000,196.000000,99.599678,99.584267
0.270000,198.000000,101.592346,101.584251
0.270000,200.000000,103.584190,103.584236
0.280000,0.000000,0.000000,0.000000
0.280000,2.000000,-0.009800,0.000000
0.280000,4.000000,-0.018770,0.000000
0.280000,6.000000,-0.026813,0.000000
0.280000,8.000000,-0.033934,0.000000
0.280000,10.000000,-0.040138,0.000000
0.280000,12.000000,-0.045427,0.000000
0.280000,14.000000,-0.049801,0.000000
0.280000,16.000000,-0.053261,0.000000
0.280000,18.000000,-0.055808,0.000000
0.280000,20.000000,-0.057442,0.000000
0.280000,22.000000,-0.058163,0.000000
0.280000,24.000000,-0.057971,0.000000
0.280000,26.000000,-0.056866,0.000000
0.280000,28.000000,-0.054848,0.000000
0.280000,30.000000,-0.051916,0.000000
0.280000,32.000000,-0.048069,0.000000
0.280000,34.000000,-0.043306,0.000000
0.280000,36.000000,-0.037626,0.000000
0.280000,38.000000,-0.031027,0.000001
0.280000,40.000000,-0.023504,0.000001
0.280000,42.000000,-0.015054,0.000003
0.280000,44.000000,-0.005668,0.000005
0.280000,46.000000,0.004668,0.000015
0.280000,48.000000,0.015974,0.000051
0.280000,50.000000,0.028286,0.000146
0.280000,52.000000,0.041663,0.000395
0.280000,54.000000,0.056210,0.000983
0.280000,56.000000,0.072109,0.002267
0.280000,58.000000,0.089688,0.004876
0.280000,60.000000,0.109544,0.009863
0.280000,62.000000,0.132759,0.018867
0.280000,64.000000,0.161294,0.034292
0.280000,66.000000,0.198571,0.059473
0.280000,68.000000,0.250155,0.098832
0.280000,70.000000,0.324018,0.157932
0.280000,72.000000,0.429680,0.243478
0.280000,74.000000,0.576684,0.363193
0.280000,76.000000,0.774189,0.525624
0.280000,78.000000,1.031420,0.739835
0.280000,80.000000,1.356658,1.015035
0.280000,82.000000,1.755435,1.360198
0.280000,84.000000,2.231579,1.783649
0.280000,86.000000,2.789453,2.292728
0.280000,88.000000,3.433806,2.893455
0.280000,90.000000,4.168431,3.590332
0.280000,92.000000,4.995444,4.386212
0.280000,94.000000,5.914515,5.282251
0.280000,96.000000,6.919241,6.277962
0.280000,98.000000,8.001253,7.371363
0.280000,100.000000,9.159828,8.559112
0.280000,102.000000,10.394749,9.836766
0.280000,104.000000,11.705374,11.198986
0.280000,106.000000,13.094207,12.639817
0.280000,108.000000,14.557853,14.152911
0.280000,110.000000,16.091192,15.731691
0.280000,112.000000,17.688583,17.369621
0.280000,114.000000,19.342169,19.060287
0.280000,116.000000,21.044209,20.797567
0.280000,118.000000,22.788799,22.575687
0.280000,120.000000,24.571381,24.389332
0.280000,122.000000,26.387806,26.233599
0.280000,124.000000,28.234007,28.104126
0.280000,126.000000,30.106119,29.996992
0.280000,128.000000,32.000587,31.908745
0.280000,130.000000,33.914124,33.836380
0.280000,132.000000,35.843651,35.777279
0.280000,134.000000,37.786331,37.729198
0.280000,136.000000,39.739674,39.690250
0.280000,138.000000,41.701611,41.658798
0.280000,140.000000,43.670551,43.633499
0.280000,142.000000,45.645306,45.613190
0.280000,144.000000,47.624992,47.596970
0.280000,146.000000,49.608936,49.584038
0.280000,148.000000,51.596569,51.573769
0.280000,150.000000,53.587372,53.565632
0.280000,152.000000,55.580864,55.559193
0.280000,154.000000,57.576591,57.554115
0.280000,156.000000,59.574123,59.550121
0.280000,158.000000,61.573067,61.546989
0.280000,160.000000,63.573063,63.544533
0.280000,162.000000,65.573807,65.542618
0.280000,164.000000,67.575035,67.541115
0.280000,166.000000,69.576515,69.539955
0.280000,168.000000,71.578049,71.539040
0.280000,170.000000,73.579491,73.538345
0.280000,172.000000,75.580704,75.537796
0.280000,174.000000,77.581566,77.537369
0.280000,176.000000,79.582001,79.537048
0.280000,178.000000,81.581924,81.536804
0.280000,180.000000,83.581284,83.536606
0.280000,182.000000,85.580025,85.536453
0.280000,184.000000,87.578110,87.536346
0.280000,186.000000,89.575500,89.536240
0.280000,188.000000,91.572166,91.536179
0.280000,190.000000,93.568092,93.536133
0.280000,192.000000,95.563248,95.536095
0.280000,194.000000,97.557632,97.536072
0.280000,196.000000,99.551224,99.536041
0.280000,198.000000,101.543999,101.536018
0.280000,200.000000,103.535965,103.536003
0.290000,0.000000,0.000000,0.000000
0.290000,2.000000,-0.009655,0.000000
0.290000,4.000000,-0.018491,0.000000
0.290000,6.000000,-0.026414,0.000000
0.290000,8.000000,-0.033428,0.000000
0.290000,10.000000,-0.039537,0.000000
0.290000,12.000000,-0.044743,0.000000
0.290000,14.000000,-0.049047,0.000000
0.290000,16.000000,-0.052451,0.000000
0.290000,18.000000,-0.054954,0.000000
0.290000,20.000000,-0.056556,0.000000
0.290000,22.000000,-0.057259,0.000000
0.290000,24.000000,-0.057061,0.000000
0.290000,26.000000,-0.055963,0.000000
0.290000,28.000000,-0.053964,0.000000
0.290000,30.000000,-0.051064,0.000000
0.290000,32.000000,-0.047262,0.000000
0.290000,34.000000,-0.042557,0.000000
0.290000,36.000000,-0.036948,0.000000
0.290000,38.000000,-0.030432,0.000001
0.290000,40.000000,-0.023006,0.000000
0.290000,42.000000,-0.014666,-0.000001
0.290000,44.000000,-0.005403,0.000003
0.290000,46.000000,0.004794,0.000013
0.290000,48.000000,0.015947,0.000043
0.290000,50.000000,0.028088,0.000129
0.290000,52.000000,0.041274,0.000351
0.290000,54.000000,0.055604,0.000879
0.290000,56.000000,0.071250,0.002048
0.290000,58.000000,0.088522,0.004448
0.290000,60.000000,0.107982,0.009081
0.290000,62.000000,0.130653,0.017511
0.290000,64.000000,0.158389,0.032060
0.290000,66.000000,0.194447,0.055981
0.290000,68.000000,0.244181,0.093599
0.290000,70.000000,0.315395,0.150405
0.290000,72.000000,0.417624,0.233044
0.290000,74.000000,0.560593,0.349227
0.290000,76.000000,0.753598,0.507510
0.290000,78.000000,1.005918,0.717014
0.290000,80.000000,1.325978,0.987057
0.290000,82.000000,1.719585,1.326750
0.290000,84.000000,2.190824,1.744573
0.290000,86.000000,2.744218,2.248036
0.290000,88.000000,3.384477,2.843337
0.290000,90.000000,4.115083,3.535135
0.290000,92.000000,4.937964,4.326415
0.290000,94.000000,5.853132,5.218446
0.290000,96.000000,6.854718,6.210817
0.290000,98.000000,7.934546,7.301581
0.290000,100.000000,9.091694,8.487398
0.290000,102.000000,10.325568,9.763800
0.290000,104.000000,11.635489,11.125422
0.290000,106.000000,13.024047,12.566227
0.290000,108.000000,14.487782,14.079762
0.290000,110.000000,16.021511,15.659413
0.290000,112.000000,17.619471,17.298515
0.290000,114.000000,19.273750,18.990587
0.290000,116.000000,20.976690,20.729445
0.290000,118.000000,22.722450,22.509228
0.290000,120.000000,24.506433,24.324556
0.290000,122.000000,26.324381,26.170523
0.290000,124.000000,28.172134,28.042681
0.290000,126.000000,30.045765,29.937098
0.290000,128.000000,31.941677,31.850288
0.290000,130.000000,33.856548,33.779255
0.290000,132.000000,35.787277,35.721359
0.290000,134.000000,37.731010,37.674377
0.290000,136.000000,39.685261,39.636391
0.290000,138.000000,41.647987,41.605785
0.290000,140.000000,43.617615,43.581226
0.290000,142.000000,45.592968,45.561581
0.290000,144.000000,47.573181,47.545918
0.290000,146.000000,49.557598,49.533463
0.290000,148.000000,51.545631,51.523582
0.290000,150.000000,53.536785,53.515785
0.290000,152.000000,55.530575,55.509628
0.290000,154.000000,57.526546,57.504803
0.290000,156.000000,59.524284,59.501003
0.290000,158.000000,61.523388,61.498039
0.290000,160.000000,63.523514,63.495712
0.290000,162.000000,65.524361,65.493912
0.290000,164.000000,67.525665,67.492493
0.290000,166.000000,69.527206,69.491402
0.290000,168.000000,71.528793,71.490570
0.290000,170.000000,73.530281,73.489899
0.290000,172.000000,75.531517,75.489410
0.290000,174.000000,77.532410,77.489021
0.290000,176.000000,79.532883,79.488724
0.290000,178.000000,81.532837,81.488480
0.290000,180.000000,83.532242,83.488297
0.290000,182.000000,85.531021,85.488159
0.290000,184.000000,87.529160,87.488060
0.290000,186.000000,89.526604,89.487984
0.290000,188.000000,91.523338,91.487915
0.290000,190.000000,93.519341,93.487877
0.290000,192.000000,95.514580,95.487846
0.290000,194.000000,97.509056,97.487816
0.290000,196.000000,99.502739,99.487793
0.290000,198.000000,101.495636,101.487770
0.290000,200.000000,103.487724,103.487762
0.300000,0.000000,0.000000,0.000000
0.300000,2.000000,-0.009510,0.000000
0.300000,4.000000,-0.018214,0.000000
0.300000,6.000000,-0.026016,0.000000
0.300000,8.000000,-0.032922,0.000000
0.300000,10.000000,-0.038937,0.000000
0.300000,12.000000,-0.044061,0.000000
0.300000,14.000000,-0.048296,0.000000
0.300000,16.000000,-0.051643,0.000000
0.300000,18.000000,-0.054102,0.000000
0.300000,20.000000,-0.055674,0.000000
0.300000,22.000000,-0.056358,0.000000
0.300000,24.000000,-0.056154,0.000000
0.300000,26.000000,-0.055063,0.000000
0.300000,28.000000,-0.053084,0.000000
0.300000,30.000000,-0.050216,0.000000
0.300000,32.000000,-0.046460,0.000000
0.300000,34.000000,-0.041813,0.000000
0.300000,36.000000,-0.036274,0.000000
0.300000,38.000000,-0.029842,0.000001
0.300000,40.000000,-0.022514,0.000002
0.300000,42.000000,-0.014284,0.000001
0.300000,44.000000,-0.005145,0.000003
0.300000,46.000000,0.004914,0.000012
0.300000,48.000000,0.015913,0.000036
0.300000,50.000000,0.027884,0.000110
0.300000,52.000000,0.040880,0.000309
0.300000,54.000000,0.054994,0.000785
0.300000,56.000000,0.070390,0.001844
0.300000,58.000000,0.087359,0.004048
0.300000,60.000000,0.106433,0.008344
0.300000,62.000000,0.128577,0.016222
0.300000,64.000000,0.155544,0.029924
0.300000,66.000000,0.190431,0.052614
0.300000,68.000000,0.238379,0.088527
0.300000,70.000000,0.307012,0.143070
0.300000,72.000000,0.405854,0.222830
0.300000,74.000000,0.544799,0.335493
0.300000,76.000000,0.733294,0.489630
0.300000,78.000000,0.980677,0.694423
0.300000,80.000000,1.295503,0.959284
0.300000,82.000000,1.683851,1.293454
0.300000,84.000000,2.150065,1.705589
0.300000,86.000000,2.698867,2.203374
0.300000,88.000000,3.334972,2.793174
0.300000,90.000000,4.061565,3.479816
0.300000,92.000000,4.880333,4.266434
0.300000,94.000000,5.791562,5.154396
0.300000,96.000000,6.789943,6.143379
0.300000,98.000000,7.867539,7.231468
0.300000,100.000000,9.023244,8.415339
0.300000,102.000000,10.256075,9.690494
0.300000,104.000000,11.565306,11.051507
0.300000,106.000000,12.953593,12.492291
0.300000,108.000000,14.417427,14.006312
0.300000,110.000000,15.951555,15.586852
0.300000,112.000000,17.550085,17.227173
0.300000,114.000000,19.205080,18.920708
0.300000,116.000000,20.908972,20.661175
0.300000,118.000000,22.655972,22.442650
0.300000,120.000000,24.441412,24.259720
0.300000,122.000000,26.260929,26.107401
0.300000,124.000000,28.110271,27.981205
0.300000,126.000000,29.985449,29.877192
0.300000,128.000000,31.882820,31.791855
0.300000,130.000000,33.799034,33.722164
0.300000,132.000000,35.730961,35.665497
0.300000,134.000000,37.675743,37.619602
0.300000,136.000000,39.630905,39.582573
0.300000,138.000000,41.594414,41.552826
0.300000,140.000000,43.564720,43.529007
0.300000,142.000000,45.540672,45.510006
0.300000,144.000000,47.521412,47.494888
0.300000,146.000000,49.506287,49.482899
0.300000,148.000000,51.494724,51.473431
0.300000,150.000000,53.486221,53.465965
0.300000,152.000000,55.480301,55.460094
0.300000,154.000000,57.476521,57.455479
0.300000,156.000000,59.474453,59.451889
0.300000,158.000000,61.473713,61.449078
0.300000,160.000000,63.473965,63.446884
0.300000,162.000000,65.474907,65.445183
0.300000,164.000000,67.476288,67.443878
0.300000,166.000000,69.477882,69.442848
0.300000,168.000000,71.479515,71.442062
0.300000,170.000000,73.481041,73.441452
0.300000,172.000000,75.482315,75.440979
0.300000,174.000000,77.483246,77.440620
0.300000,176.000000,79.483742,79.440346
0.300000,178.000000,81.483734,81.440132
0.300000,180.000000,83.483170,83.439972
0.300000,182.000000,85.482002,85.439842
0.300000,184.000000,87.480179,87.439758
0.300000,186.000000,89.477684,89.439682
0.300000,188.000000,91.474480,91.439636
0.300000,190.000000,93.470551,93.439590
0.300000,192.000000,95.465874,95.439560
0.300000,194.000000,97.460442,97.439529
0.300000,196.000000,99.454231,99.439514
0.300000,198.000000,101.447243,101.439491
0.300000,200.000000,103.439453,103.439491
0.310000,0.000000,0.000000,0.000000
0.310000,2.000000,-0.009365,0.000000
0.310000,4.000000,-0.017936,0.000000
0.310000,6.000000,-0.025618,0.000000
0.310000,8.000000,-0.032418,0.000000
0.310000,10.000000,-0.038338,0.000000
0.310000,12.000000,-0.043380,0.000000
0.310000,14.000000,-0.047546,0.000000
0.310000,16.000000,-0.050837,0.000000
0.310000,18.000000,-0.053252,0.000000
0.310000,20.000000,-0.054793,0.000000
0.310000,22.000000,-0.055459,0.000000
0.310000,24.000000,-0.055250,0.000000
0.310000,26.000000,-0.054166,0.000000
0.310000,28.000000,-0.052206,0.000000
0.310000,30.000000,-0.049371,0.000000
0.310000,32.000000,-0.045660,0.000000
0.310000,34.000000,-0.041071,0.000000
0.310000,36.000000,-0.035604,0.000000
0.310000,38.000000,-0.029256,0.000001
0.310000,40.000000,-0.022025,0.000001
0.310000,42.000000,-0.013905,0.000000
0.310000,44.000000,-0.004890,0.000003
0.310000,46.000000,0.005031,0.000010
0.310000,48.000000,0.015877,0.000032
0.310000,50.000000,0.027677,0.000097
0.310000,52.000000,0.040483,0.000269
0.310000,54.000000,0.054384,0.000696
0.310000,56.000000,0.069532,0.001656
0.310000,58.000000,0.086204,0.003676
0.310000,60.000000,0.104901,0.007645
0.310000,62.000000,0.126533,0.014995
0.310000,64.000000,0.152759,0.027884
0.310000,66.000000,0.186521,0.049374
0.310000,68.000000,0.232748,0.083614
0.310000,70.000000,0.298871,0.135929
0.310000,72.000000,0.394376,0.212839
0.310000,74.000000,0.529312,0.321997
0.310000,76.000000,0.713289,0.471993
0.310000,78.000000,0.955711,0.672062
0.310000,80.000000,1.265253,0.931709
0.310000,82.000000,1.648254,1.260324
0.310000,84.000000,2.109329,1.666713
0.310000,86.000000,2.653419,2.158744
0.310000,88.000000,3.285296,2.742971
0.310000,90.000000,4.007872,3.424384
0.310000,92.000000,4.822540,4.206265
0.310000,94.000000,5.729805,5.090104
0.310000,96.000000,6.724915,6.075647
0.310000,98.000000,7.800239,7.161024
0.310000,100.000000,8.954485,8.342932
0.310000,102.000000,10.186275,9.616835
0.310000,104.000000,11.494829,10.977257
0.310000,106.000000,12.882847,12.418044
0.310000,108.000000,14.346790,13.932573
0.310000,110.000000,15.881323,15.514034
0.310000,112.000000,17.480434,17.155613
0.310000,114.000000,19.136171,18.850639
0.310000,116.000000,20.841070,20.592766
0.310000,118.000000,22.589371,22.375988
0.310000,120.000000,24.376333,24.194830
0.310000,122.000000,26.197470,26.044239
0.310000,124.000000,28.048437,27.919729
0.310000,126.000000,29.925182,29.817305
0.310000,128.000000,31.824030,31.733444
0.310000,130.000000,33.741592,33.665115
0.310000,132.000000,35.674721,35.609669
0.310000,134.000000,37.620556,37.564865
0.310000,136.000000,39.576618,39.528816
0.310000,138.000000,41.540909,41.499924
0.310000,140.000000,43.511890,43.476841
0.310000,142.000000,45.488434,45.458485
0.310000,144.000000,47.469692,47.443920
0.310000,146.000000,49.455021,49.432392
0.310000,148.000000,51.443855,51.423309
0.310000,150.000000,53.435692,53.416176
0.310000,152.000000,55.430061,55.410583
0.310000,154.000000,57.426514,57.406193
0.310000,156.000000,59.424637,59.402779
0.310000,158.000000,61.424049,61.400139
0.310000,160.000000,63.424419,63.398071
0.310000,162.000000,65.425453,65.396477
0.310000,164.000000,67.426910,67.395248
0.310000,166.000000,69.428566,69.394287
0.310000,168.000000,71.430244,71.393555
0.310000,170.000000,73.431801,73.392998
0.310000,172.000000,75.433105,75.392563
0.310000,174.000000,77.434067,77.392235
0.310000,176.000000,79.434593,79.391968
0.310000,178.000000,81.434616,81.391792
0.310000,180.000000,83.434090,83.391632
0.310000,182.000000,85.432961,85.391533
0.310000,184.000000,87.431190,87.391426
0.310000,186.000000,89.428749,89.391365
0.310000,188.000000,91.425613,91.391327
0.310000,190.000000,93.421761,93.391273
0.310000,192.000000,95.417168,95.391251
0.310000,194.000000,97.411812,97.391235
0.310000,196.000000,99.405708,99.391220
0.310000,198.000000,101.398827,101.391197
0.310000,200.000000,103.391167,103.391197
0.320000,0.000000,0.000000,0.000000
0.320000,2.000000,-0.009221,0.000000
0.320000,4.000000,-0.017659,0.000000
0.320000,6.000000,-0.025222,0.000000
0.320000,8.000000,-0.031914,0.000000
0.320000,10.000000,-0.037740,0.000000
0.320000,12.000000,-0.042701,0.000000
0.320000,14.000000,-0.046798,0.000000
0.320000,16.000000,-0.050033,0.000000
0.320000,18.000000,-0.052405,0.000000
0.320000,20.000000,-0.053915,0.000000
0.320000,22.000000,-0.054563,0.000000
0.320000,24.000000,-0.054348,0.000000
0.320000,26.000000,-0.053272,0.000000
0.320000,28.000000,-0.051333,0.000000
0.320000,30.000000,-0.048531,0.000000
0.320000,32.000000,-0.044865,0.000000
0.320000,34.000000,-0.040335,0.000000
0.320000,36.000000,-0.034939,0.000000
0.320000,38.000000,-0.028675,0.000000
0.320000,40.000000,-0.021541,-0.000000
0.320000,42.000000,-0.013532,-0.000001
0.320000,44.000000,-0.004642,0.000003
0.320000,46.000000,0.005141,0.000009
0.320000,48.000000,0.015834,0.000026
0.320000,50.000000,0.027464,0.000084
0.320000,52.000000,0.040082,0.000237
0.320000,54.000000,0.053769,0.000616
0.320000,56.000000,0.068672,0.001485
0.320000,58.000000,0.085052,0.003329
0.320000,60.000000,0.103379,0.006994
0.320000,62.000000,0.124516,0.013837
0.320000,64.000000,0.150027,0.025936
0.320000,66.000000,0.182707,0.046261
0.320000,68.000000,0.227276,0.078863
0.320000,70.000000,0.290960,0.128979
0.320000,72.000000,0.383182,0.203067
0.320000,74.000000,0.514131,0.308746
0.320000,76.000000,0.693585,0.454607
0.320000,78.000000,0.931024,0.649939
0.320000,80.000000,1.235234,0.904347
0.320000,82.000000,1.612806,1.227356
0.320000,84.000000,2.068626,1.627944
0.320000,86.000000,2.607878,2.114156
0.320000,88.000000,3.235439,2.692729
0.320000,90.000000,3.953981,3.368842
0.320000,92.000000,4.764565,4.145906
0.320000,94.000000,5.667844,5.025558
0.320000,96.000000,6.659625,6.007614
0.320000,98.000000,7.732629,7.090255
0.320000,100.000000,8.885399,8.270164
0.320000,102.000000,10.116151,9.542812
0.320000,104.000000,11.424038,10.902648
0.320000,106.000000,12.811794,12.343451
0.320000,108.000000,14.275849,13.858521
0.320000,110.000000,15.810800,15.440948
0.320000,112.000000,17.410500,17.083824
0.320000,114.000000,19.067019,18.780396
0.320000,116.000000,20.772982,20.524204
0.320000,118.000000,22.522655,22.309221
0.320000,120.000000,24.311199,24.129852
0.320000,122.000000,26.134003,25.981045
0.320000,124.000000,27.986626,27.858242
0.320000,126.000000,29.864964,29.757421
0.320000,128.000000,31.765299,31.675064
0.320000,130.000000,33.684216,33.608097
0.320000,132.000000,35.618549,35.553883
0.320000,134.000000,37.565426,37.510197
0.320000,136.000000,39.522392,39.475121
0.320000,138.000000,41.487457,41.447079
0.320000,140.000000,43.459110,43.424728
0.320000,142.000000,45.436237,45.407001
0.320000,144.000000,47.418011,47.392971
0.320000,146.000000,49.403793,49.381908
0.320000,148.000000,51.393013,51.373211
0.320000,150.000000,53.385189,53.366405
0.320000,152.000000,55.379833,55.361073
0.320000,154.000000,57.376518,57.356926
0.320000,156.000000,59.374828,59.353699
0.320000,158.000000,61.374390,61.351185
0.320000,160.000000,63.374878,63.349258
0.320000,162.000000,65.376007,65.347763
0.320000,164.000000,67.377525,67.346611
0.320000,166.000000,69.379234,69.345711
0.320000,168.000000,71.380951,71.345032
0.320000,170.000000,73.382538,73.344513
0.320000,172.000000,75.383873,75.344124
0.320000,174.000000,77.384865,77.343803
0.320000,176.000000,79.385422,79.343575
0.320000,178.000000,81.385475,81.343407
0.320000,180.000000,83.384987,83.343269
0.320000,182.000000,85.383896,85.343163
0.320000,184.000000,87.382172,87.343086
0.320000,186.000000,89.379784,89.343033
0.320000,188.000000,91.376717,91.342987
0.320000,190.000000,93.372925,93.342957
0.320000,192.000000,95.368416,95.342934
0.320000,194.000000,97.363159,97.342903
0.320000,196.000000,99.357162,99.342903
0.320000,198.000000,101.350388,101.342888
0.320000,200.000000,103.342850,103.342865
0.330000,0.000000,0.000000,0.000000
0.330000,2.000000,-0.009077,0.000000
0.330000,4.000000,-0.017383,0.000000
0.330000,6.000000,-0.024826,0.000000
0.330000,8.000000,-0.031412,0.000000
0.330000,10.000000,-0.037143,0.000000
0.330000,12.000000,-0.042023,0.000000
0.330000,14.000000,-0.046052,0.000000
0.330000,16.000000,-0.049230,0.000000
0.330000,18.000000,-0.051560,0.000000
0.330000,20.000000,-0.053039,0.000000
0.330000,22.000000,-0.053669,0.000000
0.330000,24.000000,-0.053450,0.000000
0.330000,26.000000,-0.052381,0.000000
0.330000,28.000000,-0.050463,0.000000
0.330000,30.000000,-0.047694,0.000000
0.330000,32.000000,-0.044074,0.000000
0.330000,34.000000,-0.039603,0.000000
0.330000,36.000000,-0.034278,0.000000
0.330000,38.000000,-0.028099,0.000000
0.330000,40.000000,-0.021062,-0.000000
0.330000,42.000000,-0.013164,-0.000000
0.330000,44.000000,-0.004398,0.000001
0.330000,46.000000,0.005247,0.000006
0.330000,48.000000,0.015786,0.000021
0.330000,50.000000,0.027248,0.000071
0.330000,52.000000,0.039676,0.000207
0.330000,54.000000,0.053152,0.000544
0.330000,56.000000,0.067812,0.001326
0.330000,58.000000,0.083903,0.003006
0.330000,60.000000,0.101870,0.006379
0.330000,62.000000,0.122524,0.012739
0.330000,64.000000,0.147346,0.024078
0.330000,66.000000,0.178986,0.043270
0.330000,68.000000,0.221960,0.074272
0.330000,70.000000,0.283277,0.122226
0.330000,72.000000,0.372275,0.193520
0.330000,74.000000,0.499260,0.295737
0.330000,76.000000,0.674189,0.437470
0.330000,78.000000,0.906626,0.628056
0.330000,80.000000,1.205463,0.877200
0.330000,82.000000,1.577526,1.194557
0.330000,84.000000,2.027976,1.589283
0.330000,86.000000,2.562261,2.069602
0.330000,88.000000,3.185406,2.642447
0.330000,90.000000,3.899882,3.313175
0.330000,92.000000,4.706395,4.085366
0.330000,94.000000,5.605675,4.960759
0.330000,96.000000,6.594073,5.939270
0.330000,98.000000,7.664711,7.019130
0.330000,100.000000,8.815984,8.197031
0.330000,102.000000,10.045696,9.468413
0.330000,104.000000,11.352931,10.827675
0.330000,106.000000,12.740425,12.268530
0.330000,108.000000,14.204605,13.784166
0.330000,110.000000,15.739979,15.367600
0.330000,112.000000,17.340286,17.011808
0.330000,114.000000,18.997623,18.709963
0.330000,116.000000,20.704720,20.455498
0.330000,118.000000,22.455835,22.242329
0.330000,120.000000,24.246021,24.064804
0.330000,122.000000,26.070536,25.917809
0.330000,124.000000,27.924849,27.796747
0.330000,126.000000,29.804800,29.697565
0.330000,128.000000,31.706636,31.616714
0.330000,130.000000,33.626911,33.551125
0.330000,132.000000,35.562450,35.498146
0.330000,134.000000,37.510372,37.455574
0.330000,136.000000,39.468227,39.421463
0.330000,138.000000,41.434063,41.394268
0.330000,140.000000,43.406384,43.372669
0.330000,142.000000,45.384094,45.355568
0.330000,144.000000,47.366375,47.342068
0.330000,146.000000,49.352600,49.331470
0.330000,148.000000,51.342209,51.323154
0.330000,150.000000,53.334709,53.316658
0.330000,152.000000,55.329628,55.311596
0.330000,154.000000,57.326542,57.307663
0.330000,156.000000,59.325031,59.304600
0.330000,158.000000,61.324738,61.302254
0.330000,160.000000,63.325336,63.300438
0.330000,162.000000,65.326553,65.299034
0.330000,164.000000,67.328140,67.297958
0.330000,166.000000,69.329895,69.297142
0.330000,168.000000,71.331650,71.296509
0.330000,170.000000,73.333267,73.296028
0.330000,172.000000,75.334633,75.295654
0.330000,174.000000,77.335648,77.295380
0.330000,176.000000,79.336235,79.295158
0.330000,178.000000,81.336319,81.295006
0.330000,180.000000,83.335861,83.294884
0.330000,182.000000,85.334808,85.294792
0.330000,184.000000,87.333138,87.294731
0.330000,186.000000,89.330811,89.294670
0.330000,188.000000,91.327797,91.294632
0.330000,190.000000,93.324081,93.294601
0.330000,192.000000,95.319649,95.294586
0.330000,194.000000,97.314484,97.294563
0.330000,196.000000,99.308586,99.294548
0.330000,198.000000,101.301926,101.294533
0.330000,200.000000,103.294510,103.294525
0.340000,0.000000,0.000000,0.000000
0.340000,2.000000,-0.008933,0.000000
0.340000,4.000000,-0.017107,0.000000
0.340000,6.000000,-0.024431,0.000000
0.340000,8.000000,-0.030910,0.000000
0.340000,10.000000,-0.036548,0.000000
0.340000,12.000000,-0.041347,0.000000
0.340000,14.000000,-0.045307,0.000000
0.340000,16.000000,-0.048430,0.000000
0.340000,18.000000,-0.050716,0.000000
0.340000,20.000000,-0.052166,0.000000
0.340000,22.000000,-0.052778,0.000000
0.340000,24.000000,-0.052555,0.000000
0.340000,26.000000,-0.051494,0.000000
0.340000,28.000000,-0.049596,0.000000
0.340000,30.000000,-0.046860,0.000000
0.340000,32.000000,-0.043286,0.000000
0.340000,34.000000,-0.038874,0.000000
0.340000,36.000000,-0.033621,0.000000
0.340000,38.000000,-0.027527,0.000000
0.340000,40.000000,-0.020588,-0.000002
0.340000,42.000000,-0.012800,0.000000
0.340000,44.000000,-0.004158,0.000000
0.340000,46.000000,0.005348,0.000005
0.340000,48.000000,0.015734,0.000020
0.340000,50.000000,0.027026,0.000061
0.340000,52.000000,0.039267,0.000180
0.340000,54.000000,0.052532,0.000479
0.340000,56.000000,0.066952,0.001181
0.340000,58.000000,0.082758,0.002710
0.340000,60.000000,0.100371,0.005805
0.340000,62.000000,0.120557,0.011703
0.340000,64.000000,0.144714,0.022306
0.340000,66.000000,0.175354,0.040402
0.340000,68.000000,0.216792,0.069839
0.340000,70.000000,0.275816,0.115668
0.340000,72.000000,0.361652,0.184201
0.340000,74.000000,0.484703,0.282979
0.340000,76.000000,0.655108,0.420595
0.340000,78.000000,0.882527,0.606425
0.340000,80.000000,1.175951,0.850278
0.340000,82.000000,1.542430,1.161937
0.340000,84.000000,1.987400,1.550740
0.340000,86.000000,2.516583,2.025095
0.340000,88.000000,3.135201,2.592139
0.340000,90.000000,3.845567,3.257399
0.340000,92.000000,4.648012,4.024626
0.340000,94.000000,5.543282,4.895697
0.340000,96.000000,6.528252,5.870615
0.340000,98.000000,7.596482,6.947657
0.340000,100.000000,8.746233,8.123526
0.340000,102.000000,9.974907,9.393633
0.340000,104.000000,11.281496,10.752342
0.340000,106.000000,12.668736,12.193253
0.340000,108.000000,14.133047,13.709499
0.340000,110.000000,15.668853,15.293980
0.340000,112.000000,17.269787,16.939558
0.340000,114.000000,18.927994,18.639336
0.340000,116.000000,20.636293,20.386665
0.340000,118.000000,22.388922,22.175362
0.340000,120.000000,24.180809,23.999718
0.340000,122.000000,26.007078,25.854551
0.340000,124.000000,27.863110,27.735249
0.340000,126.000000,29.744696,29.637722
0.340000,128.000000,31.648045,31.558411
0.340000,130.000000,33.569687,33.494198
0.340000,132.000000,35.506424,35.442482
0.340000,134.000000,37.455387,37.401009
0.340000,136.000000,39.414135,39.367874
0.340000,138.000000,41.380733,41.341530
0.340000,140.000000,43.353714,43.320660
0.340000,142.000000,45.331997,45.304192
0.340000,144.000000,47.314789,47.291229
0.340000,146.000000,49.301449,49.281063
0.340000,148.000000,51.291439,51.273129
0.340000,150.000000,53.284260,53.266945
0.340000,152.000000,55.279449,55.262127
0.340000,154.000000,57.276581,57.258411
0.340000,156.000000,59.275246,59.255539
0.340000,158.000000,61.275093,61.253319
0.340000,160.000000,63.275799,63.251621
0.340000,162.000000,65.277092,65.250305
0.340000,164.000000,67.278748,67.249313
0.340000,166.000000,69.280556,69.248550
0.340000,168.000000,71.282341,71.247955
0.340000,170.000000,73.283989,73.247520
0.340000,172.000000,75.285385,75.247185
0.340000,174.000000,77.286423,77.246933
0.340000,176.000000,79.287033,79.246735
0.340000,178.000000,81.287140,81.246582
0.340000,180.000000,83.286720,83.246483
0.340000,182.000000,85.285713,85.246399
0.340000,184.000000,87.284081,87.246330
0.340000,186.000000,89.281799,89.246284
0.340000,188.000000,91.278854,91.246254
0.340000,190.000000,93.275215,93.246223
0.340000,192.000000,95.270866,95.246208
0.340000,194.000000,97.265793,97.246185
0.340000,196.000000,99.259987,99.246185
0.340000,198.000000,101.253441,101.246178
0.340000,200.000000,103.246147,103.246170
0.350000,0.000000,0.000000,0.000000
0.350000,2.000000,-0.008790,0.000000
0.350000,4.000000,-0.016832,0.000000
0.350000,6.000000,-0.024037,0.000000
0.350000,8.000000,-0.030409,0.000000
0.350000,10.000000,-0.035954,0.000000
0.350000,12.000000,-0.040672,0.000000
0.350000,14.000000,-0.044565,0.000000
0.350000,16.000000,-0.047632,0.000000
0.350000,18.000000,-0.049876,0.000000
0.350000,20.000000,-0.051295,0.000000
0.350000,22.000000,-0.051891,0.000000
0.350000,24.000000,-0.051663,0.000000
0.350000,26.000000,-0.050610,0.000000
0.350000,28.000000,-0.048733,0.000000
0.350000,30.000000,-0.046031,0.000000
0.350000,32.000000,-0.042504,0.000000
0.350000,34.000000,-0.038150,0.000000
0.350000,36.000000,-0.032970,0.000000
0.350000,38.000000,-0.026960,0.000000
0.350000,40.000000,-0.020119,0.000001
0.350000,42.000000,-0.012443,0.000002
0.350000,44.000000,-0.003925,0.000001
0.350000,46.000000,0.005442,0.000003
0.350000,48.000000,0.015675,0.000016
0.350000,50.000000,0.026798,0.000052
0.350000,52.000000,0.038852,0.000156
0.350000,54.000000,0.051907,0.000419
0.350000,56.000000,0.066088,0.001050
0.350000,58.000000,0.081613,0.002433
0.350000,60.000000,0.098880,0.005270
0.350000,62.000000,0.118610,0.010726
0.350000,64.000000,0.142125,0.020624
0.350000,66.000000,0.171803,0.037655
0.350000,68.000000,0.211764,0.065562
0.350000,70.000000,0.268568,0.109305
0.350000,72.000000,0.351307,0.175112
0.350000,74.000000,0.470460,0.270475
0.350000,76.000000,0.636344,0.403980
0.350000,78.000000,0.858731,0.585050
0.350000,80.000000,1.146705,0.823581
0.350000,82.000000,1.507530,1.129508
0.350000,84.000000,1.946911,1.512320
0.350000,86.000000,2.470858,1.980635
0.350000,88.000000,3.084823,2.541785
0.350000,90.000000,3.791022,3.201500
0.350000,92.000000,4.589399,3.963695
0.350000,94.000000,5.480653,4.830372
0.350000,96.000000,6.462152,5.801643
0.350000,98.000000,7.527931,6.875824
0.350000,100.000000,8.676134,8.049635
0.350000,102.000000,9.903765,9.318468
0.350000,104.000000,11.209722,10.676619
0.350000,106.000000,12.596712,12.117617
0.350000,108.000000,14.061161,13.634512
0.350000,110.000000,15.597410,15.220058
0.350000,112.000000,17.199001,16.867081
0.350000,114.000000,18.858131,18.568529
0.350000,116.000000,20.567707,20.317686
0.350000,118.000000,22.321922,22.108284
0.350000,120.000000,24.115564,23.934555
0.350000,122.000000,25.943630,25.791265
0.350000,124.000000,27.801411,27.673746
0.350000,126.000000,29.684650,29.577896
0.350000,128.000000,31.589521,31.500122
0.350000,130.000000,33.512535,33.437321
0.350000,132.000000,35.450478,35.386860
0.350000,134.000000,37.400471,37.346497
0.350000,136.000000,39.360104,39.314342
0.350000,138.000000,41.327461,41.288845
0.350000,140.000000,43.301094,43.268692
0.350000,142.000000,45.279949,45.252842
0.350000,144.000000,47.263237,47.240406
0.350000,146.000000,49.250340,49.230682
0.350000,148.000000,51.240692,51.223114
0.350000,150.000000,53.233833,53.217232
0.350000,152.000000,55.229286,55.212681
0.350000,154.000000,57.226627,57.209175
0.350000,156.000000,59.225468,59.206455
0.350000,158.000000,61.225449,61.204380
0.350000,160.000000,63.226257,63.202797
0.350000,162.000000,65.227631,65.201576
0.350000,164.000000,67.229347,67.200653
0.350000,166.000000,69.231194,69.199944
0.350000,168.000000,71.233017,71.199417
0.350000,170.000000,73.234695,73.198997
0.350000,172.000000,75.236107,75.198700
0.350000,174.000000,77.237167,77.198456
0.350000,176.000000,79.237808,79.198273
0.350000,178.000000,81.237946,81.198151
0.350000,180.000000,83.237556,83.198044
0.350000,182.000000,85.236588,85.197975
0.350000,184.000000,87.235001,87.197922
0.350000,186.000000,89.232773,89.197884
0.350000,188.000000,91.229889,91.197853
0.350000,190.000000,93.226318,93.197815
0.350000,192.000000,95.222054,95.197815
0.350000,194.000000,97.217064,97.197800
0.350000,196.000000,99.211357,99.197784
0.350000,198.000000,101.204933,101.197777
0.350000,200.000000,103.197754,103.197769
0.360000,0.000000,0.000000,0.000000
0.360000,2.000000,-0.008647,0.000000
0.360000,4.000000,-0.016557,0.000000
0.360000,6.000000,-0.023643,0.000000
0.360000,8.000000,-0.029910,0.000000
0.360000,10.000000,-0.035361,0.000000
0.360000,12.000000,-0.039998,0.000000
0.360000,14.000000,-0.043823,0.000000
0.360000,16.000000,-0.046836,0.000000
0.360000,18.000000,-0.049037,0.000000
0.360000,20.000000,-0.050427,0.000000
0.360000,22.000000,-0.051005,0.000000
0.360000,24.000000,-0.050772,0.000000
0.360000,26.000000,-0.049728,0.000000
0.360000,28.000000,-0.047872,0.000000
0.360000,30.000000,-0.045204,0.000000
0.360000,32.000000,-0.041723,0.000000
0.360000,34.000000,-0.037429,0.000000
0.360000,36.000000,-0.032321,0.000000
0.360000,38.000000,-0.026396,0.000000
0.360000,40.000000,-0.019653,0.000001
0.360000,42.000000,-0.012088,0.000000
0.360000,44.000000,-0.003696,0.000002
0.360000,46.000000,0.005534,0.000004
0.360000,48.000000,0.015614,0.000012
0.360000,50.000000,0.026567,0.000044
0.360000,52.000000,0.038434,0.000133
0.360000,54.000000,0.051281,0.000366
0.360000,56.000000,0.065225,0.000928
0.360000,58.000000,0.080474,0.002180
0.360000,60.000000,0.097400,0.004770
0.360000,62.000000,0.116687,0.009807
0.360000,64.000000,0.139580,0.019027
0.360000,66.000000,0.168335,0.035025
0.360000,68.000000,0.206875,0.061445
0.360000,70.000000,0.261532,0.103139
0.360000,72.000000,0.341243,0.166255
0.360000,74.000000,0.456536,0.258227
0.360000,76.000000,0.617907,0.387633
0.360000,78.000000,0.835251,0.563937
0.360000,80.000000,1.117743,0.797127
0.360000,82.000000,1.472848,1.097265
0.360000,84.000000,1.906535,1.474029
0.360000,86.000000,2.425108,1.936230
0.360000,88.000000,3.034290,2.491408
0.360000,90.000000,3.736245,3.145492
0.360000,92.000000,4.530546,3.902566
0.360000,94.000000,5.417779,4.764779
0.360000,96.000000,6.395774,5.732338
0.360000,98.000000,7.459056,6.803620
0.360000,100.000000,8.605690,7.975368
0.360000,102.000000,9.832273,9.242912
0.360000,104.000000,11.137606,10.600521
0.360000,106.000000,12.524347,12.041642
0.360000,108.000000,13.988945,13.559198
0.360000,110.000000,15.525654,15.145881
0.360000,112.000000,17.127934,16.794380
0.360000,114.000000,18.788052,18.497541
0.360000,116.000000,20.498980,20.248571
0.360000,118.000000,22.254852,22.041121
0.360000,120.000000,24.050306,23.869339
0.360000,122.000000,25.880209,25.727957
0.360000,124.000000,27.739767,27.612255
0.360000,126.000000,29.624676,29.518114
0.360000,128.000000,31.531082,31.441887
0.360000,130.000000,33.455467,33.380508
0.360000,132.000000,35.394604,35.331306
0.360000,134.000000,37.345631,37.292057
0.360000,136.000000,39.306149,39.260880
0.360000,138.000000,41.274254,41.236225
0.360000,140.000000,43.248539,43.216801
0.360000,142.000000,45.227959,45.201553
0.360000,144.000000,47.211742,47.189629
0.360000,146.000000,49.199268,49.180359
0.360000,148.000000,51.189995,51.173153
0.360000,150.000000,53.183441,53.167564
0.360000,152.000000,55.179150,55.163261
0.360000,154.000000,57.176701,57.159946
0.360000,156.000000,59.175705,59.157398
0.360000,158.000000,61.175819,61.155457
0.360000,160.000000,63.176727,63.153988
0.360000,162.000000,65.178177,65.152840
0.360000,164.000000,67.179939,67.151978
0.360000,166.000000,69.181831,69.151337
0.360000,168.000000,71.183685,71.150841
0.360000,170.000000,73.185394,73.150467
0.360000,172.000000,75.186829,75.150192
0.360000,174.000000,77.187912,77.149971
0.360000,176.000000,79.188568,79.149818
0.360000,178.000000,81.188744,81.149696
0.360000,180.000000,83.188385,83.149605
0.360000,182.000000,85.187447,85.149544
0.360000,184.000000,87.185913,87.149490
0.360000,186.000000,89.183739,89.149460
0.360000,188.000000,91.180908,91.149422
0.360000,190.000000,93.177406,93.149406
0.360000,192.000000,95.173218,95.149399
0.360000,194.000000,97.168327,97.149384
0.360000,196.000000,99.162720,99.149376
0.360000,198.000000,101.156395,101.149368
0.360000,200.000000,103.149345,103.149353
0.370000,0.000000,0.000000,0.000000
0.370000,2.000000,-0.008504,0.000000
0.370000,4.000000,-0.016282,0.000000
0.370000,6.000000,-0.023250,0.000000
0.370000,8.000000,-0.029411,0.000000
0.370000,10.000000,-0.034770,0.000000
0.370000,12.000000,-0.039327,0.000000
0.370000,14.000000,-0.043084,0.000000
0.370000,16.000000,-0.046042,0.000000
0.370000,18.000000,-0.048201,0.000000
0.370000,20.000000,-0.049562,0.000000
0.370000,22.000000,-0.050124,0.000000
0.370000,24.000000,-0.049887,0.000000
0.370000,26.000000,-0.048851,0.000000
0.370000,28.000000,-0.047017,0.000000
0.370000,30.000000,-0.044383,0.000000
0.370000,32.000000,-0.040949,0.000000
0.370000,34.000000,-0.036715,0.000000
0.370000,36.000000,-0.031679,0.000000
0.370000,38.000000,-0.025840,0.000000
0.370000,40.000000,-0.019195,0.000001
0.370000,42.000000,-0.011742,-0.000001
0.370000,44.000000,-0.003474,0.000002
0.370000,46.000000,0.005617,0.000001
0.370000,48.000000,0.015543,0.000010
0.370000,50.000000,0.026328,0.000037
0.370000,52.000000,0.038009,0.000115
0.370000,54.000000,0.050648,0.000317
0.370000,56.000000,0.064357,0.000819
0.370000,58.000000,0.079331,0.001943
0.370000,60.000000,0.095924,0.004305
0.370000,62.000000,0.114778,0.008942
0.370000,64.000000,0.137071,0.017516
0.370000,66.000000,0.164936,0.032517
0.370000,68.000000,0.202111,0.057485
0.370000,70.000000,0.254693,0.097168
0.370000,72.000000,0.331448,0.157627
0.370000,74.000000,0.442924,0.246239
0.370000,76.000000,0.599795,0.371560
0.370000,78.000000,0.812085,0.543096
0.370000,80.000000,1.089066,0.770910
0.370000,82.000000,1.438388,1.065220
0.370000,84.000000,1.866280,1.435870
0.370000,86.000000,2.379341,1.891881
0.370000,88.000000,2.983599,2.441001
0.370000,90.000000,3.681225,3.089362
0.370000,92.000000,4.471427,3.841234
0.370000,94.000000,5.354637,4.698909
0.370000,96.000000,6.329096,5.662699
0.370000,98.000000,7.389846,6.731042
0.370000,100.000000,8.534876,7.900681
0.370000,102.000000,9.760409,9.166951
0.370000,104.000000,11.065125,10.524025
0.370000,106.000000,12.451623,11.965277
0.370000,108.000000,13.916378,13.483538
0.370000,110.000000,15.453566,15.071394
0.370000,112.000000,17.056572,16.721418
0.370000,114.000000,18.717747,18.426357
0.370000,116.000000,20.430109,20.179314
0.370000,118.000000,22.187708,21.973843
0.370000,120.000000,23.985029,23.804066
0.370000,122.000000,25.816809,25.664614
0.370000,124.000000,27.678169,27.550768
0.370000,126.000000,29.564764,29.458328
0.370000,128.000000,31.472712,31.383698
0.370000,130.000000,33.398468,33.323734
0.370000,132.000000,35.338806,35.275803
0.370000,134.000000,37.290859,37.237663
0.370000,136.000000,39.252247,39.207474
0.370000,138.000000,41.221100,41.183655
0.370000,140.000000,43.196030,43.164940
0.370000,142.000000,45.176010,45.150311
0.370000,144.000000,47.160278,47.138908
0.370000,146.000000,49.148228,49.130047
0.370000,148.000000,51.139313,51.123203
0.370000,150.000000,53.133068,53.117924
0.370000,152.000000,55.129025,55.113853
0.370000,154.000000,57.126778,57.110725
0.370000,156.000000,59.125946,59.108341
0.370000,158.000000,61.126183,61.106529
0.370000,160.000000,63.127186,63.105145
0.370000,162.000000,65.128700,65.104095
0.370000,164.000000,67.130524,67.103302
0.370000,166.000000,69.132454,69.102699
0.370000,168.000000,71.134338,71.102249
0.370000,170.000000,73.136070,73.101913
0.370000,172.000000,75.137520,75.101654
0.370000,174.000000,77.138634,77.101463
0.370000,176.000000,79.139305,79.101318
0.370000,178.000000,81.139503,81.101212
0.370000,180.000000,83.139175,83.101135
0.370000,182.000000,85.138275,85.101067
0.370000,184.000000,87.136780,87.101013
0.370000,186.000000,89.134659,89.100998
0.370000,188.000000,91.131897,91.100967
0.370000,190.000000,93.128464,93.100952
0.370000,192.000000,95.124352,95.100945
0.370000,194.000000,97.119553,97.100922
0.370000,196.000000,99.114044,99.100922
0.370000,198.000000,101.107834,101.100914
0.370000,200.000000,103.100899,103.100914
0.380000,0.000000,0.000000,0.000000
0.380000,2.000000,-0.008361,0.000000
0.380000,4.000000,-0.016008,0.000000
0.380000,6.000000,-0.022858,0.000000
0.380000,8.000000,-0.028913,0.000000
0.380000,10.000000,-0.034179,0.000000
0.380000,12.000000,-0.038656,0.000000
0.380000,14.000000,-0.042346,0.000000
0.380000,16.000000,-0.045249,0.000000
0.380000,18.000000,-0.047367,0.000000
0.380000,20.000000,-0.048698,0.000000
0.380000,22.000000,-0.049243,0.000000
0.380000,24.000000,-0.049002,0.000000
0.380000,26.000000,-0.047976,0.000000
0.380000,28.000000,-0.046163,0.000000
0.380000,30.000000,-0.043563,0.000000
0.380000,32.000000,-0.040176,0.000000
0.380000,34.000000,-0.036002,0.000000
0.380000,36.000000,-0.031038,0.000000
0.380000,38.000000,-0.025285,0.000000
0.380000,40.000000,-0.018738,0.000000
0.380000,42.000000,-0.011396,0.000001
0.380000,44.000000,-0.003253,-0.000000
0.380000,46.000000,0.005698,0.000002
0.380000,48.000000,0.015472,0.000009
0.380000,50.000000,0.026088,0.000031
0.380000,52.000000,0.037583,0.000096
0.380000,54.000000,0.050016,0.000276
0.380000,56.000000,0.063491,0.000717
0.380000,58.000000,0.078195,0.001729
0.380000,60.000000,0.094459,0.003875
0.380000,62.000000,0.112892,0.008134
0.380000,64.000000,0.134604,0.016083
0.380000,66.000000,0.161613,0.030127
0.380000,68.000000,0.197476,0.053681
0.380000,70.000000,0.248056,0.091394
0.380000,72.000000,0.321928,0.149233
0.380000,74.000000,0.429637,0.234510
0.380000,76.000000,0.582022,0.355767
0.380000,78.000000,0.789253,0.522525
0.380000,80.000000,1.060696,0.744952
0.380000,82.000000,1.404177,1.033386
0.380000,84.000000,1.826176,1.397861
0.380000,86.000000,2.333590,1.847600
0.380000,88.000000,2.932775,2.390572
0.380000,90.000000,3.625970,3.033122
0.380000,92.000000,4.412045,3.779706
0.380000,94.000000,5.291225,4.632765
0.380000,96.000000,6.262125,5.592726
0.380000,98.000000,7.320301,6.658081
0.380000,100.000000,8.463701,7.825596
0.380000,102.000000,9.688177,9.090570
0.380000,104.000000,10.992285,10.447133
0.380000,106.000000,12.378545,11.888556
0.380000,108.000000,13.843467,13.407572
0.380000,110.000000,15.381153,14.996649
0.380000,112.000000,16.984936,16.648235
0.380000,114.000000,18.647240,18.354994
0.380000,116.000000,20.361118,20.109919
0.380000,118.000000,22.120518,21.906500
0.380000,120.000000,23.919762,23.738749
0.380000,122.000000,25.753452,25.601276
0.380000,124.000000,27.616638,27.489307
0.380000,126.000000,29.504938,29.398613
0.380000,128.000000,31.414433,31.325562
0.380000,130.000000,33.341568,33.267036
0.380000,132.000000,35.283100,35.220379
0.380000,134.000000,37.236172,37.183365
0.380000,136.000000,39.198425,39.154148
0.380000,138.000000,41.168022,41.131161
0.380000,140.000000,43.143593,43.113171
0.380000,142.000000,45.124126,45.099144
0.380000,144.000000,47.108875,47.088245
0.380000,146.000000,49.097237,49.079807
0.380000,148.000000,51.088680,51.073299
0.380000,150.000000,53.082729,53.068295
0.380000,152.000000,55.078934,55.064465
0.380000,154.000000,57.076885,57.061546
0.380000,156.000000,59.076202,59.059303
0.380000,158.000000,61.076561,61.057617
0.380000,160.000000,63.077656,63.056332
0.380000,162.000000,65.079247,65.055359
0.380000,164.000000,67.081116,67.054619
0.380000,166.000000,69.083076,69.054070
0.380000,168.000000,71.084999,71.053650
0.380000,170.000000,73.086746,73.053345
0.380000,172.000000,75.088219,75.053116
0.380000,174.000000,77.089340,77.052948
0.380000,176.000000,79.090042,79.052818
0.380000,178.000000,81.090263,81.052719
0.380000,180.000000,83.089966,83.052635
0.380000,182.000000,85.089104,85.052597
0.380000,184.000000,87.087646,87.052559
0.380000,186.000000,89.085579,89.052536
0.380000,188.000000,91.082878,91.052498
0.380000,190.000000,93.079506,93.052483
0.380000,192.000000,95.075478,95.052475
0.380000,194.000000,97.070763,97.052467
0.380000,196.000000,99.065361,99.052452
0.380000,198.000000,101.059258,101.052444
0.380000,200.000000,103.052444,103.052460
0.390000,0.000000,0.000000,0.000000
0.390000,2.000000,-0.008218,0.000000
0.390000,4.000000,-0.015735,0.000000
0.390000,6.000000,-0.022466,0.000000
0.390000,8.000000,-0.028417,0.000000
0.390000,10.000000,-0.033590,0.000000
0.390000,12.000000,-0.037988,0.000000
0.390000,14.000000,-0.041611,0.000000
0.390000,16.000000,-0.044460,0.000000
0.390000,18.000000,-0.046535,0.000000
0.390000,20.000000,-0.047837,0.000000
0.390000,22.000000,-0.048367,0.000000
0.390000,24.000000,-0.048122,0.000000
0.390000,26.000000,-0.047105,0.000000
0.390000,28.000000,-0.045314,0.000000
0.390000,30.000000,-0.042749,0.000000
0.390000,32.000000,-0.039409,0.000000
0.390000,34.000000,-0.035295,0.000000
0.390000,36.000000,-0.030404,0.000000
0.390000,38.000000,-0.024737,0.000000
0.390000,40.000000,-0.018289,0.000000
0.390000,42.000000,-0.011059,-0.000000
0.390000,44.000000,-0.003041,-0.000000
0.390000,46.000000,0.005772,0.000003
0.390000,48.000000,0.015392,0.000009
0.390000,50.000000,0.025840,0.000028
0.390000,52.000000,0.037149,0.000082
0.390000,54.000000,0.049375,0.000239
0.390000,56.000000,0.062619,0.000627
0.390000,58.000000,0.077055,0.001534
0.390000,60.000000,0.092997,0.003475
0.390000,62.000000,0.111018,0.007380
0.390000,64.000000,0.132166,0.014736
0.390000,66.000000,0.158351,0.027849
0.390000,68.000000,0.192953,0.050033
0.390000,70.000000,0.241603,0.085816
0.390000,72.000000,0.312667,0.141078
0.390000,74.000000,0.416662,0.223053
0.390000,76.000000,0.564581,0.340255
0.390000,78.000000,0.766749,0.502242
0.390000,80.000000,1.032629,0.719251
0.390000,82.000000,1.370216,1.001764
0.390000,84.000000,1.786228,1.359995
0.390000,86.000000,2.287860,1.803383
0.390000,88.000000,2.881820,2.340115
0.390000,90.000000,3.570466,2.976756
0.390000,92.000000,4.352371,3.717965
0.390000,94.000000,5.227515,4.566328
0.390000,96.000000,6.194833,5.522398
0.390000,98.000000,7.250401,6.584724
0.390000,100.000000,8.392141,7.750092
0.390000,102.000000,9.615552,9.013772
0.390000,104.000000,10.919058,10.369823
0.390000,106.000000,12.305082,11.811446
0.390000,108.000000,13.770185,13.331240
0.390000,110.000000,15.308397,14.921583
0.390000,112.000000,16.913010,16.574800
0.390000,114.000000,18.576527,18.283434
0.390000,116.000000,20.292006,20.040392
0.390000,118.000000,22.053272,21.839062
0.390000,120.000000,23.854488,23.673382
0.390000,122.000000,25.690126,25.537912
0.390000,124.000000,27.555164,27.427843
0.390000,126.000000,29.445181,29.338911
0.390000,128.000000,31.356232,31.267471
0.390000,130.000000,33.284740,33.210392
0.390000,132.000000,35.227463,35.165009
0.390000,134.000000,37.181553,37.129128
0.390000,136.000000,39.144669,39.100876
0.390000,138.000000,41.114998,41.078728
0.390000,140.000000,43.091202,43.061436
0.390000,142.000000,45.072281,45.048012
0.390000,144.000000,47.057507,47.037605
0.390000,146.000000,49.046280,49.029587
0.390000,148.000000,51.038067,51.023415
0.390000,150.000000,53.032410,53.018696
0.390000,152.000000,55.028854,55.015083
0.390000,154.000000,57.026993,57.012337
0.390000,156.000000,59.026466,59.010258
0.390000,158.000000,61.026939,61.008675
0.390000,160.000000,63.028114,63.007484
0.390000,162.000000,65.029778,65.006607
0.390000,164.000000,67.031685,67.005920
0.390000,166.000000,69.033684,69.005424
0.390000,168.000000,71.035629,71.005035
0.390000,170.000000,73.037392,73.004753
0.390000,172.000000,75.038887,75.004547
0.390000,174.000000,77.040031,77.004395
0.390000,176.000000,79.040749,79.004280
0.390000,178.000000,81.040993,81.004189
0.390000,180.000000,83.040726,83.004128
0.390000,182.000000,85.039894,85.004089
0.390000,184.000000,87.038483,87.004044
0.390000,186.000000,89.036469,89.004028
0.390000,188.000000,91.033813,91.004005
0.390000,190.000000,93.030518,93.004005
0.390000,192.000000,95.026573,95.003983
0.390000,194.000000,97.021942,97.003975
0.390000,196.000000,99.016640,99.003975
0.390000,198.000000,101.010643,101.003967
0.390000,200.000000,103.003952,103.003967
0.400000,0.000000,0.000000,0.000000
0.400000,2.000000,-0.008076,0.000000
0.400000,4.000000,-0.015462,0.000000
0.400000,6.000000,-0.022075,0.000000
0.400000,8.000000,-0.027921,0.000000
0.400000,10.000000,-0.033002,0.000000
0.400000,12.000000,-0.037319,0.000000
0.400000,14.000000,-0.040876,0.000000
0.400000,16.000000,-0.043670,0.000000
0.400000,18.000000,-0.045704,0.000000
0.400000,20.000000,-0.046978,0.000000
0.400000,22.000000,-0.047491,0.000000
0.400000,24.000000,-0.047243,0.000000
0.400000,26.000000,-0.046235,0.000000
0.400000,28.000000,-0.044466,0.000000
0.400000,30.000000,-0.041936,0.000000
0.400000,32.000000,-0.038644,0.000000
0.400000,34.000000,-0.034589,0.000000
0.400000,36.000000,-0.029772,0.000000
0.400000,38.000000,-0.024190,0.000000
0.400000,40.000000,-0.017841,0.000000
0.400000,42.000000,-0.010723,-0.000000
0.400000,44.000000,-0.002830,-0.000001
0.400000,46.000000,0.005844,0.000003
0.400000,48.000000,0.015311,0.000005
0.400000,50.000000,0.025590,0.000022
0.400000,52.000000,0.036714,0.000068
0.400000,54.000000,0.048736,0.000206
0.400000,56.000000,0.061749,0.000549
0.400000,58.000000,0.075920,0.001355
0.400000,60.000000,0.091544,0.003108
0.400000,62.000000,0.109163,0.006672
0.400000,64.000000,0.129766,0.013466
0.400000,66.000000,0.155157,0.025686
0.400000,68.000000,0.188548,0.046536
0.400000,70.000000,0.235336,0.080439
0.400000,72.000000,0.303672,0.133161
0.400000,74.000000,0.404010,0.211866
0.400000,76.000000,0.547487,0.325035
0.400000,78.000000,0.744590,0.482242
0.400000,80.000000,1.004887,0.693819
0.400000,82.000000,1.336530,0.970365
0.400000,84.000000,1.746466,1.322291
0.400000,86.000000,2.242183,1.759244
0.400000,88.000000,2.830760,2.289649
0.400000,90.000000,3.514730,2.920292
0.400000,92.000000,4.292408,3.656021
0.400000,94.000000,5.163506,4.499614
0.400000,96.000000,6.127225,5.451719
0.400000,98.000000,7.180153,6.510972
0.400000,100.000000,8.320198,7.674166
0.400000,102.000000,9.542536,8.936543
0.400000,104.000000,10.845444,10.292105
0.400000,106.000000,12.231242,11.733952
0.400000,108.000000,13.696538,13.254580
0.400000,110.000000,15.235310,14.846240
0.400000,112.000000,16.840816,16.501137
0.400000,114.000000,18.505629,18.211708
0.400000,116.000000,20.222794,19.970736
0.400000,118.000000,21.986000,21.771540
0.400000,120.000000,23.789238,23.607975
0.400000,122.000000,25.626856,25.474571
0.400000,124.000000,27.493769,27.366411
0.400000,126.000000,29.385513,29.279268
0.400000,128.000000,31.298126,31.209450
0.400000,130.000000,33.228012,33.153831
0.400000,132.000000,35.171921,35.109741
0.400000,134.000000,37.127018,37.074978
0.400000,136.000000,39.090992,39.047684
0.400000,138.000000,41.062050,41.026371
0.400000,140.000000,43.038879,43.009789
0.400000,142.000000,45.020500,44.996948
0.400000,144.000000,47.006195,46.987030
0.400000,146.000000,48.995369,48.979416
0.400000,148.000000,50.987503,50.973583
0.400000,150.000000,52.982132,52.969131
0.400000,152.000000,54.978802,54.965752
0.400000,154.000000,56.977131,56.963177
0.400000,156.000000,58.976749,58.961235
0.400000,158.000000,60.977333,60.959785
0.400000,160.000000,62.978592,62.958672
0.400000,162.000000,64.980309,64.957848
0.400000,164.000000,66.982262,66.957230
0.400000,166.000000,68.984299,68.956764
0.400000,168.000000,70.986267,70.956421
0.400000,170.000000,72.988045,72.956169
0.400000,172.000000,74.989555,74.955978
0.400000,174.000000,76.990715,76.955833
0.400000,176.000000,78.991455,78.955742
0.400000,178.000000,80.991722,80.955658
0.400000,180.000000,82.991470,82.955612
0.400000,182.000000,84.990685,84.955559
0.400000,184.000000,86.989311,86.955536
0.400000,186.000000,88.987350,88.955513
0.400000,188.000000,90.984749,90.955505
0.400000,190.000000,92.981529,92.955482
0.400000,192.000000,94.977654,94.955475
0.400000,194.000000,96.973122,96.955460
0.400000,196.000000,98.967903,98.955460
0.400000,198.000000,100.962021,100.955460
0.400000,200.000000,102.955452,102.955452
0.410000,0.000000,0.000000,0.000000
0.410000,2.000000,-0.007934,0.000000
0.410000,4.000000,-0.015189,0.000000
0.410000,6.000000,-0.021685,0.000000
0.410000,8.000000,-0.027426,0.000000
0.410000,10.000000,-0.032415,0.000000
0.410000,12.000000,-0.036654,0.000000
0.410000,14.000000,-0.040143,0.000000
0.410000,16.000000,-0.042884,0.000000
0.410000,18.000000,-0.044877,0.000000
0.410000,20.000000,-0.046122,0.000000
0.410000,22.000000,-0.046619,0.000000
0.410000,24.000000,-0.046369,0.000000
0.410000,26.000000,-0.045370,0.000000
0.410000,28.000000,-0.043623,0.000000
0.410000,30.000000,-0.041128,0.000000
0.410000,32.000000,-0.037884,0.000000
0.410000,34.000000,-0.033890,0.000000
0.410000,36.000000,-0.029146,0.000000
0.410000,38.000000,-0.023650,0.000000
0.410000,40.000000,-0.017401,0.000000
0.410000,42.000000,-0.010395,-0.000002
0.410000,44.000000,-0.002628,-0.000001
0.410000,46.000000,0.005907,0.000002
0.410000,48.000000,0.015221,0.000005
0.410000,50.000000,0.025332,0.000019
0.410000,52.000000,0.036271,0.000059
0.410000,54.000000,0.048088,0.000175
0.410000,56.000000,0.060872,0.000473
0.410000,58.000000,0.074780,0.001191
0.410000,60.000000,0.090092,0.002771
0.410000,62.000000,0.107318,0.006015
0.410000,64.000000,0.127391,0.012270
0.410000,66.000000,0.152017,0.023632
0.410000,68.000000,0.184244,0.043197
0.410000,70.000000,0.229240,0.075257
0.410000,72.000000,0.294924,0.125480
0.410000,74.000000,0.391669,0.200949
0.410000,76.000000,0.530731,0.310107
0.410000,78.000000,0.722771,0.462543
0.410000,80.000000,0.977467,0.668657
0.410000,82.000000,1.303119,0.939199
0.410000,84.000000,1.706894,1.284750
0.410000,86.000000,2.196565,1.715189
0.410000,88.000000,2.779598,2.239165
0.410000,90.000000,3.458755,2.863697
0.410000,92.000000,4.232133,3.593863
0.410000,94.000000,5.099166,4.432594
0.410000,96.000000,6.059271,5.380674
0.410000,98.000000,7.109529,6.436796
0.410000,100.000000,8.247848,7.597794
0.410000,102.000000,9.469104,8.858860
0.410000,104.000000,10.771420,10.213953
0.410000,106.000000,12.156996,11.656052
0.410000,108.000000,13.622503,13.177560
0.410000,110.000000,15.161872,14.770578
0.410000,112.000000,16.768345,16.427214
0.410000,114.000000,18.434542,18.139771
0.410000,116.000000,20.153481,19.900930
0.410000,118.000000,21.918690,21.703905
0.410000,120.000000,23.723997,23.542519
0.410000,122.000000,25.563629,25.411188
0.410000,124.000000,27.432438,27.305012
0.410000,126.000000,29.325924,29.219673
0.410000,128.000000,31.240103,31.151489
0.410000,130.000000,33.171364,33.097332
0.410000,132.000000,35.116455,35.054535
0.410000,134.000000,37.072552,37.020882
0.410000,136.000000,39.037373,38.994560
0.410000,138.000000,41.009159,40.974072
0.410000,140.000000,42.986607,42.958172
0.410000,142.000000,44.968765,44.945919
0.410000,144.000000,46.954922,46.936493
0.410000,146.000000,48.944496,48.929272
0.410000,148.000000,50.936958,50.923763
0.410000,150.000000,52.931862,52.919579
0.410000,152.000000,54.928764,54.916405
0.410000,154.000000,56.927273,56.914009
0.410000,156.000000,58.927029,58.912205
0.410000,158.000000,60.927719,60.910843
0.410000,160.000000,62.929062,62.909832
0.410000,162.000000,64.930832,64.909081
0.410000,164.000000,66.932823,66.908508
0.410000,166.000000,68.934883,68.908096
0.410000,168.000000,70.936874,70.907791
0.410000,170.000000,72.938675,72.907547
0.410000,172.000000,74.940201,74.907379
0.410000,174.000000,76.941368,76.907257
0.410000,176.000000,78.942123,78.907166
0.410000,178.000000,80.942413,80.907089
0.410000,180.000000,82.942192,82.907051
0.410000,182.000000,84.941444,84.907013
0.410000,184.000000,86.940109,86.906982
0.410000,186.000000,88.938194,88.906960
0.410000,188.000000,90.935661,90.906952
0.410000,190.000000,92.932495,92.906944
0.410000,192.000000,94.928696,94.906937
0.410000,194.000000,96.924255,96.906937
0.410000,196.000000,98.919144,98.906921
0.410000,198.000000,100.913368,100.906921
0.410000,200.000000,102.906914,102.906929
0.420000,0.000000,0.000000,0.000000
0.420000,2.000000,-0.007792,0.000000
0.420000,4.000000,-0.014917,0.000000
0.420000,6.000000,-0.021296,0.000000
0.420000,8.000000,-0.026932,0.000000
0.420000,10.000000,-0.031830,0.000000
0.420000,12.000000,-0.035989,0.000000
0.420000,14.000000,-0.039412,0.000000
0.420000,16.000000,-0.042100,0.000000
0.420000,18.000000,-0.044052,0.000000
0.420000,20.000000,-0.045269,0.000000
0.420000,22.000000,-0.045751,0.000000
0.420000,24.000000,-0.045497,0.000000
0.420000,26.000000,-0.044508,0.000000
0.420000,28.000000,-0.042784,0.000000
0.420000,30.000000,-0.040324,0.000000
0.420000,32.000000,-0.037128,0.000000
0.420000,34.000000,-0.033195,0.000000
0.420000,36.000000,-0.028524,0.000000
0.420000,38.000000,-0.023115,0.000000
0.420000,40.000000,-0.016965,0.000000
0.420000,42.000000,-0.010071,0.000001
0.420000,44.000000,-0.002430,0.000001
0.420000,46.000000,0.005966,0.000003
0.420000,48.000000,0.015127,0.000003
0.420000,50.000000,0.025070,0.000016
0.420000,52.000000,0.035823,0.000049
0.420000,54.000000,0.047436,0.000148
0.420000,56.000000,0.059993,0.000410
0.420000,58.000000,0.073641,0.001044
0.420000,60.000000,0.088645,0.002461
0.420000,62.000000,0.105485,0.005408
0.420000,64.000000,0.125044,0.011148
0.420000,66.000000,0.148932,0.021689
0.420000,68.000000,0.180041,0.040003
0.420000,70.000000,0.223311,0.070272
0.420000,72.000000,0.286425,0.118043
0.420000,74.000000,0.379641,0.190314
0.420000,76.000000,0.514321,0.295482
0.420000,78.000000,0.701303,0.443146
0.420000,80.000000,0.950382,0.643782
0.420000,82.000000,1.270000,0.908269
0.420000,84.000000,1.667534,1.247381
0.420000,86.000000,2.151033,1.671214
0.420000,88.000000,2.728359,2.188665
0.420000,90.000000,3.402550,2.806997
0.420000,92.000000,4.171547,3.531496
0.420000,94.000000,5.034491,4.365279
0.420000,96.000000,5.990970,5.309258
0.420000,98.000000,7.038527,6.362210
0.420000,100.000000,8.175085,7.520964
0.420000,102.000000,9.395247,8.780732
0.420000,104.000000,10.696976,10.135357
0.420000,106.000000,12.082339,11.577744
0.420000,108.000000,13.548079,13.100172
0.420000,110.000000,15.088092,14.694615
0.420000,112.000000,16.695606,16.353050
0.420000,114.000000,18.363283,18.067654
0.420000,116.000000,20.084080,19.831005
0.420000,118.000000,21.851362,21.636219
0.420000,120.000000,23.658783,23.477036
0.420000,122.000000,25.500460,25.347824
0.420000,124.000000,27.371183,27.243622
0.420000,126.000000,29.266424,29.160114
0.420000,128.000000,31.182173,31.093597
0.420000,130.000000,33.114807,33.040905
0.420000,132.000000,35.061073,34.999397
0.420000,134.000000,37.018169,36.966877
0.420000,136.000000,38.983833,38.941525
0.420000,138.000000,40.956329,40.921837
0.420000,140.000000,42.934391,42.906643
0.420000,142.000000,44.917084,44.894951
0.420000,144.000000,46.903694,46.886002
0.420000,146.000000,48.893658,48.879169
0.420000,148.000000,50.886452,50.873978
0.420000,150.000000,52.881626,52.870049
0.420000,152.000000,54.878750,54.867081
0.420000,154.000000,56.877430,56.864849
0.420000,156.000000,58.877323,58.863178
0.420000,158.000000,60.878113,60.861916
0.420000,160.000000,62.879528,62.860985
0.420000,162.000000,64.881355,64.860298
0.420000,164.000000,66.883385,66.859779
0.420000,166.000000,68.885468,68.859406
0.420000,168.000000,70.887474,70.859123
0.420000,170.000000,72.889297,72.858910
0.420000,172.000000,74.890831,74.858765
0.420000,174.000000,76.892014,76.858658
0.420000,176.000000,78.892784,78.858566
0.420000,178.000000,80.893089,80.858513
0.420000,180.000000,82.892899,82.858475
0.420000,182.000000,84.892181,84.858437
0.420000,184.000000,86.890884,86.858414
0.420000,186.000000,88.889023,88.858398
0.420000,188.000000,90.886543,90.858391
0.420000,190.000000,92.883446,92.858383
0.420000,192.000000,94.879730,94.858368
0.420000,194.000000,96.875374,96.858368
0.420000,196.000000,98.870354,98.858353
0.420000,198.000000,100.864693,100.858360
0.420000,200.000000,102.858353,102.858360
0.430000,0.000000,0.000000,0.000000
0.430000,2.000000,-0.007651,0.000000
0.430000,4.000000,-0.014646,0.000000
0.430000,6.000000,-0.020908,0.000000
0.430000,8.000000,-0.026440,0.000000
0.430000,10.000000,-0.031245,0.000000
0.430000,12.000000,-0.035326,0.000000
0.430000,14.000000,-0.038683,0.000000
0.430000,16.000000,-0.041317,0.000000
0.430000,18.000000,-0.043229,0.000000
0.430000,20.000000,-0.044418,0.000000
0.430000,22.000000,-0.044884,0.000000
0.430000,24.000000,-0.044628,0.000000
0.430000,26.000000,-0.043649,0.000000
0.430000,28.000000,-0.041948,0.000000
0.430000,30.000000,-0.039524,0.000000
0.430000,32.000000,-0.036376,0.000000
0.430000,34.000000,-0.032504,0.000000
0.430000,36.000000,-0.027907,0.000000
0.430000,38.000000,-0.022584,0.000000
0.430000,40.000000,-0.016533,0.000000
0.430000,42.000000,-0.009752,0.000001
0.430000,44.000000,-0.002237,-0.000001
0.430000,46.000000,0.006020,0.000002
0.430000,48.000000,0.015027,0.000002
0.430000,50.000000,0.024802,0.000011
0.430000,52.000000,0.035371,0.000042
0.430000,54.000000,0.046781,0.000125
0.430000,56.000000,0.059111,0.000352
0.430000,58.000000,0.072501,0.000913
0.430000,60.000000,0.087201,0.002176
0.430000,62.000000,0.103665,0.004844
0.430000,64.000000,0.122724,0.010099
0.430000,66.000000,0.145899,0.019854
0.430000,68.000000,0.175933,0.036963
0.430000,70.000000,0.217544,0.065481
0.430000,72.000000,0.278166,0.110844
0.430000,74.000000,0.367924,0.179957
0.430000,76.000000,0.498260,0.281162
0.430000,78.000000,0.680192,0.424063
0.430000,80.000000,0.923640,0.619202
0.430000,82.000000,1.237185,0.877592
0.430000,84.000000,1.628401,1.210198
0.430000,86.000000,2.105605,1.627333
0.430000,88.000000,2.677061,2.138159
0.430000,90.000000,3.346126,2.750180
0.430000,92.000000,4.110643,3.468910
0.430000,94.000000,4.969465,4.297656
0.430000,96.000000,5.922302,5.237460
0.430000,98.000000,6.967133,6.287182
0.430000,100.000000,8.101897,7.443682
0.430000,102.000000,9.320952,8.702127
0.430000,104.000000,10.622099,10.056319
0.430000,106.000000,12.007258,11.499034
0.430000,108.000000,13.473255,13.022420
0.430000,110.000000,15.013966,14.618345
0.430000,112.000000,16.622608,16.278629
0.430000,114.000000,18.291864,17.995335
0.430000,116.000000,20.014605,19.760937
0.430000,118.000000,21.784023,21.568445
0.430000,120.000000,23.593605,23.411516
0.430000,122.000000,25.437355,25.284460
0.430000,124.000000,27.310011,27.182289
0.430000,126.000000,29.207014,29.100622
0.430000,128.000000,31.124336,31.035774
0.430000,130.000000,33.058342,32.984562
0.430000,132.000000,35.005779,34.944347
0.430000,134.000000,36.963863,36.912952
0.430000,136.000000,38.930363,38.888557
0.430000,138.000000,40.903568,40.869678
0.430000,140.000000,42.882240,42.855160
0.430000,142.000000,44.865452,44.844048
0.430000,144.000000,46.852512,46.835545
0.430000,146.000000,48.842861,48.829105
0.430000,148.000000,50.835976,50.824219
0.430000,150.000000,52.831417,52.820541
0.430000,152.000000,54.828754,54.817768
0.430000,154.000000,56.827602,56.815704
0.430000,156.000000,58.827625,58.814156
0.430000,158.000000,60.828514,60.813000
0.430000,160.000000,62.829998,62.812149
0.430000,162.000000,64.831871,64.811516
0.430000,164.000000,66.833939,66.811043
0.430000,166.000000,68.836052,68.810699
0.430000,168.000000,70.838074,70.810455
0.430000,170.000000,72.839897,72.810272
0.430000,172.000000,74.841446,74.810120
0.430000,174.000000,76.842636,76.810020
0.430000,176.000000,78.843422,78.809944
0.430000,178.000000,80.843758,80.809906
0.430000,180.000000,82.843590,82.809868
0.430000,182.000000,84.842896,84.809837
0.430000,184.000000,86.841644,86.809814
0.430000,186.000000,88.839821,88.809807
0.430000,188.000000,90.837402,90.809792
0.430000,190.000000,92.834381,92.809784
0.430000,192.000000,94.830734,94.809784
0.430000,194.000000,96.826462,96.809776
0.430000,196.000000,98.821541,98.809769
0.430000,198.000000,100.815979,100.809776
0.430000,200.000000,102.809769,102.809776
0.440000,0.000000,0.000000,0.000000
0.440000,2.000000,-0.007509,0.000000
0.440000,4.000000,-0.014375,0.000000
0.440000,6.000000,-0.020520,0.000000
0.440000,8.000000,-0.025948,0.000000
0.440000,10.000000,-0.030662,0.000000
0.440000,12.000000,-0.034665,0.000000
0.440000,14.000000,-0.037956,0.000000
0.440000,16.000000,-0.040537,0.000000
0.440000,18.000000,-0.042408,0.000000
0.440000,20.000000,-0.043569,0.000000
0.440000,22.000000,-0.044020,0.000000
0.440000,24.000000,-0.043762,0.000000
0.440000,26.000000,-0.042794,0.000000
0.440000,28.000000,-0.041115,0.000000
0.440000,30.000000,-0.038727,0.000000
0.440000,32.000000,-0.035627,0.000000
0.440000,34.000000,-0.031816,0.000000
0.440000,36.000000,-0.027293,0.000000
0.440000,38.000000,-0.022057,0.000000
0.440000,40.000000,-0.016106,0.000000
0.440000,42.000000,-0.009438,0.000001
0.440000,44.000000,-0.002048,0.000001
0.440000,46.000000,0.006069,0.000002
0.440000,48.000000,0.014922,0.000002
0.440000,50.000000,0.024529,0.000010
0.440000,52.000000,0.034914,0.000033
0.440000,54.000000,0.046121,0.000105
0.440000,56.000000,0.058225,0.000302
0.440000,58.000000,0.071360,0.000790
0.440000,60.000000,0.085760,0.001918
0.440000,62.000000,0.101854,0.004323
0.440000,64.000000,0.120427,0.009122
0.440000,66.000000,0.142915,0.018123
0.440000,68.000000,0.171916,0.034068
0.440000,70.000000,0.211930,0.060888
0.440000,72.000000,0.270141,0.103890
0.440000,74.000000,0.356515,0.169883
0.440000,76.000000,0.482550,0.267153
0.440000,78.000000,0.659441,0.405297
0.440000,80.000000,0.897250,0.594924
0.440000,82.000000,1.204686,0.847175
0.440000,84.000000,1.589511,1.173200
0.440000,86.000000,2.060301,1.583558
0.440000,88.000000,2.625721,2.087653
0.440000,90.000000,3.289494,2.693259
0.440000,92.000000,4.049419,3.406107
0.440000,94.000000,4.904076,4.229715
0.440000,96.000000,5.853258,5.165272
0.440000,98.000000,6.895335,6.211711
0.440000,100.000000,8.028271,7.365933
0.440000,102.000000,9.246207,8.623056
0.440000,104.000000,10.546770,9.976818
0.440000,106.000000,11.931743,11.419887
0.440000,108.000000,13.398029,12.944296
0.440000,110.000000,14.939497,14.541767
0.440000,112.000000,16.549360,16.203964
0.440000,114.000000,18.220295,17.922842
0.440000,116.000000,19.945063,19.690758
0.440000,118.000000,21.716681,21.500603
0.440000,120.000000,23.528463,23.345970
0.440000,122.000000,25.374317,25.221107
0.440000,124.000000,27.248924,27.120979
0.440000,126.000000,29.147701,29.041203
0.440000,128.000000,31.066597,30.978027
0.440000,130.000000,33.001972,32.928314
0.440000,132.000000,34.950577,34.889404
0.440000,134.000000,36.909641,36.859116
0.440000,136.000000,38.876968,38.835667
0.440000,138.000000,40.850876,40.817616
0.440000,140.000000,42.830147,42.803757
0.440000,142.000000,44.813877,44.793194
0.440000,144.000000,46.801384,46.785164
0.440000,146.000000,48.792103,48.779083
0.440000,148.000000,50.785534,50.774498
0.440000,150.000000,52.781235,52.771057
0.440000,152.000000,54.778778,54.768478
0.440000,154.000000,56.777790,56.766563
0.440000,156.000000,58.777935,58.765144
0.440000,158.000000,60.778915,60.764076
0.440000,160.000000,62.780472,62.763302
0.440000,162.000000,64.782387,64.762726
0.440000,164.000000,66.784492,66.762299
0.440000,166.000000,68.786621,68.761986
0.440000,168.000000,70.788651,70.761757
0.440000,170.000000,72.790489,72.761597
0.440000,172.000000,74.792046,74.761490
0.440000,174.000000,76.793259,76.761383
0.440000,176.000000,78.794052,78.761322
0.440000,178.000000,80.794403,80.761276
0.440000,180.000000,82.794258,82.761246
0.440000,182.000000,84.793594,84.761223
0.440000,184.000000,86.792381,86.761208
0.440000,186.000000,88.790604,88.761185
0.440000,188.000000,90.788246,90.761192
0.440000,190.000000,92.785286,92.761169
0.440000,192.000000,94.781723,94.761177
0.440000,194.000000,96.777534,96.761169
0.440000,196.000000,98.772713,98.761169
0.440000,198.000000,100.767258,100.761154
0.440000,200.000000,102.761162,102.761169
0.450000,0.000000,0.000000,0.000000
0.450000,2.000000,-0.007368,0.000000
0.450000,4.000000,-0.014104,0.000000
0.450000,6.000000,-0.020133,0.000000
0.450000,8.000000,-0.025457,0.000000
0.450000,10.000000,-0.030080,0.000000
0.450000,12.000000,-0.034004,0.000000
0.450000,14.000000,-0.037230,0.000000
0.450000,16.000000,-0.039758,0.000000
0.450000,18.000000,-0.041589,0.000000
0.450000,20.000000,-0.042722,0.000000
0.450000,22.000000,-0.043159,0.000000
0.450000,24.000000,-0.042898,0.000000
0.450000,26.000000,-0.041941,0.000000
0.450000,28.000000,-0.040286,0.000000
0.450000,30.000000,-0.037933,0.000000
0.450000,32.000000,-0.034882,0.000000
0.450000,34.000000,-0.031133,0.000000
0.450000,36.000000,-0.026684,0.000000
0.450000,38.000000,-0.021535,0.000000
0.450000,40.000000,-0.015684,0.000000
0.450000,42.000000,-0.009129,0.000000
0.450000,44.000000,-0.001865,-0.000000
0.450000,46.000000,0.006112,0.000001
0.450000,48.000000,0.014813,0.000002
0.450000,50.000000,0.024251,0.000008
0.450000,52.000000,0.034452,0.000027
0.450000,54.000000,0.045457,0.000088
0.450000,56.000000,0.057337,0.000257
0.450000,58.000000,0.070217,0.000683
0.450000,60.000000,0.084322,0.001685
0.450000,62.000000,0.100053,0.003844
0.450000,64.000000,0.118153,0.008213
0.450000,66.000000,0.139977,0.016494
0.450000,68.000000,0.167984,0.031320
0.450000,70.000000,0.206464,0.056488
0.450000,72.000000,0.262344,0.097181
0.450000,74.000000,0.345409,0.160098
0.450000,76.000000,0.467190,0.253459
0.450000,78.000000,0.639057,0.386855
0.450000,80.000000,0.871217,0.570956
0.450000,82.000000,1.172511,0.817031
0.450000,84.000000,1.550878,1.136406
0.450000,86.000000,2.015139,1.539892
0.450000,88.000000,2.574361,2.037149
0.450000,90.000000,3.232666,2.636216
0.450000,92.000000,3.987875,3.343085
0.450000,94.000000,4.838311,4.161461
0.450000,96.000000,5.783818,5.092688
0.450000,98.000000,6.823118,6.135791
0.450000,100.000000,7.954191,7.287692
0.450000,102.000000,9.170993,8.543496
0.450000,104.000000,10.470982,9.896843
0.450000,106.000000,11.855778,11.340310
0.450000,108.000000,13.322390,12.865800
0.450000,110.000000,14.864690,14.464859
0.450000,112.000000,16.475868,16.129047
0.450000,114.000000,18.148584,17.850163
0.450000,116.000000,19.875467,19.620438
0.450000,118.000000,21.649343,21.432692
0.450000,120.000000,23.463371,23.280413
0.450000,122.000000,25.311352,25.157782
0.450000,124.000000,27.187927,27.059734
0.450000,126.000000,29.088484,28.981842
0.450000,128.000000,31.008959,30.920364
0.450000,130.000000,32.945694,32.872147
0.450000,132.000000,34.895458,34.834538
0.450000,134.000000,36.855499,36.805374
0.450000,136.000000,38.823647,38.782879
0.450000,138.000000,40.798248,40.765614
0.450000,140.000000,42.778114,42.752426
0.450000,142.000000,44.762356,44.742397
0.450000,144.000000,46.750294,46.734818
0.450000,146.000000,48.741386,48.729092
0.450000,148.000000,50.735130,50.724808
0.450000,150.000000,52.731083,52.721592
0.450000,152.000000,54.728821,54.719219
0.450000,154.000000,56.727993,56.717434
0.450000,156.000000,58.728260,58.716122
0.450000,158.000000,60.729324,60.715153
0.450000,160.000000,62.730942,62.714451
0.450000,162.000000,64.732903,64.713913
0.450000,164.000000,66.735031,66.713539
0.450000,166.000000,68.737183,68.713257
0.450000,168.000000,70.739227,70.713058
0.450000,170.000000,72.741066,72.712914
0.450000,172.000000,74.742638,74.712791
0.450000,174.000000,76.743851,76.712723
0.450000,176.000000,78.744667,78.712677
0.450000,178.000000,80.745026,80.712639
0.450000,180.000000,82.744904,82.712616
0.450000,182.000000,84.744278,84.712570
0.450000,184.000000,86.743103,86.712570
0.450000,186.000000,88.741371,88.712555
0.450000,188.000000,90.739075,90.712555
0.450000,190.000000,92.736176,92.712547
0.450000,192.000000,94.732689,94.712540
0.450000,194.000000,96.728577,96.712540
0.450000,196.000000,98.723854,98.712532
0.450000,198.000000,100.718513,100.712532
0.450000,200.000000,102.712532,102.712532
0.460000,0.000000,0.000000,0.000000
0.460000,2.000000,-0.007227,0.000000
0.460000,4.000000,-0.013834,0.000000
0.460000,6.000000,-0.019746,0.000000
0.460000,8.000000,-0.024967,0.000000
0.460000,10.000000,-0.029500,0.000000
0.460000,12.000000,-0.033346,0.000000
0.460000,14.000000,-0.036506,0.000000
0.460000,16.000000,-0.038982,0.000000
0.460000,18.000000,-0.040773,0.000000
0.460000,20.000000,-0.041879,0.000000
0.460000,22.000000,-0.042301,0.000000
0.460000,24.000000,-0.042039,0.000000
0.460000,26.000000,-0.041092,0.000000
0.460000,28.000000,-0.039460,0.000000
0.460000,30.000000,-0.037144,0.000000
0.460000,32.000000,-0.034142,0.000000
0.460000,34.000000,-0.030454,0.000000
0.460000,36.000000,-0.026080,0.000000
0.460000,38.000000,-0.021018,0.000000
0.460000,40.000000,-0.015267,0.000000
0.460000,42.000000,-0.008825,0.000000
0.460000,44.000000,-0.001688,-0.000000
0.460000,46.000000,0.006150,-0.000001
0.460000,48.000000,0.014697,0.000002
0.460000,50.000000,0.023967,0.000005
0.460000,52.000000,0.033983,0.000021
0.460000,54.000000,0.044786,0.000072
0.460000,56.000000,0.056443,0.000218
0.460000,58.000000,0.069072,0.000589
0.460000,60.000000,0.082883,0.001468
0.460000,62.000000,0.098259,0.003405
0.460000,64.000000,0.115897,0.007366
0.460000,66.000000,0.137078,0.014965
0.460000,68.000000,0.164130,0.028716
0.460000,70.000000,0.201136,0.052280
0.460000,72.000000,0.254763,0.090713
0.460000,74.000000,0.334600,0.150601
0.460000,76.000000,0.452178,0.240088
0.460000,78.000000,0.619039,0.368757
0.460000,80.000000,0.845545,0.547312
0.460000,82.000000,1.140669,0.787160
0.460000,84.000000,1.512514,1.099823
0.460000,86.000000,1.970134,1.496342
0.460000,88.000000,2.522995,1.986652
0.460000,90.000000,3.175655,2.579070
0.460000,92.000000,3.926007,3.279836
0.460000,94.000000,4.772157,4.092881
0.460000,96.000000,5.713966,5.019689
0.460000,98.000000,6.750464,6.059393
0.460000,100.000000,7.879639,7.208951
0.460000,102.000000,9.095290,8.463422
0.460000,104.000000,10.394706,9.816380
0.460000,106.000000,11.779346,11.260292
0.460000,108.000000,13.246329,12.786901
0.460000,110.000000,14.789537,14.387627
0.460000,112.000000,16.402140,16.053873
0.460000,114.000000,18.076738,17.777298
0.460000,116.000000,19.805820,19.550003
0.460000,118.000000,21.582016,21.364717
0.460000,120.000000,23.398325,23.214830
0.460000,122.000000,25.248461,25.094475
0.460000,124.000000,27.127018,26.998531
0.460000,126.000000,29.029364,28.922556
0.460000,128.000000,30.951414,30.862793
0.460000,130.000000,32.889511,32.816071
0.460000,132.000000,34.840427,34.779770
0.460000,134.000000,36.801434,36.751713
0.460000,136.000000,38.770393,38.730152
0.460000,138.000000,40.745686,40.713676
0.460000,140.000000,42.726139,42.701145
0.460000,142.000000,44.710884,44.691658
0.460000,144.000000,46.699253,46.684502
0.460000,146.000000,48.690708,48.679150
0.460000,148.000000,50.684746,50.675140
0.460000,150.000000,52.680943,52.672146
0.460000,152.000000,54.678886,54.669937
0.460000,154.000000,56.678207,56.668304
0.460000,156.000000,58.678585,58.667103
0.460000,158.000000,60.679733,60.666222
0.460000,160.000000,62.681408,62.665569
0.460000,162.000000,64.683411,64.665100
0.460000,164.000000,66.685562,66.664757
0.460000,166.000000,68.687729,68.664513
0.460000,168.000000,70.689789,70.664337
0.460000,170.000000,72.691635,72.664192
0.460000,172.000000,74.693207,74.664108
0.460000,174.000000,76.694427,76.664040
0.460000,176.000000,78.695251,78.663994
0.460000,178.000000,80.695633,80.663963
0.460000,180.000000,82.695534,82.663925
0.460000,182.000000,84.694931,84.663925
0.460000,184.000000,86.693794,86.663910
0.460000,186.000000,88.692116,88.663902
0.460000,188.000000,90.689857,90.663887
0.460000,190.000000,92.687035,92.663879
0.460000,192.000000,94.683617,94.663887
0.460000,194.000000,96.679596,96.663872
0.460000,196.000000,98.674973,98.663872
0.460000,198.000000,100.669731,100.663872
0.460000,200.000000,102.663872,102.663872
0.470000,0.000000,0.000000,0.000000
0.470000,2.000000,-0.007087,0.000000
0.470000,4.000000,-0.013565,0.000000
0.470000,6.000000,-0.019361,0.000000
0.470000,8.000000,-0.024478,0.000000
0.470000,10.000000,-0.028920,0.000000
0.470000,12.000000,-0.032688,0.000000
0.470000,14.000000,-0.035784,0.000000
0.470000,16.000000,-0.038207,0.000000
0.470000,18.000000,-0.039958,0.000000
0.470000,20.000000,-0.041037,0.000000
0.470000,22.000000,-0.041445,0.000000
0.470000,24.000000,-0.041181,0.000000
0.470000,26.000000,-0.040245,0.000000
0.470000,28.000000,-0.038637,0.000000
0.470000,30.000000,-0.036357,0.000000
0.470000,32.000000,-0.033404,0.000000
0.470000,34.000000,-0.029778,0.000000
0.470000,36.000000,-0.025479,0.000000
0.470000,38.000000,-0.020505,0.000000
0.470000,40.000000,-0.014854,0.000000
0.470000,42.000000,-0.008525,0.000000
0.470000,44.000000,-0.001514,-0.000002
0.470000,46.000000,0.006184,-0.000000
0.470000,48.000000,0.014577,0.000001
0.470000,50.000000,0.023679,0.000006
0.470000,52.000000,0.033512,0.000019
0.470000,54.000000,0.044114,0.000060
0.470000,56.000000,0.055547,0.000182
0.470000,58.000000,0.067926,0.000505
0.470000,60.000000,0.081449,0.001279
0.470000,62.000000,0.096475,0.003006
0.470000,64.000000,0.113663,0.006585
0.470000,66.000000,0.134223,0.013536
0.470000,68.000000,0.160355,0.026253
0.470000,70.000000,0.195944,0.048266
0.470000,72.000000,0.247398,0.084493
0.470000,74.000000,0.324088,0.141396
0.470000,76.000000,0.437520,0.227043
0.470000,78.000000,0.599398,0.350992
0.470000,80.000000,0.820248,0.524000
0.470000,82.000000,1.109173,0.757583
0.470000,84.000000,1.474437,1.063459
0.470000,86.000000,1.925311,1.452914
0.470000,88.000000,2.471653,1.936171
0.470000,90.000000,3.118482,2.521813
0.470000,92.000000,3.863826,3.216365
0.470000,94.000000,4.705612,4.023963
0.470000,96.000000,5.643694,4.946280
0.470000,98.000000,6.677364,5.982527
0.470000,100.000000,7.804605,7.129698
0.470000,102.000000,9.019088,8.382845
0.470000,104.000000,10.317937,9.735440
0.470000,106.000000,11.702445,11.179822
0.470000,108.000000,13.169849,12.707621
0.470000,110.000000,14.714055,14.310066
0.470000,112.000000,16.328192,15.978445
0.470000,114.000000,18.004778,17.704247
0.470000,116.000000,19.736139,19.479450
0.470000,118.000000,21.514709,21.296671
0.470000,120.000000,23.333340,23.149227
0.470000,122.000000,25.185656,25.031206
0.470000,124.000000,27.066212,26.937389
0.470000,126.000000,28.970350,28.863359
0.470000,128.000000,30.893978,30.805313
0.470000,130.000000,32.833431,32.760101
0.470000,132.000000,34.785488,34.725101
0.470000,134.000000,36.747459,36.698158
0.470000,136.000000,38.717220,38.677536
0.470000,138.000000,40.693195,40.661850
0.470000,140.000000,42.674229,42.649952
0.470000,142.000000,44.659466,44.640991
0.470000,144.000000,46.648262,46.634270
0.470000,146.000000,48.640072,48.629230
0.470000,148.000000,50.634407,50.625504
0.470000,150.000000,52.630840,52.622734
0.470000,152.000000,54.628971,54.620701
0.470000,154.000000,56.628437,56.619194
0.470000,156.000000,58.628925,58.618099
0.470000,158.000000,60.630154,60.617290
0.470000,160.000000,62.631882,62.616711
0.470000,162.000000,64.633919,64.616280
0.470000,164.000000,66.636101,66.615967
0.470000,166.000000,68.638275,68.615768
0.470000,168.000000,70.640335,70.615593
0.470000,170.000000,72.642189,72.615471
0.470000,172.000000,74.643768,74.615395
0.470000,174.000000,76.644997,76.615334
0.470000,176.000000,78.645836,78.615303
0.470000,178.000000,80.646225,80.615265
0.470000,180.000000,82.646149,82.615257
0.470000,182.000000,84.645576,84.615219
0.470000,184.000000,86.644478,86.615227
0.470000,186.000000,88.642838,88.615219
0.470000,188.000000,90.640640,90.615211
0.470000,190.000000,92.637878,92.615204
0.470000,192.000000,94.634537,94.615211
0.470000,194.000000,96.630608,96.615196
0.470000,196.000000,98.626068,98.615196
0.470000,198.000000,100.620934,100.615211
0.470000,200.000000,102.615196,102.615211
0.480000,0.000000,0.000000,0.000000
0.480000,2.000000,-0.006947,0.000000
0.480000,4.000000,-0.013296,0.000000
0.480000,6.000000,-0.018976,0.000000
0.480000,8.000000,-0.023990,0.000000
0.480000,10.000000,-0.028342,0.000000
0.480000,12.000000,-0.032033,0.000000
0.480000,14.000000,-0.035063,0.000000
0.480000,16.000000,-0.037434,0.000000
0.480000,18.000000,-0.039146,0.000000
0.480000,20.000000,-0.040198,0.000000
0.480000,22.000000,-0.040592,0.000000
0.480000,24.000000,-0.040326,0.000000
0.480000,26.000000,-0.039402,0.000000
0.480000,28.000000,-0.037818,0.000000
0.480000,30.000000,-0.035575,0.000000
0.480000,32.000000,-0.032671,0.000000
0.480000,34.000000,-0.029108,0.000000
0.480000,36.000000,-0.024883,0.000000
0.480000,38.000000,-0.019997,0.000000
0.480000,40.000000,-0.014447,0.000000
0.480000,42.000000,-0.008231,0.000000
0.480000,44.000000,-0.001347,0.000001
0.480000,46.000000,0.006211,0.000001
0.480000,48.000000,0.014450,-0.000000
0.480000,50.000000,0.023384,0.000003
0.480000,52.000000,0.033033,0.000014
0.480000,54.000000,0.043434,0.000049
0.480000,56.000000,0.054646,0.000152
0.480000,58.000000,0.066776,0.000428
0.480000,60.000000,0.080013,0.001105
0.480000,62.000000,0.094695,0.002637
0.480000,64.000000,0.111444,0.005863
0.480000,66.000000,0.131402,0.012201
0.480000,68.000000,0.156648,0.023930
0.480000,70.000000,0.190876,0.044443
0.480000,72.000000,0.240235,0.078516
0.480000,74.000000,0.313861,0.132487
0.480000,76.000000,0.423209,0.214335
0.480000,78.000000,0.580130,0.333583
0.480000,80.000000,0.795325,0.501028
0.480000,82.000000,1.078028,0.728306
0.480000,84.000000,1.436654,1.027327
0.480000,86.000000,1.880680,1.409623
0.480000,88.000000,2.420347,1.885704
0.480000,90.000000,3.061155,2.464457
0.480000,92.000000,3.801333,3.152663
0.480000,94.000000,4.638659,3.954708
0.480000,96.000000,5.572979,4.872432
0.480000,98.000000,6.603794,5.905165
0.480000,100.000000,7.729064,7.049928
0.480000,102.000000,8.942362,8.301723
0.480000,104.000000,10.240648,9.653969
0.480000,106.000000,11.625053,11.098886
0.480000,108.000000,13.092942,12.627920
0.480000,110.000000,14.638240,14.232182
0.480000,112.000000,16.254023,15.902746
0.480000,114.000000,17.932703,17.631001
0.480000,116.000000,19.666424,19.408781
0.480000,118.000000,21.447430,21.228580
0.480000,120.000000,23.268414,23.083641
0.480000,122.000000,25.122932,24.967957
0.480000,124.000000,27.005501,26.876312
0.480000,126.000000,28.911438,28.804232
0.480000,128.000000,30.836643,30.747932
0.480000,130.000000,32.777447,32.704231
0.480000,132.000000,34.730640,34.670532
0.480000,134.000000,36.693562,36.644688
0.480000,136.000000,38.664124,38.624992
0.480000,138.000000,40.640770,40.610069
0.480000,140.000000,42.622375,42.598816
0.480000,142.000000,44.608105,44.590366
0.480000,144.000000,46.597313,46.584061
0.480000,146.000000,48.589474,48.579365
0.480000,148.000000,50.584095,50.575893
0.480000,150.000000,52.580761,52.573334
0.480000,152.000000,54.579071,54.571457
0.480000,154.000000,56.578678,56.570080
0.480000,156.000000,58.579269,58.569084
0.480000,158.000000,60.580570,60.568352
0.480000,160.000000,62.582352,62.567833
0.480000,162.000000,64.584419,64.567451
0.480000,164.000000,66.586617,66.567162
0.480000,166.000000,68.588806,68.566986
0.480000,168.000000,70.590874,70.566841
0.480000,170.000000,72.592735,72.566734
0.480000,172.000000,74.594315,74.566658
0.480000,174.000000,76.595543,76.566605
0.480000,176.000000,78.596390,78.566574
0.480000,178.000000,80.596802,80.566551
0.480000,180.000000,82.596733,82.566536
0.480000,182.000000,84.596191,84.566513
0.480000,184.000000,86.595131,86.566521
0.480000,186.000000,88.593536,88.566498
0.480000,188.000000,90.591400,90.566490
0.480000,190.000000,92.588699,92.566490
0.480000,192.000000,94.585426,94.566498
0.480000,194.000000,96.581573,96.566505
0.480000,196.000000,98.577141,98.566483
0.480000,198.000000,100.572113,100.566490
0.480000,200.000000,102.566490,102.566490
0.490000,0.000000,0.000000,0.000000
0.490000,2.000000,-0.006806,0.000000
0.490000,4.000000,-0.013027,0.000000
0.490000,6.000000,-0.018592,0.000000
0.490000,8.000000,-0.023504,0.000000
0.490000,10.000000,-0.027765,0.000000
0.490000,12.000000,-0.031379,0.000000
0.490000,14.000000,-0.034344,0.000000
0.490000,16.000000,-0.036663,0.000000
0.490000,18.000000,-0.038336,0.000000
0.490000,20.000000,-0.039362,0.000000
0.490000,22.000000,-0.039742,0.000000
0.490000,24.000000,-0.039475,0.000000
0.490000,26.000000,-0.038562,0.000000
0.490000,28.000000,-0.037002,0.000000
0.490000,30.000000,-0.034796,0.000000
0.490000,32.000000,-0.031942,0.000000
0.490000,34.000000,-0.028441,0.000000
0.490000,36.000000,-0.024291,0.000000
0.490000,38.000000,-0.019493,0.000000
0.490000,40.000000,-0.014044,0.000000
0.490000,42.000000,-0.007942,0.000000
0.490000,44.000000,-0.001185,0.000001
0.490000,46.000000,0.006233,-0.000000
0.490000,48.000000,0.014318,0.000001
0.490000,50.000000,0.023084,0.000003
0.490000,52.000000,0.032550,0.000013
0.490000,54.000000,0.042750,0.000041
0.490000,56.000000,0.053741,0.000126
0.490000,58.000000,0.065624,0.000364
0.490000,60.000000,0.078577,0.000952
0.490000,62.000000,0.092921,0.002306
0.490000,64.000000,0.109242,0.005197
0.490000,66.000000,0.128615,0.010958
0.490000,68.000000,0.153010,0.021742
0.490000,70.000000,0.185930,0.040808
0.490000,72.000000,0.233268,0.072784
0.490000,74.000000,0.303917,0.123876
0.490000,76.000000,0.409248,0.201968
0.490000,78.000000,0.561243,0.316533
0.490000,80.000000,0.770785,0.478410
0.490000,82.000000,1.047246,0.699344
0.490000,84.000000,1.399181,0.991436
0.490000,86.000000,1.836262,1.366478
0.490000,88.000000,2.369099,1.835268
0.490000,90.000000,3.003698,2.406991
0.490000,92.000000,3.738538,3.088730
0.490000,94.000000,4.571301,3.885109
0.490000,96.000000,5.501811,4.798148
0.490000,98.000000,6.529739,5.827296
0.490000,100.000000,7.652999,6.969602
0.490000,102.000000,8.865094,8.220060
0.490000,104.000000,10.162824,9.571985
0.490000,106.000000,11.547163,11.017478
0.490000,108.000000,13.015606,12.547813
0.490000,110.000000,14.562101,14.153955
0.490000,112.000000,16.179649,15.826805
0.490000,114.000000,17.860527,17.557585
0.490000,116.000000,19.596691,19.337994
0.490000,118.000000,21.380180,21.160427
0.490000,120.000000,23.203556,23.018044
0.490000,122.000000,25.060301,24.904751
0.490000,124.000000,26.944891,26.815317
0.490000,126.000000,28.852634,28.745211
0.490000,128.000000,30.779411,30.690643
0.490000,130.000000,32.721561,32.648472
0.490000,132.000000,34.675888,34.616066
0.490000,134.000000,36.639751,36.591331
0.490000,136.000000,38.611099,38.572556
0.490000,138.000000,40.588409,40.558384
0.490000,140.000000,42.570583,42.547752
0.490000,142.000000,44.556793,44.539803
0.490000,144.000000,46.546410,46.533901
0.490000,146.000000,48.538910,48.529530
0.490000,148.000000,50.533813,50.526310
0.490000,150.000000,52.530704,52.523956
0.490000,152.000000,54.529190,54.522236
0.490000,154.000000,56.528931,56.520973
0.490000,156.000000,58.529621,58.520065
0.490000,158.000000,60.530994,60.519413
0.490000,160.000000,62.532822,62.518936
0.490000,162.000000,64.534920,64.518600
0.490000,164.000000,66.537140,66.518356
0.490000,166.000000,68.539330,68.518173
0.490000,168.000000,70.541405,70.518066
0.490000,170.000000,72.543259,72.517967
0.490000,172.000000,74.544838,74.517906
0.490000,174.000000,76.546074,76.517868
0.490000,176.000000,78.546928,78.517830
0.490000,178.000000,80.547348,80.517815
0.490000,180.000000,82.547310,82.517799
0.490000,182.000000,84.546791,84.517799
0.490000,184.000000,86.545769,86.517776
0.490000,186.000000,88.544212,88.517784
0.490000,188.000000,90.542137,90.517761
0.490000,190.000000,92.539497,92.517761
0.490000,192.000000,94.536301,94.517761
0.490000,194.000000,96.532532,96.517776
0.490000,196.000000,98.528191,98.517761
0.490000,198.000000,100.523270,100.517761
0.490000,200.000000,102.517761,102.517761
0.500000,0.000000,0.000000,0.000000
0.500000,2.000000,-0.006667,0.000000
0.500000,4.000000,-0.012759,0.000000
0.500000,6.000000,-0.018208,0.000000
0.500000,8.000000,-0.023018,0.000000
0.500000,10.000000,-0.027190,0.000000
0.500000,12.000000,-0.030726,0.000000
0.500000,14.000000,-0.033627,0.000000
0.500000,16.000000,-0.035895,0.000000
0.500000,18.000000,-0.037528,0.000000
0.500000,20.000000,-0.038528,0.000000
0.500000,22.000000,-0.038894,0.000000
0.500000,24.000000,-0.038626,0.000000
0.500000,26.000000,-0.037725,0.000000
0.500000,28.000000,-0.036190,0.000000
0.500000,30.000000,-0.034020,0.000000
0.500000,32.000000,-0.031217,0.000000
0.500000,34.000000,-0.027778,0.000000
0.500000,36.000000,-0.023704,0.000000
0.500000,38.000000,-0.018993,0.000000
0.500000,40.000000,-0.013645,0.000000
0.500000,42.000000,-0.007658,0.000000
0.500000,44.000000,-0.001027,0.000000
0.500000,46.000000,0.006250,0.000001
0.500000,48.000000,0.014181,0.000001
0.500000,50.000000,0.022779,0.000003
0.500000,52.000000,0.032061,0.000008
0.500000,54.000000,0.042061,0.000033
0.500000,56.000000,0.052832,0.000103
0.500000,58.000000,0.064470,0.000304
0.500000,60.000000,0.077142,0.000817
0.500000,62.000000,0.091153,0.002008
0.500000,64.000000,0.107054,0.004587
0.500000,66.000000,0.125862,0.009805
0.500000,68.000000,0.149434,0.019688
0.500000,70.000000,0.181098,0.037362
0.500000,72.000000,0.226492,0.067298
0.500000,74.000000,0.294249,0.115567
0.500000,76.000000,0.395633,0.189941
0.500000,78.000000,0.542738,0.299853
0.500000,80.000000,0.746634,0.456152
0.500000,82.000000,1.016834,0.670707
0.500000,84.000000,1.362031,0.955806
0.500000,86.000000,1.792074,1.323492
0.500000,88.000000,2.317932,1.784866
0.500000,90.000000,2.946130,2.349428
0.500000,92.000000,3.675452,3.024563
0.500000,94.000000,4.503531,3.815155
0.500000,96.000000,5.430180,4.723416
0.500000,98.000000,6.455183,5.748902
0.500000,100.000000,7.576393,6.888725
0.500000,102.000000,8.787263,8.137850
0.500000,104.000000,10.084448,9.489470
0.500000,106.000000,11.468765,10.935579
0.500000,108.000000,12.937841,12.467295
0.500000,110.000000,14.485646,14.075391
0.500000,112.000000,16.105082,15.750597
0.500000,114.000000,17.788263,17.483974
0.500000,116.000000,19.526943,19.267097
0.500000,118.000000,21.312967,21.092245
0.500000,120.000000,23.138771,22.952450
0.500000,122.000000,24.997761,24.841600
0.500000,124.000000,26.884388,26.754393
0.500000,126.000000,28.793940,28.686281
0.500000,128.000000,30.722290,30.633484
0.500000,130.000000,32.665775,32.592827
0.500000,132.000000,34.621227,34.561714
0.500000,134.000000,36.586021,36.538071
0.500000,136.000000,38.558151,38.520206
0.500000,138.000000,40.536121,40.506779
0.500000,140.000000,42.518852,42.496761
0.500000,142.000000,44.505539,44.489296
0.500000,144.000000,46.495556,46.483788
0.500000,146.000000,48.488388,48.479744
0.500000,148.000000,50.483566,50.476761
0.500000,150.000000,52.480675,52.474594
0.500000,152.000000,54.479332,54.473015
0.500000,154.000000,56.479202,56.471874
0.500000,156.000000,58.479984,58.471058
0.500000,158.000000,60.481419,60.470451
0.500000,160.000000,62.483292,62.470039
0.500000,162.000000,64.485413,64.469734
0.500000,164.000000,66.487640,66.469521
0.500000,166.000000,68.489845,68.469360
0.500000,168.000000,70.491913,70.469261
0.500000,170.000000,72.493774,72.469185
0.500000,172.000000,74.495346,74.469131
0.500000,174.000000,76.496597,76.469101
0.500000,176.000000,78.497452,78.469070
0.500000,178.000000,80.497887,80.469055
0.500000,180.000000,82.497864,82.469048
0.500000,182.000000,84.497368,84.469032
0.500000,184.000000,86.496384,86.469025
0.500000,186.000000,88.494881,88.469009
0.500000,188.000000,90.492844,90.469025
0.500000,190.000000,92.490273,92.469009
0.500000,192.000000,94.487144,94.469009
0.500000,194.000000,96.483459,96.469009
0.500000,196.000000,98.479218,98.469025
0.500000,198.000000,100.474403,100.469009
0.500000,200.000000,102.469009,102.469009
0.510000,0.000000,0.000000,0.000000
0.510000,2.000000,-0.006527,0.000000
0.510000,4.000000,-0.012492,0.000000
0.510000,6.000000,-0.017826,0.000000
0.510000,8.000000,-0.022533,0.000000
0.510000,10.000000,-0.026615,0.000000
0.510000,12.000000,-0.030075,0.000000
0.510000,14.000000,-0.032912,0.000000
0.510000,16.000000,-0.035128,0.000000
0.510000,18.000000,-0.036723,0.000000
0.510000,20.000000,-0.037697,0.000000
0.510000,22.000000,-0.038049,0.000000
0.510000,24.000000,-0.037781,0.000000
0.510000,26.000000,-0.036892,0.000000
0.510000,28.000000,-0.035381,0.000000
0.510000,30.000000,-0.033250,0.000000
0.510000,32.000000,-0.030496,0.000000
0.510000,34.000000,-0.027120,0.000000
0.510000,36.000000,-0.023122,0.000000
0.510000,38.000000,-0.018500,0.000000
0.510000,40.000000,-0.013253,0.000000
0.510000,42.000000,-0.007380,0.000000
0.510000,44.000000,-0.000877,0.000000
0.510000,46.000000,0.006260,-0.000000
0.510000,48.000000,0.014038,-0.000000
0.510000,50.000000,0.022467,0.000002
0.510000,52.000000,0.031566,0.000008
0.510000,54.000000,0.041365,0.000028
0.510000,56.000000,0.051917,0.000086
0.510000,58.000000,0.063310,0.000256
0.510000,60.000000,0.075705,0.000694
0.510000,62.000000,0.089387,0.001737
0.510000,64.000000,0.104878,0.004032
0.510000,66.000000,0.123136,0.008737
0.510000,68.000000,0.145916,0.017767
0.510000,70.000000,0.176373,0.034099
0.510000,72.000000,0.219895,0.062056
0.510000,74.000000,0.284848,0.107560
0.510000,76.000000,0.382359,0.178266
0.510000,78.000000,0.524615,0.283548
0.510000,80.000000,0.722874,0.434276
0.510000,82.000000,0.986798,0.642413
0.510000,84.000000,1.325210,0.920443
0.510000,86.000000,1.748127,1.280667
0.510000,88.000000,2.266860,1.734496
0.510000,90.000000,2.888466,2.291764
0.510000,92.000000,3.612082,2.960156
0.510000,94.000000,4.435347,3.744835
0.510000,96.000000,5.358064,4.648207
0.510000,98.000000,6.380102,5.669973
0.510000,100.000000,7.499220,6.807278
0.510000,102.000000,8.708843,8.055040
0.510000,104.000000,10.005494,9.406408
0.510000,106.000000,11.389842,10.853177
0.510000,108.000000,12.859641,12.386343
0.510000,110.000000,14.408878,13.996460
0.510000,112.000000,16.030323,15.674125
0.510000,114.000000,17.715914,17.410187
0.510000,116.000000,19.457186,19.196102
0.510000,118.000000,21.245800,21.024008
0.510000,120.000000,23.074062,22.886879
0.510000,122.000000,24.935318,24.778511
0.510000,124.000000,26.823990,26.693542
0.510000,126.000000,28.735352,28.627460
0.510000,128.000000,30.665272,30.576424
0.510000,130.000000,32.610088,32.537285
0.510000,132.000000,34.566650,34.507477
0.510000,134.000000,36.532372,36.484921
0.510000,136.000000,38.505280,38.467949
0.510000,138.000000,40.483898,40.455273
0.510000,140.000000,42.467178,42.445824
0.510000,142.000000,44.454330,44.438858
0.510000,144.000000,46.444740,46.433723
0.510000,146.000000,48.437901,48.429958
0.510000,148.000000,50.433346,50.427227
0.510000,150.000000,52.430664,52.425232
0.510000,152.000000,54.429482,54.423805
0.510000,154.000000,56.429478,56.422775
0.510000,156.000000,58.430347,58.422024
0.510000,158.000000,60.431847,60.421497
0.510000,160.000000,62.433750,62.421127
0.510000,162.000000,64.435905,64.420860
0.510000,164.000000,66.438141,66.420662
0.510000,166.000000,68.440346,68.420532
0.510000,168.000000,70.442413,70.420441
0.510000,170.000000,72.444267,72.420372
0.510000,172.000000,74.445847,74.420326
0.510000,174.000000,76.447090,76.420311
0.510000,176.000000,78.447952,78.420288
0.510000,178.000000,80.448395,80.420258
0.510000,180.000000,82.448402,82.420250
0.510000,182.000000,84.447929,84.420235
0.510000,184.000000,86.446976,86.420227
0.510000,186.000000,88.445511,88.420242
0.510000,188.000000,90.443535,90.420242
0.510000,190.000000,92.441017,92.420227
0.510000,192.000000,94.437965,94.420227
0.510000,194.000000,96.434364,96.420219
0.510000,196.000000,98.430222,98.420227
0.510000,198.000000,100.425507,100.420235
0.510000,200.000000,102.420227,102.420227
0.520000,0.000000,0.000000,0.000000
0.520000,2.000000,-0.006388,0.000000
0.520000,4.000000,-0.012225,0.000000
0.520000,6.000000,-0.017444,0.000000
0.520000,8.000000,-0.022049,0.000000
0.520000,10.000000,-0.026042,0.000000
0.520000,12.000000,-0.029425,0.000000
0.520000,14.000000,-0.032198,0.000000
0.520000,16.000000,-0.034363,0.000000
0.520000,18.000000,-0.035919,0.000000
0.520000,20.000000,-0.036867,0.000000
0.520000,22.000000,-0.037207,0.000000
0.520000,24.000000,-0.036938,0.000000
0.520000,26.000000,-0.036061,0.000000
0.520000,28.000000,-0.034575,0.000000
0.520000,30.000000,-0.032481,0.000000
0.520000,32.000000,-0.029778,0.000000
0.520000,34.000000,-0.026465,0.000000
0.520000,36.000000,-0.022543,0.000000
0.520000,38.000000,-0.018009,0.000000
0.520000,40.000000,-0.012864,0.000000
0.520000,42.000000,-0.007105,0.000000
0.520000,44.000000,-0.000729,0.000000
0.520000,46.000000,0.006267,-0.000002
0.520000,48.000000,0.013890,0.000001
0.520000,50.000000,0.022151,0.000003
0.520000,52.000000,0.031067,0.000005
0.520000,54.000000,0.040667,0.000020
0.520000,56.000000,0.050999,0.000069
0.520000,58.000000,0.062150,0.000210
0.520000,60.000000,0.074269,0.000585
0.520000,62.000000,0.087628,0.001494
0.520000,64.000000,0.102717,0.003527
0.520000,66.000000,0.120440,0.007750
0.520000,68.000000,0.142456,0.015974
0.520000,70.000000,0.171753,0.031017
0.520000,72.000000,0.213475,0.057057
0.520000,74.000000,0.275711,0.099855
0.520000,76.000000,0.369428,0.166947
0.520000,78.000000,0.506881,0.267630
0.520000,80.000000,0.699515,0.412785
0.520000,82.000000,0.957151,0.614472
0.520000,84.000000,1.288737,0.885360
0.520000,86.000000,1.704444,1.238020
0.520000,88.000000,2.215911,1.684177
0.520000,90.000000,2.830733,2.234006
0.520000,92.000000,3.548448,2.895515
0.520000,94.000000,4.366753,3.674151
0.520000,96.000000,5.285460,4.572536
0.520000,98.000000,6.304485,5.590497
0.520000,100.000000,7.421466,6.725235
0.520000,102.000000,8.629819,7.971657
0.520000,104.000000,9.925955,9.322775
0.520000,106.000000,11.310392,10.770281
0.520000,108.000000,12.781016,12.304953
0.520000,110.000000,14.331811,13.917196
0.520000,112.000000,15.955395,15.597391
0.520000,114.000000,17.643497,17.336226
0.520000,116.000000,19.387434,19.125010
0.520000,118.000000,21.178684,20.955761
0.520000,120.000000,23.009438,22.821333
0.520000,122.000000,24.872978,24.715481
0.520000,124.000000,26.763706,26.632820
0.520000,126.000000,28.676886,28.568764
0.520000,128.000000,30.608372,30.519493
0.520000,130.000000,32.554512,32.481873
0.520000,132.000000,34.512177,34.453354
0.520000,134.000000,36.478817,36.431873
0.520000,136.000000,38.452484,38.415798
0.520000,138.000000,40.431747,40.403835
0.520000,140.000000,42.415569,42.394985
0.520000,142.000000,44.403183,44.388474
0.520000,144.000000,46.393978,46.383713
0.520000,146.000000,48.387459,48.380241
0.520000,148.000000,50.383156,50.377724
0.520000,150.000000,52.380684,52.375908
0.520000,152.000000,54.379665,54.374611
0.520000,154.000000,56.379768,56.373672
0.520000,156.000000,58.380726,58.373016
0.520000,158.000000,60.382278,60.372543
0.520000,160.000000,62.384224,62.372208
0.520000,162.000000,64.386391,64.371971
0.520000,164.000000,66.388634,66.371796
0.520000,166.000000,68.390839,68.371696
0.520000,168.000000,70.392914,70.371613
0.520000,170.000000,72.394760,72.371552
0.520000,172.000000,74.396332,74.371521
0.520000,174.000000,76.397575,76.371475
0.520000,176.000000,78.398445,78.371460
0.520000,178.000000,80.398895,80.371460
0.520000,180.000000,82.398918,82.371437
0.520000,182.000000,84.398468,84.371437
0.520000,184.000000,86.397552,86.371437
0.520000,186.000000,88.396133,88.371429
0.520000,188.000000,90.394196,90.371422
0.520000,190.000000,92.391754,92.371437
0.520000,192.000000,94.388771,94.371429
0.520000,194.000000,96.385254,96.371429
0.520000,196.000000,98.381195,98.371429
0.520000,198.000000,100.376595,100.371429
0.520000,200.000000,102.371429,102.371422
0.530000,0.000000,0.000000,0.000000
0.530000,2.000000,-0.006249,0.000000
0.530000,4.000000,-0.011958,0.000000
0.530000,6.000000,-0.017063,0.000000
0.530000,8.000000,-0.021566,0.000000
0.530000,10.000000,-0.025470,0.000000
0.530000,12.000000,-0.028777,0.000000
0.530000,14.000000,-0.031486,0.000000
0.530000,16.000000,-0.033600,0.000000
0.530000,18.000000,-0.035118,0.000000
0.530000,20.000000,-0.036041,0.000000
0.530000,22.000000,-0.036367,0.000000
0.530000,24.000000,-0.036098,0.000000
0.530000,26.000000,-0.035234,0.000000
0.530000,28.000000,-0.033774,0.000000
0.530000,30.000000,-0.031717,0.000000
0.530000,32.000000,-0.029065,0.000000
0.530000,34.000000,-0.025815,0.000000
0.530000,36.000000,-0.021969,0.000000
0.530000,38.000000,-0.017524,0.000000
0.530000,40.000000,-0.012480,0.000000
0.530000,42.000000,-0.006836,0.000000
0.530000,44.000000,-0.000588,0.000000
0.530000,46.000000,0.006267,0.000001
0.530000,48.000000,0.013736,-0.000002
0.530000,50.000000,0.021829,0.000002
0.530000,52.000000,0.030561,0.000005
0.530000,54.000000,0.039961,0.000016
0.530000,56.000000,0.050075,0.000057
0.530000,58.000000,0.060985,0.000174
0.530000,60.000000,0.072831,0.000494
0.530000,62.000000,0.085869,0.001279
0.530000,64.000000,0.100564,0.003068
0.530000,66.000000,0.117768,0.006847
0.530000,68.000000,0.139046,0.014302
0.530000,70.000000,0.167228,0.028118
0.530000,72.000000,0.207219,0.052300
0.530000,74.000000,0.266826,0.092461
0.530000,76.000000,0.356831,0.155985
0.530000,78.000000,0.489531,0.252103
0.530000,80.000000,0.676557,0.391690
0.530000,82.000000,0.927895,0.586898
0.530000,84.000000,1.252617,0.850575
0.530000,86.000000,1.661034,1.195566
0.530000,88.000000,2.165098,1.633917
0.530000,90.000000,2.772945,2.176155
0.530000,92.000000,3.484558,2.830634
0.530000,94.000000,4.297748,3.603084
0.530000,96.000000,5.212355,4.496368
0.530000,98.000000,6.228308,5.510453
0.530000,100.000000,7.343099,6.642587
0.530000,102.000000,8.550160,7.887649
0.530000,104.000000,9.845800,9.238560
0.530000,106.000000,11.230400,10.686851
0.530000,108.000000,12.701961,12.223127
0.530000,110.000000,14.254448,13.837564
0.530000,112.000000,15.880297,15.520389
0.530000,114.000000,17.571012,17.262091
0.530000,116.000000,19.317686,19.053816
0.530000,118.000000,21.111622,20.887466
0.530000,120.000000,22.944895,22.755806
0.530000,122.000000,24.810740,24.652521
0.530000,124.000000,26.703533,26.572166
0.530000,126.000000,28.618528,28.510168
0.530000,128.000000,30.551575,30.462685
0.530000,130.000000,32.499031,32.426601
0.530000,132.000000,34.457790,34.399368
0.530000,134.000000,36.425343,36.378948
0.530000,136.000000,38.399761,38.363731
0.530000,138.000000,40.379662,40.352489
0.530000,140.000000,42.364017,42.344196
0.530000,142.000000,44.352081,44.338142
0.530000,144.000000,46.343254,46.333736
0.530000,146.000000,48.337048,48.330544
0.530000,148.000000,50.333000,50.328243
0.530000,150.000000,52.330723,52.326595
0.530000,152.000000,54.329853,54.325417
0.530000,154.000000,56.330070,56.324577
0.530000,156.000000,58.331104,58.323978
0.530000,158.000000,60.332710,60.323563
0.530000,160.000000,62.334686,62.323273
0.530000,162.000000,64.336868,64.323067
0.530000,164.000000,66.339119,66.322922
0.530000,166.000000,68.341324,68.322823
0.530000,168.000000,70.343391,70.322762
0.530000,170.000000,72.345230,72.322708
0.530000,172.000000,74.346802,74.322685
0.530000,174.000000,76.348038,76.322655
0.530000,176.000000,78.348915,78.322632
0.530000,178.000000,80.349373,80.322617
0.530000,180.000000,82.349411,82.322617
0.530000,182.000000,84.348991,84.322617
0.530000,184.000000,86.348106,86.322609
0.530000,186.000000,88.346725,88.322609
0.530000,188.000000,90.344841,90.322609
0.530000,190.000000,92.342461,92.322609
0.530000,192.000000,94.339546,94.322601
0.530000,194.000000,96.336113,96.322594
0.530000,196.000000,98.332146,98.322601
0.530000,198.000000,100.327652,100.322594
0.530000,200.000000,102.322601,102.322601
0.540000,0.000000,0.000000,0.000000
0.540000,2.000000,-0.006110,0.000000
0.540000,4.000000,-0.011692,0.000000
0.540000,6.000000,-0.016682,0.000000
0.540000,8.000000,-0.021084,0.000000
0.540000,10.000000,-0.024899,0.000000
0.540000,12.000000,-0.028130,0.000000
0.540000,14.000000,-0.030776,0.000000
0.540000,16.000000,-0.032839,0.000000
0.540000,18.000000,-0.034319,0.000000
0.540000,20.000000,-0.035216,0.000000
0.540000,22.000000,-0.035530,0.000000
0.540000,24.000000,-0.035262,0.000000
0.540000,26.000000,-0.034410,0.000000
0.540000,28.000000,-0.032975,0.000000
0.540000,30.000000,-0.030957,0.000000
0.540000,32.000000,-0.028355,0.000000
0.540000,34.000000,-0.025169,0.000000
0.540000,36.000000,-0.021399,0.000000
0.540000,38.000000,-0.017043,0.000000
0.540000,40.000000,-0.012102,0.000000
0.540000,42.000000,-0.006572,0.000000
0.540000,44.000000,-0.000452,0.000000
0.540000,46.000000,0.006262,0.000001
0.540000,48.000000,0.013577,-0.000000
0.540000,50.000000,0.021501,0.000001
0.540000,52.000000,0.030050,0.000003
0.540000,54.000000,0.039251,0.000014
0.540000,56.000000,0.049147,0.000045
0.540000,58.000000,0.059816,0.000141
0.540000,60.000000,0.071391,0.000411
0.540000,62.000000,0.084114,0.001089
0.540000,64.000000,0.098422,0.002657
0.540000,66.000000,0.115120,0.006018
0.540000,68.000000,0.135686,0.012751
0.540000,70.000000,0.162796,0.025394
0.540000,72.000000,0.201123,0.047788
0.540000,74.000000,0.258188,0.085369
0.540000,76.000000,0.344567,0.145388
0.540000,78.000000,0.472568,0.236984
0.540000,80.000000,0.654008,0.371009
0.540000,82.000000,0.899039,0.559706
0.540000,84.000000,1.216861,0.816101
0.540000,86.000000,1.617914,1.153314
0.540000,88.000000,2.114442,1.583724
0.540000,90.000000,2.715126,2.118217
0.540000,92.000000,3.420434,2.765504
0.540000,94.000000,4.228340,3.531630
0.540000,96.000000,5.138741,4.419696
0.540000,98.000000,6.151552,5.429818
0.540000,100.000000,7.264100,6.559311
0.540000,102.000000,8.469843,7.803010
0.540000,104.000000,9.765015,9.153752
0.540000,106.000000,11.149859,10.602881
0.540000,108.000000,12.622480,12.140837
0.540000,110.000000,14.176800,13.757582
0.540000,112.000000,15.805044,15.443123
0.540000,114.000000,17.498470,17.187780
0.540000,116.000000,19.247953,18.982544
0.540000,118.000000,21.044621,20.819164
0.540000,120.000000,22.880444,22.690331
0.540000,122.000000,24.748608,24.589647
0.540000,124.000000,26.643476,26.511644
0.540000,126.000000,28.560287,28.451706
0.540000,128.000000,30.494890,30.406013
0.540000,130.000000,32.443657,32.371456
0.540000,132.000000,34.403503,34.345490
0.540000,134.000000,36.371952,36.326134
0.540000,136.000000,38.347118,38.311775
0.540000,138.000000,40.327641,40.301220
0.540000,140.000000,42.312531,42.293495
0.540000,142.000000,44.301033,44.287876
0.540000,144.000000,46.292580,46.283813
0.540000,146.000000,48.286678,48.280884
0.540000,148.000000,50.282871,50.278782
0.540000,150.000000,52.280788,52.277283
0.540000,152.000000,54.280060,54.276222
0.540000,154.000000,56.280384,56.275475
0.540000,156.000000,58.281490,58.274948
0.540000,158.000000,60.283146,60.274582
0.540000,160.000000,62.285149,62.274330
0.540000,162.000000,64.287346,64.274147
0.540000,164.000000,66.289589,66.274017
0.540000,166.000000,68.291801,68.273933
0.540000,168.000000,70.293854,70.273880
0.540000,170.000000,72.295692,72.273834
0.540000,172.000000,74.297256,74.273804
0.540000,174.000000,76.298492,76.273788
0.540000,176.000000,78.299362,78.273773
0.540000,178.000000,80.299835,80.273773
0.540000,180.000000,82.299881,82.273766
0.540000,182.000000,84.299492,84.273750
0.540000,184.000000,86.298630,86.273758
0.540000,186.000000,88.297295,88.273758
0.540000,188.000000,90.295464,90.273750
0.540000,190.000000,92.293144,92.273750
0.540000,192.000000,94.290306,94.273750
0.540000,194.000000,96.286949,96.273758
0.540000,196.000000,98.283081,98.273750
0.540000,198.000000,100.278679,100.273750
0.540000,200.000000,102.273750,102.273766
0.550000,0.000000,0.000000,0.000000
0.550000,2.000000,-0.005971,0.000000
0.550000,4.000000,-0.011426,0.000000
0.550000,6.000000,-0.016303,0.000000
0.550000,8.000000,-0.020603,0.000000
0.550000,10.000000,-0.024330,0.000000
0.550000,12.000000,-0.027484,0.000000
0.550000,14.000000,-0.030068,0.000000
0.550000,16.000000,-0.032080,0.000000
0.550000,18.000000,-0.033523,0.000000
0.550000,20.000000,-0.034395,0.000000
0.550000,22.000000,-0.034696,0.000000
0.550000,24.000000,-0.034428,0.000000
0.550000,26.000000,-0.033589,0.000000
0.550000,28.000000,-0.032180,0.000000
0.550000,30.000000,-0.030200,0.000000
0.550000,32.000000,-0.027649,0.000000
0.550000,34.000000,-0.024527,0.000000
0.550000,36.000000,-0.020833,0.000000
0.550000,38.000000,-0.016567,0.000000
0.550000,40.000000,-0.011727,0.000000
0.550000,42.000000,-0.006313,0.000000
0.550000,44.000000,-0.000321,0.000000
0.550000,46.000000,0.006252,0.000000
0.550000,48.000000,0.013412,0.000001
0.550000,50.000000,0.021168,0.000000
0.550000,52.000000,0.029534,0.000004
0.550000,54.000000,0.038535,0.000010
0.550000,56.000000,0.048214,0.000034
0.550000,58.000000,0.058643,0.000116
0.550000,60.000000,0.069949,0.000340
0.550000,62.000000,0.082360,0.000920
0.550000,64.000000,0.096290,0.002287
0.550000,66.000000,0.112495,0.005266
0.550000,68.000000,0.132371,0.011317
0.550000,70.000000,0.158451,0.022845
0.550000,72.000000,0.195179,0.043514
0.550000,74.000000,0.249789,0.078587
0.550000,76.000000,0.332629,0.135164
0.550000,78.000000,0.455993,0.222276
0.550000,80.000000,0.631870,0.350751
0.550000,82.000000,0.870592,0.532910
0.550000,84.000000,1.181481,0.781960
0.550000,86.000000,1.575097,1.111281
0.550000,88.000000,2.063962,1.533606
0.550000,90.000000,2.657297,2.060197
0.550000,92.000000,3.356091,2.700131
0.550000,94.000000,4.158536,3.459782
0.550000,96.000000,5.064610,4.342507
0.550000,98.000000,6.074202,5.348586
0.550000,100.000000,7.184443,6.475382
0.550000,102.000000,8.388846,7.717724
0.550000,104.000000,9.683582,9.068319
0.550000,106.000000,11.068766,10.518372
0.550000,108.000000,12.542578,12.058087
0.550000,110.000000,14.098875,13.677226
0.550000,112.000000,15.729643,15.365592
0.550000,114.000000,17.425882,17.113300
0.550000,116.000000,19.178242,18.911179
0.550000,118.000000,20.977684,20.750860
0.550000,120.000000,22.816086,22.624908
0.550000,122.000000,24.686588,24.526878
0.550000,124.000000,26.583538,26.451239
0.550000,126.000000,28.502165,28.393394
0.550000,128.000000,30.438322,30.349495
0.550000,130.000000,32.388386,32.316448
0.550000,132.000000,34.349308,34.291752
0.550000,134.000000,36.318642,36.273434
0.550000,136.000000,38.294552,38.259930
0.550000,138.000000,40.275692,40.250057
0.550000,140.000000,42.261101,42.242867
0.550000,142.000000,44.250042,44.237663
0.550000,144.000000,46.241951,46.233913
0.550000,146.000000,48.236343,48.231243
0.550000,148.000000,50.232777,50.229347
0.550000,150.000000,52.230873,52.227993
0.550000,152.000000,54.230286,54.227039
0.550000,154.000000,56.230709,56.226376
0.550000,156.000000,58.231888,58.225914
0.550000,158.000000,60.233582,60.225590
0.550000,160.000000,62.235607,62.225365
0.550000,162.000000,64.237816,64.225212
0.550000,164.000000,66.240074,66.225105
0.550000,166.000000,68.242264,68.225029
0.550000,168.000000,70.244308,70.224991
0.550000,170.000000,72.246140,72.224953
0.550000,172.000000,74.247688,74.224922
0.550000,174.000000,76.248932,76.224899
0.550000,176.000000,78.249802,78.224899
0.550000,178.000000,80.250282,80.224892
0.550000,180.000000,82.250343,82.224884
0.550000,182.000000,84.249969,84.224884
0.550000,184.000000,86.249138,86.224884
0.550000,186.000000,88.247849,88.224876
0.550000,188.000000,90.246071,90.224884
0.550000,190.000000,92.243805,92.224876
0.550000,192.000000,94.241035,94.224884
0.550000,194.000000,96.237762,96.224876
0.550000,196.000000,98.233994,98.224869
0.550000,198.000000,100.229691,100.224876
0.550000,200.000000,102.224876,102.224884
0.560000,0.000000,0.000000,0.000000
0.560000,2.000000,-0.005833,0.000000
0.560000,4.000000,-0.011161,0.000000
0.560000,6.000000,-0.015924,0.000000
0.560000,8.000000,-0.020123,0.000000
0.560000,10.000000,-0.023762,0.000000
0.560000,12.000000,-0.026841,0.000000
0.560000,14.000000,-0.029361,0.000000
0.560000,16.000000,-0.031324,0.000000
0.560000,18.000000,-0.032729,0.000000
0.560000,20.000000,-0.033576,0.000000
0.560000,22.000000,-0.033865,0.000000
0.560000,24.000000,-0.033597,0.000000
0.560000,26.000000,-0.032772,0.000000
0.560000,28.000000,-0.031388,0.000000
0.560000,30.000000,-0.029447,0.000000
0.560000,32.000000,-0.026948,0.000000
0.560000,34.000000,-0.023890,0.000000
0.560000,36.000000,-0.020273,0.000000
0.560000,38.000000,-0.016096,0.000000
0.560000,40.000000,-0.011359,0.000000
0.560000,42.000000,-0.006060,0.000000
0.560000,44.000000,-0.000196,0.000000
0.560000,46.000000,0.006236,0.000000
0.560000,48.000000,0.013240,-0.000000
0.560000,50.000000,0.020827,0.000000
0.560000,52.000000,0.029010,0.000001
0.560000,54.000000,0.037813,0.000007
0.560000,56.000000,0.047275,0.000029
0.560000,58.000000,0.057465,0.000092
0.560000,60.000000,0.068504,0.000281
0.560000,62.000000,0.080606,0.000773
0.560000,64.000000,0.094163,0.001954
0.560000,66.000000,0.109888,0.004579
0.560000,68.000000,0.129097,0.009998
0.560000,70.000000,0.154185,0.020464
0.560000,72.000000,0.189376,0.039475
0.560000,74.000000,0.241618,0.072116
0.560000,76.000000,0.321009,0.125312
0.560000,78.000000,0.439802,0.207987
0.560000,80.000000,0.610145,0.330933
0.560000,82.000000,0.842556,0.506528
0.560000,84.000000,1.146483,0.748161
0.560000,86.000000,1.532596,1.069481
0.560000,88.000000,2.013672,1.483573
0.560000,90.000000,2.599474,2.002097
0.560000,92.000000,3.291544,2.634502
0.560000,94.000000,4.088339,3.387524
0.560000,96.000000,4.989955,4.264780
0.560000,98.000000,5.996233,5.266724
0.560000,100.000000,7.104101,6.390785
0.560000,102.000000,8.307136,7.631763
0.560000,104.000000,9.601479,8.982256
0.560000,106.000000,10.987108,10.433281
0.560000,108.000000,12.462255,11.974853
0.560000,110.000000,14.020679,13.596517
0.560000,112.000000,15.654099,15.287798
0.560000,114.000000,17.353247,17.038664
0.560000,116.000000,19.108551,18.839750
0.560000,118.000000,20.910812,20.682543
0.560000,120.000000,22.751822,22.559534
0.560000,122.000000,24.624680,24.464199
0.560000,124.000000,26.523716,26.390959
0.560000,126.000000,28.444159,28.335205
0.560000,128.000000,30.381859,30.293114
0.560000,130.000000,32.333218,32.261570
0.560000,132.000000,34.295204,34.238144
0.560000,134.000000,36.265419,36.220844
0.560000,136.000000,38.242058,38.208176
0.560000,138.000000,40.223808,40.198956
0.560000,140.000000,42.209728,42.192291
0.560000,142.000000,44.199100,44.187492
0.560000,144.000000,46.191360,46.184067
0.560000,146.000000,48.186043,48.181637
0.560000,148.000000,50.182701,50.179920
0.560000,150.000000,52.180984,52.178707
0.560000,152.000000,54.180527,54.177864
0.560000,154.000000,56.181042,56.177277
0.560000,156.000000,58.182281,58.176857
0.560000,158.000000,60.184013,60.176579
0.560000,160.000000,62.186062,62.176395
0.560000,162.000000,64.188278,64.176254
0.560000,164.000000,66.190521,66.176163
0.560000,166.000000,68.192703,68.176109
0.560000,168.000000,70.194748,70.176056
0.560000,170.000000,72.196564,72.176033
0.560000,172.000000,74.198112,74.176003
0.560000,174.000000,76.199341,76.175987
0.560000,176.000000,78.200211,78.175987
0.560000,178.000000,80.200699,80.175980
0.560000,180.000000,82.200775,82.175980
0.560000,182.000000,84.200424,84.175964
0.560000,184.000000,86.199631,86.175972
0.560000,186.000000,88.198372,88.175964
0.560000,188.000000,90.196640,90.175980
0.560000,190.000000,92.194443,92.175964
0.560000,192.000000,94.191750,94.175972
0.560000,194.000000,96.188560,96.175964
0.560000,196.000000,98.184868,98.175972
0.560000,198.000000,100.180672,100.175987
0.560000,200.000000,102.175972,102.175980
0.570000,0.000000,0.000000,0.000000
0.570000,2.000000,-0.005695,0.000000
0.570000,4.000000,-0.010897,0.000000
0.570000,6.000000,-0.015546,0.000000
0.570000,8.000000,-0.019644,0.000000
0.570000,10.000000,-0.023194,0.000000
0.570000,12.000000,-0.026198,0.000000
0.570000,14.000000,-0.028656,0.000000
0.570000,16.000000,-0.030569,0.000000
0.570000,18.000000,-0.031936,0.000000
0.570000,20.000000,-0.032758,0.000000
0.570000,22.000000,-0.033036,0.000000
0.570000,24.000000,-0.032769,0.000000
0.570000,26.000000,-0.031957,0.000000
0.570000,28.000000,-0.030600,0.000000
0.570000,30.000000,-0.028697,0.000000
0.570000,32.000000,-0.026249,0.000000
0.570000,34.000000,-0.023255,0.000000
0.570000,36.000000,-0.019716,0.000000
0.570000,38.000000,-0.015629,0.000000
0.570000,40.000000,-0.010994,0.000000
0.570000,42.000000,-0.005810,0.000000
0.570000,44.000000,-0.000075,0.000000
0.570000,46.000000,0.006215,0.000000
0.570000,48.000000,0.013065,-0.000001
0.570000,50.000000,0.020483,-0.000001
0.570000,52.000000,0.028483,0.000002
0.570000,54.000000,0.037087,0.000005
0.570000,56.000000,0.046333,0.000021
0.570000,58.000000,0.056285,0.000072
0.570000,60.000000,0.067058,0.000228
0.570000,62.000000,0.078856,0.000644
0.570000,64.000000,0.092046,0.001661
0.570000,66.000000,0.107302,0.003961
0.570000,68.000000,0.125866,0.008788
0.570000,70.000000,0.150000,0.018249
0.570000,72.000000,0.183715,0.035674
0.570000,74.000000,0.233673,0.065953
0.570000,76.000000,0.309708,0.115841
0.570000,78.000000,0.424000,0.194128
0.570000,80.000000,0.588841,0.311563
0.570000,82.000000,0.814943,0.480576
0.570000,84.000000,1.111882,0.714721
0.570000,86.000000,1.490427,1.027932
0.570000,88.000000,1.963597,1.433646
0.570000,90.000000,2.541687,1.943923
0.570000,92.000000,3.226819,2.568634
0.570000,94.000000,4.017768,3.314862
0.570000,96.000000,4.914778,4.186512
0.570000,98.000000,5.917636,5.184222
0.570000,100.000000,7.023056,6.305505
0.570000,102.000000,8.224695,7.545114
0.570000,104.000000,9.518694,8.895540
0.570000,106.000000,10.904885,10.347622
0.570000,108.000000,12.381523,11.891150
0.570000,110.000000,13.942228,13.515416
0.570000,112.000000,15.578430,15.209734
0.570000,114.000000,17.280582,16.963865
0.570000,116.000000,19.038895,18.768253
0.570000,118.000000,20.844021,20.614256
0.570000,120.000000,22.687660,22.494247
0.570000,122.000000,24.562889,24.401628
0.570000,124.000000,26.464022,26.330832
0.570000,126.000000,28.386276,28.277184
0.570000,128.000000,30.325518,30.236885
0.570000,130.000000,32.278156,32.206867
0.570000,132.000000,34.241203,34.184673
0.570000,134.000000,36.212288,36.168392
0.570000,136.000000,38.189648,38.156532
0.570000,138.000000,40.172001,40.147964
0.570000,140.000000,42.158421,42.141788
0.570000,142.000000,44.148212,44.137394
0.570000,144.000000,46.140823,46.134274
0.570000,146.000000,48.135784,48.132069
0.570000,148.000000,50.132671,50.130531
0.570000,150.000000,52.131119,52.129436
0.570000,152.000000,54.130783,54.128685
0.570000,154.000000,56.131390,56.128162
0.570000,156.000000,58.132687,58.127804
0.570000,158.000000,60.134457,60.127563
0.570000,160.000000,62.136520,62.127399
0.570000,162.000000,64.138733,64.127281
0.570000,164.000000,66.140984,66.127213
0.570000,166.000000,68.143158,68.127159
0.570000,168.000000,70.145172,70.127121
0.570000,170.000000,72.146980,72.127106
0.570000,172.000000,74.148514,74.127083
0.570000,174.000000,76.149734,76.127068
0.570000,176.000000,78.150612,78.127068
0.570000,178.000000,80.151100,80.127045
0.570000,180.000000,82.151199,82.127068
0.570000,182.000000,84.150864,84.127052
0.570000,184.000000,86.150101,86.127060
0.570000,186.000000,88.148880,88.127052
0.570000,188.000000,90.147209,90.127052
0.570000,190.000000,92.145058,92.127060
0.570000,192.000000,94.142433,94.127052
0.570000,194.000000,96.139328,96.127052
0.570000,196.000000,98.135727,98.127068
0.570000,198.000000,100.131638,100.127060
0.570000,200.000000,102.127052,102.127052
0.580000,0.000000,0.000000,0.000000
0.580000,2.000000,-0.005557,0.000000
0.580000,4.000000,-0.010633,0.000000
0.580000,6.000000,-0.015168,0.000000
0.580000,8.000000,-0.019166,0.000000
0.580000,10.000000,-0.022629,0.000000
0.580000,12.000000,-0.025557,0.000000
0.580000,14.000000,-0.027953,0.000000
0.580000,16.000000,-0.029816,0.000000
0.580000,18.000000,-0.031146,0.000000
0.580000,20.000000,-0.031944,0.000000
0.580000,22.000000,-0.032210,0.000000
0.580000,24.000000,-0.031944,0.000000
0.580000,26.000000,-0.031146,0.000000
0.580000,28.000000,-0.029815,0.000000
0.580000,30.000000,-0.027952,0.000000
0.580000,32.000000,-0.025556,0.000000
0.580000,34.000000,-0.022626,0.000000
0.580000,36.000000,-0.019164,0.000000
0.580000,38.000000,-0.015167,0.000000
0.580000,40.000000,-0.010635,0.000000
0.580000,42.000000,-0.005567,0.000000
0.580000,44.000000,0.000040,0.000000
0.580000,46.000000,0.006188,0.000000
0.580000,48.000000,0.012883,0.000001
0.580000,50.000000,0.020132,-0.000001
0.580000,52.000000,0.027949,-0.000001
0.580000,54.000000,0.036354,0.000003
0.580000,56.000000,0.045383,0.000015
0.580000,58.000000,0.055099,0.000059
0.580000,60.000000,0.065608,0.000184
0.580000,62.000000,0.077104,0.000532
0.580000,64.000000,0.089933,0.001399
0.580000,66.000000,0.104732,0.003404
0.580000,68.000000,0.122670,0.007682
0.580000,70.000000,0.145885,0.016199
0.580000,72.000000,0.178182,0.032104
0.580000,74.000000,0.225939,0.060098
0.580000,76.000000,0.298712,0.106754
0.580000,78.000000,0.408578,0.180713
0.580000,80.000000,0.567956,0.292661
0.580000,82.000000,0.787754,0.455073
0.580000,84.000000,1.077681,0.681664
0.580000,86.000000,1.448598,0.986650
0.580000,88.000000,1.913747,1.383830
0.580000,90.000000,2.483946,1.885683
0.580000,92.000000,3.161927,2.502512
0.580000,94.000000,3.946827,3.241771
0.580000,96.000000,4.839069,4.107673
0.580000,98.000000,5.838391,5.101051
0.580000,100.000000,6.941273,6.219504
0.580000,102.000000,8.141490,7.457747
0.580000,104.000000,9.435202,8.808155
0.580000,106.000000,10.822092,10.261362
0.580000,108.000000,12.300379,11.806950
0.580000,110.000000,13.863519,13.433932
0.580000,112.000000,15.502632,15.131420
0.580000,114.000000,17.207884,16.888914
0.580000,116.000000,18.969273,18.696693
0.580000,118.000000,20.777300,20.545973
0.580000,120.000000,22.623598,22.429022
0.580000,122.000000,24.501213,24.339188
0.580000,124.000000,26.404446,26.270844
0.580000,126.000000,28.328514,28.219316
0.580000,128.000000,30.269287,30.180824
0.580000,130.000000,32.223202,32.152298
0.580000,132.000000,34.187294,34.131340
0.580000,134.000000,36.159241,36.116062
0.580000,136.000000,38.137306,38.105003
0.580000,138.000000,40.120255,40.097046
0.580000,140.000000,42.107170,42.091366
0.580000,142.000000,44.097374,44.087341
0.580000,144.000000,46.090324,46.084511
0.580000,146.000000,48.085556,48.082520
0.580000,148.000000,50.082657,50.081135
0.580000,150.000000,52.081268,52.080177
0.580000,152.000000,54.081055,54.079510
0.580000,154.000000,56.081745,56.079052
0.580000,156.000000,58.083096,58.078751
0.580000,158.000000,60.084896,60.078541
0.580000,160.000000,62.086975,62.078392
0.580000,162.000000,64.089188,64.078293
0.580000,164.000000,66.091423,66.078232
0.580000,166.000000,68.093582,68.078186
0.580000,168.000000,70.095596,70.078163
0.580000,170.000000,72.097389,72.078140
0.580000,172.000000,74.098915,74.078125
0.580000,174.000000,76.100121,76.078125
0.580000,176.000000,78.100990,78.078110
0.580000,178.000000,80.101486,80.078117
0.580000,180.000000,82.101593,82.078110
0.580000,182.000000,84.101288,84.078110
0.580000,184.000000,86.100555,86.078102
0.580000,186.000000,88.099365,88.078102
0.580000,188.000000,90.097740,90.078110
0.580000,190.000000,92.095657,92.078102
0.580000,192.000000,94.093102,94.078110
0.580000,194.000000,96.090073,96.078102
0.580000,196.000000,98.086563,98.078110
0.580000,198.000000,100.082573,100.078102
0.580000,200.000000,102.078102,102.078102
0.590000,0.000000,0.000000,0.000000
0.590000,2.000000,-0.005419,0.000000
0.590000,4.000000,-0.010369,0.000000
0.590000,6.000000,-0.014792,0.000000
0.590000,8.000000,-0.018689,0.000000
0.590000,10.000000,-0.022064,0.000000
0.590000,12.000000,-0.024918,0.000000
0.590000,14.000000,-0.027251,0.000000
0.590000,16.000000,-0.029065,0.000000
0.590000,18.000000,-0.030358,0.000000
0.590000,20.000000,-0.031133,0.000000
0.590000,22.000000,-0.031387,0.000000
0.590000,24.000000,-0.031122,0.000000
0.590000,26.000000,-0.030338,0.000000
0.590000,28.000000,-0.029034,0.000000
0.590000,30.000000,-0.027210,0.000000
0.590000,32.000000,-0.024866,0.000000
0.590000,34.000000,-0.022001,0.000000
0.590000,36.000000,-0.018616,0.000000
0.590000,38.000000,-0.014709,0.000000
0.590000,40.000000,-0.010280,0.000000
0.590000,42.000000,-0.005328,0.000000
0.590000,44.000000,0.000150,0.000000
0.590000,46.000000,0.006156,0.000000
0.590000,48.000000,0.012696,0.000001
0.590000,50.000000,0.019776,0.000000
0.590000,52.000000,0.027409,0.000002
0.590000,54.000000,0.035616,0.000004
0.590000,56.000000,0.044429,0.000012
0.590000,58.000000,0.053909,0.000045
0.590000,60.000000,0.064156,0.000149
0.590000,62.000000,0.075352,0.000434
0.590000,64.000000,0.087827,0.001174
0.590000,66.000000,0.102178,0.002907
0.590000,68.000000,0.119509,0.006673
0.590000,70.000000,0.141838,0.014306
0.590000,72.000000,0.172774,0.028765
0.590000,74.000000,0.218411,0.054555
0.590000,76.000000,0.288018,0.098053
0.590000,78.000000,0.393536,0.167741
0.590000,80.000000,0.547495,0.274236
0.590000,82.000000,0.760997,0.430035
0.590000,84.000000,1.043891,0.649005
0.590000,86.000000,1.407125,0.945654
0.590000,88.000000,1.864142,1.334138
0.590000,90.000000,2.426278,1.827391
0.590000,92.000000,3.096893,2.436139
0.590000,94.000000,3.875532,3.168247
0.590000,96.000000,4.762834,4.028252
0.590000,98.000000,5.758481,5.017194
0.590000,100.000000,6.858732,6.132752
0.590000,102.000000,8.057498,7.369624
0.590000,104.000000,9.350990,8.720063
0.590000,106.000000,10.738724,10.174496
0.590000,108.000000,12.218832,11.722239
0.590000,110.000000,13.784566,13.352079
0.590000,112.000000,15.426718,15.052832
0.590000,114.000000,17.135164,16.813816
0.590000,116.000000,18.899687,18.625088
0.590000,118.000000,20.710661,20.477730
0.590000,120.000000,22.559647,22.363905
0.590000,122.000000,24.439657,24.276884
0.590000,124.000000,26.344995,26.211014
0.590000,126.000000,28.270874,28.161629
0.590000,128.000000,30.213175,30.124924
0.590000,130.000000,32.168350,32.097897
0.590000,132.000000,34.133476,34.078156
0.590000,134.000000,36.106274,36.063839
0.590000,136.000000,38.085045,38.053558
0.590000,138.000000,40.068577,40.046211
0.590000,140.000000,42.055981,42.041008
0.590000,142.000000,44.046589,44.037346
0.590000,144.000000,46.039864,46.034779
0.590000,146.000000,48.035366,48.032997
0.590000,148.000000,50.032673,50.031757
0.590000,150.000000,52.031441,52.030907
0.590000,152.000000,54.031342,54.030334
0.590000,154.000000,56.032108,56.029945
0.590000,156.000000,58.033512,58.029663
0.590000,158.000000,60.035336,60.029488
0.590000,160.000000,62.037422,62.029369
0.590000,162.000000,64.039635,64.029282
0.590000,164.000000,66.041862,66.029243
0.590000,166.000000,68.044006,68.029205
0.590000,168.000000,70.045998,70.029175
0.590000,170.000000,72.047775,72.029152
0.590000,172.000000,74.049278,74.029144
0.590000,174.000000,76.050491,76.029144
0.590000,176.000000,78.051361,78.029129
0.590000,178.000000,80.051857,80.029144
0.590000,180.000000,82.051971,82.029137
0.590000,182.000000,84.051682,84.029137
0.590000,184.000000,86.050972,86.029137
0.590000,186.000000,88.049835,88.029121
0.590000,188.000000,90.048256,90.029129
0.590000,190.000000,92.046227,92.029121
0.590000,192.000000,94.043739,94.029129
0.590000,194.000000,96.040787,96.029137
0.590000,196.000000,98.037376,98.029129
0.590000,198.000000,100.033485,100.029129
0.590000,200.000000,102.029129,102.029129
0.600000,0.000000,0.000000,0.000000
0.600000,2.000000,-0.005282,0.000000
0.600000,4.000000,-0.010106,0.000000
0.600000,6.000000,-0.014416,0.000000
0.600000,8.000000,-0.018213,0.000000
0.600000,10.000000,-0.021501,0.000000
0.600000,12.000000,-0.024280,0.000000
0.600000,14.000000,-0.026551,0.000000
0.600000,16.000000,-0.028316,0.000000
0.600000,18.000000,-0.029573,0.000000
0.600000,20.000000,-0.030323,0.000000
0.600000,22.000000,-0.030566,0.000000
0.600000,24.000000,-0.030303,0.000000
0.600000,26.000000,-0.029533,0.000000
0.600000,28.000000,-0.028255,0.000000
0.600000,30.000000,-0.026471,0.000000
0.600000,32.000000,-0.024179,0.000000
0.600000,34.000000,-0.021380,0.000000
0.600000,36.000000,-0.018072,0.000000
0.600000,38.000000,-0.014256,0.000000
0.600000,40.000000,-0.009930,0.000000
0.600000,42.000000,-0.005094,0.000000
0.600000,44.000000,0.000255,0.000000
0.600000,46.000000,0.006119,0.000000
0.600000,48.000000,0.012503,0.000000
0.600000,50.000000,0.019414,0.000000
0.600000,52.000000,0.026864,-0.000000
0.600000,54.000000,0.034872,0.000002
0.600000,56.000000,0.043470,0.000010
0.600000,58.000000,0.052714,0.000036
0.600000,60.000000,0.062701,0.000117
0.600000,62.000000,0.073601,0.000353
0.600000,64.000000,0.085725,0.000975
0.600000,66.000000,0.099639,0.002461
0.600000,68.000000,0.116380,0.005764
0.600000,70.000000,0.137856,0.012564
0.600000,72.000000,0.167484,0.025648
0.600000,74.000000,0.211082,0.049315
0.600000,76.000000,0.277618,0.089738
0.600000,78.000000,0.378873,0.155228
0.600000,80.000000,0.527459,0.256301
0.600000,82.000000,0.734679,0.405479
0.600000,84.000000,1.010522,0.616776
0.600000,86.000000,1.366018,0.904954
0.600000,88.000000,1.814799,1.284597
0.600000,90.000000,2.368700,1.769040
0.600000,92.000000,3.031735,2.369508
0.600000,94.000000,3.803896,3.094277
0.600000,96.000000,4.686069,3.948225
0.600000,98.000000,5.677892,4.932620
0.600000,100.000000,6.775407,6.045233
0.600000,102.000000,7.972694,7.280750
0.600000,104.000000,9.266045,8.631259
0.600000,106.000000,10.654778,10.087004
0.600000,108.000000,12.136886,11.637016
0.600000,110.000000,13.705377,13.269838
0.600000,112.000000,15.350695,14.973999
0.600000,114.000000,17.062424,16.738573
0.600000,116.000000,18.830147,18.553450
0.600000,118.000000,20.644106,20.409531
0.600000,120.000000,22.495800,22.298897
0.600000,122.000000,24.378225,24.214724
0.600000,124.000000,26.285671,26.151358
0.600000,126.000000,28.213360,28.104107
0.600000,128.000000,30.157175,30.069206
0.600000,130.000000,32.113605,32.043652
0.600000,132.000000,34.079758,34.025116
0.600000,134.000000,36.053398,36.011772
0.600000,136.000000,38.032860,38.002235
0.600000,138.000000,40.016968,39.995472
0.600000,140.000000,42.004852,41.990726
0.600000,142.000000,43.995853,43.987404
0.600000,144.000000,45.989456,45.985092
0.600000,146.000000,47.985210,47.983509
0.600000,148.000000,49.982716,49.982399
0.600000,150.000000,51.981636,51.981663
0.600000,152.000000,53.981644,53.981148
0.600000,154.000000,55.982487,55.980812
0.600000,156.000000,57.983925,57.980576
0.600000,158.000000,59.985775,59.980438
0.600000,160.000000,61.987869,61.980331
0.600000,162.000000,63.990078,63.980259
0.600000,164.000000,65.992294,65.980209
0.600000,166.000000,67.994415,67.980179
0.600000,168.000000,69.996391,69.980179
0.600000,170.000000,71.998146,71.980156
0.600000,172.000000,73.999641,73.980148
0.600000,174.000000,76.000839,75.980133
0.600000,176.000000,78.001701,77.980133
0.600000,178.000000,80.002213,79.980148
0.600000,180.000000,82.002335,81.980133
0.600000,182.000000,84.002060,83.980133
0.600000,184.000000,86.001381,85.980133
0.600000,186.000000,88.000282,87.980141
0.600000,188.000000,89.998749,89.980125
0.600000,190.000000,91.996773,91.980141
0.600000,192.000000,93.994354,93.980148
0.600000,194.000000,95.991493,95.980141
0.600000,196.000000,97.988167,97.980133
0.600000,198.000000,99.984383,99.980133
0.600000,200.000000,101.980133,101.980133
0.610000,0.000000,0.000000,0.000000
0.610000,2.000000,-0.005145,0.000000
0.610000,4.000000,-0.009843,0.000000
0.610000,6.000000,-0.014041,0.000000
0.610000,8.000000,-0.017738,0.000000
0.610000,10.000000,-0.020939,0.000000
0.610000,12.000000,-0.023643,0.000000
0.610000,14.000000,-0.025853,0.000000
0.610000,16.000000,-0.027568,0.000000
0.610000,18.000000,-0.028789,0.000000
0.610000,20.000000,-0.029516,0.000000
0.610000,22.000000,-0.029748,0.000000
0.610000,24.000000,-0.029487,0.000000
0.610000,26.000000,-0.028731,0.000000
0.610000,28.000000,-0.027480,0.000000
0.610000,30.000000,-0.025736,0.000000
0.610000,32.000000,-0.023496,0.000000
0.610000,34.000000,-0.020762,0.000000
0.610000,36.000000,-0.017533,0.000000
0.610000,38.000000,-0.013807,0.000000
0.610000,40.000000,-0.009585,0.000000
0.610000,42.000000,-0.004865,0.000000
0.610000,44.000000,0.000354,0.000000
0.610000,46.000000,0.006076,0.000000
0.610000,48.000000,0.012305,0.000000
0.610000,50.000000,0.019047,0.000000
0.610000,52.000000,0.026314,-0.000001
0.610000,54.000000,0.034123,0.000002
0.610000,56.000000,0.042506,0.000006
0.610000,58.000000,0.051515,0.000028
0.610000,60.000000,0.061242,0.000091
0.610000,62.000000,0.071849,0.000283
0.610000,64.000000,0.083628,0.000799
0.610000,66.000000,0.097113,0.002071
0.610000,68.000000,0.113283,0.004943
0.610000,70.000000,0.133935,0.010967
0.610000,72.000000,0.162305,0.022755
0.610000,74.000000,0.203941,0.044385
0.610000,76.000000,0.267503,0.081818
0.610000,78.000000,0.364584,0.143178
0.610000,80.000000,0.507851,0.238877
0.610000,82.000000,0.708803,0.381428
0.610000,84.000000,0.977580,0.584987
0.610000,86.000000,1.325290,0.864591
0.610000,88.000000,1.765732,1.235206
0.610000,90.000000,2.311234,1.710652
0.610000,92.000000,2.966474,2.302623
0.610000,94.000000,3.731935,3.019852
0.610000,96.000000,4.608781,3.867579
0.610000,98.000000,5.596611,4.847309
0.610000,100.000000,6.691274,5.956929
0.610000,102.000000,7.887053,7.191073
0.610000,104.000000,9.180351,8.541715
0.610000,106.000000,10.570253,9.998857
0.610000,108.000000,12.054547,11.551273
0.610000,110.000000,13.625957,13.187190
0.610000,112.000000,15.274565,14.894898
0.610000,114.000000,16.989670,16.663206
0.610000,116.000000,18.760653,18.481785
0.610000,118.000000,20.577637,20.341393
0.610000,120.000000,22.432068,22.233997
0.610000,122.000000,24.316917,24.152737
0.610000,124.000000,26.226475,26.091888
0.610000,126.000000,28.155970,28.046783
0.610000,128.000000,30.101294,30.013672
0.610000,130.000000,32.058968,31.989594
0.610000,132.000000,34.026138,33.972229
0.610000,134.000000,36.000603,35.959820
0.610000,136.000000,37.980755,37.951027
0.610000,138.000000,39.965427,39.944832
0.610000,140.000000,41.953781,41.940502
0.610000,142.000000,43.945171,43.937515
0.610000,144.000000,45.939087,45.935448
0.610000,146.000000,47.935093,47.934025
0.610000,148.000000,49.932789,49.933060
0.610000,150.000000,51.931850,51.932411
0.610000,152.000000,53.931965,53.931973
0.610000,154.000000,55.932869,55.931686
0.610000,156.000000,57.934353,57.931488
0.610000,158.000000,59.936222,59.931355
0.610000,160.000000,61.938313,61.931278
0.610000,162.000000,63.940514,63.931221
0.610000,164.000000,65.942711,65.931175
0.610000,166.000000,67.944817,67.931152
0.610000,168.000000,69.946777,69.931145
0.610000,170.000000,71.948509,71.931129
0.610000,172.000000,73.949989,73.931122
0.610000,174.000000,75.951172,75.931114
0.610000,176.000000,77.952026,77.931114
0.610000,178.000000,79.952538,79.931122
0.610000,180.000000,81.952667,81.931122
0.610000,182.000000,83.952423,83.931114
0.610000,184.000000,85.951775,85.931122
0.610000,186.000000,87.950706,87.931114
0.610000,188.000000,89.949219,89.931122
0.610000,190.000000,91.947304,91.931129
0.610000,192.000000,93.944954,93.931122
0.610000,194.000000,95.942169,95.931114
0.610000,196.000000,97.938934,97.931114
0.610000,198.000000,99.935249,99.931114
0.610000,200.000000,101.931114,101.931114
0.620000,0.000000,0.000000,0.000000
0.620000,2.000000,-0.005008,0.000000
0.620000,4.000000,-0.009581,0.000000
0.620000,6.000000,-0.013666,0.000000
0.620000,8.000000,-0.017264,0.000000
0.620000,10.000000,-0.020378,0.000000
0.620000,12.000000,-0.023009,0.000000
0.620000,14.000000,-0.025157,0.000000
0.620000,16.000000,-0.026824,0.000000
0.620000,18.000000,-0.028008,0.000000
0.620000,20.000000,-0.028712,0.000000
0.620000,22.000000,-0.028933,0.000000
0.620000,24.000000,-0.028674,0.000000
0.620000,26.000000,-0.027933,0.000000
0.620000,28.000000,-0.026710,0.000000
0.620000,30.000000,-0.025005,0.000000
0.620000,32.000000,-0.022819,0.000000
0.620000,34.000000,-0.020150,0.000000
0.620000,36.000000,-0.016999,0.000000
0.620000,38.000000,-0.013364,0.000000
0.620000,40.000000,-0.009246,0.000000
0.620000,42.000000,-0.004642,0.000000
0.620000,44.000000,0.000448,0.000000
0.620000,46.000000,0.006027,0.000000
0.620000,48.000000,0.012100,0.000000
0.620000,50.000000,0.018673,-0.000001
0.620000,52.000000,0.025756,0.000001
0.620000,54.000000,0.033367,-0.000000
0.620000,56.000000,0.041535,0.000006
0.620000,58.000000,0.050310,0.000020
0.620000,60.000000,0.059779,0.000072
0.620000,62.000000,0.070094,0.000225
0.620000,64.000000,0.081533,0.000653
0.620000,66.000000,0.094597,0.001726
0.620000,68.000000,0.110210,0.004209
0.620000,70.000000,0.130068,0.009517
0.620000,72.000000,0.157231,0.020076
0.620000,74.000000,0.196980,0.039759
0.620000,76.000000,0.257664,0.074295
0.620000,78.000000,0.350661,0.131604
0.620000,80.000000,0.488668,0.221974
0.620000,82.000000,0.683372,0.357903
0.620000,84.000000,0.945072,0.553664
0.620000,86.000000,1.284948,0.824575
0.620000,88.000000,1.716954,1.185995
0.620000,90.000000,2.253893,1.652229
0.620000,92.000000,2.901126,2.235479
0.620000,94.000000,3.659661,2.944959
0.620000,96.000000,4.530967,3.786288
0.620000,98.000000,5.514624,4.761230
0.620000,100.000000,6.606305,5.867782
0.620000,102.000000,7.800550,7.100565
0.620000,104.000000,9.093890,8.451387
0.620000,106.000000,10.485146,9.910028
0.620000,108.000000,11.971815,11.464981
0.620000,110.000000,13.546307,13.104153
0.620000,112.000000,15.198332,14.815548
0.620000,114.000000,16.916903,16.587696
0.620000,116.000000,18.691204,18.410091
0.620000,118.000000,20.511255,20.273325
0.620000,120.000000,22.368441,22.169231
0.620000,122.000000,24.255730,24.090914
0.620000,124.000000,26.167404,26.032597
0.620000,126.000000,28.098700,27.989660
0.620000,128.000000,30.045525,29.958328
0.620000,130.000000,32.004429,31.935692
0.620000,132.000000,33.972607,33.919491
0.620000,134.000000,35.947891,35.907990
0.620000,136.000000,37.928719,37.899902
0.620000,138.000000,39.913952,39.894257
0.620000,140.000000,41.902763,41.890339
0.620000,142.000000,43.894535,43.887650
0.620000,144.000000,45.888756,45.885818
0.620000,146.000000,47.885006,47.884560
0.620000,148.000000,49.882885,49.883717
0.620000,150.000000,51.882084,51.883160
0.620000,152.000000,53.882290,53.882774
0.620000,154.000000,55.883259,55.882538
0.620000,156.000000,57.884777,57.882374
0.620000,158.000000,59.886658,59.882275
0.620000,160.000000,61.888752,61.882195
0.620000,162.000000,63.890938,63.882145
0.620000,164.000000,65.893120,65.882111
0.620000,166.000000,67.895203,67.882095
0.620000,168.000000,69.897133,69.882080
0.620000,170.000000,71.898849,71.882080
0.620000,172.000000,73.900314,73.882080
0.620000,174.000000,75.901489,75.882065
0.620000,176.000000,77.902344,77.882065
0.620000,178.000000,79.902847,79.882072
0.620000,180.000000,81.902985,81.882072
0.620000,182.000000,83.902756,83.882057
0.620000,184.000000,85.902130,85.882065
0.620000,186.000000,87.901100,87.882057
0.620000,188.000000,89.899666,89.882072
0.620000,190.000000,91.897812,91.882072
0.620000,192.000000,93.895531,93.882065
0.620000,194.000000,95.892815,95.882065
0.620000,196.000000,97.889664,97.882065
0.620000,198.000000,99.886086,99.882065
0.620000,200.000000,101.882065,101.882065
0.630000,0.000000,0.000000,0.000000
0.630000,2.000000,-0.004872,0.000000
0.630000,4.000000,-0.009320,0.000000
0.630000,6.000000,-0.013293,0.000000
0.630000,8.000000,-0.016791,0.000000
0.630000,10.000000,-0.019819,0.000000
0.630000,12.000000,-0.022375,0.000000
0.630000,14.000000,-0.024463,0.000000
0.630000,16.000000,-0.026081,0.000000
0.630000,18.000000,-0.027230,0.000000
0.630000,20.000000,-0.027910,0.000000
0.630000,22.000000,-0.028121,0.000000
0.630000,24.000000,-0.027864,0.000000
0.630000,26.000000,-0.027138,0.000000
0.630000,28.000000,-0.025942,0.000000
0.630000,30.000000,-0.024278,0.000000
0.630000,32.000000,-0.022145,0.000000
0.630000,34.000000,-0.019542,0.000000
0.630000,36.000000,-0.016469,0.000000
0.630000,38.000000,-0.012925,0.000000
0.630000,40.000000,-0.008911,0.000000
0.630000,42.000000,-0.004424,0.000000
0.630000,44.000000,0.000536,0.000000
0.630000,46.000000,0.005973,0.000000
0.630000,48.000000,0.011889,0.000000
0.630000,50.000000,0.018293,0.000001
0.630000,52.000000,0.025192,0.000000
0.630000,54.000000,0.032605,0.000000
0.630000,56.000000,0.040558,0.000005
0.630000,58.000000,0.049100,0.000016
0.630000,60.000000,0.058311,0.000055
0.630000,62.000000,0.068338,0.000180
0.630000,64.000000,0.079440,0.000528
0.630000,66.000000,0.092092,0.001428
0.630000,68.000000,0.107164,0.003557
0.630000,70.000000,0.126255,0.008199
0.630000,72.000000,0.152256,0.017608
0.630000,74.000000,0.190192,0.035431
0.630000,76.000000,0.248094,0.067161
0.630000,78.000000,0.337102,0.120513
0.630000,80.000000,0.469912,0.205612
0.630000,82.000000,0.658394,0.334921
0.630000,84.000000,0.913007,0.522839
0.630000,86.000000,1.245007,0.784936
0.630000,88.000000,1.668484,1.136981
0.630000,90.000000,2.196700,1.593786
0.630000,92.000000,2.835714,2.168085
0.630000,94.000000,3.587090,2.869586
0.630000,96.000000,4.452635,3.704329
0.630000,98.000000,5.431919,4.674354
0.630000,100.000000,6.520481,5.777782
0.630000,102.000000,7.713165,7.009202
0.630000,104.000000,9.006657,8.360281
0.630000,106.000000,10.399454,9.820529
0.630000,108.000000,11.888698,11.378147
0.630000,110.000000,13.466435,13.020721
0.630000,112.000000,15.122004,14.735941
0.630000,114.000000,16.844126,16.512085
0.630000,116.000000,18.621807,18.338402
0.630000,118.000000,20.444962,20.205347
0.630000,120.000000,22.304932,22.104626
0.630000,122.000000,24.194670,24.029270
0.630000,124.000000,26.108463,25.973532
0.630000,126.000000,28.041553,27.932735
0.630000,128.000000,29.989872,29.903175
0.630000,130.000000,31.949999,31.881977
0.630000,132.000000,33.919167,33.866905
0.630000,134.000000,35.895267,35.856304
0.630000,136.000000,37.876759,37.848892
0.630000,138.000000,39.862541,39.843765
0.630000,140.000000,41.851810,41.840244
0.630000,142.000000,43.843948,43.837845
0.630000,144.000000,45.838467,45.836216
0.630000,146.000000,47.834949,47.835121
0.630000,148.000000,49.833008,49.834393
0.630000,150.000000,51.832336,51.833904
0.630000,152.000000,53.832630,53.833588
0.630000,154.000000,55.833656,55.833374
0.630000,156.000000,57.835201,57.833237
0.630000,158.000000,59.837093,59.833149
0.630000,160.000000,61.839184,61.833092
0.630000,162.000000,63.841354,63.833065
0.630000,164.000000,65.843513,65.833031
0.630000,166.000000,67.845581,67.833015
0.630000,168.000000,69.847481,69.833008
0.630000,170.000000,71.849182,71.833000
0.630000,172.000000,73.850624,73.833000
0.630000,174.000000,75.851784,75.832985
0.630000,176.000000,77.852631,77.832993
0.630000,178.000000,79.853134,79.833000
0.630000,180.000000,81.853294,81.832985
0.630000,182.000000,83.853073,83.832993
0.630000,184.000000,85.852478,85.832985
0.630000,186.000000,87.851479,87.833000
0.630000,188.000000,89.850090,89.833000
0.630000,190.000000,91.848282,91.832993
0.630000,192.000000,93.846077,93.832993
0.630000,194.000000,95.843437,95.832993
0.630000,196.000000,97.840385,97.832993
0.630000,198.000000,99.836899,99.832993
0.630000,200.000000,101.832993,101.832993
0.640000,0.000000,0.000000,0.000000
0.640000,2.000000,-0.004735,0.000000
0.640000,4.000000,-0.009059,0.000000
0.640000,6.000000,-0.012920,0.000000
0.640000,8.000000,-0.016319,0.000000
0.640000,10.000000,-0.019260,0.000000
0.640000,12.000000,-0.021743,0.000000
0.640000,14.000000,-0.023770,0.000000
0.640000,16.000000,-0.025340,0.000000
0.640000,18.000000,-0.026453,0.000000
0.640000,20.000000,-0.027110,0.000000
0.640000,22.000000,-0.027312,0.000000
0.640000,24.000000,-0.027057,0.000000
0.640000,26.000000,-0.026346,0.000000
0.640000,28.000000,-0.025178,0.000000
0.640000,30.000000,-0.023555,0.000000
0.640000,32.000000,-0.021474,0.000000
0.640000,34.000000,-0.018937,0.000000
0.640000,36.000000,-0.015943,0.000000
0.640000,38.000000,-0.012491,0.000000
0.640000,40.000000,-0.008581,0.000000
0.640000,42.000000,-0.004211,0.000000
0.640000,44.000000,0.000619,0.000000
0.640000,46.000000,0.005913,0.000000
0.640000,48.000000,0.011674,0.000000
0.640000,50.000000,0.017907,0.000000
0.640000,52.000000,0.024623,0.000002
0.640000,54.000000,0.031838,-0.000001
0.640000,56.000000,0.039577,0.000001
0.640000,58.000000,0.047885,0.000012
0.640000,60.000000,0.056841,0.000041
0.640000,62.000000,0.066580,0.000137
0.640000,64.000000,0.077350,0.000423
0.640000,66.000000,0.089598,0.001172
0.640000,68.000000,0.104142,0.002981
0.640000,70.000000,0.122491,0.007014
0.640000,72.000000,0.147376,0.015347
0.640000,74.000000,0.183570,0.031402
0.640000,76.000000,0.238785,0.060430
0.640000,78.000000,0.323902,0.109909
0.640000,80.000000,0.451584,0.189798
0.640000,82.000000,0.633872,0.312508
0.640000,84.000000,0.881393,0.492527
0.640000,86.000000,1.205476,0.745696
0.640000,88.000000,1.620335,1.088189
0.640000,90.000000,2.139674,1.535337
0.640000,92.000000,2.770258,2.100436
0.640000,94.000000,3.514241,2.793729
0.640000,96.000000,4.373791,3.621688
0.640000,98.000000,5.348490,4.586650
0.640000,100.000000,6.433783,5.686895
0.640000,102.000000,7.624878,6.916944
0.640000,104.000000,8.918638,8.268338
0.640000,106.000000,10.313181,9.730316
0.640000,108.000000,11.805200,11.290754
0.640000,110.000000,13.386349,12.936887
0.640000,112.000000,15.045581,14.656090
0.640000,114.000000,16.771345,16.436373
0.640000,116.000000,18.552467,18.266737
0.640000,118.000000,20.378763,20.137470
0.640000,120.000000,22.241539,22.040180
0.640000,122.000000,24.133736,23.967848
0.640000,124.000000,26.049654,25.914677
0.640000,126.000000,27.984535,27.876030
0.640000,128.000000,29.934340,29.848228
0.640000,130.000000,31.895674,31.828444
0.640000,132.000000,33.865829,33.814491
0.640000,134.000000,35.842728,35.804745
0.640000,136.000000,37.824879,37.797993
0.640000,138.000000,39.811195,39.793369
0.640000,140.000000,41.800911,41.790207
0.640000,142.000000,43.793411,43.788074
0.640000,144.000000,45.788219,45.786644
0.640000,146.000000,47.784927,47.785702
0.640000,148.000000,49.783157,49.785069
0.640000,150.000000,51.782604,51.784653
0.640000,152.000000,53.782986,53.784386
0.640000,154.000000,55.784061,55.784206
0.640000,156.000000,57.785637,57.784100
0.640000,158.000000,59.787533,59.784023
0.640000,160.000000,61.789612,61.783981
0.640000,162.000000,63.791771,63.783951
0.640000,164.000000,65.793907,65.783928
0.640000,166.000000,67.795944,67.783920
0.640000,168.000000,69.797821,69.783920
0.640000,170.000000,71.799492,71.783905
0.640000,172.000000,73.800919,73.783897
0.640000,174.000000,75.802071,75.783897
0.640000,176.000000,77.802902,77.783897
0.640000,178.000000,79.803406,79.783897
0.640000,180.000000,81.803566,81.783905
0.640000,182.000000,83.803368,83.783890
0.640000,184.000000,85.802788,85.783905
0.640000,186.000000,87.801842,87.783905
0.640000,188.000000,89.800491,89.783897
0.640000,190.000000,91.798744,91.783897
0.640000,192.000000,93.796600,93.783897
0.640000,194.000000,95.794044,95.783897
0.640000,196.000000,97.791084,97.783897
0.640000,198.000000,99.787697,99.783897
0.640000,200.000000,101.783897,101.783897
0.650000,0.000000,0.000000,0.000000
0.650000,2.000000,-0.004599,0.000000
0.650000,4.000000,-0.008798,0.000000
0.650000,6.000000,-0.012548,0.000000
0.650000,8.000000,-0.015849,0.000000
0.650000,10.000000,-0.018703,0.000000
0.650000,12.000000,-0.021113,0.000000
0.650000,14.000000,-0.023079,0.000000
0.650000,16.000000,-0.024601,0.000000
0.650000,18.000000,-0.025679,0.000000
0.650000,20.000000,-0.026314,0.000000
0.650000,22.000000,-0.026505,0.000000
0.650000,24.000000,-0.026253,0.000000
0.650000,26.000000,-0.025558,0.000000
0.650000,28.000000,-0.024418,0.000000
0.650000,30.000000,-0.022835,0.000000
0.650000,32.000000,-0.020809,0.000000
0.650000,34.000000,-0.018338,0.000000
0.650000,36.000000,-0.015423,0.000000
0.650000,38.000000,-0.012062,0.000000
0.650000,40.000000,-0.008257,0.000000
0.650000,42.000000,-0.004004,0.000000
0.650000,44.000000,0.000696,0.000000
0.650000,46.000000,0.005846,0.000000
0.650000,48.000000,0.011451,0.000000
0.650000,50.000000,0.017515,0.000000
0.650000,52.000000,0.024047,0.000000
0.650000,54.000000,0.031063,0.000001
0.650000,56.000000,0.038588,0.000002
0.650000,58.000000,0.046663,0.000008
0.650000,60.000000,0.055364,0.000029
0.650000,62.000000,0.064819,0.000104
0.650000,64.000000,0.075260,0.000332
0.650000,66.000000,0.087110,0.000946
0.650000,68.000000,0.101141,0.002476
0.650000,70.000000,0.118772,0.005953
0.650000,72.000000,0.142583,0.013281
0.650000,74.000000,0.177104,0.027667
0.650000,76.000000,0.229725,0.054094
0.650000,78.000000,0.311051,0.099800
0.650000,80.000000,0.433680,0.174552
0.650000,82.000000,0.609808,0.290683
0.650000,84.000000,0.850234,0.462761
0.650000,86.000000,1.166362,0.706883
0.650000,88.000000,1.572517,1.039634
0.650000,90.000000,2.082829,1.476889
0.650000,92.000000,2.704774,2.032531
0.650000,94.000000,3.441125,2.717363
0.650000,96.000000,4.294438,3.538329
0.650000,98.000000,5.264323,4.498092
0.650000,100.000000,6.346188,5.595054
0.650000,102.000000,7.535667,6.823763
0.650000,104.000000,8.829824,8.175547
0.650000,106.000000,10.226319,9.639372
0.650000,108.000000,11.721319,11.202779
0.650000,110.000000,13.306043,12.852650
0.650000,112.000000,14.969065,14.576010
0.650000,114.000000,16.698557,16.360573
0.650000,116.000000,18.483179,18.195095
0.650000,118.000000,20.312654,20.069714
0.650000,120.000000,22.178259,21.975920
0.650000,122.000000,24.072929,23.906624
0.650000,124.000000,25.990969,25.856049
0.650000,126.000000,27.927637,27.819544
0.650000,128.000000,29.878914,29.793488
0.650000,130.000000,31.841452,31.775089
0.650000,132.000000,33.812580,33.762222
0.650000,134.000000,35.790272,35.753304
0.650000,136.000000,37.773067,37.747196
0.650000,138.000000,39.759914,39.743038
0.650000,140.000000,41.750065,41.740227
0.650000,142.000000,43.742920,43.738354
0.650000,144.000000,45.738007,45.737106
0.650000,146.000000,47.734936,47.736279
0.650000,148.000000,49.733326,49.735752
0.650000,150.000000,51.732891,51.735401
0.650000,152.000000,53.733349,53.735161
0.650000,154.000000,55.734470,55.735023
0.650000,156.000000,57.736065,57.734928
0.650000,158.000000,59.737965,59.734867
0.650000,160.000000,61.740036,61.734829
0.650000,162.000000,63.742172,63.734810
0.650000,164.000000,65.744286,65.734795
0.650000,166.000000,67.746284,67.734779
0.650000,168.000000,69.748146,69.734772
0.650000,170.000000,71.749794,71.734787
0.650000,172.000000,73.751198,73.734772
0.650000,174.000000,75.752327,75.734779
0.650000,176.000000,77.753143,77.734779
0.650000,178.000000,79.753654,79.734779
0.650000,180.000000,81.753822,81.734772
0.650000,182.000000,83.753639,83.734779
0.650000,184.000000,85.753090,85.734787
0.650000,186.000000,87.752167,87.734779
0.650000,188.000000,89.750862,89.734772
0.650000,190.000000,91.749176,91.734772
0.650000,192.000000,93.747101,93.734772
0.650000,194.000000,95.744621,95.734772
0.650000,196.000000,97.741737,97.734772
0.650000,198.000000,99.738457,99.734772
0.650000,200.000000,101.734772,101.734772
0.660000,0.000000,0.000000,0.000000
0.660000,2.000000,-0.004463,0.000000
0.660000,4.000000,-0.008538,0.000000
0.660000,6.000000,-0.012176,0.000000
0.660000,8.000000,-0.015378,0.000000
0.660000,10.000000,-0.018147,0.000000
0.660000,12.000000,-0.020484,0.000000
0.660000,14.000000,-0.022389,0.000000
0.660000,16.000000,-0.023864,0.000000
0.660000,18.000000,-0.024907,0.000000
0.660000,20.000000,-0.025519,0.000000
0.660000,22.000000,-0.025701,0.000000
0.660000,24.000000,-0.025452,0.000000
0.660000,26.000000,-0.024772,0.000000
0.660000,28.000000,-0.023661,0.000000
0.660000,30.000000,-0.022119,0.000000
0.660000,32.000000,-0.020146,0.000000
0.660000,34.000000,-0.017741,0.000000
0.660000,36.000000,-0.014905,0.000000
0.660000,38.000000,-0.011637,0.000000
0.660000,40.000000,-0.007936,0.000000
0.660000,42.000000,-0.003801,0.000000
0.660000,44.000000,0.000769,0.000000
0.660000,46.000000,0.005776,0.000000
0.660000,48.000000,0.011224,0.000000
0.660000,50.000000,0.017118,0.000000
0.660000,52.000000,0.023467,-0.000001
0.660000,54.000000,0.030285,0.000001
0.660000,56.000000,0.037595,0.000002
0.660000,58.000000,0.045439,0.000004
0.660000,60.000000,0.053885,0.000021
0.660000,62.000000,0.063057,0.000078
0.660000,64.000000,0.073174,0.000257
0.660000,66.000000,0.084633,0.000760
0.660000,68.000000,0.098163,0.002034
0.660000,70.000000,0.115099,0.005010
0.660000,72.000000,0.137877,0.011410
0.660000,74.000000,0.170790,0.024220
0.660000,76.000000,0.220912,0.048155
0.660000,78.000000,0.298549,0.090193
0.660000,80.000000,0.416203,0.159887
0.660000,82.000000,0.586210,0.269473
0.660000,84.000000,0.819543,0.433571
0.660000,86.000000,1.127683,0.668529
0.660000,88.000000,1.525052,0.991356
0.660000,90.000000,2.026188,1.418470
0.660000,92.000000,2.639287,1.964379
0.660000,94.000000,3.367766,2.640487
0.660000,96.000000,4.214589,3.454236
0.660000,98.000000,5.179419,4.408638
0.660000,100.000000,6.257686,5.502262
0.660000,102.000000,7.445525,6.729618
0.660000,104.000000,8.740211,8.081866
0.660000,106.000000,10.138876,9.547679
0.660000,108.000000,11.637063,11.114223
0.660000,110.000000,13.225530,12.768013
0.660000,112.000000,14.892465,14.495701
0.660000,114.000000,16.625771,16.284683
0.660000,116.000000,18.413948,18.123512
0.660000,118.000000,20.246647,20.002102
0.660000,120.000000,22.115103,21.911858
0.660000,122.000000,24.012257,23.845644
0.660000,124.000000,25.932421,25.797668
0.660000,126.000000,27.870869,27.763308
0.660000,128.000000,29.823612,29.738976
0.660000,130.000000,31.787338,31.721935
0.660000,132.000000,33.759426,33.710117
0.660000,134.000000,35.737900,35.702007
0.660000,136.000000,37.721336,37.696503
0.660000,138.000000,39.708710,39.692791
0.660000,140.000000,41.699284,41.690308
0.660000,142.000000,43.692478,43.688667
0.660000,144.000000,45.687843,45.687592
0.660000,146.000000,47.684978,47.686886
0.660000,148.000000,49.683529,49.686420
0.660000,150.000000,51.683201,51.686127
0.660000,152.000000,53.683731,53.685947
0.660000,154.000000,55.684895,55.685825
0.660000,156.000000,57.686504,57.685753
0.660000,158.000000,59.688404,59.685711
0.660000,160.000000,61.690456,61.685684
0.660000,162.000000,63.692570,63.685658
0.660000,164.000000,65.694656,65.685646
0.660000,166.000000,67.696632,67.685646
0.660000,168.000000,69.698463,69.685631
0.660000,170.000000,71.700081,71.685646
0.660000,172.000000,73.701462,73.685638
0.660000,174.000000,75.702568,75.685631
0.660000,176.000000,77.703384,77.685623
0.660000,178.000000,79.703896,79.685631
0.660000,180.000000,81.704063,81.685623
0.660000,182.000000,83.703888,83.685638
0.660000,184.000000,85.703369,85.685638
0.660000,186.000000,87.702484,87.685631
0.660000,188.000000,89.701233,89.685631
0.660000,190.000000,91.699593,91.685631
0.660000,192.000000,93.697578,93.685631
0.660000,194.000000,95.695183,95.685631
0.660000,196.000000,97.692390,97.685631
0.660000,198.000000,99.689209,99.685631
0.660000,200.000000,101.685631,101.685631
0.670000,0.000000,0.000000,0.000000
0.670000,2.000000,-0.004328,0.000000
0.670000,4.000000,-0.008279,0.000000
0.670000,6.000000,-0.011805,0.000000
0.670000,8.000000,-0.014909,0.000000
0.670000,10.000000,-0.017593,0.000000
0.670000,12.000000,-0.019856,0.000000
0.670000,14.000000,-0.021701,0.000000
0.670000,16.000000,-0.023128,0.000000
0.670000,18.000000,-0.024136,0.000000
0.670000,20.000000,-0.024727,0.000000
0.670000,22.000000,-0.024899,0.000000
0.670000,24.000000,-0.024653,0.000000
0.670000,26.000000,-0.023989,0.000000
0.670000,28.000000,-0.022906,0.000000
0.670000,30.000000,-0.021406,0.000000
0.670000,32.000000,-0.019486,0.000000
0.670000,34.000000,-0.017148,0.000000
0.670000,36.000000,-0.014392,0.000000
0.670000,38.000000,-0.011215,0.000000
0.670000,40.000000,-0.007619,0.000000
0.670000,42.000000,-0.003602,0.000000
0.670000,44.000000,0.000837,0.000000
0.670000,46.000000,0.005701,0.000000
0.670000,48.000000,0.010993,0.000000
0.670000,50.000000,0.016717,0.000000
0.670000,52.000000,0.022882,0.000002
0.670000,54.000000,0.029501,0.000001
0.670000,56.000000,0.036597,-0.000000
0.670000,58.000000,0.044209,0.000004
0.670000,60.000000,0.052403,0.000017
0.670000,62.000000,0.061294,0.000060
0.670000,64.000000,0.071089,0.000199
0.670000,66.000000,0.082164,0.000601
0.670000,68.000000,0.095204,0.001653
0.670000,70.000000,0.111467,0.004174
0.670000,72.000000,0.133250,0.009723
0.670000,74.000000,0.164620,0.021051
0.670000,76.000000,0.212333,0.042613
0.670000,78.000000,0.286384,0.081093
0.670000,80.000000,0.399150,0.145824
0.670000,82.000000,0.563079,0.248901
0.670000,84.000000,0.789323,0.404991
0.670000,86.000000,1.089445,0.630667
0.670000,88.000000,1.477950,0.943368
0.670000,90.000000,1.969765,1.360088
0.670000,92.000000,2.573811,1.895981
0.670000,94.000000,3.294174,2.563082
0.670000,96.000000,4.134247,3.369377
0.670000,98.000000,5.093768,4.318251
0.670000,100.000000,6.168259,5.408454
0.670000,102.000000,7.354437,6.634468
0.670000,104.000000,8.649792,7.987265
0.670000,106.000000,10.050848,9.455215
0.670000,108.000000,11.552430,11.025074
0.670000,110.000000,13.144806,12.682970
0.670000,112.000000,14.815775,14.415170
0.670000,114.000000,16.552984,16.208744
0.670000,116.000000,18.344780,18.051994
0.670000,118.000000,20.180735,19.934658
0.670000,120.000000,22.052067,21.848043
0.670000,122.000000,23.951715,23.784935
0.670000,124.000000,25.874004,25.739553
0.670000,126.000000,27.814226,27.707321
0.670000,128.000000,29.768425,29.684685
0.670000,130.000000,31.733332,31.668970
0.670000,132.000000,33.706371,33.658180
0.670000,134.000000,35.685616,35.650845
0.670000,136.000000,37.669678,37.645916
0.670000,138.000000,39.657562,39.642616
0.670000,140.000000,41.648556,41.640442
0.670000,142.000000,43.642094,43.639030
0.670000,144.000000,45.637718,45.638088
0.670000,146.000000,47.635056,47.637493
0.670000,148.000000,49.633755,49.637115
0.670000,150.000000,51.633530,51.636864
0.670000,152.000000,53.634125,53.636707
0.670000,154.000000,55.635323,55.636627
0.670000,156.000000,57.636948,57.636559
0.670000,158.000000,59.638840,59.636524
0.670000,160.000000,61.640881,61.636513
0.670000,162.000000,63.642967,63.636490
0.670000,164.000000,65.645020,65.636482
0.670000,166.000000,67.646965,67.636475
0.670000,168.000000,69.648766,69.636475
0.670000,170.000000,71.650352,71.636475
0.670000,172.000000,73.651711,73.636475
0.670000,174.000000,75.652809,75.636475
0.670000,176.000000,77.653610,77.636467
0.670000,178.000000,79.654114,79.636459
0.670000,180.000000,81.654289,81.636475
0.670000,182.000000,83.654129,83.636475
0.670000,184.000000,85.653633,85.636467
0.670000,186.000000,87.652779,87.636467
0.670000,188.000000,89.651566,89.636467
0.670000,190.000000,91.649986,91.636467
0.670000,192.000000,93.648041,93.636467
0.670000,194.000000,95.645714,95.636467
0.670000,196.000000,97.643013,97.636467
0.670000,198.000000,99.639931,99.636467
0.670000,200.000000,101.636467,101.636467
0.680000,0.000000,0.000000,0.000000
0.680000,2.000000,-0.004193,0.000000
0.680000,4.000000,-0.008020,0.000000
0.680000,6.000000,-0.011436,0.000000
0.680000,8.000000,-0.014442,0.000000
0.680000,10.000000,-0.017040,0.000000
0.680000,12.000000,-0.019231,0.000000
0.680000,14.000000,-0.021016,0.000000
0.680000,16.000000,-0.022396,0.000000
0.680000,18.000000,-0.023369,0.000000
0.680000,20.000000,-0.023938,0.000000
0.680000,22.000000,-0.024101,0.000000
0.680000,24.000000,-0.023858,0.000000
0.680000,26.000000,-0.023211,0.000000
0.680000,28.000000,-0.022157,0.000000
0.680000,30.000000,-0.020698,0.000000
0.680000,32.000000,-0.018833,0.000000
0.680000,34.000000,-0.016562,0.000000
0.680000,36.000000,-0.013885,0.000000
0.680000,38.000000,-0.010801,0.000000
0.680000,40.000000,-0.007310,0.000000
0.680000,42.000000,-0.003411,0.000000
0.680000,44.000000,0.000897,0.000000
0.680000,46.000000,0.005617,0.000000
0.680000,48.000000,0.010752,0.000000
0.680000,50.000000,0.016306,0.000000
0.680000,52.000000,0.022286,0.000000
0.680000,54.000000,0.028707,0.000002
0.680000,56.000000,0.035590,-0.000000
0.680000,58.000000,0.042970,0.000001
0.680000,60.000000,0.050911,0.000010
0.680000,62.000000,0.059523,0.000043
0.680000,64.000000,0.069000,0.000149
0.680000,66.000000,0.079696,0.000472
0.680000,68.000000,0.092257,0.001330
0.680000,70.000000,0.107868,0.003445
0.680000,72.000000,0.128693,0.008214
0.680000,74.000000,0.158579,0.018160
0.680000,76.000000,0.203973,0.037463
0.680000,78.000000,0.274545,0.072509
0.680000,80.000000,0.382510,0.132367
0.680000,82.000000,0.540410,0.228986
0.680000,84.000000,0.759575,0.377044
0.680000,86.000000,1.051650,0.593333
0.680000,88.000000,1.431215,0.895708
0.680000,90.000000,1.913571,1.301764
0.680000,92.000000,2.508358,1.827335
0.680000,94.000000,3.220360,2.485132
0.680000,96.000000,4.053412,3.283718
0.680000,98.000000,5.007359,4.226883
0.680000,100.000000,6.077889,5.313572
0.680000,102.000000,7.262384,6.538253
0.680000,104.000000,8.558555,7.891701
0.680000,106.000000,9.962223,9.361931
0.680000,108.000000,11.467414,10.935302
0.680000,110.000000,13.063862,12.597507
0.680000,112.000000,14.738989,14.334423
0.680000,114.000000,16.480188,16.132753
0.680000,116.000000,18.275661,17.980553
0.680000,118.000000,20.114912,19.867390
0.680000,120.000000,21.989140,21.784439
0.680000,122.000000,23.891294,23.724482
0.680000,124.000000,25.815710,25.681707
0.680000,126.000000,27.757702,27.651583
0.680000,128.000000,29.713346,29.630623
0.680000,130.000000,31.679420,31.616199
0.680000,132.000000,33.653404,33.606400
0.680000,134.000000,35.633408,35.599792
0.680000,136.000000,37.618088,37.595398
0.680000,138.000000,39.606476,39.592506
0.680000,140.000000,41.597878,41.590618
0.680000,142.000000,43.591740,43.589390
0.680000,144.000000,45.587620,45.588600
0.680000,146.000000,47.585152,47.588097
0.680000,148.000000,49.583992,49.587780
0.680000,150.000000,51.583866,51.587582
0.680000,152.000000,53.584518,53.587471
0.680000,154.000000,55.585751,55.587383
0.680000,156.000000,57.587383,57.587341
0.680000,158.000000,59.589268,59.587315
0.680000,160.000000,61.591286,61.587296
0.680000,162.000000,63.593346,63.587280
0.680000,164.000000,65.595367,65.587273
0.680000,166.000000,67.597275,67.587273
0.680000,168.000000,69.599037,69.587273
0.680000,170.000000,71.600601,71.587273
0.680000,172.000000,73.601936,73.587265
0.680000,174.000000,75.603004,75.587273
0.680000,176.000000,77.603798,77.587257
0.680000,178.000000,79.604301,79.587273
0.680000,180.000000,81.604477,81.587273
0.680000,182.000000,83.604340,83.587265
0.680000,184.000000,85.603859,85.587265
0.680000,186.000000,87.603043,87.587265
0.680000,188.000000,89.601875,89.587265
0.680000,190.000000,91.600357,91.587265
0.680000,192.000000,93.598465,93.587265
0.680000,194.000000,95.596222,95.587265
0.680000,196.000000,97.593605,97.587265
0.680000,198.000000,99.590622,99.587265
0.680000,200.000000,101.587265,101.587265
0.690000,0.000000,0.000000,0.000000
0.690000,2.000000,-0.004058,0.000000
0.690000,4.000000,-0.007761,0.000000
0.690000,6.000000,-0.011066,0.000000
0.690000,8.000000,-0.013975,0.000000
0.690000,10.000000,-0.016488,0.000000
0.690000,12.000000,-0.018607,0.000000
0.690000,14.000000,-0.020332,0.000000
0.690000,16.000000,-0.021664,0.000000
0.690000,18.000000,-0.022604,0.000000
0.690000,20.000000,-0.023151,0.000000
0.690000,22.000000,-0.023305,0.000000
0.690000,24.000000,-0.023066,0.000000
0.690000,26.000000,-0.022435,0.000000
0.690000,28.000000,-0.021410,0.000000
0.690000,30.000000,-0.019993,0.000000
0.690000,32.000000,-0.018182,0.000000
0.690000,34.000000,-0.015979,0.000000
0.690000,36.000000,-0.013381,0.000000
0.690000,38.000000,-0.010390,0.000000
0.690000,40.000000,-0.007004,0.000000
0.690000,42.000000,-0.003223,0.000000
0.690000,44.000000,0.000954,0.000000
0.690000,46.000000,0.005530,0.000000
0.690000,48.000000,0.010508,0.000000
0.690000,50.000000,0.015891,0.000000
0.690000,52.000000,0.021688,0.000000
0.690000,54.000000,0.027910,0.000000
0.690000,56.000000,0.034579,0.000000
0.690000,58.000000,0.041729,-0.000000
0.690000,60.000000,0.049418,0.000008
0.690000,62.000000,0.057751,0.000030
0.690000,64.000000,0.066913,0.000110
0.690000,66.000000,0.077237,0.000363
0.690000,68.000000,0.089330,0.001058
0.690000,70.000000,0.104308,0.002812
0.690000,72.000000,0.124210,0.006871
0.690000,74.000000,0.152671,0.015537
0.690000,76.000000,0.195833,0.032700
0.690000,78.000000,0.263030,0.064441
0.690000,80.000000,0.366289,0.119539
0.690000,82.000000,0.518215,0.209764
0.690000,84.000000,0.730314,0.349772
0.690000,86.000000,1.014318,0.556562
0.690000,88.000000,1.384872,0.848414
0.690000,90.000000,1.857630,1.243527
0.690000,92.000000,2.442956,1.758455
0.690000,94.000000,3.146348,2.406630
0.690000,96.000000,3.972104,3.197238
0.690000,98.000000,4.920199,4.134502
0.690000,100.000000,5.986581,5.217590
0.690000,102.000000,7.169374,6.440948
0.690000,104.000000,8.466506,7.795142
0.690000,106.000000,9.873012,9.267838
0.690000,108.000000,11.382022,10.844929
0.690000,110.000000,12.982712,12.511656
0.690000,112.000000,14.662119,14.253477
0.690000,114.000000,16.407394,16.056749
0.690000,116.000000,18.206604,17.909246
0.690000,118.000000,20.049191,19.800333
0.690000,120.000000,21.926340,21.721113
0.690000,122.000000,23.831011,23.664322
0.690000,124.000000,25.757551,25.624153
0.690000,126.000000,27.701305,27.596117
0.690000,128.000000,29.658384,29.576797
0.690000,130.000000,31.625616,31.563629
0.690000,132.000000,33.600529,33.554787
0.690000,134.000000,35.581284,35.548889
0.690000,136.000000,37.566570,37.545006
0.690000,138.000000,39.555458,39.542465
0.690000,140.000000,41.547260,41.540844
0.690000,142.000000,43.541439,43.539803
0.690000,144.000000,45.537571,45.539139
0.690000,146.000000,47.535290,47.538727
0.690000,148.000000,49.534264,49.538460
0.690000,150.000000,51.534222,51.538296
0.690000,152.000000,53.534931,53.538197
0.690000,154.000000,55.536186,55.538147
0.690000,156.000000,57.537823,57.538105
0.690000,158.000000,59.539696,59.538067
0.690000,160.000000,61.541687,61.538071
0.690000,162.000000,63.543716,63.538059
0.690000,164.000000,65.545700,65.538048
0.690000,166.000000,67.547585,67.538048
0.690000,168.000000,69.549309,69.538055
0.690000,170.000000,71.550842,71.538048
0.690000,172.000000,73.552147,73.538048
0.690000,174.000000,75.553207,75.538048
0.690000,176.000000,77.553986,77.538055
0.690000,178.000000,79.554474,79.538055
0.690000,180.000000,81.554657,81.538048
0.690000,182.000000,83.554527,83.538048
0.690000,184.000000,85.554077,85.538048
0.690000,186.000000,87.553291,87.538048
0.690000,188.000000,89.552170,89.538048
0.690000,190.000000,91.550697,91.538048
0.690000,192.000000,93.548882,93.538048
0.690000,194.000000,95.546707,95.538048
0.690000,196.000000,97.544182,97.538048
0.690000,198.000000,99.541290,99.538048
0.690000,200.000000,101.538048,101.538048
0.700000,0.000000,0.000000,0.000000
0.700000,2.000000,-0.003923,0.000000
0.700000,4.000000,-0.007503,0.000000
0.700000,6.000000,-0.010698,0.000000
0.700000,8.000000,-0.013509,0.000000
0.700000,10.000000,-0.015937,0.000000
0.700000,12.000000,-0.017983,0.000000
0.700000,14.000000,-0.019650,0.000000
0.700000,16.000000,-0.020935,0.000000
0.700000,18.000000,-0.021841,0.000000
0.700000,20.000000,-0.022366,0.000000
0.700000,22.000000,-0.022511,0.000000
0.700000,24.000000,-0.022276,0.000000
0.700000,26.000000,-0.021662,0.000000
0.700000,28.000000,-0.020666,0.000000
0.700000,30.000000,-0.019291,0.000000
0.700000,32.000000,-0.017535,0.000000
0.700000,34.000000,-0.015399,0.000000
0.700000,36.000000,-0.012882,0.000000
0.700000,38.000000,-0.009983,0.000000
0.700000,40.000000,-0.006703,0.000000
0.700000,42.000000,-0.003041,0.000000
0.700000,44.000000,0.001006,0.000000
0.700000,46.000000,0.005438,0.000000
0.700000,48.000000,0.010258,0.000000
0.700000,50.000000,0.015471,0.000000
0.700000,52.000000,0.021083,0.000000
0.700000,54.000000,0.027108,0.000002
0.700000,56.000000,0.033563,0.000001
0.700000,58.000000,0.040481,0.000000
0.700000,60.000000,0.047920,0.000003
0.700000,62.000000,0.055977,0.000022
0.700000,64.000000,0.064826,0.000082
0.700000,66.000000,0.074782,0.000275
0.700000,68.000000,0.086417,0.000826
0.700000,70.000000,0.100781,0.002267
0.700000,72.000000,0.119792,0.005688
0.700000,74.000000,0.146885,0.013171
0.700000,76.000000,0.187900,0.028322
0.700000,78.000000,0.251830,0.056893
0.700000,80.000000,0.350480,0.107354
0.700000,82.000000,0.496493,0.191254
0.700000,84.000000,0.701542,0.323212
0.700000,86.000000,0.977453,0.520397
0.700000,88.000000,1.338929,0.801516
0.700000,90.000000,1.801955,1.185397
0.700000,92.000000,2.377617,1.689345
0.700000,94.000000,3.072147,2.327559
0.700000,96.000000,3.890323,3.109892
0.700000,98.000000,4.832283,4.041053
0.700000,100.000000,5.894323,5.120440
0.700000,102.000000,7.075398,6.342498
0.700000,104.000000,8.373640,7.697547
0.700000,106.000000,9.783210,9.172872
0.700000,108.000000,11.296250,10.753914
0.700000,110.000000,12.901346,12.425407
0.700000,112.000000,14.585158,14.172351
0.700000,114.000000,16.334599,15.980742
0.700000,116.000000,18.137608,17.838064
0.700000,118.000000,19.983570,19.733526
0.700000,120.000000,21.863661,21.658091
0.700000,122.000000,23.770857,23.604471
0.700000,124.000000,25.699524,25.566893
0.700000,126.000000,27.645033,27.540928
0.700000,128.000000,29.603539,29.523209
0.700000,130.000000,31.571918,31.511269
0.700000,132.000000,33.547749,33.503326
0.700000,134.000000,35.529243,35.498108
0.700000,136.000000,37.515133,37.494698
0.700000,138.000000,39.504505,39.492516
0.700000,140.000000,41.496693,41.491119
0.700000,142.000000,43.491184,43.490234
0.700000,144.000000,45.487556,45.489685
0.700000,146.000000,47.485451,47.489334
0.700000,148.000000,49.484554,49.489132
0.700000,150.000000,51.484600,51.489002
0.700000,152.000000,53.485355,53.488922
0.700000,154.000000,55.486629,55.488869
0.700000,156.000000,57.488266,57.488853
0.700000,158.000000,59.490124,59.488823
0.700000,160.000000,61.492092,61.488819
0.700000,162.000000,63.494083,63.488819
0.700000,164.000000,65.496033,65.488815
0.700000,166.000000,67.497871,67.488808
0.700000,168.000000,69.499565,69.488808
0.700000,170.000000,71.501068,71.488808
0.700000,172.000000,73.502342,73.488808
0.700000,174.000000,75.503380,75.488800
0.700000,176.000000,77.504143,77.488823
0.700000,178.000000,79.504631,79.488815
0.700000,180.000000,81.504822,81.488808
0.700000,182.000000,83.504707,83.488808
0.700000,184.000000,85.504280,85.488808
0.700000,186.000000,87.503525,87.488808
0.700000,188.000000,89.502441,89.488808
0.700000,190.000000,91.501022,91.488808
0.700000,192.000000,93.499268,93.488808
0.700000,194.000000,95.497177,95.488808
0.700000,196.000000,97.494728,97.488808
0.700000,198.000000,99.491951,99.488808
0.700000,200.000000,101.488808,101.488808
0.710000,0.000000,0.000000,0.000000
0.710000,2.000000,-0.003788,0.000000
0.710000,4.000000,-0.007246,0.000000
0.710000,6.000000,-0.010330,0.000000
0.710000,8.000000,-0.013044,0.000000
0.710000,10.000000,-0.015387,0.000000
0.710000,12.000000,-0.017362,0.000000
0.710000,14.000000,-0.018969,0.000000
0.710000,16.000000,-0.020208,0.000000
0.710000,18.000000,-0.021080,0.000000
0.710000,20.000000,-0.021584,0.000000
0.710000,22.000000,-0.021721,0.000000
0.710000,24.000000,-0.021491,0.000000
0.710000,26.000000,-0.020893,0.000000
0.710000,28.000000,-0.019927,0.000000
0.710000,30.000000,-0.018594,0.000000
0.710000,32.000000,-0.016893,0.000000
0.710000,34.000000,-0.014825,0.000000
0.710000,36.000000,-0.012388,0.000000
0.710000,38.000000,-0.009582,0.000000
0.710000,40.000000,-0.006408,0.000000
0.710000,42.000000,-0.002864,0.000000
0.710000,44.000000,0.001051,0.000000
0.710000,46.000000,0.005338,0.000000
0.710000,48.000000,0.010001,0.000000
0.710000,50.000000,0.015043,0.000000
0.710000,52.000000,0.020471,0.000000
0.710000,54.000000,0.026297,0.000002
0.710000,56.000000,0.032539,-0.000001
0.710000,58.000000,0.039227,0.000001
0.710000,60.000000,0.046415,0.000002
0.710000,62.000000,0.054197,0.000014
0.710000,64.000000,0.062736,0.000059
0.710000,66.000000,0.072330,0.000205
0.710000,68.000000,0.083516,0.000639
0.710000,70.000000,0.097282,0.001802
0.710000,72.000000,0.115434,0.004652
0.710000,74.000000,0.141213,0.011052
0.710000,76.000000,0.180164,0.024319
0.710000,78.000000,0.240931,0.049864
0.710000,80.000000,0.335074,0.095816
0.710000,82.000000,0.475240,0.173483
0.710000,84.000000,0.673262,0.297395
0.710000,86.000000,0.941063,0.484877
0.710000,88.000000,1.293394,0.755058
0.710000,90.000000,1.746558,1.127402
0.710000,92.000000,2.312355,1.620012
0.710000,94.000000,2.997770,2.247902
0.710000,96.000000,3.808074,3.021648
0.710000,98.000000,4.743608,3.946487
0.710000,100.000000,5.801111,5.022063
0.710000,102.000000,6.980453,6.242835
0.710000,104.000000,8.279956,7.598862
0.710000,106.000000,9.692810,9.077022
0.710000,108.000000,11.210090,10.662244
0.710000,110.000000,12.819759,12.338748
0.710000,112.000000,14.508100,14.091059
0.710000,114.000000,16.261795,15.904764
0.710000,116.000000,18.068665,17.767059
0.710000,118.000000,19.918039,19.666971
0.710000,120.000000,21.801098,21.595364
0.710000,122.000000,23.710829,23.544943
0.710000,124.000000,25.641623,25.509954
0.710000,126.000000,27.588881,27.486012
0.710000,128.000000,29.548801,29.469856
0.710000,130.000000,31.518314,31.459095
0.710000,132.000000,33.495056,33.452030
0.710000,134.000000,35.477280,35.447433
0.710000,136.000000,37.463760,37.444477
0.710000,138.000000,39.453609,39.442600
0.710000,140.000000,41.446178,41.441414
0.710000,142.000000,43.440971,43.440678
0.710000,144.000000,45.437572,45.440220
0.710000,146.000000,47.435638,47.439949
0.710000,148.000000,49.434860,49.439781
0.710000,150.000000,51.434982,51.439690
0.710000,152.000000,53.435783,53.439621
0.710000,154.000000,55.437077,55.439590
0.710000,156.000000,57.438705,57.439568
0.710000,158.000000,59.440544,59.439552
0.710000,160.000000,61.442482,61.439552
0.710000,162.000000,63.444439,63.439537
0.710000,164.000000,65.446350,65.439545
0.710000,166.000000,67.448151,67.439545
0.710000,168.000000,69.449806,69.439545
0.710000,170.000000,71.451271,71.439537
0.710000,172.000000,73.452515,73.439529
0.710000,174.000000,75.453529,75.439545
0.710000,176.000000,77.454285,77.439545
0.710000,178.000000,79.454765,79.439537
0.710000,180.000000,81.454964,81.439537
0.710000,182.000000,83.454857,83.439537
0.710000,184.000000,85.454445,85.439537
0.710000,186.000000,87.453720,87.439537
0.710000,188.000000,89.452682,89.439537
0.710000,190.000000,91.451324,91.439537
0.710000,192.000000,93.449631,93.439537
0.710000,194.000000,95.447617,95.439537
0.710000,196.000000,97.445251,97.439537
0.710000,198.000000,99.442566,99.439537
0.710000,200.000000,101.439537,101.439537
0.720000,0.000000,0.000000,0.000000
0.720000,2.000000,-0.003654,0.000000
0.720000,4.000000,-0.006989,0.000000
0.720000,6.000000,-0.009964,0.000000
0.720000,8.000000,-0.012580,0.000000
0.720000,10.000000,-0.014839,0.000000
0.720000,12.000000,-0.016742,0.000000
0.720000,14.000000,-0.018290,0.000000
0.720000,16.000000,-0.019483,0.000000
0.720000,18.000000,-0.020321,0.000000
0.720000,20.000000,-0.020805,0.000000
0.720000,22.000000,-0.020933,0.000000
0.720000,24.000000,-0.020707,0.000000
0.720000,26.000000,-0.020127,0.000000
0.720000,28.000000,-0.019191,0.000000
0.720000,30.000000,-0.017900,0.000000
0.720000,32.000000,-0.016255,0.000000
0.720000,34.000000,-0.014254,0.000000
0.720000,36.000000,-0.011898,0.000000
0.720000,38.000000,-0.009186,0.000000
0.720000,40.000000,-0.006118,0.000000
0.720000,42.000000,-0.002692,0.000000
0.720000,44.000000,0.001091,0.000000
0.720000,46.000000,0.005234,0.000000
0.720000,48.000000,0.009739,0.000000
0.720000,50.000000,0.014610,0.000000
0.720000,52.000000,0.019854,0.000000
0.720000,54.000000,0.025481,0.000000
0.720000,56.000000,0.031509,0.000000
0.720000,58.000000,0.037967,0.000000
0.720000,60.000000,0.044906,0.000001
0.720000,62.000000,0.052414,0.000009
0.720000,64.000000,0.060645,0.000041
0.720000,66.000000,0.069881,0.000148
0.720000,68.000000,0.080627,0.000484
0.720000,70.000000,0.093812,0.001412
0.720000,72.000000,0.111135,0.003760
0.720000,74.000000,0.135650,0.009176
0.720000,76.000000,0.172617,0.020689
0.720000,78.000000,0.230328,0.043355
0.720000,80.000000,0.320070,0.084948
0.720000,82.000000,0.454461,0.156479
0.720000,84.000000,0.645483,0.272364
0.720000,86.000000,0.905158,0.450055
0.720000,88.000000,1.248283,0.709087
0.720000,90.000000,1.691457,1.069580
0.720000,92.000000,2.247188,1.550467
0.720000,94.000000,2.923231,2.167650
0.720000,96.000000,3.725366,2.932474
0.720000,98.000000,4.654176,3.850743
0.720000,100.000000,5.706951,4.922409
0.720000,102.000000,6.884546,6.141906
0.720000,104.000000,8.185455,7.499052
0.720000,106.000000,9.601810,8.980267
0.720000,108.000000,11.123540,10.569918
0.720000,110.000000,12.737951,12.251697
0.720000,112.000000,14.430945,14.009613
0.720000,114.000000,16.188986,15.828831
0.720000,116.000000,17.999777,17.696257
0.720000,118.000000,19.852606,19.600712
0.720000,120.000000,21.738657,21.532986
0.720000,122.000000,23.650930,23.485758
0.720000,124.000000,25.583851,25.453335
0.720000,126.000000,27.532850,27.431395
0.720000,128.000000,29.494177,29.416763
0.720000,130.000000,31.464813,31.407141
0.720000,132.000000,33.442451,33.400890
0.720000,134.000000,35.425400,35.396873
0.720000,136.000000,37.412460,37.394341
0.720000,138.000000,39.402771,39.392738
0.720000,140.000000,41.395721,41.391754
0.720000,142.000000,43.390804,43.391144
0.720000,144.000000,45.387627,45.390793
0.720000,146.000000,47.385857,47.390560
0.720000,148.000000,49.385193,49.390430
0.720000,150.000000,51.385384,51.390350
0.720000,152.000000,53.386219,53.390293
0.720000,154.000000,55.387524,55.390274
0.720000,156.000000,57.389145,57.390266
0.720000,158.000000,59.390961,59.390251
0.720000,160.000000,61.392864,61.390251
0.720000,162.000000,63.394787,63.390244
0.720000,164.000000,65.396652,65.390236
0.720000,166.000000,67.398415,67.390244
0.720000,168.000000,69.400024,69.390251
0.720000,170.000000,71.401466,71.390236
0.720000,172.000000,73.402679,73.390251
0.720000,174.000000,75.403671,75.390251
0.720000,176.000000,77.404404,77.390244
0.720000,178.000000,79.404884,79.390244
0.720000,180.000000,81.405075,81.390244
0.720000,182.000000,83.404984,83.390244
0.720000,184.000000,85.404594,85.390244
0.720000,186.000000,87.403900,87.390244
0.720000,188.000000,89.402908,89.390244
0.720000,190.000000,91.401596,91.390244
0.720000,192.000000,93.399971,93.390244
0.720000,194.000000,95.398018,95.390244
0.720000,196.000000,97.395760,97.390244
0.720000,198.000000,99.393166,99.390244
0.720000,200.000000,101.390244,101.390244
0.730000,0.000000,0.000000,0.000000
0.730000,2.000000,-0.003520,0.000000
0.730000,4.000000,-0.006732,0.000000
0.730000,6.000000,-0.009597,0.000000
0.730000,8.000000,-0.012117,0.000000
0.730000,10.000000,-0.014292,0.000000
0.730000,12.000000,-0.016124,0.000000
0.730000,14.000000,-0.017613,0.000000
0.730000,16.000000,-0.018760,0.000000
0.730000,18.000000,-0.019565,0.000000
0.730000,20.000000,-0.020028,0.000000
0.730000,22.000000,-0.020148,0.000000
0.730000,24.000000,-0.019927,0.000000
0.730000,26.000000,-0.019364,0.000000
0.730000,28.000000,-0.018458,0.000000
0.730000,30.000000,-0.017210,0.000000
0.730000,32.000000,-0.015620,0.000000
0.730000,34.000000,-0.013687,0.000000
0.730000,36.000000,-0.011412,0.000000
0.730000,38.000000,-0.008794,0.000000
0.730000,40.000000,-0.005832,0.000000
0.730000,42.000000,-0.002526,0.000000
0.730000,44.000000,0.001126,0.000000
0.730000,46.000000,0.005124,0.000000
0.730000,48.000000,0.009471,0.000000
0.730000,50.000000,0.014171,0.000000
0.730000,52.000000,0.019230,0.000000
0.730000,54.000000,0.024659,0.000000
0.730000,56.000000,0.030473,-0.000001
0.730000,58.000000,0.036701,0.000000
0.730000,60.000000,0.043392,0.000001
0.730000,62.000000,0.050626,0.000006
0.730000,64.000000,0.058553,0.000030
0.730000,66.000000,0.067435,0.000108
0.730000,68.000000,0.077749,0.000360
0.730000,70.000000,0.090369,0.001087
0.730000,72.000000,0.106890,0.002995
0.730000,74.000000,0.130191,0.007527
0.730000,76.000000,0.165252,0.017417
0.730000,78.000000,0.220011,0.037363
0.730000,80.000000,0.305461,0.074752
0.730000,82.000000,0.434154,0.140267
0.730000,84.000000,0.618207,0.248163
0.730000,86.000000,0.869746,0.415982
0.730000,88.000000,1.203608,0.663647
0.730000,90.000000,1.636665,1.011966
0.730000,92.000000,2.182132,1.480736
0.730000,94.000000,2.848544,2.086789
0.730000,96.000000,3.642207,2.842322
0.730000,98.000000,4.563993,3.753768
0.730000,100.000000,5.611846,4.821393
0.730000,102.000000,6.787687,6.039643
0.730000,104.000000,8.090142,7.398042
0.730000,106.000000,9.510213,8.882536
0.730000,108.000000,11.036597,10.476933
0.730000,110.000000,12.655914,12.164274
0.730000,112.000000,14.353690,13.928046
0.730000,114.000000,16.116169,15.752993
0.730000,116.000000,17.930944,17.625692
0.730000,118.000000,19.787270,19.534786
0.730000,120.000000,21.676332,21.470982
0.730000,122.000000,23.591162,23.426958
0.730000,124.000000,25.526207,25.397070
0.730000,126.000000,27.476944,27.377094
0.730000,128.000000,29.439665,29.363914
0.730000,130.000000,31.411415,31.355375
0.730000,132.000000,33.389942,33.349907
0.730000,134.000000,35.373600,35.346447
0.730000,136.000000,37.361229,37.344269
0.730000,138.000000,39.352001,39.342937
0.730000,140.000000,41.345310,41.342121
0.730000,142.000000,43.340679,43.341633
0.730000,144.000000,45.337719,45.341343
0.730000,146.000000,47.336102,47.341171
0.730000,148.000000,49.335541,49.341068
0.730000,150.000000,51.335800,51.341003
0.730000,152.000000,53.336670,53.340965
0.730000,154.000000,55.337978,55.340950
0.730000,156.000000,57.339588,57.340942
0.730000,158.000000,59.341377,59.340942
0.730000,160.000000,61.343246,61.340931
0.730000,162.000000,63.345123,63.340927
0.730000,164.000000,65.346954,65.340927
0.730000,166.000000,67.348671,67.340927
0.730000,168.000000,69.350243,69.340927
0.730000,170.000000,71.351639,71.340935
0.730000,172.000000,73.352829,73.340935
0.730000,174.000000,75.353790,75.340927
0.730000,176.000000,77.354515,77.340927
0.730000,178.000000,79.354980,79.340927
0.730000,180.000000,81.355171,81.340927
0.730000,182.000000,83.355095,83.340927
0.730000,184.000000,85.354721,85.340927
0.730000,186.000000,87.354065,87.340927
0.730000,188.000000,89.353111,89.340927
0.730000,190.000000,91.351852,91.340927
0.730000,192.000000,93.350288,93.340927
0.730000,194.000000,95.348412,95.340927
0.730000,196.000000,97.346237,97.340927
0.730000,198.000000,99.343735,99.340927
0.730000,200.000000,101.340927,101.340927
0.740000,0.000000,0.000000,0.000000
0.740000,2.000000,-0.003386,0.000000
0.740000,4.000000,-0.006476,0.000000
0.740000,6.000000,-0.009232,0.000000
0.740000,8.000000,-0.011655,0.000000
0.740000,10.000000,-0.013746,0.000000
0.740000,12.000000,-0.015507,0.000000
0.740000,14.000000,-0.016938,0.000000
0.740000,16.000000,-0.018039,0.000000
0.740000,18.000000,-0.018811,0.000000
0.740000,20.000000,-0.019253,0.000000
0.740000,22.000000,-0.019366,0.000000
0.740000,24.000000,-0.019150,0.000000
0.740000,26.000000,-0.018604,0.000000
0.740000,28.000000,-0.017728,0.000000
0.740000,30.000000,-0.016524,0.000000
0.740000,32.000000,-0.014989,0.000000
0.740000,34.000000,-0.013125,0.000000
0.740000,36.000000,-0.010930,0.000000
0.740000,38.000000,-0.008406,0.000000
0.740000,40.000000,-0.005550,0.000000
0.740000,42.000000,-0.002364,0.000000
0.740000,44.000000,0.001156,0.000000
0.740000,46.000000,0.005009,0.000000
0.740000,48.000000,0.009198,0.000000
0.740000,50.000000,0.013727,0.000000
0.740000,52.000000,0.018601,0.000000
0.740000,54.000000,0.023831,0.000000
0.740000,56.000000,0.029432,0.000002
0.740000,58.000000,0.035431,0.000001
0.740000,60.000000,0.041872,-0.000000
0.740000,62.000000,0.048836,0.000004
0.740000,64.000000,0.056459,0.000018
0.740000,66.000000,0.064992,0.000074
0.740000,68.000000,0.074882,0.000261
0.740000,70.000000,0.086950,0.000824
0.740000,72.000000,0.102697,0.002348
0.740000,74.000000,0.124831,0.006090
0.740000,76.000000,0.158061,0.014496
0.740000,78.000000,0.209972,0.031888
0.740000,80.000000,0.291239,0.065243
0.740000,82.000000,0.414318,0.124878
0.740000,84.000000,0.591441,0.224833
0.740000,86.000000,0.834837,0.382708
0.740000,88.000000,1.159379,0.618800
0.740000,90.000000,1.582198,0.954595
0.740000,92.000000,2.117201,1.410819
0.740000,94.000000,2.773719,2.005299
0.740000,96.000000,3.558600,2.751158
0.740000,98.000000,4.473061,3.655496
0.740000,100.000000,5.515807,4.718952
0.740000,102.000000,6.689887,5.935979
0.740000,104.000000,7.994020,7.295799
0.740000,106.000000,9.418011,8.783843
0.740000,108.000000,10.949252,10.383270
0.740000,110.000000,12.573645,12.076495
0.740000,112.000000,14.276330,13.846386
0.740000,114.000000,16.043339,15.677267
0.740000,116.000000,17.862162,17.555393
0.740000,118.000000,19.722027,19.469215
0.740000,120.000000,21.614126,21.409370
0.740000,122.000000,23.531521,23.368553
0.740000,124.000000,25.468691,25.341158
0.740000,126.000000,27.421156,27.323084
0.740000,128.000000,29.385265,29.311340
0.740000,130.000000,31.358118,31.303814
0.740000,132.000000,33.337521,33.299068
0.740000,134.000000,35.321880,35.296104
0.740000,136.000000,37.310070,37.294292
0.740000,138.000000,39.301292,39.293186
0.740000,140.000000,41.294956,41.292522
0.740000,142.000000,43.290596,43.292141
0.740000,144.000000,45.287842,45.291897
0.740000,146.000000,47.286377,47.291767
0.740000,148.000000,49.285912,49.291691
0.740000,150.000000,51.286228,51.291649
0.740000,152.000000,53.287125,53.291618
0.740000,154.000000,55.288437,55.291599
0.740000,156.000000,57.290031,57.291592
0.740000,158.000000,59.291790,59.291588
0.740000,160.000000,61.293621,61.291599
0.740000,162.000000,63.295452,63.291588
0.740000,164.000000,65.297241,65.291588
0.740000,166.000000,67.298912,67.291588
0.740000,168.000000,69.300438,69.291595
0.740000,170.000000,71.301796,71.291595
0.740000,172.000000,73.302956,73.291588
0.740000,174.000000,75.303894,75.291588
0.740000,176.000000,77.304604,77.291588
0.740000,178.000000,79.305061,79.291588
0.740000,180.000000,81.305260,81.291588
0.740000,182.000000,83.305183,83.291588
0.740000,184.000000,85.304840,85.291588
0.740000,186.000000,87.304207,87.291588
0.740000,188.000000,89.303299,89.291588
0.740000,190.000000,91.302078,91.291588
0.740000,192.000000,93.300583,93.291588
0.740000,194.000000,95.298782,95.291588
0.740000,196.000000,97.296684,97.291588
0.740000,198.000000,99.294289,99.291588
0.740000,200.000000,101.291588,101.291588
0.750000,0.000000,0.000000,0.000000
0.750000,2.000000,-0.003253,0.000000
0.750000,4.000000,-0.006221,0.000000
0.750000,6.000000,-0.008867,0.000000
0.750000,8.000000,-0.011194,0.000000
0.750000,10.000000,-0.013202,0.000000
0.750000,12.000000,-0.014892,0.000000
0.750000,14.000000,-0.016264,0.000000
0.750000,16.000000,-0.017320,0.000000
0.750000,18.000000,-0.018059,0.000000
0.750000,20.000000,-0.018481,0.000000
0.750000,22.000000,-0.018587,0.000000
0.750000,24.000000,-0.018376,0.000000
0.750000,26.000000,-0.017848,0.000000
0.750000,28.000000,-0.017003,0.000000
0.750000,30.000000,-0.015841,0.000000
0.750000,32.000000,-0.014363,0.000000
0.750000,34.000000,-0.012567,0.000000
0.750000,36.000000,-0.010454,0.000000
0.750000,38.000000,-0.008024,0.000000
0.750000,40.000000,-0.005275,0.000000
0.750000,42.000000,-0.002208,0.000000
0.750000,44.000000,0.001179,0.000000
0.750000,46.000000,0.004887,0.000000
0.750000,48.000000,0.008917,0.000000
0.750000,50.000000,0.013275,0.000000
0.750000,52.000000,0.017965,0.000000
0.750000,54.000000,0.022996,0.000000
0.750000,56.000000,0.028383,0.000000
0.750000,58.000000,0.034152,0.000001
0.750000,60.000000,0.040346,0.000001
0.750000,62.000000,0.047038,0.000001
0.750000,64.000000,0.054361,0.000013
0.750000,66.000000,0.062548,0.000050
0.750000,68.000000,0.072021,0.000186
0.750000,70.000000,0.083552,0.000610
0.750000,72.000000,0.098549,0.001809
0.750000,74.000000,0.119560,0.004852
0.750000,76.000000,0.151032,0.011909
0.750000,78.000000,0.200196,0.026921
0.750000,80.000000,0.277394,0.056424
0.750000,82.000000,0.394949,0.110331
0.750000,84.000000,0.565183,0.202423
0.750000,86.000000,0.800433,0.350296
0.750000,88.000000,1.115603,0.574598
0.750000,90.000000,1.528065,0.897520
0.750000,92.000000,2.052405,1.340743
0.750000,94.000000,2.698763,1.923172
0.750000,96.000000,3.474550,2.658916
0.750000,98.000000,4.381381,3.555851
0.750000,100.000000,5.418843,4.614995
0.750000,102.000000,6.591153,5.830832
0.750000,104.000000,7.897093,7.192259
0.750000,106.000000,9.325198,8.684128
0.750000,108.000000,10.861495,10.288909
0.750000,110.000000,12.491130,11.988331
0.750000,112.000000,14.198853,13.764657
0.750000,114.000000,15.970488,15.601703
0.750000,116.000000,17.793427,17.485415
0.750000,118.000000,19.656872,19.404043
0.750000,120.000000,21.552034,21.348186
0.750000,122.000000,23.472002,23.310539
0.750000,124.000000,25.411299,25.285616
0.750000,126.000000,27.365484,27.269392
0.750000,128.000000,29.330969,29.259003
0.750000,130.000000,31.304913,31.252445
0.750000,132.000000,33.285179,33.248356
0.750000,134.000000,35.270233,35.245876
0.750000,136.000000,37.258972,37.244366
0.750000,138.000000,39.250637,39.243458
0.750000,140.000000,41.244648,41.242935
0.750000,142.000000,43.240551,43.242626
0.750000,144.000000,45.237995,45.242447
0.750000,146.000000,47.236668,47.242352
0.750000,148.000000,49.236298,49.242283
0.750000,150.000000,51.236671,51.242260
0.750000,152.000000,53.237587,53.242241
0.750000,154.000000,55.238895,55.242233
0.750000,156.000000,57.240467,57.242226
0.750000,158.000000,59.242195,59.242226
0.750000,160.000000,61.243980,61.242226
0.750000,162.000000,63.245770,63.242214
0.750000,164.000000,65.247498,65.242218
0.750000,166.000000,67.249138,67.242210
0.750000,168.000000,69.250626,69.242226
0.750000,170.000000,71.251938,71.242218
0.750000,172.000000,73.253067,73.242218
0.750000,174.000000,75.253975,75.242218
0.750000,176.000000,77.254669,77.242218
0.750000,178.000000,79.255119,79.242218
0.750000,180.000000,81.255310,81.242218
0.750000,182.000000,83.255249,83.242218
0.750000,184.000000,85.254921,85.242218
0.750000,186.000000,87.254326,87.242218
0.750000,188.000000,89.253448,89.242218
0.750000,190.000000,91.252289,91.242218
0.750000,192.000000,93.250847,93.242218
0.750000,194.000000,95.249123,95.242218
0.750000,196.000000,97.247116,97.242218
0.750000,198.000000,99.244812,99.242218
0.750000,200.000000,101.242218,101.242218
0.760000,0.000000,0.000000,0.000000
0.760000,2.000000,-0.003120,0.000000
0.760000,4.000000,-0.005966,0.000000
0.760000,6.000000,-0.008504,0.000000
0.760000,8.000000,-0.010734,0.000000
0.760000,10.000000,-0.012659,0.000000
0.760000,12.000000,-0.014278,0.000000
0.760000,14.000000,-0.015593,0.000000
0.760000,16.000000,-0.016603,0.000000
0.760000,18.000000,-0.017310,0.000000
0.760000,20.000000,-0.017712,0.000000
0.760000,22.000000,-0.017810,0.000000
0.760000,24.000000,-0.017605,0.000000
0.760000,26.000000,-0.017095,0.000000
0.760000,28.000000,-0.016281,0.000000
0.760000,30.000000,-0.015163,0.000000
0.760000,32.000000,-0.013740,0.000000
0.760000,34.000000,-0.012014,0.000000
0.760000,36.000000,-0.009982,0.000000
0.760000,38.000000,-0.007646,0.000000
0.760000,40.000000,-0.005004,0.000000
0.760000,42.000000,-0.002057,0.000000
0.760000,44.000000,0.001197,0.000000
0.760000,46.000000,0.004759,0.000000
0.760000,48.000000,0.008632,0.000000
0.760000,50.000000,0.012818,0.000000
0.760000,52.000000,0.017322,0.000000
0.760000,54.000000,0.022154,0.000000
0.760000,56.000000,0.027328,0.000000
0.760000,58.000000,0.032868,-0.000001
0.760000,60.000000,0.038814,-0.000000
0.760000,62.000000,0.045237,0.000001
0.760000,64.000000,0.052261,0.000009
0.760000,66.000000,0.060106,0.000033
0.760000,68.000000,0.069169,0.000128
0.760000,70.000000,0.080176,0.000445
0.760000,72.000000,0.094447,0.001368
0.760000,74.000000,0.114376,0.003803
0.760000,76.000000,0.144160,0.009646
0.760000,78.000000,0.190679,0.022452
0.760000,80.000000,0.263923,0.048301
0.760000,82.000000,0.376047,0.096655
0.760000,84.000000,0.539442,0.180977
0.760000,86.000000,0.766546,0.318807
0.760000,88.000000,1.072296,0.531113
0.760000,90.000000,1.474283,0.840798
0.760000,92.000000,1.987762,1.270535
0.760000,94.000000,2.623689,1.840393
0.760000,96.000000,3.390063,2.565561
0.760000,98.000000,4.288966,3.454752
0.760000,100.000000,5.320971,4.509439
0.760000,102.000000,6.491505,5.724116
0.760000,104.000000,7.799370,7.087338
0.760000,106.000000,9.231772,8.583348
0.760000,108.000000,10.773321,10.193857
0.760000,110.000000,12.408365,11.899830
0.760000,112.000000,14.121259,13.682899
0.760000,114.000000,15.897616,15.526352
0.760000,116.000000,17.724739,17.415791
0.760000,118.000000,19.591808,19.339312
0.760000,120.000000,21.490057,21.287468
0.760000,122.000000,23.412609,23.252975
0.760000,124.000000,25.354029,25.230467
0.760000,126.000000,27.309933,27.216019
0.760000,128.000000,29.276781,29.206917
0.760000,130.000000,31.251806,31.201260
0.760000,132.000000,33.232933,33.197815
0.760000,134.000000,35.218662,35.195736
0.760000,136.000000,37.207951,37.194508
0.760000,138.000000,39.200039,39.193783
0.760000,140.000000,41.194386,41.193359
0.760000,142.000000,43.190552,43.193123
0.760000,144.000000,45.188183,45.192993
0.760000,146.000000,47.186989,47.192921
0.760000,148.000000,49.186703,49.192875
0.760000,150.000000,51.187122,51.192852
0.760000,152.000000,53.188057,53.192841
0.760000,154.000000,55.189358,55.192825
0.760000,156.000000,57.190907,57.192829
0.760000,158.000000,59.192596,59.192829
0.760000,160.000000,61.194340,61.192829
0.760000,162.000000,63.196083,63.192825
0.760000,164.000000,65.197762,65.192818
0.760000,166.000000,67.199341,67.192833
0.760000,168.000000,69.200790,69.192825
0.760000,170.000000,71.202065,71.192825
0.760000,172.000000,73.203163,73.192825
0.760000,174.000000,75.204048,75.192825
0.760000,176.000000,77.204712,77.192825
0.760000,178.000000,79.205154,79.192825
0.760000,180.000000,81.205345,81.192825
0.760000,182.000000,83.205292,83.192825
0.760000,184.000000,85.204979,85.192825
0.760000,186.000000,87.204414,87.192825
0.760000,188.000000,89.203575,89.192825
0.760000,190.000000,91.202477,91.192825
0.760000,192.000000,93.201096,93.192825
0.760000,194.000000,95.199448,95.192825
0.760000,196.000000,97.197517,97.192825
0.760000,198.000000,99.195312,99.192825
0.760000,200.000000,101.192825,101.192825
0.770000,0.000000,0.000000,0.000000
0.770000,2.000000,-0.002987,0.000000
0.770000,4.000000,-0.005711,0.000000
0.770000,6.000000,-0.008140,0.000000
0.770000,8.000000,-0.010275,0.000000
0.770000,10.000000,-0.012116,0.000000
0.770000,12.000000,-0.013665,0.000000
0.770000,14.000000,-0.014922,0.000000
0.770000,16.000000,-0.015888,0.000000
0.770000,18.000000,-0.016562,0.000000
0.770000,20.000000,-0.016944,0.000000
0.770000,22.000000,-0.017036,0.000000
0.770000,24.000000,-0.016835,0.000000
0.770000,26.000000,-0.016344,0.000000
0.770000,28.000000,-0.015561,0.000000
0.770000,30.000000,-0.014487,0.000000
0.770000,32.000000,-0.013121,0.000000
0.770000,34.000000,-0.011463,0.000000
0.770000,36.000000,-0.009513,0.000000
0.770000,38.000000,-0.007271,0.000000
0.770000,40.000000,-0.004737,0.000000
0.770000,42.000000,-0.001909,0.000000
0.770000,44.000000,0.001212,0.000000
0.770000,46.000000,0.004629,0.000000
0.770000,48.000000,0.008342,0.000000
0.770000,50.000000,0.012356,0.000000
0.770000,52.000000,0.016676,0.000000
0.770000,54.000000,0.021309,0.000000
0.770000,56.000000,0.026270,0.000000
0.770000,58.000000,0.031580,0.000002
0.770000,60.000000,0.037279,0.000001
0.770000,62.000000,0.043434,0.000002
0.770000,64.000000,0.050160,0.000003
0.770000,66.000000,0.057667,0.000020
0.770000,68.000000,0.066327,0.000088
0.770000,70.000000,0.076821,0.000314
0.770000,72.000000,0.090389,0.001010
0.770000,74.000000,0.109278,0.002925
0.770000,76.000000,0.137441,0.007687
0.770000,78.000000,0.181412,0.018470
0.770000,80.000000,0.250818,0.040879
0.770000,82.000000,0.357612,0.083875
0.770000,84.000000,0.514222,0.160538
0.770000,86.000000,0.733187,0.288311
0.770000,88.000000,1.029470,0.488429
0.770000,90.000000,1.420868,0.784488
0.770000,92.000000,1.923287,1.200228
0.770000,94.000000,2.548510,1.756948
0.770000,96.000000,3.305150,2.471036
0.770000,98.000000,4.195827,3.352119
0.770000,100.000000,5.222213,4.402174
0.770000,102.000000,6.390970,5.615741
0.770000,104.000000,7.700863,6.980990
0.770000,106.000000,9.137737,8.481486
0.770000,108.000000,10.684726,10.098111
0.770000,110.000000,12.325346,11.811043
0.770000,112.000000,14.043543,13.601150
0.770000,114.000000,15.824722,15.451254
0.770000,116.000000,17.656096,17.346588
0.770000,118.000000,19.526834,19.275072
0.770000,120.000000,21.428198,21.227230
0.770000,122.000000,23.353346,23.195871
0.770000,124.000000,25.296890,25.175701
0.770000,126.000000,27.254499,27.162971
0.770000,128.000000,29.222704,29.155090
0.770000,130.000000,31.198801,31.150274
0.770000,132.000000,33.180775,33.147396
0.770000,134.000000,35.167175,35.145687
0.770000,136.000000,37.156994,37.144699
0.770000,138.000000,39.149509,39.144138
0.770000,140.000000,41.144180,41.143810
0.770000,142.000000,43.140594,43.143627
0.770000,144.000000,45.138409,45.143536
0.770000,146.000000,47.137337,47.143486
0.770000,148.000000,49.137135,49.143452
0.770000,150.000000,51.137592,51.143433
0.770000,152.000000,53.138535,53.143433
0.770000,154.000000,55.139828,55.143414
0.770000,156.000000,57.141346,57.143417
0.770000,158.000000,59.142998,59.143421
0.770000,160.000000,61.144695,61.143417
0.770000,162.000000,63.146385,63.143414
0.770000,164.000000,65.148018,65.143425
0.770000,166.000000,67.149551,67.143417
0.770000,168.000000,69.150948,69.143417
0.770000,170.000000,71.152191,71.143417
0.770000,172.000000,73.153236,73.143417
0.770000,174.000000,75.154106,75.143417
0.770000,176.000000,77.154755,77.143417
0.770000,178.000000,79.155174,79.143417
0.770000,180.000000,81.155373,81.143417
0.770000,182.000000,83.155327,83.143417
0.770000,184.000000,85.155029,85.143417
0.770000,186.000000,87.154495,87.143417
0.770000,188.000000,89.153702,89.143417
0.770000,190.000000,91.152641,91.143417
0.770000,192.000000,93.151329,93.143417
0.770000,194.000000,95.149750,95.143417
0.770000,196.000000,97.147911,97.143417
0.770000,198.000000,99.145798,99.143417
0.770000,200.000000,101.143417,101.143417
0.780000,0.000000,0.000000,0.000000
0.780000,2.000000,-0.002854,0.000000
0.780000,4.000000,-0.005457,0.000000
0.780000,6.000000,-0.007778,0.000000
0.780000,8.000000,-0.009817,0.000000
0.780000,10.000000,-0.011576,0.000000
0.780000,12.000000,-0.013055,0.000000
0.780000,14.000000,-0.014254,0.000000
0.780000,16.000000,-0.015175,0.000000
0.780000,18.000000,-0.015817,0.000000
0.780000,20.000000,-0.016180,0.000000
0.780000,22.000000,-0.016265,0.000000
0.780000,24.000000,-0.016071,0.000000
0.780000,26.000000,-0.015598,0.000000
0.780000,28.000000,-0.014847,0.000000
0.780000,30.000000,-0.013816,0.000000
0.780000,32.000000,-0.012507,0.000000
0.780000,34.000000,-0.010918,0.000000
0.780000,36.000000,-0.009051,0.000000
0.780000,38.000000,-0.006904,0.000000
0.780000,40.000000,-0.004477,0.000000
0.780000,42.000000,-0.001770,0.000000
0.780000,44.000000,0.001218,0.000000
0.780000,46.000000,0.004489,0.000000
0.780000,48.000000,0.008044,0.000000
0.780000,50.000000,0.011886,0.000000
0.780000,52.000000,0.016020,0.000000
0.780000,54.000000,0.020454,0.000000
0.780000,56.000000,0.025201,0.000000
0.780000,58.000000,0.030282,0.000000
0.780000,60.000000,0.035735,0.000001
0.780000,62.000000,0.041621,0.000002
0.780000,64.000000,0.048052,0.000004
0.780000,66.000000,0.055224,0.000013
0.780000,68.000000,0.063487,0.000056
0.780000,70.000000,0.073480,0.000217
0.780000,72.000000,0.086365,0.000729
0.780000,74.000000,0.104252,0.002203
0.780000,76.000000,0.130859,0.006014
0.780000,78.000000,0.172379,0.014965
0.780000,80.000000,0.238062,0.034152
0.780000,82.000000,0.339629,0.072009
0.780000,84.000000,0.489516,0.141165
0.780000,86.000000,0.700352,0.258878
0.780000,88.000000,0.987127,0.446613
0.780000,90.000000,1.367821,0.728654
0.780000,92.000000,1.858981,1.129853
0.780000,94.000000,2.473223,1.672834
0.780000,96.000000,3.219803,2.375280
0.780000,98.000000,4.101963,3.247849
0.780000,100.000000,5.122581,4.293090
0.780000,102.000000,6.289557,5.505588
0.780000,104.000000,7.601570,6.873118
0.780000,106.000000,9.043076,8.378470
0.780000,108.000000,10.595686,10.001661
0.780000,110.000000,12.242050,11.721943
0.780000,112.000000,13.965685,13.519478
0.780000,114.000000,15.751787,15.376466
0.780000,116.000000,17.587484,17.277838
0.780000,118.000000,19.461939,19.211353
0.780000,120.000000,21.366442,21.167526
0.780000,122.000000,23.294193,23.139233
0.780000,124.000000,25.239861,25.121338
0.780000,126.000000,27.199173,27.110239
0.780000,128.000000,29.168726,29.103493
0.780000,130.000000,31.145882,31.099449
0.780000,132.000000,33.128689,33.097084
0.780000,134.000000,35.115753,35.095715
0.780000,136.000000,37.106098,37.094933
0.780000,138.000000,39.099022,39.094494
0.780000,140.000000,41.094017,41.094257
0.780000,142.000000,43.090668,43.094120
0.780000,144.000000,45.088654,45.094044
0.780000,146.000000,47.087704,47.094009
0.780000,148.000000,49.087570,49.093990
0.780000,150.000000,51.088066,51.093983
0.780000,152.000000,53.089012,53.093971
0.780000,154.000000,55.090286,55.093971
0.780000,156.000000,57.091778,57.093964
0.780000,158.000000,59.093384,59.093971
0.780000,160.000000,61.095032,61.093967
0.780000,162.000000,63.096672,63.093975
0.780000,164.000000,65.098251,65.093979
0.780000,166.000000,67.099731,67.093971
0.780000,168.000000,69.101082,69.093971
0.780000,170.000000,71.102280,71.093971
0.780000,172.000000,73.103302,73.093971
0.780000,174.000000,75.104126,75.093971
0.780000,176.000000,77.104752,77.093971
0.780000,178.000000,79.105171,79.093971
0.780000,180.000000,81.105362,81.093971
0.780000,182.000000,83.105324,83.093971
0.780000,184.000000,85.105049,85.093971
0.780000,186.000000,87.104538,87.093971
0.780000,188.000000,89.103783,89.093971
0.780000,190.000000,91.102783,91.093971
0.780000,192.000000,93.101524,93.093971
0.780000,194.000000,95.100014,95.093971
0.780000,196.000000,97.098259,97.093971
0.780000,198.000000,99.096245,99.093971
0.780000,200.000000,101.093971,101.093971
0.790000,0.000000,0.000000,0.000000
0.790000,2.000000,-0.002721,0.000000
0.790000,4.000000,-0.005204,0.000000
0.790000,6.000000,-0.007417,0.000000
0.790000,8.000000,-0.009360,0.000000
0.790000,10.000000,-0.011036,0.000000
0.790000,12.000000,-0.012445,0.000000
0.790000,14.000000,-0.013588,0.000000
0.790000,16.000000,-0.014464,0.000000
0.790000,18.000000,-0.015075,0.000000
0.790000,20.000000,-0.015419,0.000000
0.790000,22.000000,-0.015497,0.000000
0.790000,24.000000,-0.015309,0.000000
0.790000,26.000000,-0.014855,0.000000
0.790000,28.000000,-0.014135,0.000000
0.790000,30.000000,-0.013149,0.000000
0.790000,32.000000,-0.011897,0.000000
0.790000,34.000000,-0.010378,0.000000
0.790000,36.000000,-0.008593,0.000000
0.790000,38.000000,-0.006541,0.000000
0.790000,40.000000,-0.004222,0.000000
0.790000,42.000000,-0.001635,0.000000
0.790000,44.000000,0.001220,0.000000
0.790000,46.000000,0.004344,0.000000
0.790000,48.000000,0.007740,0.000000
0.790000,50.000000,0.011410,0.000000
0.790000,52.000000,0.015359,0.000000
0.790000,54.000000,0.019593,0.000000
0.790000,56.000000,0.024127,0.000000
0.790000,58.000000,0.028979,0.000000
0.790000,60.000000,0.034185,-0.000001
0.790000,62.000000,0.039804,0.000001
0.790000,64.000000,0.045941,0.000000
0.790000,66.000000,0.052780,0.000008
0.790000,68.000000,0.060652,0.000034
0.790000,70.000000,0.070155,0.000143
0.790000,72.000000,0.082379,0.000509
0.790000,74.000000,0.099299,0.001617
0.790000,76.000000,0.124411,0.004612
0.790000,78.000000,0.163573,0.011913
0.790000,80.000000,0.225652,0.028118
0.790000,82.000000,0.322102,0.061078
0.790000,84.000000,0.465333,0.122904
0.790000,86.000000,0.668054,0.230595
0.790000,88.000000,0.945280,0.405766
0.790000,90.000000,1.315163,0.673388
0.790000,92.000000,1.794863,1.059453
0.790000,94.000000,2.397842,1.588029
0.790000,96.000000,3.134035,2.278227
0.790000,98.000000,4.007394,3.141837
0.790000,100.000000,5.022104,4.182070
0.790000,102.000000,6.187297,5.393564
0.790000,104.000000,7.501511,6.763640
0.790000,106.000000,8.947791,8.274280
0.790000,108.000000,10.506201,9.904503
0.790000,110.000000,12.158472,11.632595
0.790000,112.000000,13.887682,13.437898
0.790000,114.000000,15.678813,15.302052
0.790000,116.000000,17.518908,17.209608
0.790000,118.000000,19.397125,19.148205
0.790000,120.000000,21.304792,21.108362
0.790000,122.000000,23.235161,23.083088
0.790000,124.000000,25.182953,25.067381
0.790000,126.000000,27.143961,27.057833
0.790000,128.000000,29.114851,29.052147
0.790000,130.000000,31.093058,31.048805
0.790000,132.000000,33.076694,33.046886
0.790000,134.000000,35.064411,35.045803
0.790000,136.000000,37.055267,37.045204
0.790000,138.000000,39.048592,39.044876
0.790000,140.000000,41.043896,41.044701
0.790000,142.000000,43.040779,43.044598
0.790000,144.000000,45.038933,45.044559
0.790000,146.000000,47.038090,47.044533
0.790000,148.000000,49.038021,49.044518
0.790000,150.000000,51.038548,51.044514
0.790000,152.000000,53.039497,53.044506
0.790000,154.000000,55.040752,55.044495
0.790000,156.000000,57.042206,57.044502
0.790000,158.000000,59.043766,59.044506
0.790000,160.000000,61.045361,61.044510
0.790000,162.000000,63.046947,63.044510
0.790000,164.000000,65.048470,65.044502
0.790000,166.000000,67.049896,67.044502
0.790000,168.000000,69.051193,69.044502
0.790000,170.000000,71.052345,71.044502
0.790000,172.000000,73.053329,73.044502
0.790000,174.000000,75.054131,75.044502
0.790000,176.000000,77.054741,77.044502
0.790000,178.000000,79.055138,79.044502
0.790000,180.000000,81.055328,81.044502
0.790000,182.000000,83.055305,83.044502
0.790000,184.000000,85.055054,85.044502
0.790000,186.000000,87.054565,87.044502
0.790000,188.000000,89.053848,89.044502
0.790000,190.000000,91.052895,91.044502
0.790000,192.000000,93.051697,93.044502
0.790000,194.000000,95.050270,95.044502
0.790000,196.000000,97.048592,97.044502
0.790000,198.000000,99.046669,99.044502
0.790000,200.000000,101.044502,101.044502
0.800000,0.000000,0.000000,0.000000
0.800000,2.000000,-0.002589,0.000000
0.800000,4.000000,-0.004951,0.000000
0.800000,6.000000,-0.007056,0.000000
0.800000,8.000000,-0.008904,0.000000
0.800000,10.000000,-0.010498,0.000000
0.800000,12.000000,-0.011837,0.000000
0.800000,14.000000,-0.012923,0.000000
0.800000,16.000000,-0.013755,0.000000
0.800000,18.000000,-0.014333,0.000000
0.800000,20.000000,-0.014659,0.000000
0.800000,22.000000,-0.014731,0.000000
0.800000,24.000000,-0.014549,0.000000
0.800000,26.000000,-0.014114,0.000000
0.800000,28.000000,-0.013426,0.000000
0.800000,30.000000,-0.012484,0.000000
0.800000,32.000000,-0.011289,0.000000
0.800000,34.000000,-0.009840,0.000000
0.800000,36.000000,-0.008137,0.000000
0.800000,38.000000,-0.006181,0.000000
0.800000,40.000000,-0.003969,0.000000
0.800000,42.000000,-0.001503,0.000000
0.800000,44.000000,0.001218,0.000000
0.800000,46.000000,0.004196,0.000000
0.800000,48.000000,0.007433,0.000000
0.800000,50.000000,0.010930,0.000000
0.800000,52.000000,0.014693,0.000000
0.800000,54.000000,0.018729,0.000000
0.800000,56.000000,0.023048,0.000000
0.800000,58.000000,0.027672,0.000000
0.800000,60.000000,0.032632,0.000000
0.800000,62.000000,0.037985,0.000001
0.800000,64.000000,0.043830,0.000003
0.800000,66.000000,0.050339,0.000003
0.800000,68.000000,0.057825,0.000022
0.800000,70.000000,0.066848,0.000090
0.800000,72.000000,0.078429,0.000345
0.800000,74.000000,0.094418,0.001155
0.800000,76.000000,0.118094,0.003451
0.800000,78.000000,0.154990,0.009298
0.800000,80.000000,0.213582,0.022772
0.800000,82.000000,0.305027,0.051096
0.800000,84.000000,0.441675,0.105806
0.800000,86.000000,0.636303,0.203530
0.800000,88.000000,0.903946,0.365982
0.800000,90.000000,1.262907,0.618777
0.800000,92.000000,1.730948,0.989098
0.800000,94.000000,2.322380,1.502543
0.800000,96.000000,3.047855,2.179808
0.800000,98.000000,3.912138,3.033971
0.800000,100.000000,4.920815,4.068967
0.800000,102.000000,6.084221,5.279532
0.800000,104.000000,7.400702,6.652475
0.800000,106.000000,8.851888,8.168874
0.800000,108.000000,10.416262,9.806654
0.800000,110.000000,12.074608,11.543047
0.800000,112.000000,13.809531,13.356522
0.800000,114.000000,15.605796,15.228094
0.800000,116.000000,17.450363,17.141983
0.800000,118.000000,19.332396,19.085701
0.800000,120.000000,21.243254,21.049812
0.800000,122.000000,23.176250,23.027452
0.800000,124.000000,25.126167,25.013861
0.800000,126.000000,27.088865,27.005754
0.800000,128.000000,29.061085,29.001022
0.800000,130.000000,31.040331,30.998318
0.800000,132.000000,33.024784,32.996799
0.800000,134.000000,35.013142,34.995968
0.800000,136.000000,37.004505,36.995518
0.800000,138.000000,38.998222,38.995274
0.800000,140.000000,40.993828,40.995148
0.800000,142.000000,42.990936,42.995087
0.800000,144.000000,44.989243,44.995049
0.800000,146.000000,46.988510,46.995029
0.800000,148.000000,48.988495,48.995022
0.800000,150.000000,50.989044,50.995026
0.800000,152.000000,52.989994,52.995018
0.800000,154.000000,54.991222,54.995018
0.800000,156.000000,56.992638,56.995022
0.800000,158.000000,58.994148,58.995026
0.800000,160.000000,60.995689,60.995026
0.800000,162.000000,62.997219,62.995018
0.800000,164.000000,64.998688,64.995018
0.800000,166.000000,67.000061,66.995018
0.800000,168.000000,69.001312,68.995018
0.800000,170.000000,71.002419,70.995018
0.800000,172.000000,73.003357,72.995018
0.800000,174.000000,75.004135,74.995018
0.800000,176.000000,77.004723,76.995018
0.800000,178.000000,79.005112,78.995018
0.800000,180.000000,81.005295,80.995018
0.800000,182.000000,83.005264,82.995018
0.800000,184.000000,85.005028,84.995018
0.800000,186.000000,87.004578,86.995018
0.800000,188.000000,89.003899,88.995018
0.800000,190.000000,91.002991,90.995018
0.800000,192.000000,93.001854,92.995018
0.800000,194.000000,95.000496,94.995018
0.800000,196.000000,96.998909,96.995018
0.800000,198.000000,98.997078,98.995018
0.800000,200.000000,100.995018,100.995018
0.810000,0.000000,0.000000,0.000000
0.810000,2.000000,-0.002457,0.000000
0.810000,4.000000,-0.004698,0.000000
0.810000,6.000000,-0.006696,0.000000
0.810000,8.000000,-0.008449,0.000000
0.810000,10.000000,-0.009961,0.000000
0.810000,12.000000,-0.011231,0.000000
0.810000,14.000000,-0.012260,0.000000
0.810000,16.000000,-0.013048,0.000000
0.810000,18.000000,-0.013595,0.000000
0.810000,20.000000,-0.013902,0.000000
0.810000,22.000000,-0.013968,0.000000
0.810000,24.000000,-0.013793,0.000000
0.810000,26.000000,-0.013377,0.000000
0.810000,28.000000,-0.012721,0.000000
0.810000,30.000000,-0.011824,0.000000
0.810000,32.000000,-0.010686,0.000000
0.810000,34.000000,-0.009307,0.000000
0.810000,36.000000,-0.007687,0.000000
0.810000,38.000000,-0.005826,0.000000
0.810000,40.000000,-0.003723,0.000000
0.810000,42.000000,-0.001378,0.000000
0.810000,44.000000,0.001209,0.000000
0.810000,46.000000,0.004041,0.000000
0.810000,48.000000,0.007118,0.000000
0.810000,50.000000,0.010443,0.000000
0.810000,52.000000,0.014020,0.000000
0.810000,54.000000,0.017856,0.000000
0.810000,56.000000,0.021962,0.000000
0.810000,58.000000,0.026357,0.000000
0.810000,60.000000,0.031071,0.000000
0.810000,62.000000,0.036158,0.000001
0.810000,64.000000,0.041712,0.000000
0.810000,66.000000,0.047895,0.000003
0.810000,68.000000,0.055000,0.000011
0.810000,70.000000,0.063552,0.000056
0.810000,72.000000,0.074509,0.000227
0.810000,74.000000,0.089598,0.000800
0.810000,76.000000,0.111895,0.002515
0.810000,78.000000,0.146614,0.007090
0.810000,80.000000,0.201835,0.018090
0.810000,82.000000,0.288392,0.042076
0.810000,84.000000,0.418538,0.089916
0.810000,86.000000,0.605097,0.177785
0.810000,88.000000,0.863125,0.327380
0.810000,90.000000,1.211058,0.564923
0.810000,92.000000,1.667238,0.918834
0.810000,94.000000,2.246833,1.416365
0.810000,96.000000,2.961261,2.079949
0.810000,98.000000,3.816203,2.924112
0.810000,100.000000,4.818733,3.953625
0.810000,102.000000,5.980349,5.163339
0.810000,104.000000,7.299149,6.539512
0.810000,106.000000,8.755352,8.062200
0.810000,108.000000,10.325853,9.708130
0.810000,110.000000,11.990435,11.453350
0.810000,112.000000,13.731214,13.275402
0.810000,114.000000,15.532721,15.154673
0.810000,116.000000,17.381838,17.075012
0.810000,118.000000,19.267733,19.023867
0.810000,120.000000,21.181814,20.991871
0.810000,122.000000,23.117453,22.972355
0.810000,124.000000,25.069492,24.960735
0.810000,126.000000,27.033875,26.953968
0.810000,128.000000,29.007412,28.950119
0.810000,130.000000,30.987692,30.947981
0.810000,132.000000,32.972950,32.946808
0.810000,134.000000,34.961945,34.946171
0.810000,136.000000,36.953796,36.945850
0.810000,138.000000,38.947903,38.945683
0.810000,140.000000,40.943802,40.945595
0.810000,142.000000,42.941124,42.945545
0.810000,144.000000,44.939583,44.945526
0.810000,146.000000,46.938938,46.945507
0.810000,148.000000,48.938984,48.945507
0.810000,150.000000,50.939548,50.945503
0.810000,152.000000,52.940487,52.945511
0.810000,154.000000,54.941692,54.945499
0.810000,156.000000,56.943062,56.945499
0.810000,158.000000,58.944523,58.945511
0.810000,160.000000,60.946007,60.945503
0.810000,162.000000,62.947475,62.945503
0.810000,164.000000,64.948883,64.945503
0.810000,166.000000,66.950203,66.945503
0.810000,168.000000,68.951393,68.945503
0.810000,170.000000,70.952461,70.945503
0.810000,172.000000,72.953369,72.945503
0.810000,174.000000,74.954109,74.945503
0.810000,176.000000,76.954674,76.945503
0.810000,178.000000,78.955048,78.945503
0.810000,180.000000,80.955231,80.945503
0.810000,182.000000,82.955208,82.945503
0.810000,184.000000,84.954994,84.945503
0.810000,186.000000,86.954559,86.945503
0.810000,188.000000,88.953918,88.945503
0.810000,190.000000,90.953064,90.945503
0.810000,192.000000,92.951988,92.945503
0.810000,194.000000,94.950699,94.945503
0.810000,196.000000,96.949188,96.945503
0.810000,198.000000,98.947456,98.945503
0.810000,200.000000,100.945503,100.945503
0.820000,0.000000,0.000000,0.000000
0.820000,2.000000,-0.002326,0.000000
0.820000,4.000000,-0.004447,0.000000
0.820000,6.000000,-0.006337,0.000000
0.820000,8.000000,-0.007996,0.000000
0.820000,10.000000,-0.009426,0.000000
0.820000,12.000000,-0.010627,0.000000
0.820000,14.000000,-0.011599,0.000000
0.820000,16.000000,-0.012343,0.000000
0.820000,18.000000,-0.012860,0.000000
0.820000,20.000000,-0.013148,0.000000
0.820000,22.000000,-0.013208,0.000000
0.820000,24.000000,-0.013040,0.000000
0.820000,26.000000,-0.012645,0.000000
0.820000,28.000000,-0.012021,0.000000
0.820000,30.000000,-0.011169,0.000000
0.820000,32.000000,-0.010089,0.000000
0.820000,34.000000,-0.008780,0.000000
0.820000,36.000000,-0.007243,0.000000
0.820000,38.000000,-0.005478,0.000000
0.820000,40.000000,-0.003483,0.000000
0.820000,42.000000,-0.001260,0.000000
0.820000,44.000000,0.001194,0.000000
0.820000,46.000000,0.003879,0.000000
0.820000,48.000000,0.006796,0.000000
0.820000,50.000000,0.009948,0.000000
0.820000,52.000000,0.013339,0.000000
0.820000,54.000000,0.016976,0.000000
0.820000,56.000000,0.020868,0.000000
0.820000,58.000000,0.025034,0.000000
0.820000,60.000000,0.029502,0.000000
0.820000,62.000000,0.034325,0.000002
0.820000,64.000000,0.039588,0.000001
0.820000,66.000000,0.045447,-0.000001
0.820000,68.000000,0.052176,0.000007
0.820000,70.000000,0.060267,0.000033
0.820000,72.000000,0.070615,0.000141
0.820000,74.000000,0.084837,0.000534
0.820000,76.000000,0.105809,0.001773
0.820000,78.000000,0.138436,0.005267
0.820000,80.000000,0.190401,0.014058
0.820000,82.000000,0.272190,0.034022
0.820000,84.000000,0.395920,0.075283
0.820000,86.000000,0.574443,0.153449
0.820000,88.000000,0.822826,0.290083
0.820000,90.000000,1.159627,0.511958
0.820000,92.000000,1.603745,0.848749
0.820000,94.000000,2.171209,1.329498
0.820000,96.000000,2.874259,1.978567
0.820000,98.000000,3.719606,2.812109
0.820000,100.000000,4.715889,3.835857
0.820000,102.000000,5.875710,5.044823
0.820000,104.000000,7.196865,6.424635
0.820000,106.000000,8.658185,7.954215
0.820000,108.000000,10.234962,9.608925
0.820000,110.000000,11.905941,11.363572
0.820000,112.000000,13.652717,13.194639
0.820000,114.000000,15.459579,15.081848
0.820000,116.000000,17.313326,17.008770
0.820000,118.000000,19.203136,18.962755
0.820000,120.000000,21.120468,20.934587
0.820000,122.000000,23.058758,22.917780
0.820000,124.000000,25.012928,24.908014
0.820000,126.000000,26.978985,26.902475
0.820000,128.000000,28.953836,28.899422
0.820000,130.000000,30.935139,30.897747
0.820000,132.000000,32.921196,32.896873
0.820000,134.000000,34.910809,34.896412
0.820000,136.000000,36.903156,36.896179
0.820000,138.000000,38.897633,38.896069
0.820000,140.000000,40.893814,40.896015
0.820000,142.000000,42.891342,42.895988
0.820000,144.000000,44.889938,44.895966
0.820000,146.000000,46.889389,46.895958
0.820000,148.000000,48.889477,48.895962
0.820000,150.000000,50.890053,50.895966
0.820000,152.000000,52.890980,52.895962
0.820000,154.000000,54.892151,54.895954
0.820000,156.000000,56.893478,56.895966
0.820000,158.000000,58.894882,58.895958
0.820000,160.000000,60.896309,60.895958
0.820000,162.000000,62.897720,62.895958
0.820000,164.000000,64.899071,64.895958
0.820000,166.000000,66.900322,66.895958
0.820000,168.000000,68.901466,68.895958
0.820000,170.000000,70.902489,70.895958
0.820000,172.000000,72.903351,72.895958
0.820000,174.000000,74.904053,74.895958
0.820000,176.000000,76.904602,76.895958
0.820000,178.000000,78.904961,78.895958
0.820000,180.000000,80.905136,80.895958
0.820000,182.000000,82.905128,82.895958
0.820000,184.000000,84.904915,84.895958
0.820000,186.000000,86.904518,86.895958
0.820000,188.000000,88.903908,88.895958
0.820000,190.000000,90.903099,90.895958
0.820000,192.000000,92.902092,92.895958
0.820000,194.000000,94.900871,94.895958
0.820000,196.000000,96.899445,96.895958
0.820000,198.000000,98.897812,98.895958
0.820000,200.000000,100.895958,100.895958
0.830000,0.000000,0.000000,0.000000
0.830000,2.000000,-0.002194,0.000000
0.830000,4.000000,-0.004195,0.000000
0.830000,6.000000,-0.005978,0.000000
0.830000,8.000000,-0.007543,0.000000
0.830000,10.000000,-0.008891,0.000000
0.830000,12.000000,-0.010023,0.000000
0.830000,14.000000,-0.010939,0.000000
0.830000,16.000000,-0.011640,0.000000
0.830000,18.000000,-0.012126,0.000000
0.830000,20.000000,-0.012396,0.000000
0.830000,22.000000,-0.012450,0.000000
0.830000,24.000000,-0.012290,0.000000
0.830000,26.000000,-0.011914,0.000000
0.830000,28.000000,-0.011322,0.000000
0.830000,30.000000,-0.010516,0.000000
0.830000,32.000000,-0.009493,0.000000
0.830000,34.000000,-0.008255,0.000000
0.830000,36.000000,-0.006802,0.000000
0.830000,38.000000,-0.005132,0.000000
0.830000,40.000000,-0.003246,0.000000
0.830000,42.000000,-0.001144,0.000000
0.830000,44.000000,0.001175,0.000000
0.830000,46.000000,0.003713,0.000000
0.830000,48.000000,0.006470,0.000000
0.830000,50.000000,0.009449,0.000000
0.830000,52.000000,0.012654,0.000000
0.830000,54.000000,0.016091,0.000000
0.830000,56.000000,0.019770,0.000000
0.830000,58.000000,0.023707,0.000000
0.830000,60.000000,0.027930,0.000000
0.830000,62.000000,0.032488,0.000000
0.830000,64.000000,0.037463,0.000001
0.830000,66.000000,0.043000,0.000001
0.830000,68.000000,0.049357,0.000004
0.830000,70.000000,0.056996,0.000017
0.830000,72.000000,0.066752,0.000084
0.830000,74.000000,0.080135,0.000340
0.830000,76.000000,0.099834,0.001208
0.830000,78.000000,0.130452,0.003791
0.830000,80.000000,0.179276,0.010644
0.830000,82.000000,0.256420,0.026930
0.830000,84.000000,0.373825,0.061953
0.830000,86.000000,0.544350,0.130616
0.830000,88.000000,0.783065,0.254231
0.830000,90.000000,1.108631,0.460025
0.830000,92.000000,1.540483,0.778945
0.830000,94.000000,2.095520,1.241961
0.830000,96.000000,2.786863,1.875580
0.830000,98.000000,3.622375,2.697799
0.830000,100.000000,4.612322,3.715483
0.830000,102.000000,5.770340,4.923816
0.830000,104.000000,7.093875,6.307732
0.830000,106.000000,8.560394,7.844876
0.830000,108.000000,10.143585,9.509111
0.830000,110.000000,11.821120,11.273778
0.830000,112.000000,13.574037,13.114322
0.830000,114.000000,15.386368,15.009768
0.830000,116.000000,17.244827,16.943348
0.830000,118.000000,19.138607,18.902445
0.830000,120.000000,21.059223,20.877975
0.830000,122.000000,23.000179,22.863768
0.830000,124.000000,24.956476,24.855717
0.830000,126.000000,26.924208,26.851294
0.830000,128.000000,28.900362,28.848907
0.830000,130.000000,30.882677,30.847660
0.830000,132.000000,32.869522,32.847015
0.830000,134.000000,34.859753,34.846695
0.830000,136.000000,36.852573,36.846531
0.830000,138.000000,38.847420,38.846462
0.830000,140.000000,40.843876,40.846420
0.830000,142.000000,42.841599,42.846413
0.830000,144.000000,44.840332,44.846405
0.830000,146.000000,46.839863,46.846409
0.830000,148.000000,48.839993,48.846397
0.830000,150.000000,50.840576,50.846401
0.830000,152.000000,52.841484,52.846394
0.830000,154.000000,54.842621,54.846405
0.830000,156.000000,56.843899,56.846397
0.830000,158.000000,58.845249,58.846397
0.830000,160.000000,60.846611,60.846397
0.830000,162.000000,62.847954,62.846397
0.830000,164.000000,64.849243,64.846397
0.830000,166.000000,66.850441,66.846397
0.830000,168.000000,68.851532,68.846397
0.830000,170.000000,70.852501,70.846397
0.830000,172.000000,72.853325,72.846397
0.830000,174.000000,74.854004,74.846397
0.830000,176.000000,76.854515,76.846397
0.830000,178.000000,78.854866,78.846397
0.830000,180.000000,80.855034,80.846397
0.830000,182.000000,82.855019,82.846397
0.830000,184.000000,84.854836,84.846397
0.830000,186.000000,86.854454,86.846397
0.830000,188.000000,88.853897,88.846397
0.830000,190.000000,90.853134,90.846397
0.830000,192.000000,92.852173,92.846397
0.830000,194.000000,94.851028,94.846397
0.830000,196.000000,96.849686,96.846397
0.830000,198.000000,98.848145,98.846397
0.830000,200.000000,100.846397,100.846397
0.840000,0.000000,0.000000,0.000000
0.840000,2.000000,-0.002063,0.000000
0.840000,4.000000,-0.003944,0.000000
0.840000,6.000000,-0.005620,0.000000
0.840000,8.000000,-0.007091,0.000000
0.840000,10.000000,-0.008358,0.000000
0.840000,12.000000,-0.009421,0.000000
0.840000,14.000000,-0.010282,0.000000
0.840000,16.000000,-0.010939,0.000000
0.840000,18.000000,-0.011394,0.000000
0.840000,20.000000,-0.011646,0.000000
0.840000,22.000000,-0.011696,0.000000
0.840000,24.000000,-0.011543,0.000000
0.840000,26.000000,-0.011187,0.000000
0.840000,28.000000,-0.010628,0.000000
0.840000,30.000000,-0.009867,0.000000
0.840000,32.000000,-0.008903,0.000000
0.840000,34.000000,-0.007736,0.000000
0.840000,36.000000,-0.006366,0.000000
0.840000,38.000000,-0.004792,0.000000
0.840000,40.000000,-0.003016,0.000000
0.840000,42.000000,-0.001035,0.000000
0.840000,44.000000,0.001150,0.000000
0.840000,46.000000,0.003540,0.000000
0.840000,48.000000,0.006137,0.000000
0.840000,50.000000,0.008943,0.000000
0.840000,52.000000,0.011962,0.000000
0.840000,54.000000,0.015199,0.000000
0.840000,56.000000,0.018663,0.000000
0.840000,58.000000,0.022372,0.000000
0.840000,60.000000,0.026350,0.000000
0.840000,62.000000,0.030644,0.000000
0.840000,64.000000,0.035331,-0.000001
0.840000,66.000000,0.040549,-0.000001
0.840000,68.000000,0.046539,0.000003
0.840000,70.000000,0.053733,0.000010
0.840000,72.000000,0.062912,0.000048
0.840000,74.000000,0.075484,0.000206
0.840000,76.000000,0.093958,0.000786
0.840000,78.000000,0.122648,0.002632
0.840000,80.000000,0.168444,0.007819
0.840000,82.000000,0.241067,0.020792
0.840000,84.000000,0.352247,0.049960
0.840000,86.000000,0.514816,0.109391
0.840000,88.000000,0.743843,0.219972
0.840000,90.000000,1.058073,0.409285
0.840000,92.000000,1.477455,0.709542
0.840000,94.000000,2.019765,1.153773
0.840000,96.000000,2.699074,1.770876
0.840000,98.000000,3.524521,2.580982
0.840000,100.000000,4.508057,3.592248
0.840000,102.000000,5.664266,4.800086
0.840000,104.000000,6.990190,6.188657
0.840000,106.000000,8.461969,7.734153
0.840000,108.000000,10.051705,9.408706
0.840000,110.000000,11.735951,11.184097
0.840000,112.000000,13.495153,13.034587
0.840000,114.000000,15.313071,14.938511
0.840000,116.000000,17.176329,16.878832
0.840000,118.000000,19.074135,18.842974
0.840000,120.000000,20.998064,20.822084
0.840000,122.000000,22.941702,22.810278
0.840000,124.000000,24.900127,24.803822
0.840000,126.000000,26.869528,26.800352
0.840000,128.000000,28.846979,28.798561
0.840000,130.000000,30.830297,30.797651
0.840000,132.000000,32.817921,32.797211
0.840000,134.000000,34.808758,34.796993
0.840000,136.000000,36.802048,36.796886
0.840000,138.000000,38.797253,38.796841
0.840000,140.000000,40.793972,40.796822
0.840000,142.000000,42.791885,42.796810
0.840000,144.000000,44.790749,44.796806
0.840000,146.000000,46.790352,46.796803
0.840000,148.000000,48.790516,48.796810
0.840000,150.000000,50.791103,50.796803
0.840000,152.000000,52.791988,52.796814
0.840000,154.000000,54.793083,54.796806
0.840000,156.000000,56.794308,56.796806
0.840000,158.000000,58.795597,58.796806
0.840000,160.000000,60.796894,60.796806
0.840000,162.000000,62.798176,62.796806
0.840000,164.000000,64.799400,64.796806
0.840000,166.000000,66.800537,66.796806
0.840000,168.000000,68.801575,68.796806
0.840000,170.000000,70.802490,70.796806
0.840000,172.000000,72.803276,72.796806
0.840000,174.000000,74.803917,74.796806
0.840000,176.000000,76.804405,76.796806
0.840000,178.000000,78.804741,78.796806
0.840000,180.000000,80.804901,80.796806
0.840000,182.000000,82.804893,82.796806
0.840000,184.000000,84.804726,84.796806
0.840000,186.000000,86.804375,86.796806
0.840000,188.000000,88.803848,88.796806
0.840000,190.000000,90.803131,90.796806
0.840000,192.000000,92.802231,92.796806
0.840000,194.000000,94.801163,94.796806
0.840000,196.000000,96.799896,96.796806
0.840000,198.000000,98.798447,98.796806
0.840000,200.000000,100.796806,100.796806
0.850000,0.000000,0.000000,0.000000
0.850000,2.000000,-0.001932,0.000000
0.850000,4.000000,-0.003694,0.000000
0.850000,6.000000,-0.005263,0.000000
0.850000,8.000000,-0.006640,0.000000
0.850000,10.000000,-0.007826,0.000000
0.850000,12.000000,-0.008821,0.000000
0.850000,14.000000,-0.009626,0.000000
0.850000,16.000000,-0.010240,0.000000
0.850000,18.000000,-0.010665,0.000000
0.850000,20.000000,-0.010900,0.000000
0.850000,22.000000,-0.010944,0.000000
0.850000,24.000000,-0.010799,0.000000
0.850000,26.000000,-0.010463,0.000000
0.850000,28.000000,-0.009938,0.000000
0.850000,30.000000,-0.009222,0.000000
0.850000,32.000000,-0.008316,0.000000
0.850000,34.000000,-0.007220,0.000000
0.850000,36.000000,-0.005934,0.000000
0.850000,38.000000,-0.004457,0.000000
0.850000,40.000000,-0.002789,0.000000
0.850000,42.000000,-0.000931,0.000000
0.850000,44.000000,0.001120,0.000000
0.850000,46.000000,0.003362,0.000000
0.850000,48.000000,0.005799,0.000000
0.850000,50.000000,0.008432,0.000000
0.850000,52.000000,0.011264,0.000000
0.850000,54.000000,0.014300,0.000000
0.850000,56.000000,0.017551,0.000000
0.850000,58.000000,0.021031,0.000000
0.850000,60.000000,0.024764,0.000000
0.850000,62.000000,0.028795,0.000000
0.850000,64.000000,0.033196,0.000000
0.850000,66.000000,0.038096,-0.000000
0.850000,68.000000,0.043723,0.000001
0.850000,70.000000,0.050480,0.000006
0.850000,72.000000,0.059096,0.000024
0.850000,74.000000,0.070884,0.000119
0.850000,76.000000,0.088180,0.000486
0.850000,78.000000,0.115019,0.001749
0.850000,80.000000,0.157897,0.005541
0.850000,82.000000,0.226126,0.015585
0.850000,84.000000,0.331185,0.039332
0.850000,86.000000,0.485849,0.089873
0.850000,88.000000,0.705170,0.187488
0.850000,90.000000,1.007967,0.359934
0.850000,92.000000,1.414672,0.640681
0.850000,94.000000,1.943952,1.064971
0.850000,96.000000,2.610904,1.664369
0.850000,98.000000,3.426072,2.461442
0.850000,100.000000,4.403130,3.465882
0.850000,102.000000,5.557518,4.673399
0.850000,104.000000,6.885828,6.067267
0.850000,106.000000,8.362916,7.621996
0.850000,108.000000,9.959317,9.307766
0.850000,110.000000,11.650422,11.094643
0.850000,112.000000,13.416058,12.955585
0.850000,114.000000,15.239681,14.868225
0.850000,116.000000,17.107828,16.815319
0.850000,118.000000,19.009714,18.784384
0.850000,120.000000,20.936991,20.766901
0.850000,122.000000,22.883326,22.757351
0.850000,124.000000,24.843884,24.752285
0.850000,126.000000,26.814949,26.749678
0.850000,128.000000,28.793688,28.748375
0.850000,130.000000,30.778004,30.747742
0.850000,132.000000,32.766403,32.747433
0.850000,134.000000,34.757832,34.747303
0.850000,136.000000,36.751583,36.747238
0.850000,138.000000,38.747135,38.747204
0.850000,140.000000,40.744110,40.747200
0.850000,142.000000,42.742207,42.747192
0.850000,144.000000,44.741188,44.747200
0.850000,146.000000,46.740864,46.747196
0.850000,148.000000,48.741051,48.747189
0.850000,150.000000,50.741638,50.747200
0.850000,152.000000,52.742496,52.747192
0.850000,154.000000,54.743546,54.747192
0.850000,156.000000,56.744717,56.747192
0.850000,158.000000,58.745941,58.747192
0.850000,160.000000,60.747177,60.747192
0.850000,162.000000,62.748386,62.747192
0.850000,164.000000,64.749550,64.747192
0.850000,166.000000,66.750626,66.747192
0.850000,168.000000,68.751602,68.747192
0.850000,170.000000,70.752472,70.747192
0.850000,172.000000,72.753212,72.747192
0.850000,174.000000,74.753815,74.747192
0.850000,176.000000,76.754280,76.747192
0.850000,178.000000,78.754593,78.747192
0.850000,180.000000,80.754753,80.747192
0.850000,182.000000,82.754761,82.747192
0.850000,184.000000,84.754593,84.747192
0.850000,186.000000,86.754265,86.747192
0.850000,188.000000,88.753777,88.747192
0.850000,190.000000,90.753105,90.747192
0.850000,192.000000,92.752274,92.747192
0.850000,194.000000,94.751266,94.747192
0.850000,196.000000,96.750084,96.747192
0.850000,198.000000,98.748726,98.747192
0.850000,200.000000,100.747192,100.747192
0.860000,0.000000,0.000000,0.000000
0.860000,2.000000,-0.001802,0.000000
0.860000,4.000000,-0.003444,0.000000
0.860000,6.000000,-0.004907,0.000000
0.860000,8.000000,-0.006190,0.000000
0.860000,10.000000,-0.007295,0.000000
0.860000,12.000000,-0.008222,0.000000
0.860000,14.000000,-0.008972,0.000000
0.860000,16.000000,-0.009543,0.000000
0.860000,18.000000,-0.009938,0.000000
0.860000,20.000000,-0.010155,0.000000
0.860000,22.000000,-0.010195,0.000000
0.860000,24.000000,-0.010057,0.000000
0.860000,26.000000,-0.009742,0.000000
0.860000,28.000000,-0.009250,0.000000
0.860000,30.000000,-0.008580,0.000000
0.860000,32.000000,-0.007733,0.000000
0.860000,34.000000,-0.006709,0.000000
0.860000,36.000000,-0.005506,0.000000
0.860000,38.000000,-0.004126,0.000000
0.860000,40.000000,-0.002568,0.000000
0.860000,42.000000,-0.000831,0.000000
0.860000,44.000000,0.001084,0.000000
0.860000,46.000000,0.003179,0.000000
0.860000,48.000000,0.005455,0.000000
0.860000,50.000000,0.007914,0.000000
0.860000,52.000000,0.010559,0.000000
0.860000,54.000000,0.013396,0.000000
0.860000,56.000000,0.016433,0.000000
0.860000,58.000000,0.019684,0.000000
0.860000,60.000000,0.023172,0.000000
0.860000,62.000000,0.026940,0.000000
0.860000,64.000000,0.031056,0.000000
0.860000,66.000000,0.035641,-0.000001
0.860000,68.000000,0.040908,0.000000
0.860000,70.000000,0.047235,0.000001
0.860000,72.000000,0.055303,0.000012
0.860000,74.000000,0.066330,0.000063
0.860000,76.000000,0.082493,0.000281
0.860000,78.000000,0.107555,0.001104
0.860000,80.000000,0.147624,0.003758
0.860000,82.000000,0.211588,0.011272
0.860000,84.000000,0.310635,0.030086
0.860000,86.000000,0.457450,0.072161
0.860000,88.000000,0.667055,0.156953
0.860000,90.000000,0.958320,0.312199
0.860000,92.000000,1.352144,0.572557
0.860000,94.000000,1.868088,0.975609
0.860000,96.000000,2.522364,1.555935
0.860000,98.000000,3.327051,2.338922
0.860000,100.000000,4.297577,3.336078
0.860000,102.000000,5.450132,4.543482
0.860000,104.000000,6.780811,5.943389
0.860000,106.000000,8.263239,7.508387
0.860000,108.000000,9.866408,9.206404
0.860000,110.000000,11.564523,11.005570
0.860000,112.000000,13.336736,12.877476
0.860000,114.000000,15.166188,14.799047
0.860000,116.000000,17.039310,16.752880
0.860000,118.000000,18.945341,18.726734
0.860000,120.000000,20.875999,20.712463
0.860000,122.000000,22.825045,22.704933
0.860000,124.000000,24.787739,24.701103
0.860000,126.000000,26.760468,26.699215
0.860000,128.000000,28.740488,28.698311
0.860000,130.000000,30.725794,30.697889
0.860000,132.000000,32.714954,32.697701
0.860000,134.000000,34.706970,34.697617
0.860000,136.000000,36.701172,36.697571
0.860000,138.000000,38.697063,38.697571
0.860000,140.000000,40.694290,40.697556
0.860000,142.000000,42.692562,42.697559
0.860000,144.000000,44.691650,44.697559
0.860000,146.000000,46.691387,46.697552
0.860000,148.000000,48.691601,48.697563
0.860000,150.000000,50.692177,50.697556
0.860000,152.000000,52.693008,52.697556
0.860000,154.000000,54.694008,54.697556
0.860000,156.000000,56.695122,56.697556
0.860000,158.000000,58.696278,58.697556
0.860000,160.000000,60.697445,60.697556
0.860000,162.000000,62.698589,62.697556
0.860000,164.000000,64.699684,64.697556
0.860000,166.000000,66.700691,66.697556
0.860000,168.000000,68.701614,68.697556
0.860000,170.000000,70.702431,70.697556
0.860000,172.000000,72.703133,72.697556
0.860000,174.000000,74.703697,74.697556
0.860000,176.000000,76.704132,76.697556
0.860000,178.000000,78.704437,78.697556
0.860000,180.000000,80.704590,80.697556
0.860000,182.000000,82.704590,82.697556
0.860000,184.000000,84.704445,84.697556
0.860000,186.000000,86.704140,86.697556
0.860000,188.000000,88.703682,88.697556
0.860000,190.000000,90.703064,90.697556
0.860000,192.000000,92.702293,92.697556
0.860000,194.000000,94.701347,94.697556
0.860000,196.000000,96.700249,96.697556
0.860000,198.000000,98.698990,98.697556
0.860000,200.000000,100.697556,100.697556
0.870000,0.000000,0.000000,0.000000
0.870000,2.000000,-0.001671,0.000000
0.870000,4.000000,-0.003195,0.000000
0.870000,6.000000,-0.004552,0.000000
0.870000,8.000000,-0.005742,0.000000
0.870000,10.000000,-0.006766,0.000000
0.870000,12.000000,-0.007625,0.000000
0.870000,14.000000,-0.008319,0.000000
0.870000,16.000000,-0.008849,0.000000
0.870000,18.000000,-0.009214,0.000000
0.870000,20.000000,-0.009414,0.000000
0.870000,22.000000,-0.009449,0.000000
0.870000,24.000000,-0.009320,0.000000
0.870000,26.000000,-0.009026,0.000000
0.870000,28.000000,-0.008567,0.000000
0.870000,30.000000,-0.007944,0.000000
0.870000,32.000000,-0.007155,0.000000
0.870000,34.000000,-0.006202,0.000000
0.870000,36.000000,-0.005084,0.000000
0.870000,38.000000,-0.003801,0.000000
0.870000,40.000000,-0.002353,0.000000
0.870000,42.000000,-0.000739,0.000000
0.870000,44.000000,0.001042,0.000000
0.870000,46.000000,0.002989,0.000000
0.870000,48.000000,0.005104,0.000000
0.870000,50.000000,0.007389,0.000000
0.870000,52.000000,0.009847,0.000000
0.870000,54.000000,0.012484,0.000000
0.870000,56.000000,0.015306,0.000000
0.870000,58.000000,0.018328,0.000000
0.870000,60.000000,0.021573,0.000000
0.870000,62.000000,0.025078,0.000000
0.870000,64.000000,0.028909,0.000000
0.870000,66.000000,0.033180,0.000000
0.870000,68.000000,0.038091,0.000000
0.870000,70.000000,0.043996,-0.000000
0.870000,72.000000,0.051526,0.000007
0.870000,74.000000,0.061818,0.000030
0.870000,76.000000,0.076890,0.000153
0.870000,78.000000,0.100246,0.000653
0.870000,80.000000,0.137612,0.002418
0.870000,82.000000,0.197440,0.007807
0.870000,84.000000,0.290589,0.022221
0.870000,86.000000,0.429619,0.056355
0.870000,88.000000,0.629500,0.128573
0.870000,90.000000,0.909139,0.266346
0.870000,92.000000,1.289873,0.505390
0.870000,94.000000,1.792176,0.885766
0.870000,96.000000,2.433461,1.445458
0.870000,98.000000,3.227480,2.213118
0.870000,100.000000,4.191429,3.202457
0.870000,102.000000,5.342134,4.409995
0.870000,104.000000,6.675152,5.816844
0.870000,106.000000,8.162935,7.393284
0.870000,108.000000,9.772967,9.104724
0.870000,110.000000,11.478233,10.917054
0.870000,112.000000,13.257172,12.800439
0.870000,114.000000,15.092575,14.731107
0.870000,116.000000,16.970766,16.691629
0.870000,118.000000,18.881001,18.670063
0.870000,120.000000,20.815081,20.658743
0.870000,122.000000,22.766855,22.653025
0.870000,124.000000,24.731691,24.650244
0.870000,126.000000,26.706076,26.648930
0.870000,128.000000,28.687374,28.648331
0.870000,130.000000,30.673658,30.648079
0.870000,132.000000,32.663570,32.647961
0.870000,134.000000,34.656174,34.647919
0.870000,136.000000,36.650814,36.647896
0.870000,138.000000,38.647038,38.647896
0.870000,140.000000,40.644501,40.647892
0.870000,142.000000,42.642937,42.647892
0.870000,144.000000,44.642136,44.647888
0.870000,146.000000,46.641926,46.647896
0.870000,148.000000,48.642159,48.647888
0.870000,150.000000,50.642719,50.647888
0.870000,152.000000,52.643513,52.647888
0.870000,154.000000,54.644466,54.647888
0.870000,156.000000,56.645512,56.647888
0.870000,158.000000,58.646606,58.647888
0.870000,160.000000,60.647701,60.647888
0.870000,162.000000,62.648769,62.647888
0.870000,164.000000,64.649788,64.647888
0.870000,166.000000,66.650749,66.647888
0.870000,168.000000,68.651604,68.647888
0.870000,170.000000,70.652367,70.647888
0.870000,172.000000,72.653023,72.647888
0.870000,174.000000,74.653557,74.647888
0.870000,176.000000,76.653969,76.647888
0.870000,178.000000,78.654251,78.647888
0.870000,180.000000,80.654396,80.647888
0.870000,182.000000,82.654396,82.647888
0.870000,184.000000,84.654266,84.647888
0.870000,186.000000,86.653992,86.647888
0.870000,188.000000,88.653564,88.647888
0.870000,190.000000,90.652992,90.647888
0.870000,192.000000,92.652275,92.647888
0.870000,194.000000,94.651405,94.647888
0.870000,196.000000,96.650391,96.647888
0.870000,198.000000,98.649216,98.647888
0.870000,200.000000,100.647888,100.647888
0.880000,0.000000,0.000000,0.000000
0.880000,2.000000,-0.001541,0.000000
0.880000,4.000000,-0.002946,0.000000
0.880000,6.000000,-0.004197,0.000000
0.880000,8.000000,-0.005294,0.000000
0.880000,10.000000,-0.006238,0.000000
0.880000,12.000000,-0.007029,0.000000
0.880000,14.000000,-0.007668,0.000000
0.880000,16.000000,-0.008156,0.000000
0.880000,18.000000,-0.008491,0.000000
0.880000,20.000000,-0.008674,0.000000
0.880000,22.000000,-0.008705,0.000000
0.880000,24.000000,-0.008584,0.000000
0.880000,26.000000,-0.008311,0.000000
0.880000,28.000000,-0.007886,0.000000
0.880000,30.000000,-0.007309,0.000000
0.880000,32.000000,-0.006580,0.000000
0.880000,34.000000,-0.005698,0.000000
0.880000,36.000000,-0.004665,0.000000
0.880000,38.000000,-0.003479,0.000000
0.880000,40.000000,-0.002140,0.000000
0.880000,42.000000,-0.000649,0.000000
0.880000,44.000000,0.000996,0.000000
0.880000,46.000000,0.002795,0.000000
0.880000,48.000000,0.004749,0.000000
0.880000,50.000000,0.006860,0.000000
0.880000,52.000000,0.009132,0.000000
0.880000,54.000000,0.011567,0.000000
0.880000,56.000000,0.014176,0.000000
0.880000,58.000000,0.016969,0.000000
0.880000,60.000000,0.019969,0.000000
0.880000,62.000000,0.023212,0.000000
0.880000,64.000000,0.026760,0.000000
0.880000,66.000000,0.030719,0.000000
0.880000,68.000000,0.035278,-0.000001
0.880000,70.000000,0.040766,-0.000001
0.880000,72.000000,0.047772,0.000001
0.880000,74.000000,0.057350,0.000013
0.880000,76.000000,0.071372,0.000074
0.880000,78.000000,0.093090,0.000357
0.880000,80.000000,0.127856,0.001459
0.880000,82.000000,0.183677,0.005125
0.880000,84.000000,0.271049,0.015721
0.880000,86.000000,0.402363,0.042533
0.880000,88.000000,0.592519,0.102566
0.880000,90.000000,0.860439,0.222684
0.880000,92.000000,1.227876,0.439469
0.880000,94.000000,1.716229,0.795582
0.880000,96.000000,2.344215,1.332811
0.880000,98.000000,3.127393,2.083691
0.880000,100.000000,4.084726,3.064559
0.880000,102.000000,5.233564,4.272570
0.880000,104.000000,6.568882,5.687416
0.880000,106.000000,8.062017,7.276721
0.880000,108.000000,9.678994,9.002889
0.880000,110.000000,11.391547,10.829352
0.880000,112.000000,13.177356,12.724716
0.880000,114.000000,15.018840,14.664614
0.880000,116.000000,16.902195,16.631664
0.880000,118.000000,18.816700,18.614418
0.880000,120.000000,20.754236,20.605762
0.880000,122.000000,22.708757,22.601601
0.880000,124.000000,24.675739,24.599686
0.880000,126.000000,26.651781,26.598820
0.880000,128.000000,28.634350,28.598442
0.880000,130.000000,30.621609,30.598303
0.880000,132.000000,32.612270,32.598248
0.880000,134.000000,34.605442,34.598225
0.880000,136.000000,36.600517,36.598217
0.880000,138.000000,38.597061,38.598206
0.880000,140.000000,40.594757,40.598202
0.880000,142.000000,42.593349,42.598206
0.880000,144.000000,44.592648,44.598213
0.880000,146.000000,46.592487,46.598206
0.880000,148.000000,48.592728,48.598206
0.880000,150.000000,50.593273,50.598206
0.880000,152.000000,52.594028,52.598206
0.880000,154.000000,54.594925,54.598206
0.880000,156.000000,56.595905,56.598206
0.880000,158.000000,58.596931,58.598206
0.880000,160.000000,60.597954,60.598206
0.880000,162.000000,62.598949,62.598206
0.880000,164.000000,64.599907,64.598206
0.880000,166.000000,66.600792,66.598206
0.880000,168.000000,68.601593,68.598206
0.880000,170.000000,70.602303,70.598206
0.880000,172.000000,72.602905,72.598206
0.880000,174.000000,74.603409,74.598206
0.880000,176.000000,76.603790,76.598206
0.880000,178.000000,78.604050,78.598206
0.880000,180.000000,80.604187,80.598206
0.880000,182.000000,82.604195,82.598206
0.880000,184.000000,84.604073,84.598206
0.880000,186.000000,86.603821,86.598206
0.880000,188.000000,88.603439,88.598206
0.880000,190.000000,90.602913,90.598206
0.880000,192.000000,92.602249,92.598206
0.880000,194.000000,94.601448,94.598206
0.880000,196.000000,96.600510,96.598206
0.880000,198.000000,98.599426,98.598206
0.880000,200.000000,100.598206,100.598206
0.890000,0.000000,0.000000,0.000000
0.890000,2.000000,-0.001411,0.000000
0.890000,4.000000,-0.002698,0.000000
0.890000,6.000000,-0.003843,0.000000
0.890000,8.000000,-0.004847,0.000000
0.890000,10.000000,-0.005711,0.000000
0.890000,12.000000,-0.006436,0.000000
0.890000,14.000000,-0.007020,0.000000
0.890000,16.000000,-0.007465,0.000000
0.890000,18.000000,-0.007771,0.000000
0.890000,20.000000,-0.007938,0.000000
0.890000,22.000000,-0.007965,0.000000
0.890000,24.000000,-0.007853,0.000000
0.890000,26.000000,-0.007601,0.000000
0.890000,28.000000,-0.007210,0.000000
0.890000,30.000000,-0.006680,0.000000
0.890000,32.000000,-0.006010,0.000000
0.890000,34.000000,-0.005201,0.000000
0.890000,36.000000,-0.004252,0.000000
0.890000,38.000000,-0.003164,0.000000
0.890000,40.000000,-0.001936,0.000000
0.890000,42.000000,-0.000567,0.000000
0.890000,44.000000,0.000942,0.000000
0.890000,46.000000,0.002593,0.000000
0.890000,48.000000,0.004385,0.000000
0.890000,50.000000,0.006322,0.000000
0.890000,52.000000,0.008406,0.000000
0.890000,54.000000,0.010641,0.000000
0.890000,56.000000,0.013035,0.000000
0.890000,58.000000,0.015599,0.000000
0.890000,60.000000,0.018355,0.000000
0.890000,62.000000,0.021336,0.000000
0.890000,64.000000,0.024601,0.000000
0.890000,66.000000,0.028250,0.000000
0.890000,68.000000,0.032459,0.000000
0.890000,70.000000,0.037537,-0.000002
0.890000,72.000000,0.044029,-0.000000
0.890000,74.000000,0.052914,0.000004
0.890000,76.000000,0.065924,0.000033
0.890000,78.000000,0.086070,0.000177
0.890000,80.000000,0.118338,0.000808
0.890000,82.000000,0.170280,0.003144
0.890000,84.000000,0.251998,0.010538
0.890000,86.000000,0.375672,0.030760
0.890000,88.000000,0.556106,0.079155
0.890000,90.000000,0.812217,0.181573
0.890000,92.000000,1.166148,0.375143
0.890000,94.000000,1.640244,0.705208
0.890000,96.000000,2.254631,1.217856
0.890000,98.000000,3.026806,1.950207
0.890000,100.000000,3.977493,2.921849
0.890000,102.000000,5.124441,4.130727
0.890000,104.000000,6.462006,5.554886
0.890000,106.000000,7.960479,7.158717
0.890000,108.000000,9.584469,8.901122
0.890000,110.000000,11.304439,10.742748
0.890000,112.000000,13.097263,12.650561
0.890000,114.000000,14.944956,14.599695
0.890000,116.000000,16.833572,16.573036
0.890000,118.000000,18.752415,18.559755
0.890000,120.000000,20.693447,20.553448
0.890000,122.000000,22.650734,22.550568
0.890000,124.000000,24.619869,24.549332
0.890000,126.000000,26.597567,26.548819
0.890000,128.000000,28.581400,28.548607
0.890000,130.000000,30.569626,30.548531
0.890000,132.000000,32.561024,32.548504
0.890000,134.000000,34.554760,34.548489
0.890000,136.000000,36.550262,36.548492
0.890000,138.000000,38.547123,38.548481
0.890000,140.000000,40.545040,40.548485
0.890000,142.000000,42.543785,42.548492
0.890000,144.000000,44.543167,44.548485
0.890000,146.000000,46.543053,46.548485
0.890000,148.000000,48.543301,48.548485
0.890000,150.000000,50.543819,50.548485
0.890000,152.000000,52.544529,52.548485
0.890000,154.000000,54.545368,54.548485
0.890000,156.000000,56.546288,56.548485
0.890000,158.000000,58.547237,58.548485
0.890000,160.000000,60.548183,60.548485
0.890000,162.000000,62.549107,62.548485
0.890000,164.000000,64.549988,64.548485
0.890000,166.000000,66.550804,66.548485
0.890000,168.000000,68.551544,68.548485
0.890000,170.000000,70.552200,70.548485
0.890000,172.000000,72.552757,72.548485
0.890000,174.000000,74.553223,74.548485
0.890000,176.000000,76.553574,76.548485
0.890000,178.000000,78.553818,78.548485
0.890000,180.000000,80.553947,80.548485
0.890000,182.000000,82.553963,82.548485
0.890000,184.000000,84.553856,84.548485
0.890000,186.000000,86.553627,86.548485
0.890000,188.000000,88.553268,88.548485
0.890000,190.000000,90.552788,90.548485
0.890000,192.000000,92.552177,92.548485
0.890000,194.000000,94.551445,94.548485
0.890000,196.000000,96.550591,96.548485
0.890000,198.000000,98.549599,98.548485
0.890000,200.000000,100.548485,100.548485
0.900000,0.000000,0.000000,0.000000
0.900000,2.000000,-0.001282,0.000000
0.900000,4.000000,-0.002450,0.000000
0.900000,6.000000,-0.003489,0.000000
0.900000,8.000000,-0.004401,0.000000
0.900000,10.000000,-0.005185,0.000000
0.900000,12.000000,-0.005842,0.000000
0.900000,14.000000,-0.006372,0.000000
0.900000,16.000000,-0.006776,0.000000
0.900000,18.000000,-0.007053,0.000000
0.900000,20.000000,-0.007203,0.000000
0.900000,22.000000,-0.007226,0.000000
0.900000,24.000000,-0.007123,0.000000
0.900000,26.000000,-0.006893,0.000000
0.900000,28.000000,-0.006536,0.000000
0.900000,30.000000,-0.006053,0.000000
0.900000,32.000000,-0.005442,0.000000
0.900000,34.000000,-0.004705,0.000000
0.900000,36.000000,-0.003842,0.000000
0.900000,38.000000,-0.002851,0.000000
0.900000,40.000000,-0.001733,0.000000
0.900000,42.000000,-0.000487,0.000000
0.900000,44.000000,0.000886,0.000000
0.900000,46.000000,0.002388,0.000000
0.900000,48.000000,0.004020,0.000000
0.900000,50.000000,0.005782,0.000000
0.900000,52.000000,0.007678,0.000000
0.900000,54.000000,0.009713,0.000000
0.900000,56.000000,0.011892,0.000000
0.900000,58.000000,0.014228,0.000000
0.900000,60.000000,0.016740,0.000000
0.900000,62.000000,0.019459,0.000000
0.900000,64.000000,0.022442,0.000000
0.900000,66.000000,0.025783,0.000000
0.900000,68.000000,0.029646,0.000000
0.900000,70.000000,0.034318,0.000002
0.900000,72.000000,0.040308,0.000001
0.900000,74.000000,0.048520,0.000002
0.900000,76.000000,0.060554,0.000014
0.900000,78.000000,0.079191,0.000077
0.900000,80.000000,0.109059,0.000404
0.900000,82.000000,0.157250,0.001770
0.900000,84.000000,0.233443,0.006589
0.900000,86.000000,0.349561,0.021062
0.900000,88.000000,0.520280,0.058568
0.900000,90.000000,0.764494,0.143423
0.900000,92.000000,1.104711,0.312891
0.900000,94.000000,1.564244,0.614916
0.900000,96.000000,2.164739,1.100464
0.900000,98.000000,2.925762,1.812173
0.900000,100.000000,3.869777,2.773650
0.900000,102.000000,5.014811,3.983925
0.900000,104.000000,6.354563,5.418999
0.900000,106.000000,7.858343,7.039354
0.900000,108.000000,9.489402,8.799742
0.900000,110.000000,11.216912,10.657613
0.900000,112.000000,13.016896,12.578293
0.900000,114.000000,14.870927,14.536567
0.900000,116.000000,16.764908,16.515852
0.900000,118.000000,18.688154,18.506109
0.900000,120.000000,20.632725,20.501772
0.900000,122.000000,22.592798,22.499941
0.900000,124.000000,24.564095,24.499203
0.900000,126.000000,26.543447,26.498915
0.900000,128.000000,28.528543,28.498810
0.900000,130.000000,30.517729,30.498774
0.900000,132.000000,32.509857,32.498756
0.900000,134.000000,34.504150,34.498756
0.900000,136.000000,36.500069,36.498753
0.900000,138.000000,38.497234,38.498756
0.900000,140.000000,40.495369,40.498756
0.900000,142.000000,42.494255,42.498756
0.900000,144.000000,44.493721,44.498756
0.900000,146.000000,46.493645,46.498756
0.900000,148.000000,48.493889,48.498756
0.900000,150.000000,50.494389,50.498756
0.900000,152.000000,52.495049,52.498756
0.900000,154.000000,54.495823,54.498756
0.900000,156.000000,56.496674,56.498756
0.900000,158.000000,58.497543,58.498756
0.900000,160.000000,60.498417,60.498756
0.900000,162.000000,62.499264,62.498756
0.900000,164.000000,64.500069,64.498756
0.900000,166.000000,66.500824,66.498756
0.900000,168.000000,68.501495,68.498756
0.900000,170.000000,70.502098,70.498756
0.900000,172.000000,72.502617,72.498756
0.900000,174.000000,74.503036,74.498756
0.900000,176.000000,76.503357,76.498756
0.900000,178.000000,78.503586,78.498756
0.900000,180.000000,80.503708,80.498756
0.900000,182.000000,82.503716,82.498756
0.900000,184.000000,84.503616,84.498756
0.900000,186.000000,86.503410,86.498756
0.900000,188.000000,88.503098,88.498756
0.900000,190.000000,90.502655,90.498756
0.900000,192.000000,92.502113,92.498756
0.900000,194.000000,94.501450,94.498756
0.900000,196.000000,96.500671,96.498756
0.900000,198.000000,98.499771,98.498756
0.900000,200.000000,100.498756,100.498756
0.910000,0.000000,0.000000,0.000000
0.910000,2.000000,-0.001152,0.000000
0.910000,4.000000,-0.002202,0.000000
0.910000,6.000000,-0.003137,0.000000
0.910000,8.000000,-0.003957,0.000000
0.910000,10.000000,-0.004661,0.000000
0.910000,12.000000,-0.005251,0.000000
0.910000,14.000000,-0.005727,0.000000
0.910000,16.000000,-0.006089,0.000000
0.910000,18.000000,-0.006337,0.000000
0.910000,20.000000,-0.006471,0.000000
0.910000,22.000000,-0.006491,0.000000
0.910000,24.000000,-0.006397,0.000000
0.910000,26.000000,-0.006189,0.000000
0.910000,28.000000,-0.005867,0.000000
0.910000,30.000000,-0.005431,0.000000
0.910000,32.000000,-0.004880,0.000000
0.910000,34.000000,-0.004216,0.000000
0.910000,36.000000,-0.003437,0.000000
0.910000,38.000000,-0.002545,0.000000
0.910000,40.000000,-0.001537,0.000000
0.910000,42.000000,-0.000415,0.000000
0.910000,44.000000,0.000822,0.000000
0.910000,46.000000,0.002175,0.000000
0.910000,48.000000,0.003645,0.000000
0.910000,50.000000,0.005233,0.000000
0.910000,52.000000,0.006941,0.000000
0.910000,54.000000,0.008774,0.000000
0.910000,56.000000,0.010739,0.000000
0.910000,58.000000,0.012846,0.000000
0.910000,60.000000,0.015113,0.000000
0.910000,62.000000,0.017572,0.000000
0.910000,64.000000,0.020274,0.000000
0.910000,66.000000,0.023307,0.000000
0.910000,68.000000,0.026826,0.000000
0.910000,70.000000,0.031099,0.000000
0.910000,72.000000,0.036597,-0.000001
0.910000,74.000000,0.044155,0.000000
0.910000,76.000000,0.055247,0.000005
0.910000,78.000000,0.072434,0.000028
0.910000,80.000000,0.099996,0.000175
0.910000,82.000000,0.144564,0.000888
0.910000,84.000000,0.215362,0.003762
0.910000,86.000000,0.324013,0.013425
0.910000,88.000000,0.485031,0.041021
0.910000,90.000000,0.717263,0.108731
0.910000,92.000000,1.043559,0.253283
0.910000,94.000000,1.488224,0.525071
0.910000,96.000000,2.074541,0.980515
0.910000,98.000000,2.824275,1.668956
0.910000,100.000000,3.761598,2.619122
0.910000,102.000000,4.904688,3.831460
0.910000,104.000000,6.246557,5.279474
0.910000,106.000000,7.755600,6.918803
0.910000,108.000000,9.393771,8.699145
0.910000,110.000000,11.128937,10.574384
0.910000,112.000000,12.936222,12.508213
0.910000,114.000000,14.796721,14.475367
0.910000,116.000000,16.696171,16.460091
0.910000,118.000000,18.623894,18.453409
0.910000,120.000000,20.572044,20.450657
0.910000,122.000000,22.534929,22.449585
0.910000,124.000000,24.508392,24.449194
0.910000,126.000000,26.489401,26.449059
0.910000,128.000000,28.475754,28.449005
0.910000,130.000000,30.465893,30.448990
0.910000,132.000000,32.458748,32.448994
0.910000,134.000000,34.453587,34.448978
0.910000,136.000000,36.449913,36.448990
0.910000,138.000000,38.447376,38.448990
0.910000,140.000000,40.445721,40.448990
0.910000,142.000000,42.444744,42.448990
0.910000,144.000000,44.444286,44.448990
0.910000,146.000000,46.444237,46.448990
0.910000,148.000000,48.444477,48.448990
0.910000,150.000000,50.444942,50.448990
0.910000,152.000000,52.445557,52.448990
0.910000,154.000000,54.446266,54.448990
0.910000,156.000000,56.447041,56.448990
0.910000,158.000000,58.447838,58.448990
0.910000,160.000000,60.448627,60.448990
0.910000,162.000000,62.449398,62.448990
0.910000,164.000000,64.450127,64.448990
0.910000,166.000000,66.450806,66.448990
0.910000,168.000000,68.451424,68.448990
0.910000,170.000000,70.451973,70.448990
0.910000,172.000000,72.452431,72.448990
0.910000,174.000000,74.452820,74.448990
0.910000,176.000000,76.453110,76.448990
0.910000,178.000000,78.453316,78.448990
0.910000,180.000000,80.453423,80.448990
0.910000,182.000000,82.453445,82.448990
0.910000,184.000000,84.453354,84.448990
0.910000,186.000000,86.453171,86.448990
0.910000,188.000000,88.452881,88.448990
0.910000,190.000000,90.452492,90.448990
0.910000,192.000000,92.452003,92.448990
0.910000,194.000000,94.451408,94.448990
0.910000,196.000000,96.450706,96.448990
0.910000,198.000000,98.449905,98.448990
0.910000,200.000000,100.448990,100.448990
0.920000,0.000000,0.000000,0.000000
0.920000,2.000000,-0.001023,0.000000
0.920000,4.000000,-0.001956,0.000000
0.920000,6.000000,-0.002786,0.000000
0.920000,8.000000,-0.003513,0.000000
0.920000,10.000000,-0.004138,0.000000
0.920000,12.000000,-0.004662,0.000000
0.920000,14.000000,-0.005084,0.000000
0.920000,16.000000,-0.005405,0.000000
0.920000,18.000000,-0.005624,0.000000
0.920000,20.000000,-0.005742,0.000000
0.920000,22.000000,-0.005759,0.000000
0.920000,24.000000,-0.005674,0.000000
0.920000,26.000000,-0.005488,0.000000
0.920000,28.000000,-0.005201,0.000000
0.920000,30.000000,-0.004812,0.000000
0.920000,32.000000,-0.004322,0.000000
0.920000,34.000000,-0.003731,0.000000
0.920000,36.000000,-0.003038,0.000000
0.920000,38.000000,-0.002243,0.000000
0.920000,40.000000,-0.001346,0.000000
0.920000,42.000000,-0.000348,0.000000
0.920000,44.000000,0.000753,0.000000
0.920000,46.000000,0.001957,0.000000
0.920000,48.000000,0.003264,0.000000
0.920000,50.000000,0.004677,0.000000
0.920000,52.000000,0.006198,0.000000
0.920000,54.000000,0.007830,0.000000
0.920000,56.000000,0.009580,0.000000
0.920000,58.000000,0.011458,0.000000
0.920000,60.000000,0.013481,0.000000
0.920000,62.000000,0.015679,0.000000
0.920000,64.000000,0.018100,0.000000
0.920000,66.000000,0.020828,0.000000
0.920000,68.000000,0.024006,0.000000
0.920000,70.000000,0.027883,0.000000
0.920000,72.000000,0.032898,0.000000
0.920000,74.000000,0.039820,0.000001
0.920000,76.000000,0.050003,0.000003
0.920000,78.000000,0.065798,0.000006
0.920000,80.000000,0.091146,0.000063
0.920000,82.000000,0.132217,0.000383
0.920000,84.000000,0.197754,0.001897
0.920000,86.000000,0.299032,0.007772
0.920000,88.000000,0.450371,0.026690
0.920000,90.000000,0.670538,0.078022
0.920000,92.000000,0.982707,0.197070
0.920000,94.000000,1.412202,0.436210
0.920000,96.000000,1.984066,0.857931
0.920000,98.000000,2.722384,1.519791
0.920000,100.000000,3.652996,2.457177
0.920000,102.000000,4.794110,3.672488
0.920000,104.000000,6.138020,5.136055
0.920000,106.000000,7.652267,6.797338
0.920000,108.000000,9.297582,8.599912
0.920000,110.000000,11.040509,10.493615
0.920000,112.000000,12.855235,12.440683
0.920000,114.000000,14.722337,14.416248
0.920000,116.000000,16.627359,16.405769
0.920000,118.000000,18.559631,18.401566
0.920000,120.000000,20.511410,20.400005
0.920000,122.000000,22.477127,22.399464
0.920000,124.000000,24.452768,24.399277
0.920000,126.000000,26.435432,26.399221
0.920000,128.000000,28.423038,28.399200
0.920000,130.000000,30.414129,30.399206
0.920000,132.000000,32.407703,32.399208
0.920000,134.000000,34.403080,34.399208
0.920000,136.000000,36.399811,36.399200
0.920000,138.000000,38.397560,38.399200
0.920000,140.000000,40.396107,40.399200
0.920000,142.000000,42.395256,42.399200
0.920000,144.000000,44.394871,44.399200
0.920000,146.000000,46.394844,46.399200
0.920000,148.000000,48.395077,48.399200
0.920000,150.000000,50.395504,50.399200
0.920000,152.000000,52.396061,52.399200
0.920000,154.000000,54.396706,54.399200
0.920000,156.000000,56.397400,56.399200
0.920000,158.000000,58.398117,58.399200
0.920000,160.000000,60.398827,60.399200
0.920000,162.000000,62.399517,62.399200
0.920000,164.000000,64.400177,64.399200
0.920000,166.000000,66.400780,66.399200
0.920000,168.000000,68.401329,68.399200
0.920000,170.000000,70.401817,70.399200
0.920000,172.000000,72.402237,72.399200
0.920000,174.000000,74.402580,74.399200
0.920000,176.000000,76.402847,76.399200
0.920000,178.000000,78.403030,78.399200
0.920000,180.000000,80.403130,80.399200
0.920000,182.000000,82.403145,82.399200
0.920000,184.000000,84.403069,84.399200
0.920000,186.000000,86.402908,86.399200
0.920000,188.000000,88.402657,88.399200
0.920000,190.000000,90.402313,90.399200
0.920000,192.000000,92.401871,92.399200
0.920000,194.000000,94.401344,94.399200
0.920000,196.000000,96.400726,96.399200
0.920000,198.000000,98.400009,98.399200
0.920000,200.000000,100.399200,100.399200
0.930000,0.000000,0.000000,0.000000
0.930000,2.000000,-0.000894,0.000000
0.930000,4.000000,-0.001709,0.000000
0.930000,6.000000,-0.002435,0.000000
0.930000,8.000000,-0.003070,0.000000
0.930000,10.000000,-0.003616,0.000000
0.930000,12.000000,-0.004074,0.000000
0.930000,14.000000,-0.004442,0.000000
0.930000,16.000000,-0.004722,0.000000
0.930000,18.000000,-0.004913,0.000000
0.930000,20.000000,-0.005015,0.000000
0.930000,22.000000,-0.005029,0.000000
0.930000,24.000000,-0.004954,0.000000
0.930000,26.000000,-0.004791,0.000000
0.930000,28.000000,-0.004538,0.000000
0.930000,30.000000,-0.004197,0.000000
0.930000,32.000000,-0.003768,0.000000
0.930000,34.000000,-0.003249,0.000000
0.930000,36.000000,-0.002642,0.000000
0.930000,38.000000,-0.001946,0.000000
0.930000,40.000000,-0.001160,0.000000
0.930000,42.000000,-0.000286,0.000000
0.930000,44.000000,0.000679,0.000000
0.930000,46.000000,0.001733,0.000000
0.930000,48.000000,0.002879,0.000000
0.930000,50.000000,0.004116,0.000000
0.930000,52.000000,0.005449,0.000000
0.930000,54.000000,0.006880,0.000000
0.930000,56.000000,0.008415,0.000000
0.930000,58.000000,0.010064,0.000000
0.930000,60.000000,0.011843,0.000000
0.930000,62.000000,0.013780,0.000000
0.930000,64.000000,0.015921,0.000000
0.930000,66.000000,0.018344,0.000000
0.930000,68.000000,0.021183,0.000000
0.930000,70.000000,0.024671,0.000000
0.930000,72.000000,0.029212,0.000000
0.930000,74.000000,0.035514,0.000000
0.930000,76.000000,0.044819,0.000002
0.930000,78.000000,0.059277,0.000002
0.930000,80.000000,0.082499,0.000018
0.930000,82.000000,0.120197,0.000131
0.930000,84.000000,0.180608,0.000806
0.930000,86.000000,0.274617,0.003931
0.930000,88.000000,0.416301,0.015666
0.930000,90.000000,0.624324,0.051886
0.930000,92.000000,0.922162,0.145223
0.930000,94.000000,1.336189,0.349129
0.930000,96.000000,1.893334,0.732691
0.930000,98.000000,2.620118,1.363697
0.930000,100.000000,3.544003,2.286371
0.930000,102.000000,4.683105,3.505908
0.930000,104.000000,6.028970,4.988458
0.930000,106.000000,7.548356,6.675442
0.930000,108.000000,9.200828,8.502841
0.930000,110.000000,10.951618,10.416009
0.930000,112.000000,12.773921,12.376101
0.930000,114.000000,14.647758,14.359292
0.930000,116.000000,16.558458,16.352787
0.930000,118.000000,18.495358,18.350468
0.930000,120.000000,20.450809,20.349710
0.930000,122.000000,22.419384,22.349482
0.930000,124.000000,24.397217,24.349415
0.930000,126.000000,26.381540,26.349403
0.930000,128.000000,28.370399,28.349396
0.930000,130.000000,30.362434,30.349388
0.930000,132.000000,32.356716,32.349388
0.930000,134.000000,34.352631,34.349388
0.930000,136.000000,36.349751,36.349388
0.930000,138.000000,38.347786,38.349388
0.930000,140.000000,40.346523,40.349388
0.930000,142.000000,42.345795,42.349388
0.930000,144.000000,44.345470,44.349388
0.930000,146.000000,46.345467,46.349388
0.930000,148.000000,48.345684,48.349388
0.930000,150.000000,50.346066,50.349388
0.930000,152.000000,52.346565,52.349388
0.930000,154.000000,54.347137,54.349388
0.930000,156.000000,56.347759,56.349388
0.930000,158.000000,58.348392,58.349388
0.930000,160.000000,60.349018,60.349388
0.930000,162.000000,62.349628,62.349388
0.930000,164.000000,64.350204,64.349388
0.930000,166.000000,66.350739,66.349388
0.930000,168.000000,68.351227,68.349388
0.930000,170.000000,70.351662,70.349388
0.930000,172.000000,72.352028,72.349388
0.930000,174.000000,74.352333,74.349388
0.930000,176.000000,76.352562,76.349388
0.930000,178.000000,78.352730,78.349388
0.930000,180.000000,80.352806,80.349388
0.930000,182.000000,82.352821,82.349388
0.930000,184.000000,84.352760,84.349388
0.930000,186.000000,86.352623,86.349388
0.930000,188.000000,88.352402,88.349388
0.930000,190.000000,90.352104,90.349388
0.930000,192.000000,92.351723,92.349388
0.930000,194.000000,94.351265,94.349388
0.930000,196.000000,96.350716,96.349388
0.930000,198.000000,98.350098,98.349388
0.930000,200.000000,100.349388,100.349388
0.940000,0.000000,0.000000,0.000000
0.940000,2.000000,-0.000766,0.000000
0.940000,4.000000,-0.001464,0.000000
0.940000,6.000000,-0.002085,0.000000
0.940000,8.000000,-0.002629,0.000000
0.940000,10.000000,-0.003096,0.000000
0.940000,12.000000,-0.003488,0.000000
0.940000,14.000000,-0.003803,0.000000
0.940000,16.000000,-0.004042,0.000000
0.940000,18.000000,-0.004205,0.000000
0.940000,20.000000,-0.004292,0.000000
0.940000,22.000000,-0.004303,0.000000
0.940000,24.000000,-0.004238,0.000000
0.940000,26.000000,-0.004097,0.000000
0.940000,28.000000,-0.003880,0.000000
0.940000,30.000000,-0.003587,0.000000
0.940000,32.000000,-0.003218,0.000000
0.940000,34.000000,-0.002773,0.000000
0.940000,36.000000,-0.002252,0.000000
0.940000,38.000000,-0.001654,0.000000
0.940000,40.000000,-0.000980,0.000000
0.940000,42.000000,-0.000230,0.000000
0.940000,44.000000,0.000598,0.000000
0.940000,46.000000,0.001502,0.000000
0.940000,48.000000,0.002485,0.000000
0.940000,50.000000,0.003548,0.000000
0.940000,52.000000,0.004692,0.000000
0.940000,54.000000,0.005921,0.000000
0.940000,56.000000,0.007241,0.000000
0.940000,58.000000,0.008661,0.000000
0.940000,60.000000,0.010196,0.000000
0.940000,62.000000,0.011873,0.000000
0.940000,64.000000,0.013734,0.000000
0.940000,66.000000,0.015854,0.000000
0.940000,68.000000,0.018357,0.000000
0.940000,70.000000,0.021459,0.000000
0.940000,72.000000,0.025535,0.000000
0.940000,74.000000,0.031233,0.000000
0.940000,76.000000,0.039689,0.000002
0.940000,78.000000,0.052861,-0.000001
0.940000,80.000000,0.074043,0.000003
0.940000,82.000000,0.108488,0.000034
0.940000,84.000000,0.163912,0.000266
0.940000,86.000000,0.250759,0.001630
0.940000,88.000000,0.382819,0.007912
0.940000,90.000000,0.578625,0.030896
0.940000,92.000000,0.861930,0.098966
0.940000,94.000000,1.260196,0.265044
0.940000,96.000000,1.802364,0.604961
0.940000,98.000000,2.517503,1.199380
0.940000,100.000000,3.434647,2.104718
0.940000,102.000000,4.571699,3.330269
0.940000,104.000000,5.919427,4.836474
0.940000,106.000000,7.443870,6.553920
0.940000,108.000000,9.103505,8.408989
0.940000,110.000000,10.862247,10.342308
0.940000,112.000000,12.692261,12.314739
0.940000,114.000000,14.572965,14.304465
0.940000,116.000000,16.489456,16.301003
0.940000,118.000000,18.431059,18.299931
0.940000,120.000000,20.390234,20.299641
0.940000,122.000000,22.361694,22.299564
0.940000,124.000000,24.341728,24.299545
0.940000,126.000000,26.327715,26.299540
0.940000,128.000000,28.317825,28.299545
0.940000,130.000000,30.310799,30.299545
0.940000,132.000000,32.305790,32.299545
0.940000,134.000000,34.302227,34.299545
0.940000,136.000000,36.299736,36.299545
0.940000,138.000000,38.298046,38.299545
0.940000,140.000000,40.296967,40.299545
0.940000,142.000000,42.296349,42.299545
0.940000,144.000000,44.296082,44.299545
0.940000,146.000000,46.296093,46.299545
0.940000,148.000000,48.296288,48.299545
0.940000,150.000000,50.296631,50.299545
0.940000,152.000000,52.297066,52.299545
0.940000,154.000000,54.297562,54.299545
0.940000,156.000000,56.298103,56.299545
0.940000,158.000000,58.298653,58.299545
0.940000,160.000000,60.299191,60.299545
0.940000,162.000000,62.299717,62.299545
0.940000,164.000000,64.300217,64.299545
0.940000,166.000000,66.300674,66.299545
0.940000,168.000000,68.301102,68.299545
0.940000,170.000000,70.301476,70.299545
0.940000,172.000000,72.301788,72.299545
0.940000,174.000000,74.302048,74.299545
0.940000,176.000000,76.302254,76.299545
0.940000,178.000000,78.302391,78.299545
0.940000,180.000000,80.302475,80.299545
0.940000,182.000000,82.302483,82.299545
0.940000,184.000000,84.302429,84.299545
0.940000,186.000000,86.302315,86.299545
0.940000,188.000000,88.302124,88.299545
0.940000,190.000000,90.301872,90.299545
0.940000,192.000000,92.301544,92.299545
0.940000,194.000000,94.301147,94.299545
0.940000,196.000000,96.300690,96.299545
0.940000,198.000000,98.300148,98.299545
0.940000,200.000000,100.299545,100.299545
0.950000,0.000000,0.000000,0.000000
0.950000,2.000000,-0.000638,0.000000
0.950000,4.000000,-0.001218,0.000000
0.950000,6.000000,-0.001735,0.000000
0.950000,8.000000,-0.002188,0.000000
0.950000,10.000000,-0.002577,0.000000
0.950000,12.000000,-0.002902,0.000000
0.950000,14.000000,-0.003164,0.000000
0.950000,16.000000,-0.003363,0.000000
0.950000,18.000000,-0.003498,0.000000
0.950000,20.000000,-0.003570,0.000000
0.950000,22.000000,-0.003578,0.000000
0.950000,24.000000,-0.003524,0.000000
0.950000,26.000000,-0.003405,0.000000
0.950000,28.000000,-0.003224,0.000000
0.950000,30.000000,-0.002979,0.000000
0.950000,32.000000,-0.002671,0.000000
0.950000,34.000000,-0.002299,0.000000
0.950000,36.000000,-0.001864,0.000000
0.950000,38.000000,-0.001366,0.000000
0.950000,40.000000,-0.000803,0.000000
0.950000,42.000000,-0.000177,0.000000
0.950000,44.000000,0.000513,0.000000
0.950000,46.000000,0.001268,0.000000
0.950000,48.000000,0.002089,0.000000
0.950000,50.000000,0.002976,0.000000
0.950000,52.000000,0.003931,0.000000
0.950000,54.000000,0.004959,0.000000
0.950000,56.000000,0.006063,0.000000
0.950000,58.000000,0.007254,0.000000
0.950000,60.000000,0.008545,0.000000
0.950000,62.000000,0.009962,0.000000
0.950000,64.000000,0.011544,0.000000
0.950000,66.000000,0.013362,0.000000
0.950000,68.000000,0.015531,0.000000
0.950000,70.000000,0.018252,0.000000
0.950000,72.000000,0.021870,0.000000
0.950000,74.000000,0.026980,0.000000
0.950000,76.000000,0.034614,0.000000
0.950000,78.000000,0.046550,-0.000001
0.950000,80.000000,0.065774,0.000000
0.950000,82.000000,0.097086,0.000006
0.950000,84.000000,0.147662,0.000057
0.950000,86.000000,0.227459,0.000495
0.950000,88.000000,0.349934,0.003163
0.950000,90.000000,0.533451,0.015512
0.950000,92.000000,0.802026,0.059840
0.950000,94.000000,1.184245,0.185807
0.950000,96.000000,1.711186,0.475252
0.950000,98.000000,2.414579,1.025144
0.950000,100.000000,3.324965,1.909374
0.950000,102.000000,4.459923,3.143637
0.950000,104.000000,5.809420,4.680147
0.950000,106.000000,7.338829,6.434156
0.950000,108.000000,9.005621,8.319910
0.950000,110.000000,10.772398,10.273427
0.950000,112.000000,12.610248,12.256832
0.950000,114.000000,14.497952,14.251600
0.950000,116.000000,16.420343,16.250143
0.950000,118.000000,18.366734,18.249786
0.950000,120.000000,20.329681,20.249710
0.950000,122.000000,22.304058,22.249689
0.950000,124.000000,24.286306,24.249689
0.950000,126.000000,26.273960,26.249687
0.950000,128.000000,28.265320,28.249687
0.950000,130.000000,30.259232,30.249687
0.950000,132.000000,32.254925,32.249687
0.950000,134.000000,34.251881,34.249687
0.950000,136.000000,36.249767,36.249687
0.950000,138.000000,38.248341,38.249687
0.950000,140.000000,40.247444,40.249687
0.950000,142.000000,42.246929,42.249687
0.950000,144.000000,44.246719,44.249687
0.950000,146.000000,46.246731,46.249687
0.950000,148.000000,48.246906,48.249687
0.950000,150.000000,50.247196,50.249687
0.950000,152.000000,52.247570,52.249687
0.950000,154.000000,54.247993,54.249687
0.950000,156.000000,56.248444,56.249687
0.950000,158.000000,58.248909,58.249687
0.950000,160.000000,60.249363,60.249687
0.950000,162.000000,62.249805,62.249687
0.950000,164.000000,64.250221,64.249687
0.950000,166.000000,66.250610,66.249687
0.950000,168.000000,68.250969,68.249687
0.950000,170.000000,70.251274,70.249687
0.950000,172.000000,72.251541,72.249687
0.950000,174.000000,74.251755,74.249687
0.950000,176.000000,76.251930,76.249687
0.950000,178.000000,78.252052,78.249687
0.950000,180.000000,80.252113,80.249687
0.950000,182.000000,82.252129,82.249687
0.950000,184.000000,84.252083,84.249687
0.950000,186.000000,86.251984,86.249687
0.950000,188.000000,88.251831,88.249687
0.950000,190.000000,90.251625,90.249687
0.950000,192.000000,92.251350,92.249687
0.950000,194.000000,94.251022,94.249687
0.950000,196.000000,96.250633,96.249687
0.950000,198.000000,98.250191,98.249687
0.950000,200.000000,100.249687,100.249687
0.960000,0.000000,0.000000,0.000000
0.960000,2.000000,-0.000510,0.000000
0.960000,4.000000,-0.000974,0.000000
0.960000,6.000000,-0.001387,0.000000
0.960000,8.000000,-0.001748,0.000000
0.960000,10.000000,-0.002059,0.000000
0.960000,12.000000,-0.002319,0.000000
0.960000,14.000000,-0.002528,0.000000
0.960000,16.000000,-0.002686,0.000000
0.960000,18.000000,-0.002794,0.000000
0.960000,20.000000,-0.002851,0.000000
0.960000,22.000000,-0.002857,0.000000
0.960000,24.000000,-0.002813,0.000000
0.960000,26.000000,-0.002718,0.000000
0.960000,28.000000,-0.002572,0.000000
0.960000,30.000000,-0.002376,0.000000
0.960000,32.000000,-0.002129,0.000000
0.960000,34.000000,-0.001831,0.000000
0.960000,36.000000,-0.001482,0.000000
0.960000,38.000000,-0.001083,0.000000
0.960000,40.000000,-0.000633,0.000000
0.960000,42.000000,-0.000131,0.000000
0.960000,44.000000,0.000422,0.000000
0.960000,46.000000,0.001027,0.000000
0.960000,48.000000,0.001684,0.000000
0.960000,50.000000,0.002396,0.000000
0.960000,52.000000,0.003162,0.000000
0.960000,54.000000,0.003988,0.000000
0.960000,56.000000,0.004877,0.000000
0.960000,58.000000,0.005839,0.000000
0.960000,60.000000,0.006886,0.000000
0.960000,62.000000,0.008043,0.000000
0.960000,64.000000,0.009347,0.000000
0.960000,66.000000,0.010863,0.000000
0.960000,68.000000,0.012700,0.000000
0.960000,70.000000,0.015044,0.000000
0.960000,72.000000,0.018211,0.000000
0.960000,74.000000,0.022747,0.000000
0.960000,76.000000,0.029586,0.000000
0.960000,78.000000,0.040332,0.000000
0.960000,80.000000,0.057677,0.000002
0.960000,82.000000,0.085973,-0.000000
0.960000,84.000000,0.131838,0.000007
0.960000,86.000000,0.204705,0.000089
0.960000,88.000000,0.317639,0.000847
0.960000,90.000000,0.488802,0.005837
0.960000,92.000000,0.742453,0.029646
0.960000,94.000000,1.108344,0.114333
0.960000,96.000000,1.619820,0.344864
0.960000,98.000000,2.311369,0.838627
0.960000,100.000000,3.214980,1.695963
0.960000,102.000000,4.347797,2.943303
0.960000,104.000000,5.698960,4.519998
0.960000,106.000000,7.233237,6.318520
0.960000,108.000000,8.907166,8.237584
0.960000,110.000000,10.682049,10.210117
0.960000,112.000000,12.527861,12.202225
0.960000,114.000000,14.422698,14.200287
0.960000,116.000000,16.351101,16.199883
0.960000,118.000000,18.302359,18.199814
0.960000,120.000000,20.269135,20.199806
0.960000,122.000000,22.246458,22.199800
0.960000,124.000000,24.230936,24.199799
0.960000,126.000000,26.220264,26.199799
0.960000,128.000000,28.212875,28.199799
0.960000,130.000000,30.207722,30.199799
0.960000,132.000000,32.204109,32.199799
0.960000,134.000000,34.201580,34.199799
0.960000,136.000000,36.199837,36.199799
0.960000,138.000000,38.198669,38.199799
0.960000,140.000000,40.197941,40.199799
0.960000,142.000000,42.197533,42.199799
0.960000,144.000000,44.197365,44.199799
0.960000,146.000000,46.197380,46.199799
0.960000,148.000000,48.197521,48.199799
0.960000,150.000000,50.197765,50.199799
0.960000,152.000000,52.198067,52.199799
0.960000,154.000000,54.198410,54.199799
0.960000,156.000000,56.198772,56.199799
0.960000,158.000000,58.199150,58.199799
0.960000,160.000000,60.199516,60.199799
0.960000,162.000000,62.199875,62.199799
0.960000,164.000000,64.200211,64.199799
0.960000,166.000000,66.200523,66.199799
0.960000,168.000000,68.200806,68.199799
0.960000,170.000000,70.201057,70.199799
0.960000,172.000000,72.201271,72.199799
0.960000,174.000000,74.201447,74.199799
0.960000,176.000000,76.201584,76.199799
0.960000,178.000000,78.201675,78.199799
0.960000,180.000000,80.201729,80.199799
0.960000,182.000000,82.201744,82.199799
0.960000,184.000000,84.201714,84.199799
0.960000,186.000000,86.201637,86.199799
0.960000,188.000000,88.201515,88.199799
0.960000,190.000000,90.201347,90.199799
0.960000,192.000000,92.201118,92.199799
0.960000,194.000000,94.200859,94.199799
0.960000,196.000000,96.200554,96.199799
0.960000,198.000000,98.200203,98.199799
0.960000,200.000000,100.199799,100.199799
0.970000,0.000000,0.000000,0.000000
0.970000,2.000000,-0.000382,0.000000
0.970000,4.000000,-0.000730,0.000000
0.970000,6.000000,-0.001039,0.000000
0.970000,8.000000,-0.001310,0.000000
0.970000,10.000000,-0.001542,0.000000
0.970000,12.000000,-0.001737,0.000000
0.970000,14.000000,-0.001893,0.000000
0.970000,16.000000,-0.002012,0.000000
0.970000,18.000000,-0.002092,0.000000
0.970000,20.000000,-0.002134,0.000000
0.970000,22.000000,-0.002139,0.000000
0.970000,24.000000,-0.002105,0.000000
0.970000,26.000000,-0.002033,0.000000
0.970000,28.000000,-0.001924,0.000000
0.970000,30.000000,-0.001776,0.000000
0.970000,32.000000,-0.001590,0.000000
0.970000,34.000000,-0.001367,0.000000
0.970000,36.000000,-0.001105,0.000000
0.970000,38.000000,-0.000805,0.000000
0.970000,40.000000,-0.000466,0.000000
0.970000,42.000000,-0.000090,0.000000
0.970000,44.000000,0.000326,0.000000
0.970000,46.000000,0.000780,0.000000
0.970000,48.000000,0.001275,0.000000
0.970000,50.000000,0.001810,0.000000
0.970000,52.000000,0.002388,0.000000
0.970000,54.000000,0.003011,0.000000
0.970000,56.000000,0.003685,0.000000
0.970000,58.000000,0.004417,0.000000
0.970000,60.000000,0.005221,0.000000
0.970000,62.000000,0.006117,0.000000
0.970000,64.000000,0.007143,0.000000
0.970000,66.000000,0.008359,0.000000
0.970000,68.000000,0.009866,0.000000
0.970000,70.000000,0.011837,0.000000
0.970000,72.000000,0.014561,0.000000
0.970000,74.000000,0.018536,0.000000
0.970000,76.000000,0.024605,0.000000
0.970000,78.000000,0.034206,0.000000
0.970000,80.000000,0.049746,0.000000
0.970000,82.000000,0.075139,0.000000
0.970000,84.000000,0.116434,0.000001
0.970000,86.000000,0.182491,0.000003
0.970000,88.000000,0.285936,0.000104
0.970000,90.000000,0.444684,0.001265
0.970000,92.000000,0.683225,0.010070
0.970000,94.000000,1.032514,0.055238
0.970000,96.000000,1.528296,0.216995
0.970000,98.000000,2.207906,0.636509
0.970000,100.000000,3.104722,1.457115
0.970000,102.000000,4.235350,2.725299
0.970000,104.000000,5.588073,4.358071
0.970000,106.000000,7.127111,6.211134
0.970000,108.000000,8.808146,8.164476
0.970000,110.000000,10.591198,10.152703
0.970000,112.000000,12.445090,12.150320
0.970000,114.000000,14.347191,14.149944
0.970000,116.000000,16.281721,16.149887
0.970000,118.000000,18.237930,18.149885
0.970000,120.000000,20.208590,20.149887
0.970000,122.000000,22.188890,22.149887
0.970000,124.000000,24.175617,24.149887
0.970000,126.000000,26.166628,26.149887
0.970000,128.000000,28.160490,28.149887
0.970000,130.000000,30.156267,30.149887
0.970000,132.000000,32.153347,32.149887
0.970000,134.000000,34.151325,34.149887
0.970000,136.000000,36.149948,36.149887
0.970000,138.000000,38.149033,38.149887
0.970000,140.000000,40.148468,40.149887
0.970000,142.000000,42.148151,42.149887
0.970000,144.000000,44.148022,44.149887
0.970000,146.000000,46.148037,46.149887
0.970000,148.000000,48.148144,48.149887
0.970000,150.000000,50.148331,50.149887
0.970000,152.000000,52.148560,52.149887
0.970000,154.000000,54.148819,54.149887
0.970000,156.000000,56.149097,56.149887
0.970000,158.000000,58.149380,58.149887
0.970000,160.000000,60.149658,60.149887
0.970000,162.000000,62.149929,62.149887
0.970000,164.000000,64.150185,64.149887
0.970000,166.000000,66.150414,66.149887
0.970000,168.000000,68.150635,68.149887
0.970000,170.000000,70.150818,70.149887
0.970000,172.000000,72.150986,72.149887
0.970000,174.000000,74.151115,74.149887
0.970000,176.000000,76.151215,76.149887
0.970000,178.000000,78.151291,78.149887
0.970000,180.000000,80.151329,80.149887
0.970000,182.000000,82.151344,82.149887
0.970000,184.000000,84.151314,84.149887
0.970000,186.000000,86.151260,86.149887
0.970000,188.000000,88.151169,88.149887
0.970000,190.000000,90.151047,90.149887
0.970000,192.000000,92.150879,92.149887
0.970000,194.000000,94.150688,94.149887
0.970000,196.000000,96.150452,96.149887
0.970000,198.000000,98.150192,98.149887
0.970000,200.000000,100.149887,100.149887
0.980000,0.000000,0.000000,0.000000
0.980000,2.000000,-0.000254,0.000000
0.980000,4.000000,-0.000486,0.000000
0.980000,6.000000,-0.000692,0.000000
0.980000,8.000000,-0.000872,0.000000
0.980000,10.000000,-0.001027,0.000000
0.980000,12.000000,-0.001156,0.000000
0.980000,14.000000,-0.001260,0.000000
0.980000,16.000000,-0.001339,0.000000
0.980000,18.000000,-0.001392,0.000000
0.980000,20.000000,-0.001420,0.000000
0.980000,22.000000,-0.001423,0.000000
0.980000,24.000000,-0.001400,0.000000
0.980000,26.000000,-0.001352,0.000000
0.980000,28.000000,-0.001279,0.000000
0.980000,30.000000,-0.001180,0.000000
0.980000,32.000000,-0.001056,0.000000
0.980000,34.000000,-0.000906,0.000000
0.980000,36.000000,-0.000731,0.000000
0.980000,38.000000,-0.000531,0.000000
0.980000,40.000000,-0.000305,0.000000
0.980000,42.000000,-0.000053,0.000000
0.980000,44.000000,0.000225,0.000000
0.980000,46.000000,0.000529,0.000000
0.980000,48.000000,0.000860,0.000000
0.980000,50.000000,0.001219,0.000000
0.980000,52.000000,0.001607,0.000000
0.980000,54.000000,0.002028,0.000000
0.980000,56.000000,0.002487,0.000000
0.980000,58.000000,0.002989,0.000000
0.980000,60.000000,0.003549,0.000000
0.980000,62.000000,0.004186,0.000000
0.980000,64.000000,0.004934,0.000000
0.980000,66.000000,0.005851,0.000000
0.980000,68.000000,0.007030,0.000000
0.980000,70.000000,0.008630,0.000000
0.980000,72.000000,0.010919,0.000000
0.980000,74.000000,0.014344,0.000000
0.980000,76.000000,0.019666,0.000000
0.980000,78.000000,0.028165,0.000000
0.980000,80.000000,0.041973,0.000000
0.980000,82.000000,0.064573,0.000000
0.980000,84.000000,0.101436,0.000000
0.980000,86.000000,0.160811,-0.000001
0.980000,88.000000,0.254823,0.000001
0.980000,90.000000,0.401103,0.000073
0.980000,92.000000,0.624352,0.001406
0.980000,94.000000,0.956777,0.015327
0.980000,96.000000,1.436641,0.099802
0.980000,98.000000,2.104223,0.414310
0.980000,100.000000,2.994222,1.178457
0.980000,102.000000,4.122605,2.483911
0.980000,104.000000,5.476779,4.200625
0.980000,106.000000,7.020464,6.119022
0.980000,108.000000,8.708562,8.102535
0.980000,110.000000,10.499839,10.100203
0.980000,112.000000,12.361924,12.099970
0.980000,114.000000,14.271417,14.099957
0.980000,116.000000,16.212189,16.099953
0.980000,118.000000,18.173435,18.099953
0.980000,120.000000,20.148039,20.099953
0.980000,122.000000,22.131351,22.099953
0.980000,124.000000,24.120344,24.099953
0.980000,126.000000,26.113045,26.099953
0.980000,128.000000,28.108162,28.099953
0.980000,130.000000,30.104868,30.099953
0.980000,132.000000,32.102634,32.099953
0.980000,134.000000,34.101112,34.099953
0.980000,136.000000,36.100094,36.099953
0.980000,138.000000,38.099426,38.099953
0.980000,140.000000,40.099018,40.099953
0.980000,142.000000,42.098789,42.099953
0.980000,144.000000,44.098694,44.099953
0.980000,146.000000,46.098701,46.099953
0.980000,148.000000,48.098770,48.099953
0.980000,150.000000,50.098896,50.099953
0.980000,152.000000,52.099049,52.099953
0.980000,154.000000,54.099224,54.099953
0.980000,156.000000,56.099415,56.099953
0.980000,158.000000,58.099606,58.099953
0.980000,160.000000,60.099789,60.099953
0.980000,162.000000,62.099968,62.099953
0.980000,164.000000,64.100143,64.099953
0.980000,166.000000,66.100296,66.099953
0.980000,168.000000,68.100441,68.099953
0.980000,170.000000,70.100571,70.099953
0.980000,172.000000,72.100677,72.099953
0.980000,174.000000,74.100769,74.099953
0.980000,176.000000,76.100838,76.099953
0.980000,178.000000,78.100883,78.099953
0.980000,180.000000,80.100914,80.099953
0.980000,182.000000,82.100922,82.099953
0.980000,184.000000,84.100906,84.099953
0.980000,186.000000,86.100868,86.099953
0.980000,188.000000,88.100807,88.099953
0.980000,190.000000,90.100723,90.099953
0.980000,192.000000,92.100616,92.099953
0.980000,194.000000,94.100487,94.099953
0.980000,196.000000,96.100327,96.099953
0.980000,198.000000,98.100151,98.099953
0.980000,200.000000,100.099953,100.099953
0.990000,0.000000,0.000000,0.000000
0.990000,2.000000,-0.000127,0.000000
0.990000,4.000000,-0.000243,0.000000
0.990000,6.000000,-0.000345,0.000000
0.990000,8.000000,-0.000436,0.000000
0.990000,10.000000,-0.000513,0.000000
0.990000,12.000000,-0.000577,0.000000
0.990000,14.000000,-0.000629,0.000000
0.990000,16.000000,-0.000668,0.000000
0.990000,18.000000,-0.000695,0.000000
0.990000,20.000000,-0.000709,0.000000
0.990000,22.000000,-0.000710,0.000000
0.990000,24.000000,-0.000699,0.000000
0.990000,26.000000,-0.000674,0.000000
0.990000,28.000000,-0.000638,0.000000
0.990000,30.000000,-0.000588,0.000000
0.990000,32.000000,-0.000526,0.000000
0.990000,34.000000,-0.000451,0.000000
0.990000,36.000000,-0.000363,0.000000
0.990000,38.000000,-0.000263,0.000000
0.990000,40.000000,-0.000149,0.000000
0.990000,42.000000,-0.000023,0.000000
0.990000,44.000000,0.000116,0.000000
0.990000,46.000000,0.000270,0.000000
0.990000,48.000000,0.000437,0.000000
0.990000,50.000000,0.000620,0.000000
0.990000,52.000000,0.000819,0.000000
0.990000,54.000000,0.001038,0.000000
0.990000,56.000000,0.001280,0.000000
0.990000,58.000000,0.001553,0.000000
0.990000,60.000000,0.001868,0.000000
0.990000,62.000000,0.002246,0.000000
0.990000,64.000000,0.002717,0.000000
0.990000,66.000000,0.003335,0.000000
0.990000,68.000000,0.004187,0.000000
0.990000,70.000000,0.005421,0.000000
0.990000,72.000000,0.007279,0.000000
0.990000,74.000000,0.010168,0.000000
0.990000,76.000000,0.014766,0.000000
0.990000,78.000000,0.022201,0.000000
0.990000,80.000000,0.034346,0.000000
0.990000,82.000000,0.054260,0.000000
0.990000,84.000000,0.086828,0.000000
0.990000,86.000000,0.139650,0.000000
0.990000,88.000000,0.224295,0.000000
0.990000,90.000000,0.358059,-0.000001
0.990000,92.000000,0.565842,0.000007
0.990000,94.000000,0.881148,0.000582
0.990000,96.000000,1.344880,0.015930
0.990000,98.000000,2.000345,0.169630
0.990000,100.000000,2.883501,0.822915
0.990000,102.000000,4.009583,2.213441
0.990000,104.000000,5.365097,4.067954
0.990000,106.000000,6.913306,6.050963
0.990000,108.000000,8.608416,8.050013
0.990000,110.000000,10.407960,10.049980
0.990000,112.000000,12.278347,12.049988
0.990000,114.000000,14.195356,14.049988
0.990000,116.000000,16.142485,16.049988
0.990000,118.000000,18.108860,18.049988
0.990000,120.000000,20.087465,20.049988
0.990000,122.000000,22.073828,22.049988
0.990000,124.000000,24.065107,24.049988
0.990000,126.000000,26.059505,26.049988
0.990000,128.000000,28.055880,28.049988
0.990000,130.000000,30.053516,30.049988
0.990000,132.000000,32.051968,32.049988
0.990000,134.000000,34.050945,34.049988
0.990000,136.000000,36.050278,36.049988
0.990000,138.000000,38.049850,38.049988
0.990000,140.000000,40.049591,40.049988
0.990000,142.000000,42.049442,42.049988
0.990000,144.000000,44.049374,44.049988
0.990000,146.000000,46.049370,46.049988
0.990000,148.000000,48.049397,48.049988
0.990000,150.000000,50.049458,50.049988
0.990000,152.000000,52.049530,52.049988
0.990000,154.000000,54.049618,54.049988
0.990000,156.000000,56.049713,56.049988
0.990000,158.000000,58.049809,58.049988
0.990000,160.000000,60.049900,60.049988
0.990000,162.000000,62.049988,62.049988
0.990000,164.000000,64.050079,64.049988
0.990000,166.000000,66.050156,66.049988
0.990000,168.000000,68.050232,68.049988
0.990000,170.000000,70.050293,70.049988
0.990000,172.000000,72.050346,72.049988
0.990000,174.000000,74.050392,74.049988
0.990000,176.000000,76.050430,76.049988
0.990000,178.000000,78.050453,78.049988
0.990000,180.000000,80.050468,80.049988
0.990000,182.000000,82.050468,82.049988
0.990000,184.000000,84.050461,84.049988
0.990000,186.000000,86.050438,86.049988
0.990000,188.000000,88.050415,88.049988
0.990000,190.000000,90.050369,90.049988
0.990000,192.000000,92.050316,92.049988
0.990000,194.000000,94.050247,94.049988
0.990000,196.000000,96.050179,96.049988
0.990000,198.000000,98.050087,98.049988
0.990000,200.000000,100.049988,100.049988
1.000000,0.000000,0.000000,0.000000
1.000000,2.000000,0.000000,0.000000
1.000000,4.000000,0.000000,0.000000
1.000000,6.000000,0.000000,0.000000
1.000000,8.000000,0.000000,0.000000
1.000000,10.000000,0.000000,0.000000
1.000000,12.000000,0.000000,0.000000
1.000000,14.000000,0.000000,0.000000
1.000000,16.000000,0.000000,0.000000
1.000000,18.000000,0.000000,0.000000
1.000000,20.000000,0.000000,0.000000
1.000000,22.000000,0.000000,0.000000
1.000000,24.000000,0.000000,0.000000
1.000000,26.000000,0.000000,0.000000
1.000000,28.000000,0.000000,0.000000
1.000000,30.000000,0.000000,0.000000
1.000000,32.000000,0.000000,0.000000
1.000000,34.000000,0.000000,0.000000
1.000000,36.000000,0.000000,0.000000
1.000000,38.000000,0.000001,0.000000
1.000000,40.000000,0.000001,0.000000
1.000000,42.000000,0.000002,0.000000
1.000000,44.000000,0.000003,0.000000
1.000000,46.000000,0.000005,0.000000
1.000000,48.000000,0.000009,0.000000
1.000000,50.000000,0.000015,0.000000
1.000000,52.000000,0.000025,0.000000
1.000000,54.000000,0.000041,0.000000
1.000000,56.000000,0.000067,0.000000
1.000000,58.000000,0.000110,0.000000
1.000000,60.000000,0.000182,0.000000
1.000000,62.000000,0.000299,0.000000
1.000000,64.000000,0.000494,0.000000
1.000000,66.000000,0.000814,0.000000
1.000000,68.000000,0.001342,0.000000
1.000000,70.000000,0.002212,0.000000
1.000000,72.000000,0.003646,0.000000
1.000000,74.000000,0.006009,0.000000
1.000000,76.000000,0.009903,0.000000
1.000000,78.000000,0.016314,0.000000
1.000000,80.000000,0.026861,0.000000
1.000000,82.000000,0.044191,0.000000
1.000000,84.000000,0.072600,0.000000
1.000000,86.000000,0.119002,0.000000
1.000000,88.000000,0.194349,0.000000
1.000000,90.000000,0.315559,0.000000
1.000000,92.000000,0.507712,0.000000
1.000000,94.000000,0.805653,0.000000
1.000000,96.000000,1.253047,0.000000
1.000000,98.000000,1.896308,0.000000
1.000000,100.000000,2.772589,0.000000
1.000000,102.000000,3.896308,2.000000
1.000000,104.000000,5.253047,4.000000
1.000000,106.000000,6.805653,6.000000
1.000000,108.000000,8.507712,8.000000
1.000000,110.000000,10.315559,10.000000
1.000000,112.000000,12.194349,12.000000
1.000000,114.000000,14.119001,14.000000
1.000000,116.000000,16.072599,16.000000
1.000000,118.000000,18.044191,18.000000
1.000000,120.000000,20.026861,20.000000
1.000000,122.000000,22.016314,22.000000
1.000000,124.000000,24.009903,24.000000
1.000000,126.000000,26.006010,26.000000
1.000000,128.000000,28.003647,28.000000
1.000000,130.000000,30.002213,30.000000
1.000000,132.000000,32.001343,32.000000
1.000000,134.000000,34.000813,34.000000
1.000000,136.000000,36.000492,36.000000
1.000000,138.000000,38.000298,38.000000
1.000000,140.000000,40.000183,40.000000
1.000000,142.000000,42.000111,42.000000
1.000000,144.000000,44.000065,44.000000
1.000000,146.000000,46.000042,46.000000
1.000000,148.000000,48.000023,48.000000
1.000000,150.000000,50.000015,50.000000
1.000000,152.000000,52.000008,52.000000
1.000000,154.000000,54.000004,54.000000
1.000000,156.000000,56.000004,56.000000
1.000000,158.000000,58.000004,58.000000
1.000000,160.000000,60.000000,60.000000
1.000000,162.000000,62.000000,62.000000
1.000000,164.000000,64.000000,64.000000
1.000000,166.000000,66.000000,66.000000
1.000000,168.000000,68.000000,68.000000
1.000000,170.000000,70.000000,70.000000
1.000000,172.000000,72.000000,72.000000
1.000000,174.000000,74.000000,74.000000
1.000000,176.000000,76.000000,76.000000
1.000000,178.000000,78.000000,78.000000
1.000000,180.000000,80.000000,80.000000
1.000000,182.000000,82.000000,82.000000
1.000000,184.000000,84.000000,84.000000
1.000000,186.000000,86.000000,86.000000
1.000000,188.000000,88.000000,88.000000
1.000000,190.000000,90.000000,90.000000
1.000000,192.000000,92.000000,92.000000
1.000000,194.000000,94.000000,94.000000
1.000000,196.000000,96.000000,96.000000
1.000000,198.000000,98.000000,98.000000
1.000000,200.000000,100.000000,100.000000
