t,S,V_pred,V_exact
0.000000,0.000000,0.000000,0.000000
0.000000,2.000000,-0.012345,0.000000
0.000000,4.000000,-0.023465,0.000000
0.000000,6.000000,-0.033360,0.000000
0.000000,8.000000,-0.042020,0.000000
0.000000,10.000000,-0.049444,0.000000
0.000000,12.000000,-0.055631,0.000000
0.000000,14.000000,-0.060583,0.000000
0.000000,16.000000,-0.064298,0.000000
0.000000,18.000000,-0.066778,0.000000
0.000000,20.000000,-0.068022,0.000000
0.000000,22.000000,-0.068030,0.000000
0.000000,24.000000,-0.066802,0.000000
0.000000,26.000000,-0.064338,0.000000
0.000000,28.000000,-0.060636,0.000000
0.000000,30.000000,-0.055696,0.000000
0.000000,32.000000,-0.049518,0.000001
0.000000,34.000000,-0.042100,-0.000000
0.000000,36.000000,-0.033440,0.000001
0.000000,38.000000,-0.023534,0.000007
0.000000,40.000000,-0.012380,0.000020
0.000000,42.000000,0.000031,0.000061
0.000000,44.000000,0.013709,0.000172
0.000000,46.000000,0.028670,0.000451
0.000000,48.000000,0.044941,0.001081
0.000000,50.000000,0.062567,0.002399
0.000000,52.000000,0.081622,0.004992
0.000000,54.000000,0.102233,0.009789
0.000000,56.000000,0.124621,0.018182
0.000000,58.000000,0.149174,0.032164
0.000000,60.000000,0.176591,0.054437
0.000000,62.000000,0.208127,0.088498
0.000000,64.000000,0.246055,0.138690
0.000000,66.000000,0.294423,0.210182
0.000000,68.000000,0.360176,0.308913
0.000000,70.000000,0.454290,0.441449
0.000000,72.000000,0.591468,0.614806
0.000000,74.000000,0.785923,0.836232
0.000000,76.000000,1.044332,1.112933
0.000000,78.000000,1.366425,1.451857
0.000000,80.000000,1.756292,1.859420
0.000000,82.000000,2.223689,2.341298
0.000000,84.000000,2.774327,2.902257
0.000000,86.000000,3.406661,3.546024
0.000000,88.000000,4.126935,4.275193
0.000000,90.000000,4.929959,5.091224
0.000000,92.000000,5.805184,5.994443
0.000000,94.000000,6.759053,6.984114
0.000000,96.000000,7.767816,8.058531
0.000000,98.000000,8.860682,9.215115
0.000000,100.000000,10.232492,10.450583
0.000000,102.000000,11.943217,11.761064
0.000000,104.000000,13.585796,13.142239
0.000000,106.000000,15.106352,14.589499
0.000000,108.000000,16.592815,16.098022
0.000000,110.000000,18.094378,17.662951
0.000000,112.000000,19.622875,19.279444
0.000000,114.000000,21.201277,20.942739
0.000000,116.000000,22.836958,22.648293
0.000000,118.000000,24.525644,24.391766
0.000000,120.000000,26.263527,26.169050
0.000000,122.000000,28.045622,27.976364
0.000000,124.000000,29.865561,29.810198
0.000000,126.000000,31.717068,31.667353
0.000000,128.000000,33.594521,33.544922
0.000000,130.000000,35.492970,35.440269
0.000000,132.000000,37.408211,37.351082
0.000000,134.000000,39.336933,39.275253
0.000000,136.000000,41.276741,41.210953
0.000000,138.000000,43.225971,43.156536
0.000000,140.000000,45.183483,45.110611
0.000000,142.000000,47.148380,47.071922
0.000000,144.000000,49.119858,49.039391
0.000000,146.000000,51.097134,51.012112
0.000000,148.000000,53.079399,52.989246
0.000000,150.000000,55.065853,54.970146
0.000000,152.000000,57.055733,56.954193
0.000000,154.000000,59.048325,58.940899
0.000000,156.000000,61.042992,60.929840
0.000000,158.000000,63.039177,62.920654
0.000000,160.000000,65.036400,64.913025
0.000000,162.000000,67.034248,66.906700
0.000000,164.000000,69.032394,68.901482
0.000000,166.000000,71.030548,70.897141
0.000000,168.000000,73.028496,72.893578
0.000000,170.000000,75.026016,74.890625
0.000000,172.000000,77.022987,76.888199
0.000000,174.000000,79.019249,78.886200
0.000000,176.000000,81.014709,80.884544
0.000000,178.000000,83.009285,82.883202
0.000000,180.000000,85.002899,84.882095
0.000000,182.000000,86.995499,86.881187
0.000000,184.000000,88.987022,88.880424
0.000000,186.000000,90.977448,90.879822
0.000000,188.000000,92.966721,92.879311
0.000000,190.000000,94.954826,94.878899
0.000000,192.000000,96.941734,96.878571
0.000000,194.000000,98.927429,98.878281
0.000000,196.000000,100.911888,100.878067
0.000000,198.000000,102.895103,102.877884
0.000000,200.000000,104.877060,104.877724
0.010000,0.000000,0.000000,0.000000
0.010000,2.000000,-0.012211,0.000000
0.010000,4.000000,-0.023207,0.000000
0.010000,6.000000,-0.032991,0.000000
0.010000,8.000000,-0.041552,0.000000
0.010000,10.000000,-0.048890,0.000000
0.010000,12.000000,-0.055003,0.000000
0.010000,14.000000,-0.059894,0.000000
0.010000,16.000000,-0.063560,0.000000
0.010000,18.000000,-0.066003,0.000000
0.010000,20.000000,-0.067223,0.000000
0.010000,22.000000,-0.067219,0.000000
0.010000,24.000000,-0.065992,0.000000
0.010000,26.000000,-0.063540,0.000000
0.010000,28.000000,-0.059863,0.000000
0.010000,30.000000,-0.054961,0.000000
0.010000,32.000000,-0.048833,0.000001
0.010000,34.000000,-0.041477,0.000001
0.010000,36.000000,-0.032892,0.000003
0.010000,38.000000,-0.023075,0.000005
0.010000,40.000000,-0.012021,0.000016
0.010000,42.000000,0.000276,0.000055
0.010000,44.000000,0.013826,0.000157
0.010000,46.000000,0.028645,0.000413
0.010000,48.000000,0.044759,0.000995
0.010000,50.000000,0.062211,0.002227
0.010000,52.000000,0.081071,0.004667
0.010000,54.000000,0.101460,0.009203
0.010000,56.000000,0.123588,0.017190
0.010000,58.000000,0.147826,0.030568
0.010000,60.000000,0.174837,0.051975
0.010000,62.000000,0.205815,0.084862
0.010000,64.000000,0.242921,0.133507
0.010000,66.000000,0.290010,0.203042
0.010000,68.000000,0.353727,0.299386
0.010000,70.000000,0.444661,0.429089
0.010000,72.000000,0.577243,0.599200
0.010000,74.000000,0.765919,0.816991
0.010000,76.000000,1.018152,1.089746
0.010000,78.000000,1.334086,1.424482
0.010000,80.000000,1.717508,1.827708
0.010000,82.000000,2.178264,2.305204
0.010000,84.000000,2.722760,2.861829
0.010000,86.000000,3.349708,3.501411
0.010000,88.000000,4.064372,4.226635
0.010000,90.000000,4.862542,5.039026
0.010000,92.000000,5.734083,5.938982
0.010000,94.000000,6.685639,6.925795
0.010000,96.000000,7.694018,7.997791
0.010000,98.000000,8.788452,9.152405
0.010000,100.000000,10.161265,10.386334
0.010000,102.000000,11.866226,11.695708
0.010000,104.000000,13.498771,13.076170
0.010000,106.000000,15.012585,14.523070
0.010000,108.000000,16.497448,16.031570
0.010000,110.000000,18.000128,17.596741
0.010000,112.000000,19.532110,19.213705
0.010000,114.000000,21.115395,20.877665
0.010000,116.000000,22.755943,22.584030
0.010000,118.000000,24.449150,24.328417
0.010000,120.000000,26.191101,26.106689
0.010000,122.000000,27.976715,27.915041
0.010000,124.000000,29.799625,29.749928
0.010000,126.000000,31.653616,31.608137
0.010000,128.000000,33.533134,33.486725
0.010000,130.000000,35.433296,35.383083
0.010000,132.000000,37.349960,37.294830
0.010000,134.000000,39.279896,39.219902
0.010000,136.000000,41.220753,41.156422
0.010000,138.000000,43.170914,43.102787
0.010000,140.000000,45.129250,45.057556
0.010000,142.000000,47.094887,47.019508
0.010000,144.000000,49.067024,48.987568
0.010000,146.000000,51.044880,50.960808
0.010000,148.000000,53.027641,52.938435
0.010000,150.000000,55.014519,54.919739
0.010000,152.000000,57.004753,56.904163
0.010000,154.000000,58.997643,58.891201
0.010000,156.000000,60.992558,60.880436
0.010000,158.000000,62.988941,62.871494
0.010000,160.000000,64.986328,64.864090
0.010000,162.000000,66.984322,66.857964
0.010000,164.000000,68.982590,68.852905
0.010000,166.000000,70.980850,70.848724
0.010000,168.000000,72.978889,72.845284
0.010000,170.000000,74.976517,74.842438
0.010000,172.000000,76.973564,76.840096
0.010000,174.000000,78.969910,78.838181
0.010000,176.000000,80.965462,80.836601
0.010000,178.000000,82.960136,82.835297
0.010000,180.000000,84.953842,84.834229
0.010000,182.000000,86.946548,86.833359
0.010000,184.000000,88.938187,88.832657
0.010000,186.000000,90.928726,90.832085
0.010000,188.000000,92.918129,92.831596
0.010000,190.000000,94.906372,94.831215
0.010000,192.000000,96.893440,96.830887
0.010000,194.000000,98.879295,98.830635
0.010000,196.000000,100.863930,100.830414
0.010000,198.000000,102.847328,102.830254
0.010000,200.000000,104.829483,104.830109
0.020000,0.000000,0.000000,0.000000
0.020000,2.000000,-0.012077,0.000000
0.020000,4.000000,-0.022950,0.000000
0.020000,6.000000,-0.032623,0.000000
0.020000,8.000000,-0.041086,0.000000
0.020000,10.000000,-0.048337,0.000000
0.020000,12.000000,-0.054377,0.000000
0.020000,14.000000,-0.059206,0.000000
0.020000,16.000000,-0.062823,0.000000
0.020000,18.000000,-0.065230,0.000000
0.020000,20.000000,-0.066425,0.000000
0.020000,22.000000,-0.066410,0.000000
0.020000,24.000000,-0.065183,0.000000
0.020000,26.000000,-0.062744,0.000000
0.020000,28.000000,-0.059092,0.000000
0.020000,30.000000,-0.054228,0.000000
0.020000,32.000000,-0.048151,0.000001
0.020000,34.000000,-0.040858,0.000000
0.020000,36.000000,-0.032348,0.000001
0.020000,38.000000,-0.022619,0.000004
0.020000,40.000000,-0.011666,0.000013
0.020000,42.000000,0.000517,0.000048
0.020000,44.000000,0.013940,0.000143
0.020000,46.000000,0.028617,0.000376
0.020000,48.000000,0.044575,0.000914
0.020000,50.000000,0.061852,0.002066
0.020000,52.000000,0.080517,0.004353
0.020000,54.000000,0.100685,0.008643
0.020000,56.000000,0.122557,0.016236
0.020000,58.000000,0.146484,0.029024
0.020000,60.000000,0.173098,0.049588
0.020000,62.000000,0.203532,0.081313
0.020000,64.000000,0.239842,0.128429
0.020000,66.000000,0.285698,0.196030
0.020000,68.000000,0.347453,0.289998
0.020000,70.000000,0.435314,0.416889
0.020000,72.000000,0.563415,0.583750
0.020000,74.000000,0.746382,0.797906
0.020000,76.000000,0.992434,1.066701
0.020000,78.000000,1.302185,1.397228
0.020000,80.000000,1.679142,1.796091
0.020000,82.000000,2.133198,2.269167
0.020000,84.000000,2.671426,2.821427
0.020000,86.000000,3.292889,3.456787
0.020000,88.000000,4.001911,4.178020
0.020000,90.000000,4.795137,4.986736
0.020000,92.000000,5.662901,5.883390
0.020000,94.000000,6.612042,6.867315
0.020000,96.000000,7.619948,7.936867
0.020000,98.000000,8.715861,9.089484
0.020000,100.000000,10.089577,10.321882
0.020000,102.000000,11.788739,11.630143
0.020000,104.000000,13.411400,13.009890
0.020000,106.000000,14.918762,14.456449
0.020000,108.000000,16.402222,15.964916
0.020000,110.000000,17.906162,17.530354
0.020000,112.000000,19.441738,19.147804
0.020000,114.000000,21.029930,20.812445
0.020000,116.000000,22.675323,22.519646
0.020000,118.000000,24.373013,24.264957
0.020000,120.000000,26.118994,26.044249
0.020000,122.000000,27.908087,27.853659
0.020000,124.000000,29.733931,29.689627
0.020000,126.000000,31.590370,31.548883
0.020000,128.000000,33.471928,33.428528
0.020000,130.000000,35.373775,35.325871
0.020000,132.000000,37.291851,37.238579
0.020000,134.000000,39.222980,39.164555
0.020000,136.000000,41.164871,41.101913
0.020000,138.000000,43.115944,43.049046
0.020000,140.000000,45.075108,45.004532
0.020000,142.000000,47.041473,46.967129
0.020000,144.000000,49.014263,48.935791
0.020000,146.000000,50.992680,50.909542
0.020000,148.000000,52.975933,52.887627
0.020000,150.000000,54.963226,54.869354
0.020000,152.000000,56.953808,56.854153
0.020000,154.000000,58.946987,58.841515
0.020000,156.000000,60.942139,60.831039
0.020000,158.000000,62.938721,62.822346
0.020000,160.000000,64.936272,64.815170
0.020000,162.000000,66.934402,66.809235
0.020000,164.000000,68.932793,68.804337
0.020000,166.000000,70.931160,70.800301
0.020000,168.000000,72.929283,72.796974
0.020000,170.000000,74.926994,74.794235
0.020000,172.000000,76.924133,76.792000
0.020000,174.000000,78.920570,78.790154
0.020000,176.000000,80.916206,80.788651
0.020000,178.000000,82.910965,82.787407
0.020000,180.000000,84.904778,84.786392
0.020000,182.000000,86.897591,86.785553
0.020000,184.000000,88.889336,88.784874
0.020000,186.000000,90.879997,90.784332
0.020000,188.000000,92.869537,92.783882
0.020000,190.000000,94.857918,94.783508
0.020000,192.000000,96.845131,96.783211
0.020000,194.000000,98.831146,98.782967
0.020000,196.000000,100.815956,100.782761
0.020000,198.000000,102.799538,102.782608
0.020000,200.000000,104.781891,104.782455
0.030000,0.000000,0.000000,0.000000
0.030000,2.000000,-0.011942,0.000000
0.030000,4.000000,-0.022693,0.000000
0.030000,6.000000,-0.032255,0.000000
0.030000,8.000000,-0.040620,0.000000
0.030000,10.000000,-0.047785,0.000000
0.030000,12.000000,-0.053752,0.000000
0.030000,14.000000,-0.058520,0.000000
0.030000,16.000000,-0.062089,0.000000
0.030000,18.000000,-0.064459,0.000000
0.030000,20.000000,-0.065631,0.000000
0.030000,22.000000,-0.065604,0.000000
0.030000,24.000000,-0.064377,0.000000
0.030000,26.000000,-0.061952,0.000000
0.030000,28.000000,-0.058326,0.000000
0.030000,30.000000,-0.053500,0.000000
0.030000,32.000000,-0.047473,0.000001
0.030000,34.000000,-0.040243,-0.000001
0.030000,36.000000,-0.031809,0.000001
0.030000,38.000000,-0.022168,0.000003
0.030000,40.000000,-0.011316,0.000013
0.030000,42.000000,0.000753,0.000043
0.030000,44.000000,0.014048,0.000127
0.030000,46.000000,0.028583,0.000342
0.030000,48.000000,0.044384,0.000841
0.030000,50.000000,0.061487,0.001910
0.030000,52.000000,0.079958,0.004059
0.030000,54.000000,0.099907,0.008107
0.030000,56.000000,0.121524,0.015320
0.030000,58.000000,0.145145,0.027533
0.030000,60.000000,0.171368,0.047269
0.030000,62.000000,0.201273,0.077855
0.030000,64.000000,0.236811,0.123466
0.030000,66.000000,0.281478,0.189147
0.030000,68.000000,0.341343,0.280755
0.030000,70.000000,0.426234,0.404835
0.030000,72.000000,0.549970,0.568451
0.030000,74.000000,0.727305,0.778974
0.030000,76.000000,0.967177,1.043792
0.030000,78.000000,1.270721,1.370088
0.030000,80.000000,1.641194,1.764558
0.030000,82.000000,2.088495,2.233183
0.030000,84.000000,2.620331,2.781034
0.030000,86.000000,3.236209,3.412131
0.030000,88.000000,3.939550,4.129338
0.030000,90.000000,4.727746,4.934344
0.030000,92.000000,5.591637,5.827662
0.030000,94.000000,6.538255,6.808671
0.030000,96.000000,7.545602,7.875751
0.030000,98.000000,8.642900,9.026371
0.030000,100.000000,10.017416,10.257206
0.030000,102.000000,11.710751,11.564344
0.030000,104.000000,13.323684,12.943393
0.030000,106.000000,14.824886,14.389603
0.030000,108.000000,16.307133,15.898063
0.030000,110.000000,17.812473,17.463760
0.030000,112.000000,19.351759,19.081720
0.030000,114.000000,20.944866,20.747066
0.030000,116.000000,22.595083,22.455111
0.030000,118.000000,24.297224,24.201385
0.030000,120.000000,26.047192,25.981716
0.030000,122.000000,27.839722,27.792194
0.030000,124.000000,29.668459,29.629248
0.030000,126.000000,31.527321,31.489594
0.030000,128.000000,33.410885,33.370277
0.030000,130.000000,35.314396,35.268658
0.030000,132.000000,37.233864,37.182323
0.030000,134.000000,39.166172,39.109188
0.030000,136.000000,41.109085,41.047390
0.030000,138.000000,43.061066,42.995312
0.030000,140.000000,45.021034,44.951500
0.030000,142.000000,46.988129,46.914761
0.030000,144.000000,48.961552,48.883980
0.030000,146.000000,50.940529,50.858280
0.030000,148.000000,52.924259,52.836830
0.030000,150.000000,54.911961,54.818977
0.030000,152.000000,56.902885,56.804150
0.030000,154.000000,58.896343,58.791843
0.030000,156.000000,60.891731,60.781647
0.030000,158.000000,62.888504,62.773212
0.030000,160.000000,64.886215,64.766243
0.030000,162.000000,66.884483,66.760506
0.030000,164.000000,68.882988,68.755760
0.030000,166.000000,70.881454,70.751862
0.030000,168.000000,72.879669,72.748665
0.030000,170.000000,74.877472,74.746040
0.030000,172.000000,76.874687,76.743881
0.030000,174.000000,78.871201,78.742119
0.030000,176.000000,80.866928,80.740662
0.030000,178.000000,82.861786,82.739487
0.030000,180.000000,84.855690,84.738518
0.030000,182.000000,86.848595,86.737732
0.030000,184.000000,88.840462,88.737091
0.030000,186.000000,90.831238,90.736557
0.030000,188.000000,92.820908,92.736130
0.030000,190.000000,94.809425,94.735786
0.030000,192.000000,96.796791,96.735497
0.030000,194.000000,98.782967,98.735260
0.030000,196.000000,100.767952,100.735077
0.030000,198.000000,102.751724,102.734924
0.030000,200.000000,104.734268,104.734810
0.040000,0.000000,0.000000,0.000000
0.040000,2.000000,-0.011808,0.000000
0.040000,4.000000,-0.022437,0.000000
0.040000,6.000000,-0.031889,0.000000
0.040000,8.000000,-0.040155,0.000000
0.040000,10.000000,-0.047235,0.000000
0.040000,12.000000,-0.053128,0.000000
0.040000,14.000000,-0.057835,0.000000
0.040000,16.000000,-0.061356,0.000000
0.040000,18.000000,-0.063690,0.000000
0.040000,20.000000,-0.064838,0.000000
0.040000,22.000000,-0.064800,0.000000
0.040000,24.000000,-0.063575,0.000000
0.040000,26.000000,-0.061162,0.000000
0.040000,28.000000,-0.057563,0.000000
0.040000,30.000000,-0.052775,0.000000
0.040000,32.000000,-0.046799,0.000001
0.040000,34.000000,-0.039632,0.000001
0.040000,36.000000,-0.031274,0.000001
0.040000,38.000000,-0.021721,0.000003
0.040000,40.000000,-0.010971,0.000013
0.040000,42.000000,0.000984,0.000038
0.040000,44.000000,0.014151,0.000115
0.040000,46.000000,0.028545,0.000311
0.040000,48.000000,0.044188,0.000769
0.040000,50.000000,0.061118,0.001766
0.040000,52.000000,0.079395,0.003778
0.040000,54.000000,0.099126,0.007598
0.040000,56.000000,0.120491,0.014442
0.040000,58.000000,0.143809,0.026093
0.040000,60.000000,0.169649,0.045021
0.040000,62.000000,0.199038,0.074485
0.040000,64.000000,0.233829,0.118611
0.040000,66.000000,0.277348,0.182393
0.040000,68.000000,0.335393,0.271656
0.040000,70.000000,0.417415,0.392939
0.040000,72.000000,0.536905,0.553319
0.040000,74.000000,0.708688,0.760192
0.040000,76.000000,0.942388,1.021027
0.040000,78.000000,1.239703,1.343071
0.040000,80.000000,1.603676,1.733119
0.040000,82.000000,2.044169,2.197260
0.040000,84.000000,2.569495,2.740669
0.040000,86.000000,3.179677,3.367459
0.040000,88.000000,3.877298,4.080598
0.040000,90.000000,4.660377,4.881849
0.040000,92.000000,5.520298,5.771793
0.040000,94.000000,6.464284,6.749858
0.040000,96.000000,7.470979,7.814447
0.040000,98.000000,8.569561,8.963038
0.040000,100.000000,9.944784,10.192308
0.040000,102.000000,11.632263,11.498330
0.040000,104.000000,13.235643,12.876661
0.040000,106.000000,14.730967,14.322544
0.040000,108.000000,16.212193,15.831007
0.040000,110.000000,17.719078,17.396984
0.040000,112.000000,19.262171,19.015480
0.040000,114.000000,20.860207,20.681549
0.040000,116.000000,22.515217,22.390455
0.040000,118.000000,24.221779,24.137707
0.040000,120.000000,25.975697,25.919088
0.040000,122.000000,27.771620,27.730654
0.040000,124.000000,29.603218,29.568813
0.040000,126.000000,31.464462,31.430260
0.040000,128.000000,33.350010,33.312012
0.040000,130.000000,35.255161,35.211411
0.040000,132.000000,37.176003,37.126045
0.040000,134.000000,39.109474,39.053829
0.040000,136.000000,41.053402,40.992886
0.040000,138.000000,43.006275,42.941578
0.040000,140.000000,44.967041,44.898495
0.040000,142.000000,46.934849,46.862404
0.040000,144.000000,48.908901,48.832218
0.040000,146.000000,50.888428,50.807026
0.040000,148.000000,52.872631,52.786060
0.040000,150.000000,54.860733,54.768620
0.040000,152.000000,56.851986,56.754150
0.040000,154.000000,58.845722,58.742180
0.040000,156.000000,60.841335,60.732262
0.040000,158.000000,62.838295,62.724079
0.040000,160.000000,64.836166,64.717323
0.040000,162.000000,66.834564,66.711761
0.040000,164.000000,68.833176,68.707191
0.040000,166.000000,70.831741,70.703438
0.040000,168.000000,72.830048,72.700363
0.040000,170.000000,74.827919,74.697823
0.040000,172.000000,76.825218,76.695747
0.040000,174.000000,78.821823,78.694069
0.040000,176.000000,80.817642,80.692688
0.040000,178.000000,82.812576,82.691551
0.040000,180.000000,84.806580,84.690628
0.040000,182.000000,86.799591,86.689888
0.040000,184.000000,88.791565,88.689278
0.040000,186.000000,90.782463,90.688774
0.040000,188.000000,92.772263,92.688362
0.040000,190.000000,94.760925,94.688034
0.040000,192.000000,96.748436,96.687775
0.040000,194.000000,98.734772,98.687553
0.040000,196.000000,100.719925,100.687363
0.040000,198.000000,102.703880,102.687233
0.040000,200.000000,104.686623,104.687111
0.050000,0.000000,0.000000,0.000000
0.050000,2.000000,-0.011674,0.000000
0.050000,4.000000,-0.022181,0.000000
0.050000,6.000000,-0.031522,0.000000
0.050000,8.000000,-0.039691,0.000000
0.050000,10.000000,-0.046686,0.000000
0.050000,12.000000,-0.052506,0.000000
0.050000,14.000000,-0.057153,0.000000
0.050000,16.000000,-0.060625,0.000000
0.050000,18.000000,-0.062924,0.000000
0.050000,20.000000,-0.064048,0.000000
0.050000,22.000000,-0.063999,0.000000
0.050000,24.000000,-0.062775,0.000000
0.050000,26.000000,-0.060376,0.000000
0.050000,28.000000,-0.056803,0.000000
0.050000,30.000000,-0.052054,0.000000
0.050000,32.000000,-0.046128,0.000001
0.050000,34.000000,-0.039025,0.000000
0.050000,36.000000,-0.030743,0.000000
0.050000,38.000000,-0.021279,0.000004
0.050000,40.000000,-0.010630,0.000011
0.050000,42.000000,0.001210,0.000036
0.050000,44.000000,0.014249,0.000103
0.050000,46.000000,0.028501,0.000282
0.050000,48.000000,0.043987,0.000705
0.050000,50.000000,0.060744,0.001630
0.050000,52.000000,0.078828,0.003511
0.050000,54.000000,0.098342,0.007110
0.050000,56.000000,0.119456,0.013597
0.050000,58.000000,0.142476,0.024705
0.050000,60.000000,0.167941,0.042838
0.050000,62.000000,0.196825,0.071204
0.050000,64.000000,0.230892,0.113866
0.050000,66.000000,0.273305,0.175768
0.050000,68.000000,0.329595,0.262704
0.050000,70.000000,0.408849,0.381196
0.050000,72.000000,0.524210,0.538342
0.050000,74.000000,0.690531,0.741570
0.050000,76.000000,0.918073,0.998404
0.050000,78.000000,1.209137,1.316180
0.050000,80.000000,1.566594,1.701781
0.050000,82.000000,2.000233,2.161398
0.050000,84.000000,2.518932,2.700324
0.050000,86.000000,3.123303,3.322770
0.050000,88.000000,3.815161,4.031797
0.050000,90.000000,4.593032,4.829260
0.050000,92.000000,5.448887,5.715792
0.050000,94.000000,6.390136,6.690883
0.050000,96.000000,7.396075,7.752958
0.050000,98.000000,8.495843,8.899500
0.050000,100.000000,9.871668,10.127197
0.050000,102.000000,11.553281,11.432085
0.050000,104.000000,13.147285,12.809708
0.050000,106.000000,14.637022,14.255269
0.050000,108.000000,16.117405,15.763731
0.050000,110.000000,17.625977,17.330030
0.050000,112.000000,19.172977,18.949059
0.050000,114.000000,20.775948,20.615862
0.050000,116.000000,22.435730,22.325663
0.050000,118.000000,24.146675,24.073921
0.050000,120.000000,25.904503,25.856358
0.050000,122.000000,27.703781,27.669044
0.050000,124.000000,29.538200,29.508310
0.050000,126.000000,31.401798,31.370880
0.050000,128.000000,33.289299,33.253716
0.050000,130.000000,35.196072,35.154133
0.050000,132.000000,37.118263,37.069771
0.050000,134.000000,39.052891,38.998474
0.050000,136.000000,40.997810,40.938385
0.050000,138.000000,42.951572,42.887863
0.050000,140.000000,44.913132,44.845516
0.050000,142.000000,46.881641,46.810059
0.050000,144.000000,48.856316,48.780464
0.050000,146.000000,50.836380,50.755802
0.050000,148.000000,52.821045,52.735298
0.050000,150.000000,54.809536,54.718277
0.050000,152.000000,56.801113,56.704174
0.050000,154.000000,58.795120,58.692513
0.050000,156.000000,60.790951,60.682880
0.050000,158.000000,62.788094,62.674950
0.050000,160.000000,64.786118,64.668419
0.050000,162.000000,66.784637,66.663033
0.050000,164.000000,68.783356,68.658623
0.050000,166.000000,70.782021,70.655006
0.050000,168.000000,72.780411,72.652031
0.050000,170.000000,74.778366,74.649605
0.050000,172.000000,76.775749,76.647621
0.050000,174.000000,78.772430,78.646004
0.050000,176.000000,80.768333,80.644691
0.050000,178.000000,82.763359,82.643616
0.050000,180.000000,84.757454,84.642731
0.050000,182.000000,86.750565,86.642014
0.050000,184.000000,88.742653,88.641441
0.050000,186.000000,90.733665,90.640961
0.050000,188.000000,92.723595,92.640579
0.050000,190.000000,94.712395,94.640274
0.050000,192.000000,96.700058,96.640022
0.050000,194.000000,98.686554,98.639816
0.050000,196.000000,100.671875,100.639656
0.050000,198.000000,102.656021,102.639519
0.050000,200.000000,104.638954,104.639404
0.060000,0.000000,0.000000,0.000000
0.060000,2.000000,-0.011541,0.000000
0.060000,4.000000,-0.021925,0.000000
0.060000,6.000000,-0.031157,0.000000
0.060000,8.000000,-0.039228,0.000000
0.060000,10.000000,-0.046138,0.000000
0.060000,12.000000,-0.051885,0.000000
0.060000,14.000000,-0.056472,0.000000
0.060000,16.000000,-0.059896,0.000000
0.060000,18.000000,-0.062159,0.000000
0.060000,20.000000,-0.063260,0.000000
0.060000,22.000000,-0.063200,0.000000
0.060000,24.000000,-0.061978,0.000000
0.060000,26.000000,-0.059593,0.000000
0.060000,28.000000,-0.056046,0.000000
0.060000,30.000000,-0.051336,0.000000
0.060000,32.000000,-0.045462,0.000001
0.060000,34.000000,-0.038422,0.000000
0.060000,36.000000,-0.030216,0.000001
0.060000,38.000000,-0.020841,0.000004
0.060000,40.000000,-0.010294,0.000009
0.060000,42.000000,0.001431,0.000031
0.060000,44.000000,0.014342,0.000092
0.060000,46.000000,0.028453,0.000257
0.060000,48.000000,0.043782,0.000644
0.060000,50.000000,0.060365,0.001501
0.060000,52.000000,0.078258,0.003259
0.060000,54.000000,0.097555,0.006645
0.060000,56.000000,0.118421,0.012788
0.060000,58.000000,0.141145,0.023365
0.060000,60.000000,0.166241,0.040729
0.060000,62.000000,0.194634,0.068015
0.060000,64.000000,0.227998,0.109229
0.060000,66.000000,0.269343,0.169267
0.060000,68.000000,0.323944,0.253895
0.060000,70.000000,0.400526,0.369614
0.060000,72.000000,0.511878,0.523530
0.060000,74.000000,0.672830,0.723107
0.060000,76.000000,0.894234,0.975927
0.060000,78.000000,1.179029,1.289414
0.060000,80.000000,1.529955,1.670538
0.060000,82.000000,1.956695,2.125602
0.060000,84.000000,2.468657,2.660003
0.060000,86.000000,3.067098,3.278061
0.060000,88.000000,3.753146,3.982938
0.060000,90.000000,4.525725,4.776567
0.060000,92.000000,5.377413,5.659653
0.060000,94.000000,6.315809,6.631735
0.060000,96.000000,7.320898,7.691267
0.060000,98.000000,8.421744,8.835745
0.060000,100.000000,9.798067,10.061852
0.060000,102.000000,11.473804,11.365606
0.060000,104.000000,13.058624,12.742537
0.060000,106.000000,14.543056,14.187773
0.060000,108.000000,16.022778,15.696266
0.060000,110.000000,17.533173,17.262869
0.060000,112.000000,19.084171,18.882465
0.060000,114.000000,20.692085,20.550035
0.060000,116.000000,22.356611,22.260750
0.060000,118.000000,24.071911,24.010021
0.060000,120.000000,25.833605,25.793556
0.060000,122.000000,27.636200,27.607363
0.060000,124.000000,29.473402,29.447773
0.060000,126.000000,31.339325,31.311464
0.060000,128.000000,33.228752,33.195389
0.060000,130.000000,35.137123,35.096867
0.060000,132.000000,37.060654,37.013481
0.060000,134.000000,38.996407,38.943115
0.060000,136.000000,40.942322,40.883896
0.060000,138.000000,42.896961,42.834167
0.060000,140.000000,44.859295,44.792519
0.060000,142.000000,46.828495,46.757732
0.060000,144.000000,48.803787,48.728725
0.060000,146.000000,50.784382,50.704601
0.060000,148.000000,52.769497,52.684559
0.060000,150.000000,54.758369,54.667950
0.060000,152.000000,56.750267,56.654221
0.060000,154.000000,58.744534,58.642872
0.060000,156.000000,60.740582,60.633518
0.060000,158.000000,62.737904,62.625820
0.060000,160.000000,64.736069,64.619499
0.060000,162.000000,66.734718,66.614304
0.060000,164.000000,68.733543,68.610054
0.060000,166.000000,70.732285,70.606560
0.060000,168.000000,72.730766,72.603714
0.060000,170.000000,74.728806,74.601387
0.060000,172.000000,76.726265,76.599487
0.060000,174.000000,78.723030,78.597939
0.060000,176.000000,80.719009,80.596664
0.060000,178.000000,82.714127,82.595650
0.060000,180.000000,84.708305,84.594818
0.060000,182.000000,86.701523,86.594147
0.060000,184.000000,88.693718,88.593597
0.060000,186.000000,90.684853,90.593155
0.060000,188.000000,92.674904,92.592796
0.060000,190.000000,94.663849,94.592499
0.060000,192.000000,96.651657,96.592262
0.060000,194.000000,98.638313,98.592072
0.060000,196.000000,100.623810,100.591911
0.060000,198.000000,102.608131,102.591782
0.060000,200.000000,104.591263,104.591682
0.070000,0.000000,0.000000,0.000000
0.070000,2.000000,-0.011407,0.000000
0.070000,4.000000,-0.021670,0.000000
0.070000,6.000000,-0.030792,0.000000
0.070000,8.000000,-0.038766,0.000000
0.070000,10.000000,-0.045591,0.000000
0.070000,12.000000,-0.051266,0.000000
0.070000,14.000000,-0.055792,0.000000
0.070000,16.000000,-0.059169,0.000000
0.070000,18.000000,-0.061397,0.000000
0.070000,20.000000,-0.062476,0.000000
0.070000,22.000000,-0.062405,0.000000
0.070000,24.000000,-0.061184,0.000000
0.070000,26.000000,-0.058814,0.000000
0.070000,28.000000,-0.055293,0.000000
0.070000,30.000000,-0.050622,0.000000
0.070000,32.000000,-0.044799,0.000000
0.070000,34.000000,-0.037824,-0.000001
0.070000,36.000000,-0.029695,0.000001
0.070000,38.000000,-0.020409,0.000000
0.070000,40.000000,-0.009963,0.000008
0.070000,42.000000,0.001647,0.000027
0.070000,44.000000,0.014430,0.000083
0.070000,46.000000,0.028398,0.000230
0.070000,48.000000,0.043570,0.000589
0.070000,50.000000,0.059980,0.001380
0.070000,52.000000,0.077681,0.003021
0.070000,54.000000,0.096763,0.006200
0.070000,56.000000,0.117383,0.012012
0.070000,58.000000,0.139815,0.022075
0.070000,60.000000,0.164549,0.038681
0.070000,62.000000,0.192461,0.064910
0.070000,64.000000,0.225143,0.104699
0.070000,66.000000,0.265456,0.162902
0.070000,68.000000,0.318431,0.245233
0.070000,70.000000,0.392437,0.358191
0.070000,72.000000,0.499897,0.508882
0.070000,74.000000,0.655578,0.704805
0.070000,76.000000,0.870872,0.953606
0.070000,78.000000,1.149380,1.262776
0.070000,80.000000,1.493763,1.639402
0.070000,82.000000,1.913562,2.089871
0.070000,84.000000,2.418683,2.619703
0.070000,86.000000,3.011066,3.233331
0.070000,88.000000,3.691254,3.934016
0.070000,90.000000,4.458455,4.723771
0.070000,92.000000,5.305874,5.603371
0.070000,94.000000,6.241303,6.572412
0.070000,96.000000,7.245437,7.629377
0.070000,98.000000,8.347252,8.771772
0.070000,100.000000,9.723972,9.996280
0.070000,102.000000,11.393834,11.298901
0.070000,104.000000,12.969664,12.675119
0.070000,106.000000,14.449070,14.120048
0.070000,108.000000,15.928309,15.628578
0.070000,110.000000,17.440666,17.195515
0.070000,112.000000,18.995754,18.815689
0.070000,114.000000,20.608612,20.484039
0.070000,116.000000,22.277857,22.195686
0.070000,118.000000,23.997473,23.945995
0.070000,120.000000,25.762997,25.730652
0.070000,122.000000,27.568867,27.545605
0.070000,124.000000,29.408819,29.387178
0.070000,126.000000,31.277031,31.251995
0.070000,128.000000,33.168358,33.137024
0.070000,130.000000,35.078308,35.039562
0.070000,132.000000,37.003151,36.957188
0.070000,134.000000,38.940037,38.887772
0.070000,136.000000,40.886921,40.829414
0.070000,138.000000,42.842426,42.780476
0.070000,140.000000,44.805531,44.739559
0.070000,142.000000,46.775417,46.705421
0.070000,144.000000,48.751308,48.676994
0.070000,146.000000,50.732422,50.653397
0.070000,148.000000,52.717987,52.633823
0.070000,150.000000,54.707226,54.617622
0.070000,152.000000,56.699436,56.604259
0.070000,154.000000,58.693962,58.593246
0.070000,156.000000,60.690216,60.584160
0.070000,158.000000,62.687710,62.576698
0.070000,160.000000,64.686020,64.570587
0.070000,162.000000,66.684776,66.565567
0.070000,164.000000,68.683701,68.561462
0.070000,166.000000,70.682549,70.558113
0.070000,168.000000,72.681114,72.555374
0.070000,170.000000,74.679222,74.553146
0.070000,172.000000,76.676765,76.551346
0.070000,174.000000,78.673599,78.549858
0.070000,176.000000,80.669655,80.548660
0.070000,178.000000,82.664864,82.547684
0.070000,180.000000,84.659142,84.546883
0.070000,182.000000,86.652451,86.546234
0.070000,184.000000,88.644760,88.545723
0.070000,186.000000,90.636009,90.545303
0.070000,188.000000,92.626190,92.544952
0.070000,190.000000,94.615265,94.544685
0.070000,192.000000,96.603226,96.544456
0.070000,194.000000,98.590042,98.544281
0.070000,196.000000,100.575706,100.544144
0.070000,198.000000,102.560219,102.544022
0.070000,200.000000,104.543541,104.543938
0.080000,0.000000,0.000000,0.000000
0.080000,2.000000,-0.011274,0.000000
0.080000,4.000000,-0.021416,0.000000
0.080000,6.000000,-0.030428,0.000000
0.080000,8.000000,-0.038305,0.000000
0.080000,10.000000,-0.045045,0.000000
0.080000,12.000000,-0.050648,0.000000
0.080000,14.000000,-0.055115,0.000000
0.080000,16.000000,-0.058444,0.000000
0.080000,18.000000,-0.060637,0.000000
0.080000,20.000000,-0.061692,0.000000
0.080000,22.000000,-0.061611,0.000000
0.080000,24.000000,-0.060392,0.000000
0.080000,26.000000,-0.058037,0.000000
0.080000,28.000000,-0.054543,0.000000
0.080000,30.000000,-0.049911,0.000000
0.080000,32.000000,-0.044140,0.000000
0.080000,34.000000,-0.037229,-0.000001
0.080000,36.000000,-0.029176,-0.000001
0.080000,38.000000,-0.019979,0.000002
0.080000,40.000000,-0.009636,0.000005
0.080000,42.000000,0.001859,0.000022
0.080000,44.000000,0.014514,0.000076
0.080000,46.000000,0.028340,0.000209
0.080000,48.000000,0.043356,0.000537
0.080000,50.000000,0.059593,0.001268
0.080000,52.000000,0.077102,0.002797
0.080000,54.000000,0.095970,0.005781
0.080000,56.000000,0.116345,0.011268
0.080000,58.000000,0.138489,0.020834
0.080000,60.000000,0.162866,0.036703
0.080000,62.000000,0.190310,0.061890
0.080000,64.000000,0.222330,0.100282
0.080000,66.000000,0.261647,0.156664
0.080000,68.000000,0.313054,0.236719
0.080000,70.000000,0.384576,0.346931
0.080000,72.000000,0.488263,0.494402
0.080000,74.000000,0.638777,0.686670
0.080000,76.000000,0.847997,0.931440
0.080000,78.000000,1.120203,1.236277
0.080000,80.000000,1.458030,1.608365
0.080000,82.000000,1.870852,2.054211
0.080000,84.000000,2.369030,2.579435
0.080000,86.000000,2.955228,3.188590
0.080000,88.000000,3.629497,3.885038
0.080000,90.000000,4.391235,4.670872
0.080000,92.000000,5.234282,5.546951
0.080000,94.000000,6.166631,6.512918
0.080000,96.000000,7.169704,7.567286
0.080000,98.000000,8.272372,8.707582
0.080000,100.000000,9.649385,9.930477
0.080000,102.000000,11.313375,11.231960
0.080000,104.000000,12.880424,12.607473
0.080000,106.000000,14.355089,14.052092
0.080000,108.000000,15.834020,15.560674
0.080000,110.000000,17.348475,17.127974
0.080000,112.000000,18.907728,18.748749
0.080000,114.000000,20.525530,20.417898
0.080000,116.000000,22.199467,22.130497
0.080000,118.000000,23.923368,23.881868
0.080000,120.000000,25.692682,25.667652
0.080000,122.000000,27.501787,27.483774
0.080000,124.000000,29.344454,29.326519
0.080000,126.000000,31.214924,31.192501
0.080000,128.000000,33.108128,33.078659
0.080000,130.000000,35.019630,34.982281
0.080000,132.000000,36.945778,36.900909
0.080000,134.000000,38.883770,38.832417
0.080000,136.000000,40.831623,40.774937
0.080000,138.000000,42.787979,42.726814
0.080000,140.000000,44.751850,44.686611
0.080000,142.000000,46.722408,46.653130
0.080000,144.000000,48.698891,48.625313
0.080000,146.000000,50.680519,50.602222
0.080000,148.000000,52.666519,52.583122
0.080000,150.000000,54.656124,54.567341
0.080000,152.000000,56.648636,56.554329
0.080000,154.000000,58.643410,58.543621
0.080000,156.000000,60.639866,60.534824
0.080000,158.000000,62.637531,62.527592
0.080000,160.000000,64.635971,64.521683
0.080000,162.000000,66.634850,66.516846
0.080000,164.000000,68.633881,68.512909
0.080000,166.000000,70.632805,70.509682
0.080000,168.000000,72.631447,72.507065
0.080000,170.000000,74.629639,74.504906
0.080000,172.000000,76.627251,76.503166
0.080000,174.000000,78.624168,78.501770
0.080000,176.000000,80.620308,80.500626
0.080000,178.000000,82.615593,82.499695
0.080000,180.000000,84.609970,84.498947
0.080000,182.000000,86.603371,86.498337
0.080000,184.000000,88.595787,88.497849
0.080000,186.000000,90.587158,90.497459
0.080000,188.000000,92.577461,92.497131
0.080000,190.000000,94.566673,94.496872
0.080000,192.000000,96.554779,96.496658
0.080000,194.000000,98.541763,98.496498
0.080000,196.000000,100.527603,100.496368
0.080000,198.000000,102.512276,102.496254
0.080000,200.000000,104.495804,104.496170
0.090000,0.000000,0.000000,0.000000
0.090000,2.000000,-0.011141,0.000000
0.090000,4.000000,-0.021162,0.000000
0.090000,6.000000,-0.030065,0.000000
0.090000,8.000000,-0.037845,0.000000
0.090000,10.000000,-0.044501,0.000000
0.090000,12.000000,-0.050032,0.000000
0.090000,14.000000,-0.054439,0.000000
0.090000,16.000000,-0.057721,0.000000
0.090000,18.000000,-0.059879,0.000000
0.090000,20.000000,-0.060912,0.000000
0.090000,22.000000,-0.060821,0.000000
0.090000,24.000000,-0.059605,0.000000
0.090000,26.000000,-0.057263,0.000000
0.090000,28.000000,-0.053797,0.000000
0.090000,30.000000,-0.049204,0.000000
0.090000,32.000000,-0.043485,0.000000
0.090000,34.000000,-0.036638,-0.000001
0.090000,36.000000,-0.028662,0.000001
0.090000,38.000000,-0.019556,0.000001
0.090000,40.000000,-0.009315,0.000006
0.090000,42.000000,0.002065,0.000023
0.090000,44.000000,0.014592,0.000066
0.090000,46.000000,0.028275,0.000187
0.090000,48.000000,0.043135,0.000487
0.090000,50.000000,0.059199,0.001162
0.090000,52.000000,0.076517,0.002586
0.090000,54.000000,0.095171,0.005382
0.090000,56.000000,0.115304,0.010560
0.090000,58.000000,0.137163,0.019640
0.090000,60.000000,0.161189,0.034792
0.090000,62.000000,0.188174,0.058963
0.090000,64.000000,0.219551,0.095972
0.090000,66.000000,0.257906,0.150557
0.090000,68.000000,0.307804,0.228359
0.090000,70.000000,0.376933,0.335831
0.090000,72.000000,0.476963,0.480090
0.090000,74.000000,0.622415,0.668705
0.090000,76.000000,0.825603,0.909426
0.090000,78.000000,1.091495,1.209911
0.090000,80.000000,1.422756,1.577438
0.090000,82.000000,1.828566,2.018621
0.090000,84.000000,2.319706,2.539202
0.090000,86.000000,2.899586,3.143835
0.090000,88.000000,3.567877,3.835992
0.090000,90.000000,4.324067,4.617868
0.090000,92.000000,5.162640,5.490387
0.090000,94.000000,6.091786,6.453244
0.090000,96.000000,7.093686,7.504988
0.090000,98.000000,8.197095,8.643163
0.090000,100.000000,9.574297,9.864439
0.090000,102.000000,11.232430,11.164778
0.090000,104.000000,12.790912,12.539585
0.090000,106.000000,14.261108,13.983913
0.090000,108.000000,15.739900,15.492558
0.090000,110.000000,17.256580,17.060225
0.090000,112.000000,18.820086,18.681622
0.090000,114.000000,20.442829,20.351593
0.090000,116.000000,22.121429,22.065159
0.090000,118.000000,23.849583,23.817631
0.090000,120.000000,25.622646,25.604559
0.090000,122.000000,27.434948,27.421869
0.090000,124.000000,29.280293,29.265810
0.090000,126.000000,31.152998,31.132971
0.090000,128.000000,33.048046,33.020264
0.090000,130.000000,34.961086,34.924961
0.090000,132.000000,36.888515,36.844612
0.090000,134.000000,38.827602,38.777084
0.090000,136.000000,40.776413,40.720474
0.090000,138.000000,42.733612,42.673145
0.090000,140.000000,44.698231,44.633686
0.090000,142.000000,46.669456,46.600861
0.090000,144.000000,48.646526,48.573627
0.090000,146.000000,50.628654,50.551071
0.090000,148.000000,52.615078,52.532429
0.090000,150.000000,54.605049,54.517063
0.090000,152.000000,56.597855,56.504406
0.090000,154.000000,58.592869,58.494007
0.090000,156.000000,60.589523,60.485485
0.090000,158.000000,62.587349,62.478500
0.090000,160.000000,64.585930,64.472786
0.090000,162.000000,66.584923,66.468124
0.090000,164.000000,68.584038,68.464325
0.090000,166.000000,70.583054,70.461227
0.090000,168.000000,72.581772,72.458710
0.090000,170.000000,74.580040,74.456665
0.090000,172.000000,76.577721,76.454994
0.090000,174.000000,78.574707,78.453659
0.090000,176.000000,80.570923,80.452568
0.090000,178.000000,82.566299,82.451691
0.090000,180.000000,84.560768,84.450981
0.090000,182.000000,86.554276,86.450401
0.090000,184.000000,88.546791,88.449944
0.090000,186.000000,90.538277,90.449577
0.090000,188.000000,92.528702,92.449265
0.090000,190.000000,94.518051,94.449020
0.090000,192.000000,96.506302,96.448830
0.090000,194.000000,98.493446,98.448685
0.090000,196.000000,100.479454,100.448547
0.090000,198.000000,102.464317,102.448448
0.090000,200.000000,104.448036,104.448372
0.100000,0.000000,0.000000,0.000000
0.100000,2.000000,-0.011008,0.000000
0.100000,4.000000,-0.020908,0.000000
0.100000,6.000000,-0.029702,0.000000
0.100000,8.000000,-0.037386,0.000000
0.100000,10.000000,-0.043957,0.000000
0.100000,12.000000,-0.049417,0.000000
0.100000,14.000000,-0.053764,0.000000
0.100000,16.000000,-0.056999,0.000000
0.100000,18.000000,-0.059122,0.000000
0.100000,20.000000,-0.060133,0.000000
0.100000,22.000000,-0.060032,0.000000
0.100000,24.000000,-0.058818,0.000000
0.100000,26.000000,-0.056492,0.000000
0.100000,28.000000,-0.053053,0.000000
0.100000,30.000000,-0.048500,0.000000
0.100000,32.000000,-0.042833,0.000000
0.100000,34.000000,-0.036050,0.000001
0.100000,36.000000,-0.028152,-0.000001
0.100000,38.000000,-0.019135,0.000001
0.100000,40.000000,-0.008996,0.000003
0.100000,42.000000,0.002269,0.000019
0.100000,44.000000,0.014666,0.000059
0.100000,46.000000,0.028208,0.000169
0.100000,48.000000,0.042910,0.000441
0.100000,50.000000,0.058802,0.001064
0.100000,52.000000,0.075930,0.002386
0.100000,54.000000,0.094372,0.005001
0.100000,56.000000,0.114263,0.009882
0.100000,58.000000,0.135840,0.018495
0.100000,60.000000,0.159520,0.032946
0.100000,62.000000,0.186057,0.056119
0.100000,64.000000,0.216810,0.091770
0.100000,66.000000,0.254235,0.144582
0.100000,68.000000,0.302680,0.220142
0.100000,70.000000,0.369502,0.324892
0.100000,72.000000,0.465992,0.465951
0.100000,74.000000,0.606492,0.650908
0.100000,76.000000,0.803699,0.887575
0.100000,78.000000,1.063270,1.183687
0.100000,80.000000,1.387955,1.546621
0.100000,82.000000,1.786723,1.983105
0.100000,84.000000,2.270733,2.498993
0.100000,86.000000,2.844162,3.099068
0.100000,88.000000,3.506407,3.786891
0.100000,90.000000,4.256967,4.564765
0.100000,92.000000,5.090958,5.433681
0.100000,94.000000,6.016783,6.393394
0.100000,96.000000,7.017394,7.442490
0.100000,98.000000,8.121421,8.578522
0.100000,100.000000,9.498705,9.798161
0.100000,102.000000,11.151001,11.097346
0.100000,104.000000,12.701141,12.471468
0.100000,106.000000,14.167145,13.915518
0.100000,108.000000,15.645966,15.424229
0.100000,110.000000,17.165009,16.992275
0.100000,112.000000,18.732834,18.614315
0.100000,114.000000,20.360510,20.285133
0.100000,116.000000,22.043751,21.999704
0.100000,118.000000,23.776119,23.753281
0.100000,120.000000,25.552895,25.541388
0.100000,122.000000,27.368355,27.359905
0.100000,124.000000,29.216345,29.205059
0.100000,126.000000,31.091249,31.073402
0.100000,128.000000,32.988125,32.961853
0.100000,130.000000,34.902679,34.867638
0.100000,132.000000,36.831379,36.788322
0.100000,134.000000,38.771545,38.721752
0.100000,136.000000,40.721298,40.666027
0.100000,138.000000,42.679333,42.619518
0.100000,140.000000,44.644695,44.580799
0.100000,142.000000,46.616577,46.548622
0.100000,144.000000,48.594215,48.521976
0.100000,146.000000,50.576843,50.499943
0.100000,148.000000,52.563683,52.481770
0.100000,150.000000,54.554001,54.466801
0.100000,152.000000,56.547096,56.454498
0.100000,154.000000,58.542347,58.444416
0.100000,156.000000,60.539200,60.436157
0.100000,158.000000,62.537178,62.429413
0.100000,160.000000,64.535889,64.423897
0.100000,162.000000,66.534988,66.419403
0.100000,164.000000,68.534195,68.415749
0.100000,166.000000,70.533295,70.412788
0.100000,168.000000,72.532089,72.410370
0.100000,170.000000,74.530434,74.408417
0.100000,172.000000,76.528183,76.406845
0.100000,174.000000,78.525253,78.405548
0.100000,176.000000,80.521545,80.404526
0.100000,178.000000,82.516991,82.403679
0.100000,180.000000,84.511551,84.403023
0.100000,182.000000,86.505157,86.402466
0.100000,184.000000,88.497780,88.402023
0.100000,186.000000,90.489380,90.401688
0.100000,188.000000,92.479935,92.401398
0.100000,190.000000,94.469421,94.401169
0.100000,192.000000,96.457825,96.400986
0.100000,194.000000,98.445122,98.400848
0.100000,196.000000,100.431297,100.400726
0.100000,198.000000,102.416344,102.400627
0.100000,200.000000,104.400253,104.400551
0.110000,0.000000,0.000000,0.000000
0.110000,2.000000,-0.010876,0.000000
0.110000,4.000000,-0.020654,0.000000
0.110000,6.000000,-0.029340,0.000000
0.110000,8.000000,-0.036928,0.000000
0.110000,10.000000,-0.043415,0.000000
0.110000,12.000000,-0.048803,0.000000
0.110000,14.000000,-0.053091,0.000000
0.110000,16.000000,-0.056280,0.000000
0.110000,18.000000,-0.058369,0.000000
0.110000,20.000000,-0.059358,0.000000
0.110000,22.000000,-0.059247,0.000000
0.110000,24.000000,-0.058036,0.000000
0.110000,26.000000,-0.055724,0.000000
0.110000,28.000000,-0.052313,0.000000
0.110000,30.000000,-0.047800,0.000000
0.110000,32.000000,-0.042185,0.000000
0.110000,34.000000,-0.035468,0.000001
0.110000,36.000000,-0.027647,0.000001
0.110000,38.000000,-0.018719,0.000002
0.110000,40.000000,-0.008683,0.000004
0.110000,42.000000,0.002466,0.000016
0.110000,44.000000,0.014735,0.000052
0.110000,46.000000,0.028134,0.000152
0.110000,48.000000,0.042680,0.000400
0.110000,50.000000,0.058399,0.000971
0.110000,52.000000,0.075336,0.002196
0.110000,54.000000,0.093566,0.004642
0.110000,56.000000,0.113218,0.009237
0.110000,58.000000,0.134515,0.017392
0.110000,60.000000,0.157856,0.031163
0.110000,62.000000,0.183953,0.053362
0.110000,64.000000,0.214100,0.087679
0.110000,66.000000,0.250625,0.138734
0.110000,68.000000,0.297670,0.212081
0.110000,70.000000,0.362270,0.314129
0.110000,72.000000,0.455335,0.451988
0.110000,74.000000,0.590998,0.633285
0.110000,76.000000,0.782279,0.865885
0.110000,78.000000,1.035526,1.157607
0.110000,80.000000,1.353624,1.515917
0.110000,82.000000,1.745323,1.947667
0.110000,84.000000,2.222120,2.458824
0.110000,86.000000,2.788960,3.054287
0.110000,88.000000,3.445086,3.737734
0.110000,90.000000,4.189929,4.511555
0.110000,92.000000,5.019233,5.376824
0.110000,94.000000,5.941612,6.333360
0.110000,96.000000,6.940823,7.379774
0.110000,98.000000,8.045341,8.513643
0.110000,100.000000,9.422602,9.731632
0.110000,102.000000,11.069092,11.029671
0.110000,104.000000,12.611116,12.403093
0.110000,106.000000,14.073200,13.846864
0.110000,108.000000,15.552214,15.355667
0.110000,110.000000,17.073748,16.924118
0.110000,112.000000,18.645962,18.546831
0.110000,114.000000,20.278568,20.218512
0.110000,116.000000,21.966419,21.934107
0.110000,118.000000,23.702969,23.688808
0.110000,120.000000,25.483414,25.478115
0.110000,122.000000,27.301996,27.297874
0.110000,124.000000,29.152597,29.144249
0.110000,126.000000,31.029675,31.013802
0.110000,128.000000,32.928349,32.903412
0.110000,130.000000,34.844398,34.810314
0.110000,132.000000,36.774349,36.732040
0.110000,134.000000,38.715584,38.666443
0.110000,136.000000,40.666271,40.611603
0.110000,138.000000,42.625134,42.565895
0.110000,140.000000,44.591225,44.527905
0.110000,142.000000,46.563755,46.496407
0.110000,144.000000,48.541958,48.470345
0.110000,146.000000,50.525066,50.448837
0.110000,148.000000,52.512321,52.431122
0.110000,150.000000,54.502975,54.416569
0.110000,152.000000,56.496357,56.404610
0.110000,154.000000,58.491837,58.394829
0.110000,156.000000,60.488873,60.386841
0.110000,158.000000,62.487007,62.380322
0.110000,160.000000,64.485840,64.375015
0.110000,162.000000,66.485046,66.370689
0.110000,164.000000,68.484344,68.367180
0.110000,166.000000,70.483528,70.364326
0.110000,168.000000,72.482399,72.362030
0.110000,170.000000,74.480804,74.360168
0.110000,172.000000,76.478622,76.358635
0.110000,174.000000,78.475761,78.357422
0.110000,176.000000,80.472137,80.356445
0.110000,178.000000,82.467674,82.355652
0.110000,180.000000,84.462318,84.355026
0.110000,182.000000,86.456017,86.354507
0.110000,184.000000,88.448738,88.354103
0.110000,186.000000,90.440460,90.353775
0.110000,188.000000,92.431137,92.353500
0.110000,190.000000,94.420761,94.353279
0.110000,192.000000,96.409309,96.353127
0.110000,194.000000,98.396767,98.352982
0.110000,196.000000,100.383102,100.352867
0.110000,198.000000,102.368332,102.352783
0.110000,200.000000,104.352440,104.352722
0.120000,0.000000,0.000000,0.000000
0.120000,2.000000,-0.010743,0.000000
0.120000,4.000000,-0.020401,0.000000
0.120000,6.000000,-0.028979,0.000000
0.120000,8.000000,-0.036470,0.000000
0.120000,10.000000,-0.042874,0.000000
0.120000,12.000000,-0.048191,0.000000
0.120000,14.000000,-0.052420,0.000000
0.120000,16.000000,-0.055562,0.000000
0.120000,18.000000,-0.057617,0.000000
0.120000,20.000000,-0.058584,0.000000
0.120000,22.000000,-0.058464,0.000000
0.120000,24.000000,-0.057256,0.000000
0.120000,26.000000,-0.054960,0.000000
0.120000,28.000000,-0.051576,0.000000
0.120000,30.000000,-0.047103,0.000000
0.120000,32.000000,-0.041541,0.000000
0.120000,34.000000,-0.034889,0.000001
0.120000,36.000000,-0.027145,-0.000000
0.120000,38.000000,-0.018308,0.000000
0.120000,40.000000,-0.008375,0.000005
0.120000,42.000000,0.002658,0.000015
0.120000,44.000000,0.014798,0.000046
0.120000,46.000000,0.028055,0.000134
0.120000,48.000000,0.042444,0.000361
0.120000,50.000000,0.057991,0.000886
0.120000,52.000000,0.074738,0.002021
0.120000,54.000000,0.092757,0.004302
0.120000,56.000000,0.112171,0.008620
0.120000,58.000000,0.133191,0.016338
0.120000,60.000000,0.156197,0.029445
0.120000,62.000000,0.181865,0.050689
0.120000,64.000000,0.211420,0.083695
0.120000,66.000000,0.247077,0.133023
0.120000,68.000000,0.292773,0.204171
0.120000,70.000000,0.355234,0.303526
0.120000,72.000000,0.444986,0.438199
0.120000,74.000000,0.575927,0.615839
0.120000,76.000000,0.761347,0.844364
0.120000,78.000000,1.008270,1.131674
0.120000,80.000000,1.319775,1.485330
0.120000,82.000000,1.704380,1.912306
0.120000,84.000000,2.173883,2.418686
0.120000,86.000000,2.733998,3.009494
0.120000,88.000000,3.383926,3.688513
0.120000,90.000000,4.122971,4.458239
0.120000,92.000000,4.947476,5.319821
0.120000,94.000000,5.866285,6.273138
0.120000,96.000000,6.863970,7.316847
0.120000,98.000000,7.968857,8.448533
0.120000,100.000000,9.345984,9.664859
0.120000,102.000000,10.986705,10.961736
0.120000,104.000000,12.520853,12.334470
0.120000,106.000000,13.979284,13.777975
0.120000,108.000000,15.458652,15.286888
0.120000,110.000000,16.982803,16.855761
0.120000,112.000000,18.559471,18.479156
0.120000,114.000000,20.196997,20.151730
0.120000,116.000000,21.889427,21.868372
0.120000,118.000000,23.630127,23.624226
0.120000,120.000000,25.414207,25.414761
0.120000,122.000000,27.235870,27.235762
0.120000,124.000000,29.089048,29.083393
0.120000,126.000000,30.968271,30.954157
0.120000,128.000000,32.868721,32.844963
0.120000,130.000000,34.786243,34.752983
0.120000,132.000000,36.717430,36.675762
0.120000,134.000000,38.659725,38.611122
0.120000,136.000000,40.611336,40.557186
0.120000,138.000000,42.571007,42.512306
0.120000,140.000000,44.537823,44.475052
0.120000,142.000000,46.510990,46.444206
0.120000,144.000000,48.489750,48.418739
0.120000,146.000000,50.473335,50.397758
0.120000,148.000000,52.460991,52.380489
0.120000,150.000000,54.451984,54.366337
0.120000,152.000000,56.445637,56.354740
0.120000,154.000000,58.441338,58.345264
0.120000,156.000000,60.438560,60.337540
0.120000,158.000000,62.436844,62.331245
0.120000,160.000000,64.435799,64.326126
0.120000,162.000000,66.435104,66.321968
0.120000,164.000000,68.434494,68.318596
0.120000,166.000000,70.433746,70.315880
0.120000,168.000000,72.432686,72.313675
0.120000,170.000000,74.431160,74.311890
0.120000,172.000000,76.429054,76.310455
0.120000,174.000000,78.426262,78.309303
0.120000,176.000000,80.422707,80.308365
0.120000,178.000000,82.418327,82.307610
0.120000,180.000000,84.413055,84.307022
0.120000,182.000000,86.406860,86.306541
0.120000,184.000000,88.399689,88.306145
0.120000,186.000000,90.391518,90.305840
0.120000,188.000000,92.382324,92.305588
0.120000,190.000000,94.372078,94.305389
0.120000,192.000000,96.360771,96.305237
0.120000,194.000000,98.348381,98.305092
0.120000,196.000000,100.334900,100.305000
0.120000,198.000000,102.320305,102.304916
0.120000,200.000000,104.304604,104.304855
0.130000,0.000000,0.000000,0.000000
0.130000,2.000000,-0.010611,0.000000
0.130000,4.000000,-0.020149,0.000000
0.130000,6.000000,-0.028618,0.000000
0.130000,8.000000,-0.036014,0.000000
0.130000,10.000000,-0.042335,0.000000
0.130000,12.000000,-0.047580,0.000000
0.130000,14.000000,-0.051751,0.000000
0.130000,16.000000,-0.054847,0.000000
0.130000,18.000000,-0.056867,0.000000
0.130000,20.000000,-0.057813,0.000000
0.130000,22.000000,-0.057684,0.000000
0.130000,24.000000,-0.056479,0.000000
0.130000,26.000000,-0.054199,0.000000
0.130000,28.000000,-0.050842,0.000000
0.130000,30.000000,-0.046410,0.000000
0.130000,32.000000,-0.040901,0.000000
0.130000,34.000000,-0.034314,0.000001
0.130000,36.000000,-0.026648,-0.000001
0.130000,38.000000,-0.017901,-0.000000
0.130000,40.000000,-0.008071,0.000002
0.130000,42.000000,0.002846,0.000011
0.130000,44.000000,0.014857,0.000042
0.130000,46.000000,0.027971,0.000121
0.130000,48.000000,0.042203,0.000325
0.130000,50.000000,0.057578,0.000806
0.130000,52.000000,0.074136,0.001855
0.130000,54.000000,0.091945,0.003979
0.130000,56.000000,0.111121,0.008033
0.130000,58.000000,0.131867,0.015325
0.130000,60.000000,0.154543,0.027791
0.130000,62.000000,0.179790,0.048103
0.130000,64.000000,0.208771,0.079821
0.130000,66.000000,0.243587,0.127439
0.130000,68.000000,0.287983,0.196416
0.130000,70.000000,0.348384,0.293093
0.130000,72.000000,0.434936,0.424589
0.130000,74.000000,0.561273,0.598575
0.130000,76.000000,0.740903,0.823016
0.130000,78.000000,0.981508,1.105888
0.130000,80.000000,1.286411,1.454868
0.130000,82.000000,1.663903,1.877031
0.130000,84.000000,2.126037,2.378590
0.130000,86.000000,2.679290,2.964692
0.130000,88.000000,3.322936,3.639235
0.130000,90.000000,4.056095,4.404813
0.130000,92.000000,4.875694,5.262670
0.130000,94.000000,5.790804,6.212734
0.130000,96.000000,6.786841,7.253704
0.130000,98.000000,7.891964,8.383185
0.130000,100.000000,9.268850,9.597836
0.130000,102.000000,10.903842,10.893545
0.130000,104.000000,12.430359,12.265594
0.130000,106.000000,13.885405,13.708833
0.130000,108.000000,15.365290,15.217873
0.130000,110.000000,16.892181,16.787195
0.130000,112.000000,18.473356,18.411291
0.130000,114.000000,20.115793,20.084782
0.130000,116.000000,21.812780,21.802502
0.130000,118.000000,23.557590,23.559536
0.130000,120.000000,25.345266,25.351316
0.130000,122.000000,27.169975,27.173584
0.130000,124.000000,29.025700,29.022480
0.130000,126.000000,30.907038,30.894503
0.130000,128.000000,32.809242,32.786491
0.130000,130.000000,34.728218,34.695644
0.130000,132.000000,36.660625,36.619488
0.130000,134.000000,38.603966,38.555828
0.130000,136.000000,40.556480,40.502796
0.130000,138.000000,42.516964,42.458729
0.130000,140.000000,44.484493,44.422211
0.130000,142.000000,46.458290,46.392040
0.130000,144.000000,48.437595,48.367153
0.130000,146.000000,50.421646,50.346680
0.130000,148.000000,52.409695,52.329891
0.130000,150.000000,54.401012,54.316132
0.130000,152.000000,56.394936,56.304882
0.130000,154.000000,58.390858,58.295719
0.130000,156.000000,60.388252,60.288246
0.130000,158.000000,62.386677,62.282169
0.130000,160.000000,64.385750,64.277252
0.130000,162.000000,66.385155,66.273254
0.130000,164.000000,68.384628,68.270027
0.130000,166.000000,70.383957,70.267418
0.130000,168.000000,72.382973,72.265312
0.130000,170.000000,74.381508,74.263611
0.130000,172.000000,76.379471,76.262238
0.130000,174.000000,78.376755,78.261147
0.130000,176.000000,80.373268,80.260269
0.130000,178.000000,82.368973,82.259560
0.130000,180.000000,84.363785,84.258995
0.130000,182.000000,86.357674,86.258545
0.130000,184.000000,88.350616,88.258179
0.130000,186.000000,90.342552,90.257881
0.130000,188.000000,92.333488,92.257652
0.130000,190.000000,94.323380,94.257469
0.130000,192.000000,96.312210,96.257324
0.130000,194.000000,98.299980,98.257202
0.130000,196.000000,100.286667,100.257103
0.130000,198.000000,102.272263,102.257042
0.130000,200.000000,104.256744,104.256973
0.140000,0.000000,0.000000,0.000000
0.140000,2.000000,-0.010479,0.000000
0.140000,4.000000,-0.019897,0.000000
0.140000,6.000000,-0.028258,0.000000
0.140000,8.000000,-0.035558,0.000000
0.140000,10.000000,-0.041796,0.000000
0.140000,12.000000,-0.046971,0.000000
0.140000,14.000000,-0.051083,0.000000
0.140000,16.000000,-0.054133,0.000000
0.140000,18.000000,-0.056120,0.000000
0.140000,20.000000,-0.057044,0.000000
0.140000,22.000000,-0.056906,0.000000
0.140000,24.000000,-0.055704,0.000000
0.140000,26.000000,-0.053440,0.000000
0.140000,28.000000,-0.050112,0.000000
0.140000,30.000000,-0.045720,0.000000
0.140000,32.000000,-0.040264,0.000000
0.140000,34.000000,-0.033743,0.000001
0.140000,36.000000,-0.026155,0.000001
0.140000,38.000000,-0.017499,0.000002
0.140000,40.000000,-0.007772,0.000004
0.140000,42.000000,0.003029,0.000012
0.140000,44.000000,0.014911,0.000037
0.140000,46.000000,0.027882,0.000106
0.140000,48.000000,0.041958,0.000293
0.140000,50.000000,0.057160,0.000733
0.140000,52.000000,0.073529,0.001698
0.140000,54.000000,0.091128,0.003676
0.140000,56.000000,0.110069,0.007475
0.140000,58.000000,0.130544,0.014359
0.140000,60.000000,0.152894,0.026195
0.140000,62.000000,0.177728,0.045598
0.140000,64.000000,0.206149,0.076053
0.140000,66.000000,0.240152,0.121988
0.140000,68.000000,0.283296,0.188809
0.140000,70.000000,0.341713,0.282833
0.140000,72.000000,0.425174,0.411160
0.140000,74.000000,0.547028,0.581489
0.140000,76.000000,0.720944,0.801837
0.140000,78.000000,0.955242,1.080256
0.140000,80.000000,1.253540,1.424527
0.140000,82.000000,1.623900,1.841838
0.140000,84.000000,2.078594,2.338535
0.140000,86.000000,2.624851,2.919881
0.140000,88.000000,3.262122,3.589901
0.140000,90.000000,3.989312,4.351289
0.140000,92.000000,4.803893,5.205369
0.140000,94.000000,5.715177,6.152142
0.140000,96.000000,6.709434,7.190340
0.140000,98.000000,7.814655,8.317593
0.140000,100.000000,9.191193,9.530558
0.140000,102.000000,10.820511,10.825102
0.140000,104.000000,12.339647,12.196460
0.140000,106.000000,13.791567,13.639447
0.140000,108.000000,15.272123,15.148629
0.140000,110.000000,16.801878,16.718410
0.140000,112.000000,18.387621,18.343241
0.140000,114.000000,20.034954,20.017677
0.140000,116.000000,21.736465,21.736481
0.140000,118.000000,23.485359,23.494740
0.140000,120.000000,25.276590,25.287771
0.140000,122.000000,27.104305,27.111343
0.140000,124.000000,28.962545,28.961536
0.140000,126.000000,30.845970,30.834808
0.140000,128.000000,32.749905,32.728004
0.140000,130.000000,34.670315,34.638306
0.140000,132.000000,36.603931,36.563213
0.140000,134.000000,38.548302,38.500561
0.140000,136.000000,40.501720,40.448418
0.140000,138.000000,42.462997,42.405182
0.140000,140.000000,44.431236,44.369404
0.140000,142.000000,46.405647,46.339886
0.140000,144.000000,48.385490,48.315594
0.140000,146.000000,50.369999,50.295647
0.140000,148.000000,52.358433,52.279301
0.140000,150.000000,54.350071,54.265949
0.140000,152.000000,56.344250,56.255058
0.140000,154.000000,58.340389,58.246166
0.140000,156.000000,60.337955,60.238956
0.140000,158.000000,62.336521,62.233109
0.140000,160.000000,64.335701,64.228371
0.140000,162.000000,66.335205,66.224533
0.140000,164.000000,68.334755,68.221451
0.140000,166.000000,70.334160,70.218956
0.140000,168.000000,72.333244,72.216957
0.140000,170.000000,74.331841,74.215332
0.140000,172.000000,76.329872,76.214035
0.140000,174.000000,78.327225,78.212997
0.140000,176.000000,80.323814,80.212151
0.140000,178.000000,82.319588,82.211494
0.140000,180.000000,84.314499,84.210960
0.140000,182.000000,86.308479,86.210526
0.140000,184.000000,88.301521,88.210197
0.140000,186.000000,90.293579,90.209923
0.140000,188.000000,92.284630,92.209702
0.140000,190.000000,94.274658,94.209534
0.140000,192.000000,96.263634,96.209396
0.140000,194.000000,98.251556,98.209282
0.140000,196.000000,100.238411,100.209198
0.140000,198.000000,102.224182,102.209137
0.140000,200.000000,104.208862,104.209076
0.150000,0.000000,0.000000,0.000000
0.150000,2.000000,-0.010347,0.000000
0.150000,4.000000,-0.019645,0.000000
0.150000,6.000000,-0.027899,0.000000
0.150000,8.000000,-0.035104,0.000000
0.150000,10.000000,-0.041259,0.000000
0.150000,12.000000,-0.046363,0.000000
0.150000,14.000000,-0.050417,0.000000
0.150000,16.000000,-0.053421,0.000000
0.150000,18.000000,-0.055375,0.000000
0.150000,20.000000,-0.056278,0.000000
0.150000,22.000000,-0.056131,0.000000
0.150000,24.000000,-0.054934,0.000000
0.150000,26.000000,-0.052685,0.000000
0.150000,28.000000,-0.049386,0.000000
0.150000,30.000000,-0.045035,0.000000
0.150000,32.000000,-0.039633,0.000000
0.150000,34.000000,-0.033177,0.000001
0.150000,36.000000,-0.025667,0.000000
0.150000,38.000000,-0.017102,0.000002
0.150000,40.000000,-0.007479,0.000002
0.150000,42.000000,0.003206,0.000010
0.150000,44.000000,0.014958,0.000030
0.150000,46.000000,0.027787,0.000093
0.150000,48.000000,0.041705,0.000262
0.150000,50.000000,0.056736,0.000663
0.150000,52.000000,0.072915,0.001555
0.150000,54.000000,0.090306,0.003392
0.150000,56.000000,0.109012,0.006945
0.150000,58.000000,0.129218,0.013435
0.150000,60.000000,0.151246,0.024662
0.150000,62.000000,0.175675,0.043177
0.150000,64.000000,0.203551,0.072393
0.150000,66.000000,0.236766,0.116670
0.150000,68.000000,0.278703,0.181360
0.150000,70.000000,0.335212,0.272743
0.150000,72.000000,0.415690,0.397915
0.150000,74.000000,0.533180,0.564589
0.150000,76.000000,0.701466,0.780834
0.150000,78.000000,0.929474,1.054785
0.150000,80.000000,1.221162,1.394312
0.150000,82.000000,1.584376,1.806738
0.150000,84.000000,2.031566,2.298523
0.150000,86.000000,2.570693,2.875062
0.150000,88.000000,3.201491,3.540507
0.150000,90.000000,3.922626,4.297649
0.150000,92.000000,4.732075,5.147912
0.150000,94.000000,5.639402,6.091351
0.150000,96.000000,6.631749,7.126747
0.150000,98.000000,7.736931,8.251757
0.150000,100.000000,9.113007,9.463016
0.150000,102.000000,10.736706,10.756382
0.150000,104.000000,12.248718,12.127058
0.150000,106.000000,13.697776,13.569819
0.150000,108.000000,15.179159,15.079144
0.150000,110.000000,16.711895,16.649414
0.150000,112.000000,18.302256,18.274998
0.150000,114.000000,19.954472,19.950397
0.150000,116.000000,21.660482,21.670340
0.150000,118.000000,23.413418,23.429810
0.150000,120.000000,25.208168,25.224140
0.150000,122.000000,27.038857,27.049032
0.150000,124.000000,28.899576,28.900532
0.150000,126.000000,30.785065,30.775084
0.150000,128.000000,32.690704,32.669502
0.150000,130.000000,34.612534,34.580956
0.150000,132.000000,36.547337,36.506943
0.150000,134.000000,38.492733,38.445282
0.150000,136.000000,40.447041,40.394070
0.150000,138.000000,42.409103,42.351643
0.150000,140.000000,44.378036,44.316616
0.150000,142.000000,46.353058,46.287762
0.150000,144.000000,48.333427,48.264053
0.150000,146.000000,50.318390,50.244629
0.150000,148.000000,52.307194,52.228741
0.150000,150.000000,54.299145,54.215775
0.150000,152.000000,56.293583,56.205227
0.150000,154.000000,58.289921,58.196644
0.150000,156.000000,60.287659,60.189682
0.150000,158.000000,62.286358,62.184059
0.150000,160.000000,64.285652,64.179497
0.150000,162.000000,66.285248,66.175819
0.150000,164.000000,68.284882,68.172874
0.150000,166.000000,70.284355,70.170479
0.150000,168.000000,72.283493,72.168564
0.150000,170.000000,74.282166,74.167030
0.150000,172.000000,76.280251,76.165802
0.150000,174.000000,78.277672,78.164810
0.150000,176.000000,80.274338,80.164040
0.150000,178.000000,82.270187,82.163399
0.150000,180.000000,84.265182,84.162888
0.150000,182.000000,86.259254,86.162491
0.150000,184.000000,88.252396,88.162170
0.150000,186.000000,90.244568,90.161926
0.150000,188.000000,92.235741,92.161720
0.150000,190.000000,94.225906,94.161560
0.150000,192.000000,96.215027,96.161430
0.150000,194.000000,98.203102,98.161324
0.150000,196.000000,100.190125,100.161240
0.150000,198.000000,102.176079,102.161186
0.150000,200.000000,104.160950,104.161140
0.160000,0.000000,0.000000,0.000000
0.160000,2.000000,-0.010215,0.000000
0.160000,4.000000,-0.019394,0.000000
0.160000,6.000000,-0.027541,0.000000
0.160000,8.000000,-0.034650,0.000000
0.160000,10.000000,-0.040722,0.000000
0.160000,12.000000,-0.045756,0.000000
0.160000,14.000000,-0.049753,0.000000
0.160000,16.000000,-0.052711,0.000000
0.160000,18.000000,-0.054631,0.000000
0.160000,20.000000,-0.055514,0.000000
0.160000,22.000000,-0.055359,0.000000
0.160000,24.000000,-0.054165,0.000000
0.160000,26.000000,-0.051933,0.000000
0.160000,28.000000,-0.048662,0.000000
0.160000,30.000000,-0.044352,0.000000
0.160000,32.000000,-0.039003,0.000000
0.160000,34.000000,-0.032613,0.000000
0.160000,36.000000,-0.025182,0.000000
0.160000,38.000000,-0.016708,-0.000001
0.160000,40.000000,-0.007188,0.000001
0.160000,42.000000,0.003380,0.000007
0.160000,44.000000,0.015003,0.000027
0.160000,46.000000,0.027688,0.000082
0.160000,48.000000,0.041450,0.000235
0.160000,50.000000,0.056309,0.000601
0.160000,52.000000,0.072300,0.001418
0.160000,54.000000,0.089482,0.003120
0.160000,56.000000,0.107955,0.006445
0.160000,58.000000,0.127894,0.012552
0.160000,60.000000,0.149604,0.023191
0.160000,62.000000,0.173636,0.040840
0.160000,64.000000,0.200981,0.068836
0.160000,66.000000,0.233433,0.111483
0.160000,68.000000,0.274206,0.174066
0.160000,70.000000,0.328879,0.262829
0.160000,72.000000,0.406478,0.384857
0.160000,74.000000,0.519727,0.547877
0.160000,76.000000,0.682472,0.760015
0.160000,78.000000,0.904214,1.029473
0.160000,80.000000,1.189290,1.364233
0.160000,82.000000,1.545347,1.771729
0.160000,84.000000,1.984972,2.258558
0.160000,86.000000,2.516838,2.830242
0.160000,88.000000,3.141058,3.491055
0.160000,90.000000,3.856052,4.243908
0.160000,92.000000,4.660256,5.090302
0.160000,94.000000,5.563491,6.030366
0.160000,96.000000,6.553792,7.062941
0.160000,98.000000,7.658792,8.185668
0.160000,100.000000,9.034294,9.395222
0.160000,102.000000,10.652441,10.687399
0.160000,104.000000,12.157595,12.057405
0.160000,106.000000,13.604042,13.499931
0.160000,108.000000,15.086409,15.009429
0.160000,110.000000,16.622242,16.580204
0.160000,112.000000,18.217264,18.206566
0.160000,114.000000,19.874350,19.882963
0.160000,116.000000,21.584829,21.604055
0.160000,118.000000,23.341774,23.364775
0.160000,120.000000,25.140005,25.160427
0.160000,122.000000,26.973633,26.986654
0.160000,124.000000,28.836803,28.839487
0.160000,126.000000,30.724323,30.715334
0.160000,128.000000,32.631649,32.610992
0.160000,130.000000,34.554878,34.523621
0.160000,132.000000,36.490860,36.450699
0.160000,134.000000,38.437260,38.390041
0.160000,136.000000,40.392448,40.339748
0.160000,138.000000,42.355289,42.298157
0.160000,140.000000,44.324905,44.263859
0.160000,142.000000,46.300533,46.235683
0.160000,144.000000,48.281418,48.212566
0.160000,146.000000,50.266819,50.193634
0.160000,148.000000,52.255997,52.178207
0.160000,150.000000,54.248253,54.165634
0.160000,152.000000,56.242935,56.155426
0.160000,154.000000,58.239479,58.147129
0.160000,156.000000,60.237377,60.140427
0.160000,158.000000,62.236206,62.135010
0.160000,160.000000,64.235611,64.130638
0.160000,162.000000,66.235291,66.127121
0.160000,164.000000,68.235001,68.124298
0.160000,166.000000,70.234543,70.122017
0.160000,168.000000,72.233742,72.120186
0.160000,170.000000,74.232475,74.118736
0.160000,172.000000,76.230629,76.117569
0.160000,174.000000,78.228111,78.116631
0.160000,176.000000,80.224846,80.115891
0.160000,178.000000,82.220779,82.115303
0.160000,180.000000,84.215851,84.114830
0.160000,182.000000,86.210022,86.114464
0.160000,184.000000,88.203270,88.114151
0.160000,186.000000,90.195549,90.113930
0.160000,188.000000,92.186844,92.113731
0.160000,190.000000,94.177139,94.113594
0.160000,192.000000,96.166405,96.113464
0.160000,194.000000,98.154640,98.113380
0.160000,196.000000,100.141830,100.113297
0.160000,198.000000,102.127960,102.113251
0.160000,200.000000,104.113022,104.113190
0.170000,0.000000,0.000000,0.000000
0.170000,2.000000,-0.010084,0.000000
0.170000,4.000000,-0.019144,0.000000
0.170000,6.000000,-0.027183,0.000000
0.170000,8.000000,-0.034198,0.000000
0.170000,10.000000,-0.040187,0.000000
0.170000,12.000000,-0.045152,0.000000
0.170000,14.000000,-0.049090,0.000000
0.170000,16.000000,-0.052003,0.000000
0.170000,18.000000,-0.053891,0.000000
0.170000,20.000000,-0.054753,0.000000
0.170000,22.000000,-0.054589,0.000000
0.170000,24.000000,-0.053400,0.000000
0.170000,26.000000,-0.051184,0.000000
0.170000,28.000000,-0.047942,0.000000
0.170000,30.000000,-0.043674,0.000000
0.170000,32.000000,-0.038378,0.000000
0.170000,34.000000,-0.032055,0.000000
0.170000,36.000000,-0.024703,-0.000001
0.170000,38.000000,-0.016320,-0.000000
0.170000,40.000000,-0.006904,0.000001
0.170000,42.000000,0.003548,0.000006
0.170000,44.000000,0.015041,0.000025
0.170000,46.000000,0.027583,0.000074
0.170000,48.000000,0.041188,0.000211
0.170000,50.000000,0.055874,0.000540
0.170000,52.000000,0.071677,0.001291
0.170000,54.000000,0.088651,0.002868
0.170000,56.000000,0.106893,0.005970
0.170000,58.000000,0.126566,0.011712
0.170000,60.000000,0.147964,0.021779
0.170000,62.000000,0.171605,0.038585
0.170000,64.000000,0.198432,0.065389
0.170000,66.000000,0.230144,0.106428
0.170000,68.000000,0.269795,0.166925
0.170000,70.000000,0.322701,0.253088
0.170000,72.000000,0.397524,0.371983
0.170000,74.000000,0.506654,0.531360
0.170000,76.000000,0.663953,0.739377
0.170000,78.000000,0.879457,1.004324
0.170000,80.000000,1.157922,1.334286
0.170000,82.000000,1.506813,1.736812
0.170000,84.000000,1.938818,2.218638
0.170000,86.000000,2.463295,2.785418
0.170000,88.000000,3.080827,3.441548
0.170000,90.000000,3.789591,4.190051
0.170000,92.000000,4.588434,5.032534
0.170000,94.000000,5.487442,5.969186
0.170000,96.000000,6.475559,6.998888
0.170000,98.000000,7.580224,8.119322
0.170000,100.000000,8.955048,9.327140
0.170000,102.000000,10.567713,10.618143
0.170000,104.000000,12.066275,11.987469
0.170000,106.000000,13.510366,13.429783
0.170000,108.000000,14.993864,14.939467
0.170000,110.000000,16.532909,16.510769
0.170000,112.000000,18.132637,18.137924
0.170000,114.000000,19.794575,19.815342
0.170000,116.000000,21.509495,21.537621
0.170000,118.000000,23.270416,23.299629
0.170000,120.000000,25.072086,25.096630
0.170000,122.000000,26.908619,26.924217
0.170000,124.000000,28.774210,28.778397
0.170000,126.000000,30.663738,30.655561
0.170000,128.000000,32.572727,32.552475
0.170000,130.000000,34.497337,34.466282
0.170000,132.000000,36.434479,36.394455
0.170000,134.000000,38.381874,38.334816
0.170000,136.000000,40.337936,40.285431
0.170000,138.000000,42.301544,42.244682
0.170000,140.000000,44.271835,44.211143
0.170000,142.000000,46.248055,46.183605
0.170000,144.000000,48.229450,48.161079
0.170000,146.000000,50.215282,50.142677
0.170000,148.000000,52.204826,52.127693
0.170000,150.000000,54.197376,54.115505
0.170000,152.000000,56.192303,56.105629
0.170000,154.000000,58.189041,58.097626
0.170000,156.000000,60.187092,60.091179
0.170000,158.000000,62.186047,62.085964
0.170000,160.000000,64.185555,64.081772
0.170000,162.000000,66.185318,66.078407
0.170000,164.000000,68.185104,68.075699
0.170000,166.000000,70.184708,70.073540
0.170000,168.000000,72.183975,72.071800
0.170000,170.000000,74.182770,74.070419
0.170000,172.000000,76.180984,76.069328
0.170000,174.000000,78.178528,78.068436
0.170000,176.000000,80.175339,80.067726
0.170000,178.000000,82.171341,82.067184
0.170000,180.000000,84.166496,84.066742
0.170000,182.000000,86.160767,86.066391
0.170000,184.000000,88.154106,88.066101
0.170000,186.000000,90.146500,90.065887
0.170000,188.000000,92.137917,92.065712
0.170000,190.000000,94.128342,94.065575
0.170000,192.000000,96.117752,96.065475
0.170000,194.000000,98.106148,98.065384
0.170000,196.000000,100.093506,100.065315
0.170000,198.000000,102.079811,102.065262
0.170000,200.000000,104.065063,104.065216
0.180000,0.000000,0.000000,0.000000
0.180000,2.000000,-0.009953,0.000000
0.180000,4.000000,-0.018893,0.000000
0.180000,6.000000,-0.026826,0.000000
0.180000,8.000000,-0.033746,0.000000
0.180000,10.000000,-0.039654,0.000000
0.180000,12.000000,-0.044548,0.000000
0.180000,14.000000,-0.048429,0.000000
0.180000,16.000000,-0.051297,0.000000
0.180000,18.000000,-0.053152,0.000000
0.180000,20.000000,-0.053994,0.000000
0.180000,22.000000,-0.053822,0.000000
0.180000,24.000000,-0.052637,0.000000
0.180000,26.000000,-0.050438,0.000000
0.180000,28.000000,-0.047226,0.000000
0.180000,30.000000,-0.042999,0.000000
0.180000,32.000000,-0.037758,0.000000
0.180000,34.000000,-0.031501,0.000000
0.180000,36.000000,-0.024227,-0.000001
0.180000,38.000000,-0.015936,0.000000
0.180000,40.000000,-0.006624,0.000002
0.180000,42.000000,0.003711,0.000004
0.180000,44.000000,0.015074,0.000020
0.180000,46.000000,0.027473,0.000066
0.180000,48.000000,0.040921,0.000187
0.180000,50.000000,0.055435,0.000488
0.180000,52.000000,0.071050,0.001173
0.180000,54.000000,0.087817,0.002631
0.180000,56.000000,0.105827,0.005518
0.180000,58.000000,0.125238,0.010909
0.180000,60.000000,0.146325,0.020427
0.180000,62.000000,0.169584,0.036407
0.180000,64.000000,0.195904,0.062049
0.180000,66.000000,0.226901,0.101503
0.180000,68.000000,0.265469,0.159944
0.180000,70.000000,0.316673,0.243527
0.180000,72.000000,0.388821,0.359304
0.180000,74.000000,0.493955,0.515033
0.180000,76.000000,0.645908,0.718928
0.180000,78.000000,0.855211,0.979348
0.180000,80.000000,1.127065,1.304481
0.180000,82.000000,1.468786,1.701997
0.180000,84.000000,1.893120,2.178770
0.180000,86.000000,2.410084,2.740590
0.180000,88.000000,3.020811,3.391983
0.180000,90.000000,3.723256,4.136088
0.180000,92.000000,4.516622,4.974609
0.180000,94.000000,5.411263,5.907802
0.180000,96.000000,6.397053,6.934607
0.180000,98.000000,7.501237,8.052717
0.180000,100.000000,8.875261,9.258787
0.180000,102.000000,10.482528,10.548604
0.180000,104.000000,11.974771,11.917259
0.180000,106.000000,13.416759,13.359377
0.180000,108.000000,14.901533,14.869260
0.180000,110.000000,16.443905,16.441113
0.180000,112.000000,18.048374,18.069101
0.180000,114.000000,19.715147,19.747570
0.180000,116.000000,21.434481,21.471046
0.180000,118.000000,23.199341,23.234371
0.180000,120.000000,25.004421,25.032749
0.180000,122.000000,26.843819,26.861719
0.180000,124.000000,28.711800,28.717276
0.180000,126.000000,30.603312,30.595762
0.180000,128.000000,32.513943,32.493950
0.180000,130.000000,34.439915,34.408951
0.180000,132.000000,36.378204,36.338234
0.180000,134.000000,38.326584,38.279606
0.180000,136.000000,40.283508,40.231163
0.180000,138.000000,42.247871,42.191231
0.180000,140.000000,44.218834,44.158447
0.180000,142.000000,46.195633,46.131584
0.180000,144.000000,48.177532,48.109634
0.180000,146.000000,50.163788,50.091740
0.180000,148.000000,52.153683,52.077202
0.180000,150.000000,54.146519,54.065403
0.180000,152.000000,56.141685,56.055862
0.180000,154.000000,58.138611,58.048138
0.180000,156.000000,60.136814,60.041931
0.180000,158.000000,62.135895,62.036922
0.180000,160.000000,64.135498,64.032913
0.180000,162.000000,66.135345,66.029694
0.180000,164.000000,68.135201,68.027115
0.180000,166.000000,70.134865,70.025055
0.180000,168.000000,72.134201,72.023407
0.180000,170.000000,74.133049,74.022095
0.180000,172.000000,76.131325,76.021065
0.180000,174.000000,78.128929,78.020226
0.180000,176.000000,80.125809,80.019562
0.180000,178.000000,82.121887,82.019051
0.180000,180.000000,84.117126,84.018631
0.180000,182.000000,86.111488,86.018311
0.180000,184.000000,88.104935,88.018036
0.180000,186.000000,90.097435,90.017838
0.180000,188.000000,92.088966,92.017677
0.180000,190.000000,94.079529,94.017548
0.180000,192.000000,96.069084,96.017456
0.180000,194.000000,98.057625,98.017372
0.180000,196.000000,100.045143,100.017319
0.180000,198.000000,102.031639,102.017258
0.180000,200.000000,104.017082,104.017220
0.190000,0.000000,0.000000,0.000000
0.190000,2.000000,-0.009822,0.000000
0.190000,4.000000,-0.018644,0.000000
0.190000,6.000000,-0.026469,0.000000
0.190000,8.000000,-0.033295,0.000000
0.190000,10.000000,-0.039121,0.000000
0.190000,12.000000,-0.043945,0.000000
0.190000,14.000000,-0.047769,0.000000
0.190000,16.000000,-0.050592,0.000000
0.190000,18.000000,-0.052415,0.000000
0.190000,20.000000,-0.053236,0.000000
0.190000,22.000000,-0.053057,0.000000
0.190000,24.000000,-0.051876,0.000000
0.190000,26.000000,-0.049695,0.000000
0.190000,28.000000,-0.046511,0.000000
0.190000,30.000000,-0.042326,0.000000
0.190000,32.000000,-0.037139,0.000000
0.190000,34.000000,-0.030949,0.000000
0.190000,36.000000,-0.023754,-0.000002
0.190000,38.000000,-0.015554,-0.000001
0.190000,40.000000,-0.006347,0.000001
0.190000,42.000000,0.003871,0.000006
0.190000,44.000000,0.015104,0.000018
0.190000,46.000000,0.027360,0.000058
0.190000,48.000000,0.040650,0.000166
0.190000,50.000000,0.054993,0.000438
0.190000,52.000000,0.070420,0.001064
0.190000,54.000000,0.086980,0.002409
0.190000,56.000000,0.104760,0.005095
0.190000,58.000000,0.123910,0.010146
0.190000,60.000000,0.144692,0.019129
0.190000,62.000000,0.167574,0.034311
0.190000,64.000000,0.193400,0.058814
0.190000,66.000000,0.223701,0.096713
0.190000,68.000000,0.261225,0.153117
0.190000,70.000000,0.310793,0.234143
0.190000,72.000000,0.380363,0.346814
0.190000,74.000000,0.481623,0.498904
0.190000,76.000000,0.628334,0.698670
0.190000,78.000000,0.831479,0.954544
0.190000,80.000000,1.096728,1.274812
0.190000,82.000000,1.431276,1.667288
0.190000,84.000000,1.847894,2.138962
0.190000,86.000000,2.357224,2.695764
0.190000,88.000000,2.961025,3.342366
0.190000,90.000000,3.657058,4.082024
0.190000,92.000000,4.444830,4.916526
0.190000,94.000000,5.334965,5.846223
0.190000,96.000000,6.318279,6.870090
0.190000,98.000000,7.421827,7.985852
0.190000,100.000000,8.794943,9.190170
0.190000,102.000000,10.396893,10.478792
0.190000,104.000000,11.883097,11.846778
0.190000,106.000000,13.323227,13.288699
0.190000,108.000000,14.809427,14.798809
0.190000,110.000000,16.355232,16.371233
0.190000,112.000000,17.964478,18.000092
0.190000,114.000000,19.636068,19.679634
0.190000,116.000000,21.359781,21.404346
0.190000,118.000000,23.128551,23.169006
0.190000,120.000000,24.937000,24.968773
0.190000,122.000000,26.779232,26.799154
0.190000,124.000000,28.649574,28.656113
0.190000,126.000000,30.543043,30.535948
0.190000,128.000000,32.455292,32.435425
0.190000,130.000000,34.382614,34.351627
0.190000,132.000000,36.322037,36.282036
0.190000,134.000000,38.271393,38.224430
0.190000,136.000000,40.229164,40.176914
0.190000,138.000000,42.194279,42.137829
0.190000,140.000000,44.165894,44.105789
0.190000,142.000000,46.143269,46.079586
0.190000,144.000000,48.125664,48.058216
0.190000,146.000000,50.112335,50.040840
0.190000,148.000000,52.102573,52.026741
0.190000,150.000000,54.095695,54.015331
0.190000,152.000000,56.091087,56.006119
0.190000,154.000000,58.088196,57.998676
0.190000,156.000000,60.086548,59.992706
0.190000,158.000000,62.085747,61.987915
0.190000,160.000000,64.085449,63.984074
0.190000,162.000000,66.085373,65.980995
0.190000,164.000000,68.085304,67.978523
0.190000,166.000000,70.085030,69.976570
0.190000,168.000000,72.084412,71.975014
0.190000,170.000000,74.083328,73.973778
0.190000,172.000000,76.081657,75.972794
0.190000,174.000000,78.079323,77.972008
0.190000,176.000000,80.076271,79.971390
0.190000,178.000000,82.072426,81.970901
0.190000,180.000000,84.067741,83.970520
0.190000,182.000000,86.062195,85.970215
0.190000,184.000000,88.055740,87.969978
0.190000,186.000000,90.048347,89.969780
0.190000,188.000000,92.040016,91.969635
0.190000,190.000000,94.030701,93.969513
0.190000,192.000000,96.020401,95.969429
0.190000,194.000000,98.009094,97.969353
0.190000,196.000000,99.996780,99.969292
0.190000,198.000000,101.983452,101.969238
0.190000,200.000000,103.969086,103.969215
0.200000,0.000000,0.000000,0.000000
0.200000,2.000000,-0.009691,0.000000
0.200000,4.000000,-0.018394,0.000000
0.200000,6.000000,-0.026113,0.000000
0.200000,8.000000,-0.032845,0.000000
0.200000,10.000000,-0.038589,0.000000
0.200000,12.000000,-0.043345,0.000000
0.200000,14.000000,-0.047112,0.000000
0.200000,16.000000,-0.049890,0.000000
0.200000,18.000000,-0.051680,0.000000
0.200000,20.000000,-0.052482,0.000000
0.200000,22.000000,-0.052295,0.000000
0.200000,24.000000,-0.051119,0.000000
0.200000,26.000000,-0.048955,0.000000
0.200000,28.000000,-0.045801,0.000000
0.200000,30.000000,-0.041658,0.000000
0.200000,32.000000,-0.036526,0.000000
0.200000,34.000000,-0.030402,0.000000
0.200000,36.000000,-0.023287,0.000001
0.200000,38.000000,-0.015179,0.000001
0.200000,40.000000,-0.006076,0.000001
0.200000,42.000000,0.004024,0.000006
0.200000,44.000000,0.015128,0.000015
0.200000,46.000000,0.027240,0.000049
0.200000,48.000000,0.040373,0.000146
0.200000,50.000000,0.054544,0.000393
0.200000,52.000000,0.069783,0.000964
0.200000,54.000000,0.086137,0.002200
0.200000,56.000000,0.103688,0.004695
0.200000,58.000000,0.122579,0.009422
0.200000,60.000000,0.143058,0.017888
0.200000,62.000000,0.165569,0.032292
0.200000,64.000000,0.190913,0.055680
0.200000,66.000000,0.220539,0.092051
0.200000,68.000000,0.257056,0.146446
0.200000,70.000000,0.305048,0.224936
0.200000,72.000000,0.372135,0.334520
0.200000,74.000000,0.469643,0.482979
0.200000,76.000000,0.611221,0.678606
0.200000,78.000000,0.808256,0.929917
0.200000,80.000000,1.066909,1.245301
0.200000,82.000000,1.394283,1.632685
0.200000,84.000000,1.803144,2.099206
0.200000,86.000000,2.304727,2.650944
0.200000,88.000000,2.901473,3.292697
0.200000,90.000000,3.591000,4.027839
0.200000,92.000000,4.373058,4.858277
0.200000,94.000000,5.258546,5.784432
0.200000,96.000000,6.239234,6.805328
0.200000,98.000000,7.341988,7.918719
0.200000,100.000000,8.714077,9.121265
0.200000,102.000000,10.310806,10.408680
0.200000,104.000000,11.791254,11.776006
0.200000,106.000000,13.229769,13.217752
0.200000,108.000000,14.717541,14.728106
0.200000,110.000000,16.266882,16.301126
0.200000,112.000000,17.880936,17.930870
0.200000,114.000000,19.557323,19.611519
0.200000,116.000000,21.285393,21.337486
0.200000,118.000000,23.058033,23.103523
0.200000,120.000000,24.869814,24.904709
0.200000,122.000000,26.714849,26.736532
0.200000,124.000000,28.587521,28.594894
0.200000,126.000000,30.482922,30.476116
0.200000,128.000000,32.396770,32.376884
0.200000,130.000000,34.325420,34.294315
0.200000,132.000000,36.265965,36.225849
0.200000,134.000000,38.216286,38.169285
0.200000,136.000000,40.174896,40.122696
0.200000,138.000000,42.140751,42.084457
0.200000,140.000000,44.113018,44.053162
0.200000,142.000000,46.090954,46.027618
0.200000,144.000000,48.073830,48.006828
0.200000,146.000000,50.060913,49.989956
0.200000,148.000000,52.051487,51.976307
0.200000,150.000000,54.044888,53.965263
0.200000,152.000000,56.040497,55.956375
0.200000,154.000000,58.037788,57.949230
0.200000,156.000000,60.036285,59.943489
0.200000,158.000000,62.035595,61.938892
0.200000,160.000000,64.035393,63.935226
0.200000,162.000000,66.035393,65.932289
0.200000,164.000000,68.035385,67.929947
0.200000,166.000000,70.035172,69.928085
0.200000,168.000000,72.034607,71.926605
0.200000,170.000000,74.033577,73.925438
0.200000,172.000000,76.031967,75.924515
0.200000,174.000000,78.029701,77.923782
0.200000,176.000000,80.026711,79.923187
0.200000,178.000000,82.022934,81.922745
0.200000,180.000000,84.018341,83.922379
0.200000,182.000000,86.012878,85.922096
0.200000,184.000000,88.006523,87.921867
0.200000,186.000000,89.999245,89.921700
0.200000,188.000000,91.991028,91.921555
0.200000,190.000000,93.981842,93.921448
0.200000,192.000000,95.971680,95.921364
0.200000,194.000000,97.960541,97.921303
0.200000,196.000000,99.948387,99.921249
0.200000,198.000000,101.935234,101.921204
0.200000,200.000000,103.921059,103.921173
0.210000,0.000000,0.000000,0.000000
0.210000,2.000000,-0.009561,0.000000
0.210000,4.000000,-0.018146,0.000000
0.210000,6.000000,-0.025759,0.000000
0.210000,8.000000,-0.032397,0.000000
0.210000,10.000000,-0.038059,0.000000
0.210000,12.000000,-0.042746,0.000000
0.210000,14.000000,-0.046456,0.000000
0.210000,16.000000,-0.049190,0.000000
0.210000,18.000000,-0.050948,0.000000
0.210000,20.000000,-0.051730,0.000000
0.210000,22.000000,-0.051536,0.000000
0.210000,24.000000,-0.050366,0.000000
0.210000,26.000000,-0.048219,0.000000
0.210000,28.000000,-0.045095,0.000000
0.210000,30.000000,-0.040995,0.000000
0.210000,32.000000,-0.035917,0.000000
0.210000,34.000000,-0.029860,0.000000
0.210000,36.000000,-0.022825,0.000001
0.210000,38.000000,-0.014809,-0.000000
0.210000,40.000000,-0.005811,-0.000001
0.210000,42.000000,0.004172,0.000002
0.210000,44.000000,0.015145,0.000014
0.210000,46.000000,0.027113,0.000045
0.210000,48.000000,0.040089,0.000129
0.210000,50.000000,0.054088,0.000350
0.210000,52.000000,0.069139,0.000871
0.210000,54.000000,0.085287,0.002007
0.210000,56.000000,0.102610,0.004316
0.210000,58.000000,0.121244,0.008734
0.210000,60.000000,0.141423,0.016705
0.210000,62.000000,0.163570,0.030354
0.210000,64.000000,0.188442,0.052651
0.210000,66.000000,0.217413,0.087523
0.210000,68.000000,0.252957,0.139939
0.210000,70.000000,0.299433,0.215912
0.210000,72.000000,0.364130,0.322423
0.210000,74.000000,0.458004,0.467255
0.210000,76.000000,0.594562,0.658743
0.210000,78.000000,0.785544,0.905470
0.210000,80.000000,1.037612,1.215935
0.210000,82.000000,1.357816,1.598187
0.210000,84.000000,1.758884,2.059510
0.210000,86.000000,2.252607,2.606121
0.210000,88.000000,2.842169,3.242965
0.210000,90.000000,3.525090,3.973543
0.210000,92.000000,4.301320,4.799864
0.210000,94.000000,5.182014,5.722424
0.210000,96.000000,6.159920,6.740316
0.210000,98.000000,7.261715,7.851313
0.210000,100.000000,8.632662,9.052057
0.210000,102.000000,10.224268,10.338276
0.210000,104.000000,11.699247,11.704943
0.210000,106.000000,13.136389,13.146525
0.210000,108.000000,14.625877,14.657143
0.210000,110.000000,16.178854,16.230789
0.210000,112.000000,17.797745,17.861439
0.210000,114.000000,19.478910,19.543219
0.210000,116.000000,21.211304,21.270493
0.210000,118.000000,22.987782,23.037926
0.210000,120.000000,24.802862,24.840567
0.210000,122.000000,26.650663,26.673862
0.210000,124.000000,28.525637,28.533657
0.210000,126.000000,30.422947,30.416250
0.210000,128.000000,32.338375,32.318352
0.210000,130.000000,34.268337,34.236992
0.210000,132.000000,36.209988,36.169670
0.210000,134.000000,38.161259,38.114151
0.210000,136.000000,40.120701,40.068508
0.210000,138.000000,42.087284,42.031105
0.210000,140.000000,44.060196,44.000557
0.210000,142.000000,46.038689,45.975677
0.210000,144.000000,48.022038,47.955475
0.210000,146.000000,50.009514,49.939110
0.210000,148.000000,52.000423,51.925900
0.210000,150.000000,53.994091,53.915237
0.210000,152.000000,55.989922,55.906662
0.210000,154.000000,57.987385,57.899788
0.210000,156.000000,59.986015,59.894283
0.210000,158.000000,61.985435,61.889874
0.210000,160.000000,63.985317,63.886368
0.210000,162.000000,65.985397,65.883575
0.210000,164.000000,67.985451,67.881340
0.210000,166.000000,69.985298,69.879593
0.210000,168.000000,71.984787,71.878181
0.210000,170.000000,73.983810,73.877075
0.210000,172.000000,75.982254,75.876205
0.210000,174.000000,77.980057,77.875526
0.210000,176.000000,79.977127,79.874969
0.210000,178.000000,81.973427,81.874557
0.210000,180.000000,83.968910,83.874214
0.210000,182.000000,85.963539,85.873955
0.210000,184.000000,87.957283,87.873749
0.210000,186.000000,89.950111,89.873573
0.210000,188.000000,91.942009,91.873451
0.210000,190.000000,93.932961,93.873352
0.210000,192.000000,95.922935,95.873283
0.210000,194.000000,97.911949,97.873215
0.210000,196.000000,99.899963,99.873161
0.210000,198.000000,101.886986,101.873138
0.210000,200.000000,103.873001,103.873108
0.220000,0.000000,0.000000,0.000000
0.220000,2.000000,-0.009430,0.000000
0.220000,4.000000,-0.017897,0.000000
0.220000,6.000000,-0.025404,0.000000
0.220000,8.000000,-0.031949,0.000000
0.220000,10.000000,-0.037530,0.000000
0.220000,12.000000,-0.042147,0.000000
0.220000,14.000000,-0.045801,0.000000
0.220000,16.000000,-0.048491,0.000000
0.220000,18.000000,-0.050218,0.000000
0.220000,20.000000,-0.050981,0.000000
0.220000,22.000000,-0.050779,0.000000
0.220000,24.000000,-0.049614,0.000000
0.220000,26.000000,-0.047485,0.000000
0.220000,28.000000,-0.044392,0.000000
0.220000,30.000000,-0.040333,0.000000
0.220000,32.000000,-0.035310,0.000000
0.220000,34.000000,-0.029321,0.000000
0.220000,36.000000,-0.022366,0.000001
0.220000,38.000000,-0.014442,-0.000001
0.220000,40.000000,-0.005549,0.000001
0.220000,42.000000,0.004316,0.000002
0.220000,44.000000,0.015158,0.000011
0.220000,46.000000,0.026984,0.000039
0.220000,48.000000,0.039802,0.000114
0.220000,50.000000,0.053629,0.000313
0.220000,52.000000,0.068493,0.000785
0.220000,54.000000,0.084435,0.001824
0.220000,56.000000,0.101531,0.003962
0.220000,58.000000,0.119909,0.008081
0.220000,60.000000,0.139792,0.015574
0.220000,62.000000,0.161580,0.028493
0.220000,64.000000,0.185990,0.049727
0.220000,66.000000,0.214325,0.083125
0.220000,68.000000,0.248929,0.133590
0.220000,70.000000,0.293946,0.207071
0.220000,72.000000,0.356342,0.310528
0.220000,74.000000,0.446703,0.451742
0.220000,76.000000,0.578356,0.639081
0.220000,78.000000,0.763349,0.881212
0.220000,80.000000,1.008847,1.186730
0.220000,82.000000,1.321885,1.563809
0.220000,84.000000,1.715130,2.019881
0.220000,86.000000,2.200890,2.561311
0.220000,88.000000,2.783130,3.193187
0.220000,90.000000,3.459347,3.919137
0.220000,92.000000,4.229622,4.741285
0.220000,94.000000,5.105379,5.660214
0.220000,96.000000,6.080344,6.675053
0.220000,98.000000,7.181014,7.783626
0.220000,100.000000,8.550705,8.982573
0.220000,102.000000,10.137295,10.267578
0.220000,104.000000,11.607094,11.633590
0.220000,106.000000,13.043099,13.075016
0.220000,108.000000,14.534443,14.585928
0.220000,110.000000,16.091158,16.160217
0.220000,112.000000,17.714909,17.791809
0.220000,114.000000,19.400833,19.474766
0.220000,116.000000,21.137522,21.203362
0.220000,118.000000,22.917805,22.972225
0.220000,120.000000,24.736145,24.776346
0.220000,122.000000,26.586681,26.611118
0.220000,124.000000,28.463930,28.472378
0.220000,126.000000,30.363123,30.356390
0.220000,128.000000,32.280113,32.259804
0.220000,130.000000,34.211369,34.179718
0.220000,132.000000,36.154118,36.113533
0.220000,134.000000,38.106327,38.059052
0.220000,136.000000,40.066589,40.014355
0.220000,138.000000,42.033897,41.977802
0.220000,140.000000,44.007435,43.948002
0.220000,142.000000,45.986473,45.923790
0.220000,144.000000,47.970291,47.904163
0.220000,146.000000,49.958164,49.888290
0.220000,148.000000,51.949390,51.875500
0.220000,150.000000,53.943325,53.865223
0.220000,152.000000,55.939362,55.856964
0.220000,154.000000,57.936989,57.850361
0.220000,156.000000,59.935760,59.845081
0.220000,158.000000,61.935287,61.840878
0.220000,160.000000,63.935257,63.837536
0.220000,162.000000,65.935402,65.834869
0.220000,164.000000,67.935524,67.832756
0.220000,166.000000,69.935417,69.831093
0.220000,168.000000,71.934959,71.829765
0.220000,170.000000,73.934036,73.828735
0.220000,172.000000,75.932541,75.827904
0.220000,174.000000,77.930397,77.827271
0.220000,176.000000,79.927528,79.826752
0.220000,178.000000,81.923904,81.826363
0.220000,180.000000,83.919464,83.826035
0.220000,182.000000,85.914185,85.825798
0.220000,184.000000,87.908028,87.825615
0.220000,186.000000,89.900963,89.825462
0.220000,188.000000,91.892982,91.825333
0.220000,190.000000,93.884056,93.825241
0.220000,192.000000,95.874184,95.825180
0.220000,194.000000,97.863342,97.825127
0.220000,196.000000,99.851524,99.825073
0.220000,198.000000,101.838730,101.825050
0.220000,200.000000,103.824928,103.825020
0.230000,0.000000,0.000000,0.000000
0.230000,2.000000,-0.009300,0.000000
0.230000,4.000000,-0.017649,0.000000
0.230000,6.000000,-0.025051,0.000000
0.230000,8.000000,-0.031502,0.000000
0.230000,10.000000,-0.037002,0.000000
0.230000,12.000000,-0.041551,0.000000
0.230000,14.000000,-0.045148,0.000000
0.230000,16.000000,-0.047795,0.000000
0.230000,18.000000,-0.049489,0.000000
0.230000,20.000000,-0.050233,0.000000
0.230000,22.000000,-0.050025,0.000000
0.230000,24.000000,-0.048865,0.000000
0.230000,26.000000,-0.046754,0.000000
0.230000,28.000000,-0.043691,0.000000
0.230000,30.000000,-0.039676,0.000000
0.230000,32.000000,-0.034707,0.000000
0.230000,34.000000,-0.028786,0.000000
0.230000,36.000000,-0.021910,0.000001
0.230000,38.000000,-0.014080,0.000001
0.230000,40.000000,-0.005292,0.000001
0.230000,42.000000,0.004456,0.000003
0.230000,44.000000,0.015168,0.000009
0.230000,46.000000,0.026849,0.000031
0.230000,48.000000,0.039510,0.000100
0.230000,50.000000,0.053165,0.000277
0.230000,52.000000,0.067841,0.000703
0.230000,54.000000,0.083579,0.001656
0.230000,56.000000,0.100448,0.003630
0.230000,58.000000,0.118572,0.007467
0.230000,60.000000,0.138162,0.014497
0.230000,62.000000,0.159595,0.026707
0.230000,64.000000,0.183555,0.046905
0.230000,66.000000,0.211271,0.078859
0.230000,68.000000,0.244967,0.127396
0.230000,70.000000,0.288580,0.198415
0.230000,72.000000,0.348761,0.298833
0.230000,74.000000,0.435727,0.436438
0.230000,76.000000,0.562594,0.619630
0.230000,78.000000,0.741667,0.857143
0.230000,80.000000,0.980614,1.157681
0.230000,82.000000,1.286495,1.529551
0.230000,84.000000,1.671889,1.980318
0.230000,86.000000,2.149588,2.516509
0.230000,88.000000,2.724369,3.143355
0.230000,90.000000,3.393775,3.864624
0.230000,92.000000,4.157976,4.682543
0.230000,94.000000,5.028645,5.597780
0.230000,96.000000,6.000508,6.609545
0.230000,98.000000,7.099880,7.715655
0.230000,100.000000,8.468196,8.912773
0.230000,102.000000,10.049883,10.196567
0.230000,104.000000,11.514797,11.561937
0.230000,106.000000,12.949903,13.003231
0.230000,108.000000,14.443241,14.514445
0.230000,110.000000,16.003790,16.089407
0.230000,112.000000,17.632420,17.721973
0.230000,114.000000,19.323084,19.406126
0.230000,116.000000,21.064037,21.136082
0.230000,118.000000,22.848089,22.906412
0.230000,120.000000,24.669659,24.712038
0.230000,122.000000,26.522896,26.548325
0.230000,124.000000,28.402391,28.411079
0.230000,126.000000,30.303446,30.296520
0.230000,128.000000,32.221973,32.201279
0.230000,130.000000,34.154514,34.122444
0.230000,132.000000,36.098343,36.057423
0.230000,134.000000,38.051483,38.003986
0.230000,136.000000,40.012554,39.960251
0.230000,138.000000,41.980572,41.924538
0.230000,140.000000,43.954735,43.895489
0.230000,142.000000,45.934315,45.871929
0.230000,144.000000,47.918587,47.852875
0.230000,146.000000,49.906841,49.837517
0.230000,148.000000,51.898384,51.825153
0.230000,150.000000,53.892574,53.815235
0.230000,152.000000,55.888817,55.807293
0.230000,154.000000,57.886608,57.800953
0.230000,156.000000,59.885506,59.795910
0.230000,158.000000,61.885132,61.791878
0.230000,160.000000,63.885185,63.788689
0.230000,162.000000,65.885406,65.786171
0.230000,164.000000,67.885574,67.784164
0.230000,166.000000,69.885536,69.782593
0.230000,168.000000,71.885132,71.781342
0.230000,170.000000,73.884247,73.780357
0.230000,172.000000,75.882805,75.779602
0.230000,174.000000,77.880714,77.778992
0.230000,176.000000,79.877922,79.778519
0.230000,178.000000,81.874367,81.778137
0.230000,180.000000,83.870003,83.777855
0.230000,182.000000,85.864815,85.777626
0.230000,184.000000,87.858749,87.777458
0.230000,186.000000,89.851791,89.777306
0.230000,188.000000,91.843933,91.777199
0.230000,190.000000,93.835136,93.777122
0.230000,192.000000,95.825409,95.777054
0.230000,194.000000,97.814720,97.777016
0.230000,196.000000,99.803062,99.776962
0.230000,198.000000,101.790443,101.776947
0.230000,200.000000,103.776833,103.776917
0.240000,0.000000,0.000000,0.000000
0.240000,2.000000,-0.009170,0.000000
0.240000,4.000000,-0.017402,0.000000
0.240000,6.000000,-0.024698,0.000000
0.240000,8.000000,-0.031056,0.000000
0.240000,10.000000,-0.036475,0.000000
0.240000,12.000000,-0.040956,0.000000
0.240000,14.000000,-0.044497,0.000000
0.240000,16.000000,-0.047100,0.000000
0.240000,18.000000,-0.048764,0.000000
0.240000,20.000000,-0.049488,0.000000
0.240000,22.000000,-0.049274,0.000000
0.240000,24.000000,-0.048120,0.000000
0.240000,26.000000,-0.046027,0.000000
0.240000,28.000000,-0.042995,0.000000
0.240000,30.000000,-0.039022,0.000000
0.240000,32.000000,-0.034110,0.000000
0.240000,34.000000,-0.028256,0.000000
0.240000,36.000000,-0.021461,0.000000
0.240000,38.000000,-0.013723,0.000001
0.240000,40.000000,-0.005040,-0.000000
0.240000,42.000000,0.004589,0.000002
0.240000,44.000000,0.015170,0.000008
0.240000,46.000000,0.026707,0.000029
0.240000,48.000000,0.039210,0.000088
0.240000,50.000000,0.052694,0.000246
0.240000,52.000000,0.067183,0.000633
0.240000,54.000000,0.082716,0.001498
0.240000,56.000000,0.099360,0.003320
0.240000,58.000000,0.117230,0.006882
0.240000,60.000000,0.136529,0.013470
0.240000,62.000000,0.157615,0.024992
0.240000,64.000000,0.181131,0.044183
0.240000,66.000000,0.208245,0.074725
0.240000,68.000000,0.241064,0.121361
0.240000,70.000000,0.283325,0.189941
0.240000,72.000000,0.341377,0.287344
0.240000,74.000000,0.425063,0.421344
0.240000,76.000000,0.547264,0.600389
0.240000,78.000000,0.720492,0.833271
0.240000,80.000000,0.952913,1.128800
0.240000,82.000000,1.251647,1.495414
0.240000,84.000000,1.629170,1.940827
0.240000,86.000000,2.098715,2.471722
0.240000,88.000000,2.665895,3.093472
0.240000,90.000000,3.328382,3.809992
0.240000,92.000000,4.086383,4.623623
0.240000,94.000000,4.951818,5.535130
0.240000,96.000000,5.920410,6.543768
0.240000,98.000000,7.018313,7.647398
0.240000,100.000000,8.385130,8.842675
0.240000,102.000000,9.962033,10.125255
0.240000,104.000000,11.422359,11.489985
0.240000,106.000000,12.856794,12.931145
0.240000,108.000000,14.352266,14.442687
0.240000,110.000000,15.916742,16.018356
0.240000,112.000000,17.550272,17.651939
0.240000,114.000000,19.245651,19.337326
0.240000,116.000000,20.990843,21.068661
0.240000,118.000000,22.778629,22.840483
0.240000,120.000000,24.603392,24.647655
0.240000,122.000000,26.459301,26.485485
0.240000,124.000000,28.341015,28.349737
0.240000,126.000000,30.243908,30.236618
0.240000,128.000000,32.163956,32.142754
0.240000,130.000000,34.097759,34.065178
0.240000,132.000000,36.042656,36.001324
0.240000,134.000000,37.996719,37.948959
0.240000,136.000000,39.958591,39.906155
0.240000,138.000000,41.927311,41.871300
0.240000,140.000000,43.902092,43.843010
0.240000,142.000000,45.882195,45.820103
0.240000,144.000000,47.866920,47.801628
0.240000,146.000000,49.855545,49.786747
0.240000,148.000000,51.847397,51.774811
0.240000,150.000000,53.841835,53.765266
0.240000,152.000000,55.838280,55.757629
0.240000,154.000000,57.836227,57.751556
0.240000,156.000000,59.835247,59.746727
0.240000,158.000000,61.834980,61.742882
0.240000,160.000000,63.835106,63.739849
0.240000,162.000000,65.835388,65.737457
0.240000,164.000000,67.835625,67.735573
0.240000,166.000000,69.835625,69.734077
0.240000,168.000000,71.835274,71.732903
0.240000,170.000000,73.834450,73.731979
0.240000,172.000000,75.833054,75.731247
0.240000,174.000000,77.831017,77.730698
0.240000,176.000000,79.828293,79.730247
0.240000,178.000000,81.824799,81.729912
0.240000,180.000000,83.820518,83.729645
0.240000,182.000000,85.815407,85.729424
0.240000,184.000000,87.809448,87.729271
0.240000,186.000000,89.802597,89.729149
0.240000,188.000000,91.794853,91.729042
0.240000,190.000000,93.786194,93.728973
0.240000,192.000000,95.776596,95.728912
0.240000,194.000000,97.766060,97.728867
0.240000,196.000000,99.754570,99.728828
0.240000,198.000000,101.742126,101.728806
0.240000,200.000000,103.728706,103.728783
0.250000,0.000000,0.000000,0.000000
0.250000,2.000000,-0.009041,0.000000
0.250000,4.000000,-0.017155,0.000000
0.250000,6.000000,-0.024346,0.000000
0.250000,8.000000,-0.030611,0.000000
0.250000,10.000000,-0.035950,0.000000
0.250000,12.000000,-0.040362,0.000000
0.250000,14.000000,-0.043848,0.000000
0.250000,16.000000,-0.046407,0.000000
0.250000,18.000000,-0.048040,0.000000
0.250000,20.000000,-0.048746,0.000000
0.250000,22.000000,-0.048525,0.000000
0.250000,24.000000,-0.047378,0.000000
0.250000,26.000000,-0.045303,0.000000
0.250000,28.000000,-0.042302,0.000000
0.250000,30.000000,-0.038372,0.000000
0.250000,32.000000,-0.033515,0.000000
0.250000,34.000000,-0.027730,0.000000
0.250000,36.000000,-0.021015,0.000000
0.250000,38.000000,-0.013370,-0.000001
0.250000,40.000000,-0.004793,0.000000
0.250000,42.000000,0.004718,0.000002
0.250000,44.000000,0.015168,0.000005
0.250000,46.000000,0.026561,0.000025
0.250000,48.000000,0.038906,0.000075
0.250000,50.000000,0.052218,0.000218
0.250000,52.000000,0.066519,0.000563
0.250000,54.000000,0.081848,0.001353
0.250000,56.000000,0.098267,0.003026
0.250000,58.000000,0.115886,0.006333
0.250000,60.000000,0.134897,0.012495
0.250000,62.000000,0.155639,0.023356
0.250000,64.000000,0.178722,0.041563
0.250000,66.000000,0.205251,0.070717
0.250000,68.000000,0.237221,0.115488
0.250000,70.000000,0.278180,0.181658
0.250000,72.000000,0.334182,0.276063
0.250000,74.000000,0.414702,0.406474
0.250000,76.000000,0.532360,0.581365
0.250000,78.000000,0.699828,0.809601
0.250000,80.000000,0.925751,1.100092
0.250000,82.000000,1.217352,1.461408
0.250000,84.000000,1.586985,1.901411
0.250000,86.000000,2.048290,2.426945
0.250000,88.000000,2.607727,3.043542
0.250000,90.000000,3.263181,3.755247
0.250000,92.000000,4.014860,4.564535
0.250000,94.000000,4.874907,5.472252
0.250000,96.000000,5.840058,6.477724
0.250000,98.000000,6.936310,7.578846
0.250000,100.000000,8.301510,8.772271
0.250000,102.000000,9.873755,10.053624
0.250000,104.000000,11.329792,11.417711
0.250000,106.000000,12.763787,12.858774
0.250000,108.000000,14.261528,14.370665
0.250000,110.000000,15.830018,15.947061
0.250000,112.000000,17.468466,17.581675
0.250000,114.000000,19.168539,19.268333
0.250000,116.000000,20.917938,21.001112
0.250000,118.000000,22.709427,22.774446
0.250000,120.000000,24.537346,24.583185
0.250000,122.000000,26.395897,26.422585
0.250000,124.000000,28.279802,28.288374
0.250000,126.000000,30.184509,30.176712
0.250000,128.000000,32.106056,32.084236
0.250000,130.000000,34.041111,34.007942
0.250000,132.000000,35.987068,35.945267
0.250000,134.000000,37.942036,37.893963
0.250000,136.000000,39.904701,39.852116
0.250000,138.000000,41.874119,41.818111
0.250000,140.000000,43.849499,43.790569
0.250000,142.000000,45.830128,45.768314
0.250000,144.000000,47.815289,47.750404
0.250000,146.000000,49.804283,49.736027
0.250000,148.000000,51.796436,51.724514
0.250000,150.000000,53.791115,53.715317
0.250000,152.000000,55.787750,55.707996
0.250000,154.000000,57.785854,57.702171
0.250000,156.000000,59.784996,59.697556
0.250000,158.000000,61.784817,61.693909
0.250000,160.000000,63.785027,63.691021
0.250000,162.000000,65.785378,65.688751
0.250000,164.000000,67.785660,67.686951
0.250000,166.000000,69.785713,69.685562
0.250000,168.000000,71.785408,71.684448
0.250000,170.000000,73.784622,73.683586
0.250000,172.000000,75.783279,75.682907
0.250000,174.000000,77.781311,77.682396
0.250000,176.000000,79.778641,79.681976
0.250000,178.000000,81.775215,81.681648
0.250000,180.000000,83.771011,83.681412
0.250000,182.000000,85.765991,85.681221
0.250000,184.000000,87.760132,87.681053
0.250000,186.000000,89.753387,89.680954
0.250000,188.000000,91.745758,91.680855
0.250000,190.000000,93.737221,93.680786
0.250000,192.000000,95.727768,95.680733
0.250000,194.000000,97.717384,97.680695
0.250000,196.000000,99.706062,99.680664
0.250000,198.000000,101.693787,101.680634
0.250000,200.000000,103.680557,103.680618
0.260000,0.000000,0.000000,0.000000
0.260000,2.000000,-0.008911,0.000000
0.260000,4.000000,-0.016908,0.000000
0.260000,6.000000,-0.023994,0.000000
0.260000,8.000000,-0.030167,0.000000
0.260000,10.000000,-0.035426,0.000000
0.260000,12.000000,-0.039770,0.000000
0.260000,14.000000,-0.043201,0.000000
0.260000,16.000000,-0.045717,0.000000
0.260000,18.000000,-0.047319,0.000000
0.260000,20.000000,-0.048006,0.000000
0.260000,22.000000,-0.047779,0.000000
0.260000,24.000000,-0.046638,0.000000
0.260000,26.000000,-0.044582,0.000000
0.260000,28.000000,-0.041612,0.000000
0.260000,30.000000,-0.037726,0.000000
0.260000,32.000000,-0.032925,0.000000
0.260000,34.000000,-0.027207,0.000000
0.260000,36.000000,-0.020573,0.000000
0.260000,38.000000,-0.013022,-0.000001
0.260000,40.000000,-0.004551,0.000001
0.260000,42.000000,0.004842,0.000002
0.260000,44.000000,0.015160,0.000005
0.260000,46.000000,0.026409,0.000021
0.260000,48.000000,0.038597,0.000066
0.260000,50.000000,0.051737,0.000191
0.260000,52.000000,0.065851,0.000504
0.260000,54.000000,0.080975,0.001222
0.260000,56.000000,0.097170,0.002755
0.260000,58.000000,0.114539,0.005819
0.260000,60.000000,0.133265,0.011571
0.260000,62.000000,0.153667,0.021788
0.260000,64.000000,0.176325,0.039041
0.260000,66.000000,0.202284,0.066841
0.260000,68.000000,0.233433,0.109777
0.260000,70.000000,0.273139,0.173557
0.260000,72.000000,0.327171,0.264986
0.260000,74.000000,0.404636,0.391819
0.260000,76.000000,0.517876,0.562559
0.260000,78.000000,0.679670,0.786134
0.260000,80.000000,0.899130,1.071556
0.260000,82.000000,1.183613,1.427526
0.260000,84.000000,1.545345,1.862070
0.260000,86.000000,1.998329,2.382185
0.260000,88.000000,2.549879,2.993560
0.260000,90.000000,3.198185,3.700392
0.260000,92.000000,3.943414,4.505271
0.260000,94.000000,4.797919,5.409153
0.260000,96.000000,5.759453,6.411415
0.260000,98.000000,6.853874,7.509994
0.260000,100.000000,8.217333,8.701544
0.260000,102.000000,9.785049,9.981665
0.260000,104.000000,11.237103,11.345128
0.260000,106.000000,12.670883,12.786103
0.260000,108.000000,14.171026,14.298363
0.260000,110.000000,15.743619,15.875530
0.260000,112.000000,17.386993,17.511209
0.260000,114.000000,19.091738,19.199167
0.260000,116.000000,20.845318,20.933411
0.260000,118.000000,22.640474,22.708302
0.260000,120.000000,24.471519,24.518642
0.260000,122.000000,26.332678,26.359629
0.260000,124.000000,28.218750,28.226982
0.260000,126.000000,30.125250,30.116812
0.260000,128.000000,32.048283,32.025726
0.260000,130.000000,33.984573,33.950726
0.260000,132.000000,35.931572,35.889244
0.260000,134.000000,37.887436,37.838993
0.260000,136.000000,39.850887,39.798122
0.260000,138.000000,41.820988,41.764969
0.260000,140.000000,43.796967,43.738167
0.260000,142.000000,45.778103,45.716576
0.260000,144.000000,47.763699,47.699226
0.260000,146.000000,49.753056,49.685329
0.260000,148.000000,51.745499,51.674240
0.260000,150.000000,53.740414,53.665405
0.260000,152.000000,55.737236,55.658379
0.260000,154.000000,57.735489,57.652805
0.260000,156.000000,59.734745,59.648407
0.260000,158.000000,61.734661,61.644936
0.260000,160.000000,63.734940,63.642197
0.260000,162.000000,65.735344,65.640038
0.260000,164.000000,67.735680,67.638344
0.260000,166.000000,69.735786,69.637024
0.260000,168.000000,71.735527,71.636002
0.260000,170.000000,73.734787,73.635193
0.260000,172.000000,75.733498,75.634552
0.260000,174.000000,77.731575,77.634064
0.260000,176.000000,79.728973,79.633690
0.260000,178.000000,81.725624,81.633392
0.260000,180.000000,83.721497,83.633156
0.260000,182.000000,85.716560,85.632988
0.260000,184.000000,87.710785,87.632851
0.260000,186.000000,89.704155,89.632751
0.260000,188.000000,91.696640,91.632660
0.260000,190.000000,93.688232,93.632599
0.260000,192.000000,95.678917,95.632545
0.260000,194.000000,97.668686,97.632507
0.260000,196.000000,99.657524,99.632477
0.260000,198.000000,101.645424,101.632462
0.260000,200.000000,103.632385,103.632446
0.270000,0.000000,0.000000,0.000000
0.270000,2.000000,-0.008782,0.000000
0.270000,4.000000,-0.016662,0.000000
0.270000,6.000000,-0.023643,0.000000
0.270000,8.000000,-0.029724,0.000000
0.270000,10.000000,-0.034903,0.000000
0.270000,12.000000,-0.039179,0.000000
0.270000,14.000000,-0.042554,0.000000
0.270000,16.000000,-0.045028,0.000000
0.270000,18.000000,-0.046599,0.000000
0.270000,20.000000,-0.047269,0.000000
0.270000,22.000000,-0.047036,0.000000
0.270000,24.000000,-0.045901,0.000000
0.270000,26.000000,-0.043864,0.000000
0.270000,28.000000,-0.040925,0.000000
0.270000,30.000000,-0.037083,0.000000
0.270000,32.000000,-0.032338,0.000000
0.270000,34.000000,-0.026689,0.000000
0.270000,36.000000,-0.020136,0.000000
0.270000,38.000000,-0.012678,-0.000002
0.270000,40.000000,-0.004313,-0.000000
0.270000,42.000000,0.004962,0.000000
0.270000,44.000000,0.015148,0.000005
0.270000,46.000000,0.026252,0.000016
0.270000,48.000000,0.038282,0.000057
0.270000,50.000000,0.051250,0.000168
0.270000,52.000000,0.065178,0.000448
0.270000,54.000000,0.080098,0.001097
0.270000,56.000000,0.096069,0.002501
0.270000,58.000000,0.113190,0.005332
0.270000,60.000000,0.131632,0.010693
0.270000,62.000000,0.151700,0.020296
0.270000,64.000000,0.173941,0.036615
0.270000,66.000000,0.199344,0.063092
0.270000,68.000000,0.229698,0.104224
0.270000,70.000000,0.268198,0.165651
0.270000,72.000000,0.320334,0.254126
0.270000,74.000000,0.394854,0.377396
0.270000,76.000000,0.503800,0.543979
0.270000,78.000000,0.660015,0.762877
0.270000,80.000000,0.873050,1.043202
0.270000,82.000000,1.150436,1.393792
0.270000,84.000000,1.504258,1.822819
0.270000,86.000000,1.948848,2.337446
0.270000,88.000000,2.492369,2.943533
0.270000,90.000000,3.133404,3.645421
0.270000,92.000000,3.872055,4.445835
0.270000,94.000000,4.720862,5.345817
0.270000,96.000000,5.678602,6.344830
0.270000,98.000000,6.771002,7.440837
0.270000,100.000000,8.132599,8.630496
0.270000,102.000000,9.695919,9.909386
0.270000,104.000000,11.144291,11.272218
0.270000,106.000000,12.578083,12.713123
0.270000,108.000000,14.080767,14.225786
0.270000,110.000000,15.657541,15.803748
0.270000,112.000000,17.305857,17.440521
0.270000,114.000000,19.015249,19.129810
0.270000,116.000000,20.772978,20.865570
0.270000,118.000000,22.571772,22.642050
0.270000,120.000000,24.405905,24.454025
0.270000,122.000000,26.269644,26.296638
0.270000,124.000000,28.157856,28.165569
0.270000,126.000000,30.066126,30.056908
0.270000,128.000000,31.990623,31.967232
0.270000,130.000000,33.928135,33.893543
0.270000,132.000000,35.876167,35.833241
0.270000,134.000000,37.832924,37.784088
0.270000,136.000000,39.797142,39.744175
0.270000,138.000000,41.767918,41.711861
0.270000,140.000000,43.744484,43.685802
0.270000,142.000000,45.726128,45.664867
0.270000,144.000000,47.712143,47.648079
0.270000,146.000000,49.701851,49.634678
0.270000,148.000000,51.694584,51.623993
0.270000,150.000000,53.689724,53.615509
0.270000,152.000000,55.686733,55.608780
0.270000,154.000000,57.685127,57.603462
0.270000,156.000000,59.684498,59.599258
0.270000,158.000000,61.684498,61.595963
0.270000,160.000000,63.684853,63.593353
0.270000,162.000000,65.685310,65.591339
0.270000,164.000000,67.685699,67.589729
0.270000,166.000000,69.685852,69.588501
0.270000,168.000000,71.685631,71.587524
0.270000,170.000000,73.684944,73.586769
0.270000,172.000000,75.683708,75.586174
0.270000,174.000000,77.681839,77.585724
0.270000,176.000000,79.679291,79.585373
0.270000,178.000000,81.676003,81.585106
0.270000,180.000000,83.671951,83.584892
0.270000,182.000000,85.667099,85.584732
0.270000,184.000000,87.661423,87.584618
0.270000,186.000000,89.654900,89.584511
0.270000,188.000000,91.647499,91.584442
0.270000,190.000000,93.639221,93.584389
0.270000,192.000000,95.630051,95.584343
0.270000,194.000000,97.619965,97.584297
0.270000,196.000000,99.608963,99.584267
0.270000,198.000000,101.597046,101.584251
0.270000,200.000000,103.584190,103.584236
0.280000,0.000000,0.000000,0.000000
0.280000,2.000000,-0.008653,0.000000
0.280000,4.000000,-0.016417,0.000000
0.280000,6.000000,-0.023293,0.000000
0.280000,8.000000,-0.029282,0.000000
0.280000,10.000000,-0.034381,0.000000
0.280000,12.000000,-0.038590,0.000000
0.280000,14.000000,-0.041911,0.000000
0.280000,16.000000,-0.044341,0.000000
0.280000,18.000000,-0.045882,0.000000
0.280000,20.000000,-0.046534,0.000000
0.280000,22.000000,-0.046296,0.000000
0.280000,24.000000,-0.045168,0.000000
0.280000,26.000000,-0.043150,0.000000
0.280000,28.000000,-0.040242,0.000000
0.280000,30.000000,-0.036444,0.000000
0.280000,32.000000,-0.031756,0.000000
0.280000,34.000000,-0.026176,0.000000
0.280000,36.000000,-0.019704,0.000000
0.280000,38.000000,-0.012339,0.000001
0.280000,40.000000,-0.004081,0.000001
0.280000,42.000000,0.005075,0.000003
0.280000,44.000000,0.015130,0.000005
0.280000,46.000000,0.026089,0.000015
0.280000,48.000000,0.037961,0.000051
0.280000,50.000000,0.050757,0.000146
0.280000,52.000000,0.064497,0.000395
0.280000,54.000000,0.079214,0.000983
0.280000,56.000000,0.094962,0.002267
0.280000,58.000000,0.111835,0.004876
0.280000,60.000000,0.129996,0.009863
0.280000,62.000000,0.149733,0.018867
0.280000,64.000000,0.171565,0.034292
0.280000,66.000000,0.196427,0.059473
0.280000,68.000000,0.226012,0.098832
0.280000,70.000000,0.263347,0.157932
0.280000,72.000000,0.313661,0.243478
0.280000,74.000000,0.385343,0.363193
0.280000,76.000000,0.490121,0.525624
0.280000,78.000000,0.640856,0.739835
0.280000,80.000000,0.847513,1.015035
0.280000,82.000000,1.117822,1.360198
0.280000,84.000000,1.463732,1.783649
0.280000,86.000000,1.899860,2.292728
0.280000,88.000000,2.435209,2.893455
0.280000,90.000000,3.068847,3.590332
0.280000,92.000000,3.800791,4.386212
0.280000,94.000000,4.643742,5.282251
0.280000,96.000000,5.597503,6.277962
0.280000,98.000000,6.687692,7.371363
0.280000,100.000000,8.047301,8.559112
0.280000,102.000000,9.606366,9.836766
0.280000,104.000000,11.051364,11.198986
0.280000,106.000000,12.485388,12.639817
0.280000,108.000000,13.990740,14.152911
0.280000,110.000000,15.571781,15.731691
0.280000,112.000000,17.225044,17.369621
0.280000,114.000000,18.939060,19.060287
0.280000,116.000000,20.700911,20.797567
0.280000,118.000000,22.503307,22.575687
0.280000,120.000000,24.340496,24.389332
0.280000,122.000000,26.206787,26.233599
0.280000,124.000000,28.097115,28.104126
0.280000,126.000000,30.007133,29.996992
0.280000,128.000000,31.933077,31.908745
0.280000,130.000000,33.871796,33.836380
0.280000,132.000000,35.820847,35.777279
0.280000,134.000000,37.778477,37.729198
0.280000,136.000000,39.743469,39.690250
0.280000,138.000000,41.714909,41.658798
0.280000,140.000000,43.692051,43.633499
0.280000,142.000000,45.674191,45.613190
0.280000,144.000000,47.660625,47.596970
0.280000,146.000000,49.650673,49.584038
0.280000,148.000000,51.643688,51.573769
0.280000,150.000000,53.639053,53.565632
0.280000,152.000000,55.636234,55.559193
0.280000,154.000000,57.634769,57.554115
0.280000,156.000000,59.634247,59.550121
0.280000,158.000000,61.634331,61.546989
0.280000,160.000000,63.634754,63.544533
0.280000,162.000000,65.635269,65.542618
0.280000,164.000000,67.635704,67.541115
0.280000,166.000000,69.635895,69.539955
0.280000,168.000000,71.635719,71.539040
0.280000,170.000000,73.635078,73.538345
0.280000,172.000000,75.633888,75.537796
0.280000,174.000000,77.632065,77.537369
0.280000,176.000000,79.629578,79.537048
0.280000,178.000000,81.626366,81.536804
0.280000,180.000000,83.622383,83.536606
0.280000,182.000000,85.617622,85.536453
0.280000,184.000000,87.612038,87.536346
0.280000,186.000000,89.605614,89.536240
0.280000,188.000000,91.598335,91.536179
0.280000,190.000000,93.590187,93.536133
0.280000,192.000000,95.581146,95.536095
0.280000,194.000000,97.571213,97.536072
0.280000,196.000000,99.560379,99.536041
0.280000,198.000000,101.548630,101.536018
0.280000,200.000000,103.535965,103.536003
0.290000,0.000000,0.000000,0.000000
0.290000,2.000000,-0.008524,0.000000
0.290000,4.000000,-0.016171,0.000000
0.290000,6.000000,-0.022944,0.000000
0.290000,8.000000,-0.028840,0.000000
0.290000,10.000000,-0.033860,0.000000
0.290000,12.000000,-0.038002,0.000000
0.290000,14.000000,-0.041268,0.000000
0.290000,16.000000,-0.043656,0.000000
0.290000,18.000000,-0.045167,0.000000
0.290000,20.000000,-0.045801,0.000000
0.290000,22.000000,-0.045557,0.000000
0.290000,24.000000,-0.044436,0.000000
0.290000,26.000000,-0.042438,0.000000
0.290000,28.000000,-0.039562,0.000000
0.290000,30.000000,-0.035808,0.000000
0.290000,32.000000,-0.031176,0.000000
0.290000,34.000000,-0.025665,0.000000
0.290000,36.000000,-0.019275,0.000000
0.290000,38.000000,-0.012004,0.000001
0.290000,40.000000,-0.003852,0.000000
0.290000,42.000000,0.005185,-0.000001
0.290000,44.000000,0.015108,0.000003
0.290000,46.000000,0.025922,0.000013
0.290000,48.000000,0.037636,0.000043
0.290000,50.000000,0.050260,0.000129
0.290000,52.000000,0.063813,0.000351
0.290000,54.000000,0.078327,0.000879
0.290000,56.000000,0.093853,0.002048
0.290000,58.000000,0.110479,0.004448
0.290000,60.000000,0.128361,0.009081
0.290000,62.000000,0.147772,0.017511
0.290000,64.000000,0.169202,0.032060
0.290000,66.000000,0.193535,0.055981
0.290000,68.000000,0.222375,0.093599
0.290000,70.000000,0.258590,0.150405
0.290000,72.000000,0.307151,0.233044
0.290000,74.000000,0.376099,0.349227
0.290000,76.000000,0.476834,0.507510
0.290000,78.000000,0.622193,0.717014
0.290000,80.000000,0.822524,0.987057
0.290000,82.000000,1.085782,1.326750
0.290000,84.000000,1.423781,1.744573
0.290000,86.000000,1.851386,2.248036
0.290000,88.000000,2.378424,2.843337
0.290000,90.000000,3.004532,3.535135
0.290000,92.000000,3.729638,4.326415
0.290000,94.000000,4.566574,5.218446
0.290000,96.000000,5.516169,6.210817
0.290000,98.000000,6.603951,7.301581
0.290000,100.000000,7.961446,8.487398
0.290000,102.000000,9.516402,9.763800
0.290000,104.000000,10.958336,11.125422
0.290000,106.000000,12.392810,12.566227
0.290000,108.000000,13.900961,14.079762
0.290000,110.000000,15.486343,15.659413
0.290000,112.000000,17.144560,17.298515
0.290000,114.000000,18.863180,18.990587
0.290000,116.000000,20.629122,20.729445
0.290000,118.000000,22.435087,22.509228
0.290000,120.000000,24.275301,24.324556
0.290000,122.000000,26.144112,26.170523
0.290000,124.000000,28.036531,28.042681
0.290000,126.000000,29.948277,29.937098
0.290000,128.000000,31.875650,31.850288
0.290000,130.000000,33.815559,33.779255
0.290000,132.000000,35.765621,35.721359
0.290000,134.000000,37.724125,37.674377
0.290000,136.000000,39.689865,39.636391
0.290000,138.000000,41.661964,41.605785
0.290000,140.000000,43.639675,43.581226
0.290000,142.000000,45.622299,45.561581
0.290000,144.000000,47.609146,47.545918
0.290000,146.000000,49.599533,49.533463
0.290000,148.000000,51.592815,51.523582
0.290000,150.000000,53.588398,53.515785
0.290000,152.000000,55.585754,55.509628
0.290000,154.000000,57.584419,57.504803
0.290000,156.000000,59.584000,59.501003
0.290000,158.000000,61.584171,61.498039
0.290000,160.000000,63.584652,63.495712
0.290000,162.000000,65.585228,65.493912
0.290000,164.000000,67.585701,67.492493
0.290000,166.000000,69.585938,69.491402
0.290000,168.000000,71.585800,71.490570
0.290000,170.000000,73.585205,73.489899
0.290000,172.000000,75.584053,75.489410
0.290000,174.000000,77.582291,77.489021
0.290000,176.000000,79.579857,79.488724
0.290000,178.000000,81.576706,81.488480
0.290000,180.000000,83.572807,83.488297
0.290000,182.000000,85.568123,85.488159
0.290000,184.000000,87.562637,87.488060
0.290000,186.000000,89.556320,89.487984
0.290000,188.000000,91.549149,91.487915
0.290000,190.000000,93.541130,93.487877
0.290000,192.000000,95.532227,95.487846
0.290000,194.000000,97.522453,97.487816
0.290000,196.000000,99.511772,99.487793
0.290000,198.000000,101.500206,101.487770
0.290000,200.000000,103.487724,103.487762
0.300000,0.000000,0.000000,0.000000
0.300000,2.000000,-0.008396,0.000000
0.300000,4.000000,-0.015927,0.000000
0.300000,6.000000,-0.022596,0.000000
0.300000,8.000000,-0.028400,0.000000
0.300000,10.000000,-0.033341,0.000000
0.300000,12.000000,-0.037416,0.000000
0.300000,14.000000,-0.040627,0.000000
0.300000,16.000000,-0.042973,0.000000
0.300000,18.000000,-0.044454,0.000000
0.300000,20.000000,-0.045071,0.000000
0.300000,22.000000,-0.044822,0.000000
0.300000,24.000000,-0.043709,0.000000
0.300000,26.000000,-0.041730,0.000000
0.300000,28.000000,-0.038886,0.000000
0.300000,30.000000,-0.035176,0.000000
0.300000,32.000000,-0.030601,0.000000
0.300000,34.000000,-0.025159,0.000000
0.300000,36.000000,-0.018851,0.000000
0.300000,38.000000,-0.011674,0.000001
0.300000,40.000000,-0.003628,0.000002
0.300000,42.000000,0.005288,0.000001
0.300000,44.000000,0.015079,0.000003
0.300000,46.000000,0.025749,0.000012
0.300000,48.000000,0.037304,0.000036
0.300000,50.000000,0.049756,0.000110
0.300000,52.000000,0.063123,0.000309
0.300000,54.000000,0.077433,0.000785
0.300000,56.000000,0.092737,0.001844
0.300000,58.000000,0.109118,0.004048
0.300000,60.000000,0.126724,0.008344
0.300000,62.000000,0.145812,0.016222
0.300000,64.000000,0.166846,0.029924
0.300000,66.000000,0.190664,0.052614
0.300000,68.000000,0.218781,0.088527
0.300000,70.000000,0.253915,0.143070
0.300000,72.000000,0.300791,0.222830
0.300000,74.000000,0.367106,0.335493
0.300000,76.000000,0.463924,0.489630
0.300000,78.000000,0.604016,0.694423
0.300000,80.000000,0.798077,0.959284
0.300000,82.000000,1.054312,1.293454
0.300000,84.000000,1.384407,1.705589
0.300000,86.000000,1.803435,2.203374
0.300000,88.000000,2.322023,2.793174
0.300000,90.000000,2.940465,3.479816
0.300000,92.000000,3.658600,4.266434
0.300000,94.000000,4.489358,5.154396
0.300000,96.000000,5.434597,6.143379
0.300000,98.000000,6.519773,7.231468
0.300000,100.000000,7.875022,8.415339
0.300000,102.000000,9.426021,9.690494
0.300000,104.000000,10.865200,11.051507
0.300000,106.000000,12.300342,12.492291
0.300000,108.000000,13.811420,14.006312
0.300000,110.000000,15.401217,15.586852
0.300000,112.000000,17.064392,17.227173
0.300000,114.000000,18.787592,18.920708
0.300000,116.000000,20.557596,20.661175
0.300000,118.000000,22.367100,22.442650
0.300000,120.000000,24.210304,24.259720
0.300000,122.000000,26.081610,26.107401
0.300000,124.000000,27.976093,27.981205
0.300000,126.000000,29.889547,29.877192
0.300000,128.000000,31.818333,31.791855
0.300000,130.000000,33.759422,33.722164
0.300000,132.000000,35.710480,35.665497
0.300000,134.000000,37.669838,37.619602
0.300000,136.000000,39.636330,39.582573
0.300000,138.000000,41.609077,41.552826
0.300000,140.000000,43.587349,43.529007
0.300000,142.000000,45.570450,45.510006
0.300000,144.000000,47.557693,47.494888
0.300000,146.000000,49.548409,49.482899
0.300000,148.000000,51.541958,51.473431
0.300000,150.000000,53.537754,53.465965
0.300000,152.000000,55.535275,55.460094
0.300000,154.000000,57.534069,57.455479
0.300000,156.000000,59.533752,59.451889
0.300000,158.000000,61.533997,61.449078
0.300000,160.000000,63.534546,63.446884
0.300000,162.000000,65.535164,65.445183
0.300000,164.000000,67.535690,67.443878
0.300000,166.000000,69.535957,69.442848
0.300000,168.000000,71.535866,71.442062
0.300000,170.000000,73.535309,73.441452
0.300000,172.000000,75.534203,75.440979
0.300000,174.000000,77.532494,77.440620
0.300000,176.000000,79.530113,79.440346
0.300000,178.000000,81.527031,81.440132
0.300000,180.000000,83.523201,83.439972
0.300000,182.000000,85.518608,85.439842
0.300000,184.000000,87.513214,87.439758
0.300000,186.000000,89.506996,89.439682
0.300000,188.000000,91.499947,91.439636
0.300000,190.000000,93.492043,93.439590
0.300000,192.000000,95.483284,95.439560
0.300000,194.000000,97.473663,97.439529
0.300000,196.000000,99.463150,99.439514
0.300000,198.000000,101.451744,101.439491
0.300000,200.000000,103.439453,103.439491
0.310000,0.000000,0.000000,0.000000
0.310000,2.000000,-0.008268,0.000000
0.310000,4.000000,-0.015683,0.000000
0.310000,6.000000,-0.022247,0.000000
0.310000,8.000000,-0.027961,0.000000
0.310000,10.000000,-0.032822,0.000000
0.310000,12.000000,-0.036831,0.000000
0.310000,14.000000,-0.039987,0.000000
0.310000,16.000000,-0.042291,0.000000
0.310000,18.000000,-0.043743,0.000000
0.310000,20.000000,-0.044342,0.000000
0.310000,22.000000,-0.044089,0.000000
0.310000,24.000000,-0.042983,0.000000
0.310000,26.000000,-0.041024,0.000000
0.310000,28.000000,-0.038212,0.000000
0.310000,30.000000,-0.034547,0.000000
0.310000,32.000000,-0.030029,0.000000
0.310000,34.000000,-0.024656,0.000000
0.310000,36.000000,-0.018429,0.000000
0.310000,38.000000,-0.011347,0.000001
0.310000,40.000000,-0.003408,0.000001
0.310000,42.000000,0.005389,0.000000
0.310000,44.000000,0.015048,0.000003
0.310000,46.000000,0.025572,0.000010
0.310000,48.000000,0.036969,0.000032
0.310000,50.000000,0.049249,0.000097
0.310000,52.000000,0.062429,0.000269
0.310000,54.000000,0.076536,0.000696
0.310000,56.000000,0.091618,0.001656
0.310000,58.000000,0.107756,0.003676
0.310000,60.000000,0.125086,0.007645
0.310000,62.000000,0.143855,0.014995
0.310000,64.000000,0.164501,0.027884
0.310000,66.000000,0.187815,0.049374
0.310000,68.000000,0.215231,0.083614
0.310000,70.000000,0.249323,0.135929
0.310000,72.000000,0.294580,0.212839
0.310000,74.000000,0.358361,0.321997
0.310000,76.000000,0.451385,0.471993
0.310000,78.000000,0.586325,0.672062
0.310000,80.000000,0.774179,0.931709
0.310000,82.000000,1.023422,1.260324
0.310000,84.000000,1.345623,1.666713
0.310000,86.000000,1.756028,2.158744
0.310000,88.000000,2.266033,2.742971
0.310000,90.000000,2.876667,3.424384
0.310000,92.000000,3.587697,4.206265
0.310000,94.000000,4.412112,5.090104
0.310000,96.000000,5.352800,6.075647
0.310000,98.000000,6.435166,7.161024
0.310000,100.000000,7.788040,8.342932
0.310000,102.000000,9.335234,9.616835
0.310000,104.000000,10.771971,10.977257
0.310000,106.000000,12.207994,12.418044
0.310000,108.000000,13.722128,13.932573
0.310000,110.000000,15.316412,15.514034
0.310000,112.000000,16.984547,17.155613
0.310000,114.000000,18.712303,18.850639
0.310000,116.000000,20.486341,20.592766
0.310000,118.000000,22.299347,22.375988
0.310000,120.000000,24.145515,24.194830
0.310000,122.000000,26.019281,26.044239
0.310000,124.000000,27.915808,27.919729
0.310000,126.000000,29.830950,29.817305
0.310000,128.000000,31.761131,31.733444
0.310000,130.000000,33.703384,33.665115
0.310000,132.000000,35.655430,35.609669
0.310000,134.000000,37.615639,37.564865
0.310000,136.000000,39.582863,39.528816
0.310000,138.000000,41.556255,41.499924
0.310000,140.000000,43.535080,43.476841
0.310000,142.000000,45.518650,45.458485
0.310000,144.000000,47.506283,47.443920
0.310000,146.000000,49.497322,49.432392
0.310000,148.000000,51.491131,51.423309
0.310000,150.000000,53.487129,53.416176
0.310000,152.000000,55.484810,55.410583
0.310000,154.000000,57.483730,57.406193
0.310000,156.000000,59.483509,59.402779
0.310000,158.000000,61.483826,61.400139
0.310000,160.000000,63.484432,63.398071
0.310000,162.000000,65.485100,65.396477
0.310000,164.000000,67.485664,67.395248
0.310000,166.000000,69.485977,69.394287
0.310000,168.000000,71.485924,71.393555
0.310000,170.000000,73.485405,73.392998
0.310000,172.000000,75.484344,75.392563
0.310000,174.000000,77.482681,77.392235
0.310000,176.000000,79.480362,79.391968
0.310000,178.000000,81.477341,81.391792
0.310000,180.000000,83.473587,83.391632
0.310000,182.000000,85.469070,85.391533
0.310000,184.000000,87.463768,87.391426
0.310000,186.000000,89.457657,89.391365
0.310000,188.000000,91.450729,91.391327
0.310000,190.000000,93.442955,93.391273
0.310000,192.000000,95.434334,95.391251
0.310000,194.000000,97.424843,97.391235
0.310000,196.000000,99.414497,99.391220
0.310000,198.000000,101.403275,101.391197
0.310000,200.000000,103.391167,103.391197
0.320000,0.000000,0.000000,0.000000
0.320000,2.000000,-0.008140,0.000000
0.320000,4.000000,-0.015439,0.000000
0.320000,6.000000,-0.021900,0.000000
0.320000,8.000000,-0.027523,0.000000
0.320000,10.000000,-0.032305,0.000000
0.320000,12.000000,-0.036247,0.000000
0.320000,14.000000,-0.039350,0.000000
0.320000,16.000000,-0.041612,0.000000
0.320000,18.000000,-0.043034,0.000000
0.320000,20.000000,-0.043616,0.000000
0.320000,22.000000,-0.043358,0.000000
0.320000,24.000000,-0.042260,0.000000
0.320000,26.000000,-0.040321,0.000000
0.320000,28.000000,-0.037542,0.000000
0.320000,30.000000,-0.033922,0.000000
0.320000,32.000000,-0.029461,0.000000
0.320000,34.000000,-0.024158,0.000000
0.320000,36.000000,-0.018014,0.000000
0.320000,38.000000,-0.011026,0.000000
0.320000,40.000000,-0.003194,-0.000000
0.320000,42.000000,0.005483,-0.000001
0.320000,44.000000,0.015010,0.000003
0.320000,46.000000,0.025389,0.000009
0.320000,48.000000,0.036627,0.000026
0.320000,50.000000,0.048735,0.000084
0.320000,52.000000,0.061727,0.000237
0.320000,54.000000,0.075632,0.000616
0.320000,56.000000,0.090493,0.001485
0.320000,58.000000,0.106387,0.003329
0.320000,60.000000,0.123445,0.006994
0.320000,62.000000,0.141898,0.013837
0.320000,64.000000,0.162162,0.025936
0.320000,66.000000,0.184984,0.046261
0.320000,68.000000,0.211720,0.078863
0.320000,70.000000,0.244806,0.128979
0.320000,72.000000,0.288505,0.203067
0.320000,74.000000,0.349848,0.308746
0.320000,76.000000,0.439203,0.454607
0.320000,78.000000,0.569105,0.649939
0.320000,80.000000,0.750823,0.904347
0.320000,82.000000,0.993110,1.227356
0.320000,84.000000,1.307432,1.627944
0.320000,86.000000,1.709171,2.114156
0.320000,88.000000,2.210464,2.692729
0.320000,90.000000,2.813147,3.368842
0.320000,92.000000,3.516931,4.145906
0.320000,94.000000,4.334841,5.025558
0.320000,96.000000,5.270777,6.007614
0.320000,98.000000,6.350124,7.090255
0.320000,100.000000,7.700490,8.270164
0.320000,102.000000,9.244038,9.542812
0.320000,104.000000,10.678644,10.902648
0.320000,106.000000,12.115762,12.343451
0.320000,108.000000,13.633076,13.858521
0.320000,110.000000,15.231913,15.440948
0.320000,112.000000,16.905010,17.083824
0.320000,114.000000,18.637297,18.780396
0.320000,116.000000,20.415340,20.524204
0.320000,118.000000,22.231819,22.309221
0.320000,120.000000,24.080917,24.129852
0.320000,122.000000,25.957123,25.981045
0.320000,124.000000,27.855665,27.858242
0.320000,126.000000,29.772474,29.757421
0.320000,128.000000,31.704035,31.675064
0.320000,130.000000,33.647438,33.608097
0.320000,132.000000,35.600456,35.553883
0.320000,134.000000,37.561504,37.510197
0.320000,136.000000,39.529461,39.475121
0.320000,138.000000,41.503487,41.447079
0.320000,140.000000,43.482853,43.424728
0.320000,142.000000,45.466885,45.407001
0.320000,144.000000,47.454903,47.392971
0.320000,146.000000,49.446255,49.381908
0.320000,148.000000,51.440311,51.373211
0.320000,150.000000,53.436512,53.366405
0.320000,152.000000,55.434349,55.361073
0.320000,154.000000,57.433388,57.356926
0.320000,156.000000,59.433258,59.353699
0.320000,158.000000,61.433651,61.351185
0.320000,160.000000,63.434311,63.349258
0.320000,162.000000,65.435028,65.347763
0.320000,164.000000,67.435631,67.346611
0.320000,166.000000,69.435982,69.345711
0.320000,168.000000,71.435959,71.345032
0.320000,170.000000,73.435478,73.344513
0.320000,172.000000,75.434464,75.344124
0.320000,174.000000,77.432846,77.343803
0.320000,176.000000,79.430588,79.343575
0.320000,178.000000,81.427628,81.343407
0.320000,180.000000,83.423950,83.343269
0.320000,182.000000,85.419510,85.343163
0.320000,184.000000,87.414307,87.343086
0.320000,186.000000,89.408295,89.343033
0.320000,188.000000,91.401474,91.342987
0.320000,190.000000,93.393829,93.342957
0.320000,192.000000,95.385345,95.342934
0.320000,194.000000,97.376007,97.342903
0.320000,196.000000,99.365822,99.342903
0.320000,198.000000,101.354767,101.342888
0.320000,200.000000,103.342850,103.342865
0.330000,0.000000,0.000000,0.000000
0.330000,2.000000,-0.008012,0.000000
0.330000,4.000000,-0.015196,0.000000
0.330000,6.000000,-0.021554,0.000000
0.330000,8.000000,-0.027085,0.000000
0.330000,10.000000,-0.031789,0.000000
0.330000,12.000000,-0.035665,0.000000
0.330000,14.000000,-0.038714,0.000000
0.330000,16.000000,-0.040935,0.000000
0.330000,18.000000,-0.042328,0.000000
0.330000,20.000000,-0.042893,0.000000
0.330000,22.000000,-0.042631,0.000000
0.330000,24.000000,-0.041540,0.000000
0.330000,26.000000,-0.039622,0.000000
0.330000,28.000000,-0.036876,0.000000
0.330000,30.000000,-0.033301,0.000000
0.330000,32.000000,-0.028897,0.000000
0.330000,34.000000,-0.023664,0.000000
0.330000,36.000000,-0.017602,0.000000
0.330000,38.000000,-0.010709,0.000000
0.330000,40.000000,-0.002985,-0.000000
0.330000,42.000000,0.005573,-0.000000
0.330000,44.000000,0.014967,0.000001
0.330000,46.000000,0.025200,0.000006
0.330000,48.000000,0.036280,0.000021
0.330000,50.000000,0.048215,0.000071
0.330000,52.000000,0.061021,0.000207
0.330000,54.000000,0.074723,0.000544
0.330000,56.000000,0.089364,0.001326
0.330000,58.000000,0.105015,0.003006
0.330000,60.000000,0.121802,0.006379
0.330000,62.000000,0.139942,0.012739
0.330000,64.000000,0.159830,0.024078
0.330000,66.000000,0.182171,0.043270
0.330000,68.000000,0.208247,0.074272
0.330000,70.000000,0.240362,0.122226
0.330000,72.000000,0.282562,0.193520
0.330000,74.000000,0.341561,0.295737
0.330000,76.000000,0.427369,0.437470
0.330000,78.000000,0.552353,0.628056
0.330000,80.000000,0.728010,0.877200
0.330000,82.000000,0.963381,1.194557
0.330000,84.000000,1.269843,1.589283
0.330000,86.000000,1.662882,2.069602
0.330000,88.000000,2.155338,2.642447
0.330000,90.000000,2.749918,3.313175
0.330000,92.000000,3.446319,4.085366
0.330000,94.000000,4.257555,4.960759
0.330000,96.000000,5.188535,5.939270
0.330000,98.000000,6.264651,7.019130
0.330000,100.000000,7.612376,8.197031
0.330000,102.000000,9.152435,9.468413
0.330000,104.000000,10.585226,10.827675
0.330000,106.000000,12.023647,12.268530
0.330000,108.000000,13.544270,13.784166
0.330000,110.000000,15.147723,15.367600
0.330000,112.000000,16.825781,17.011808
0.330000,114.000000,18.562576,18.709963
0.330000,116.000000,20.344599,20.455498
0.330000,118.000000,22.164516,22.242329
0.330000,120.000000,24.016512,24.064804
0.330000,122.000000,25.895128,25.917809
0.330000,124.000000,27.795666,27.796747
0.330000,126.000000,29.714121,29.697565
0.330000,128.000000,31.647045,31.616714
0.330000,130.000000,33.591587,33.551125
0.330000,132.000000,35.545574,35.498146
0.330000,134.000000,37.507450,37.455574
0.330000,136.000000,39.476124,39.421463
0.330000,138.000000,41.450771,41.394268
0.330000,140.000000,43.430672,43.372669
0.330000,142.000000,45.415157,45.355568
0.330000,144.000000,47.403553,47.342068
0.330000,146.000000,49.395210,49.331470
0.330000,148.000000,51.389519,51.323154
0.330000,150.000000,53.385910,53.316658
0.330000,152.000000,55.383896,55.311596
0.330000,154.000000,57.383053,57.307663
0.330000,156.000000,59.383011,59.304600
0.330000,158.000000,61.383469,61.302254
0.330000,160.000000,63.384186,63.300438
0.330000,162.000000,65.384949,65.299034
0.330000,164.000000,67.385590,67.297958
0.330000,166.000000,69.385971,69.297142
0.330000,168.000000,71.385986,71.296509
0.330000,170.000000,73.385536,73.296028
0.330000,172.000000,75.384567,75.295654
0.330000,174.000000,77.383003,77.295380
0.330000,176.000000,79.380791,79.295158
0.330000,178.000000,81.377899,81.295006
0.330000,180.000000,83.374290,83.294884
0.330000,182.000000,85.369934,85.294792
0.330000,184.000000,87.364822,87.294731
0.330000,186.000000,89.358917,89.294670
0.330000,188.000000,91.352203,91.294632
0.330000,190.000000,93.344681,93.294601
0.330000,192.000000,95.336334,95.294586
0.330000,194.000000,97.327148,97.294563
0.330000,196.000000,99.317123,99.294548
0.330000,198.000000,101.306244,101.294533
0.330000,200.000000,103.294510,103.294525
0.340000,0.000000,0.000000,0.000000
0.340000,2.000000,-0.007884,0.000000
0.340000,4.000000,-0.014953,0.000000
0.340000,6.000000,-0.021208,0.000000
0.340000,8.000000,-0.026649,0.000000
0.340000,10.000000,-0.031274,0.000000
0.340000,12.000000,-0.035084,0.000000
0.340000,14.000000,-0.038079,0.000000
0.340000,16.000000,-0.040259,0.000000
0.340000,18.000000,-0.041623,0.000000
0.340000,20.000000,-0.042172,0.000000
0.340000,22.000000,-0.041906,0.000000
0.340000,24.000000,-0.040824,0.000000
0.340000,26.000000,-0.038926,0.000000
0.340000,28.000000,-0.036212,0.000000
0.340000,30.000000,-0.032683,0.000000
0.340000,32.000000,-0.028337,0.000000
0.340000,34.000000,-0.023174,0.000000
0.340000,36.000000,-0.017194,0.000000
0.340000,38.000000,-0.010397,0.000000
0.340000,40.000000,-0.002780,-0.000002
0.340000,42.000000,0.005658,0.000000
0.340000,44.000000,0.014919,0.000000
0.340000,46.000000,0.025007,0.000005
0.340000,48.000000,0.035927,0.000020
0.340000,50.000000,0.047690,0.000061
0.340000,52.000000,0.060309,0.000180
0.340000,54.000000,0.073809,0.000479
0.340000,56.000000,0.088230,0.001181
0.340000,58.000000,0.103639,0.002710
0.340000,60.000000,0.120156,0.005805
0.340000,62.000000,0.137988,0.011703
0.340000,64.000000,0.157504,0.022306
0.340000,66.000000,0.179374,0.040402
0.340000,68.000000,0.204809,0.069839
0.340000,70.000000,0.235987,0.115668
0.340000,72.000000,0.276747,0.184201
0.340000,74.000000,0.333490,0.282979
0.340000,76.000000,0.415871,0.420595
0.340000,78.000000,0.536061,0.606425
0.340000,80.000000,0.705739,0.850278
0.340000,82.000000,0.934237,1.161937
0.340000,84.000000,1.232864,1.550740
0.340000,86.000000,1.617174,2.025095
0.340000,88.000000,2.100675,2.592139
0.340000,90.000000,2.686999,3.257399
0.340000,92.000000,3.375873,4.024626
0.340000,94.000000,4.180265,4.895697
0.340000,96.000000,5.106082,5.870615
0.340000,98.000000,6.178750,6.947657
0.340000,100.000000,7.523696,8.123526
0.340000,102.000000,9.060434,9.393633
0.340000,104.000000,10.491722,10.752342
0.340000,106.000000,11.931656,12.193253
0.340000,108.000000,13.455707,13.709499
0.340000,110.000000,15.063842,15.293980
0.340000,112.000000,16.746859,16.939558
0.340000,114.000000,18.488138,18.639336
0.340000,116.000000,20.274107,20.386665
0.340000,118.000000,22.097437,22.175362
0.340000,120.000000,23.952301,23.999718
0.340000,122.000000,25.833298,25.854551
0.340000,124.000000,27.735807,27.735249
0.340000,126.000000,29.655891,29.637722
0.340000,128.000000,31.590164,31.558411
0.340000,130.000000,33.535831,33.494198
0.340000,132.000000,35.490768,35.442482
0.340000,134.000000,37.453468,37.401009
0.340000,136.000000,39.422852,39.367874
0.340000,138.000000,41.398113,41.341530
0.340000,140.000000,43.378544,43.320660
0.340000,142.000000,45.363468,45.304192
0.340000,144.000000,47.352234,47.291229
0.340000,146.000000,49.344189,49.281063
0.340000,148.000000,51.338737,51.273129
0.340000,150.000000,53.335316,53.266945
0.340000,152.000000,55.333454,55.262127
0.340000,154.000000,57.332722,57.258411
0.340000,156.000000,59.332760,59.255539
0.340000,158.000000,61.333290,61.253319
0.340000,160.000000,63.334049,63.251621
0.340000,162.000000,65.334854,65.250305
0.340000,164.000000,67.335533,67.249313
0.340000,166.000000,69.335953,69.248550
0.340000,168.000000,71.335991,71.247955
0.340000,170.000000,73.335587,73.247520
0.340000,172.000000,75.334656,75.247185
0.340000,174.000000,77.333138,77.246933
0.340000,176.000000,79.330978,79.246735
0.340000,178.000000,81.328148,81.246582
0.340000,180.000000,83.324608,83.246483
0.340000,182.000000,85.320343,85.246399
0.340000,184.000000,87.315315,87.246330
0.340000,186.000000,89.309502,89.246284
0.340000,188.000000,91.302910,91.246254
0.340000,190.000000,93.295517,93.246223
0.340000,192.000000,95.287308,95.246208
0.340000,194.000000,97.278275,97.246185
0.340000,196.000000,99.268402,99.246185
0.340000,198.000000,101.257698,101.246178
0.340000,200.000000,103.246147,103.246170
0.350000,0.000000,0.000000,0.000000
0.350000,2.000000,-0.007757,0.000000
0.350000,4.000000,-0.014710,0.000000
0.350000,6.000000,-0.020863,0.000000
0.350000,8.000000,-0.026213,0.000000
0.350000,10.000000,-0.030761,0.000000
0.350000,12.000000,-0.034506,0.000000
0.350000,14.000000,-0.037447,0.000000
0.350000,16.000000,-0.039586,0.000000
0.350000,18.000000,-0.040922,0.000000
0.350000,20.000000,-0.041454,0.000000
0.350000,22.000000,-0.041184,0.000000
0.350000,24.000000,-0.040110,0.000000
0.350000,26.000000,-0.038233,0.000000
0.350000,28.000000,-0.035553,0.000000
0.350000,30.000000,-0.032069,0.000000
0.350000,32.000000,-0.027781,0.000000
0.350000,34.000000,-0.022689,0.000000
0.350000,36.000000,-0.016792,0.000000
0.350000,38.000000,-0.010090,0.000000
0.350000,40.000000,-0.002581,0.000001
0.350000,42.000000,0.005736,0.000002
0.350000,44.000000,0.014864,0.000001
0.350000,46.000000,0.024806,0.000003
0.350000,48.000000,0.035568,0.000016
0.350000,50.000000,0.047158,0.000052
0.350000,52.000000,0.059590,0.000156
0.350000,54.000000,0.072888,0.000419
0.350000,56.000000,0.087089,0.001050
0.350000,58.000000,0.102258,0.002433
0.350000,60.000000,0.118506,0.005270
0.350000,62.000000,0.136031,0.010726
0.350000,64.000000,0.155182,0.020624
0.350000,66.000000,0.176591,0.037655
0.350000,68.000000,0.201402,0.065562
0.350000,70.000000,0.231676,0.109305
0.350000,72.000000,0.271049,0.175112
0.350000,74.000000,0.325624,0.270475
0.350000,76.000000,0.404698,0.403980
0.350000,78.000000,0.520216,0.585050
0.350000,80.000000,0.684002,0.823581
0.350000,82.000000,0.905677,1.129508
0.350000,84.000000,1.196495,1.512320
0.350000,86.000000,1.572056,1.980635
0.350000,88.000000,2.046488,2.541785
0.350000,90.000000,2.624402,3.201500
0.350000,92.000000,3.305602,3.963695
0.350000,94.000000,4.102979,4.830372
0.350000,96.000000,5.023421,5.801643
0.350000,98.000000,6.092419,6.875824
0.350000,100.000000,7.434447,8.049635
0.350000,102.000000,8.968031,9.318468
0.350000,104.000000,10.398130,10.676619
0.350000,106.000000,11.839785,12.117617
0.350000,108.000000,13.367386,13.634512
0.350000,110.000000,14.980260,15.220058
0.350000,112.000000,16.668232,16.867081
0.350000,114.000000,18.413973,18.568529
0.350000,116.000000,20.203861,20.317686
0.350000,118.000000,22.030569,22.108284
0.350000,120.000000,23.888269,23.934555
0.350000,122.000000,25.771626,25.791265
0.350000,124.000000,27.676083,27.673746
0.350000,126.000000,29.597778,29.577896
0.350000,128.000000,31.533382,31.500122
0.350000,130.000000,33.480164,33.437321
0.350000,132.000000,35.436047,35.386860
0.350000,134.000000,37.399551,37.346497
0.350000,136.000000,39.369637,39.314342
0.350000,138.000000,41.345505,41.288845
0.350000,140.000000,43.326450,43.268692
0.350000,142.000000,45.311817,45.252842
0.350000,144.000000,47.300941,47.240406
0.350000,146.000000,49.293194,49.230682
0.350000,148.000000,51.287968,51.223114
0.350000,150.000000,53.284737,53.217232
0.350000,152.000000,55.283009,55.212681
0.350000,154.000000,57.282379,57.209175
0.350000,156.000000,59.282505,59.206455
0.350000,158.000000,61.283096,61.204380
0.350000,160.000000,63.283909,63.202797
0.350000,162.000000,65.284744,65.201576
0.350000,164.000000,67.285461,67.200653
0.350000,166.000000,69.285904,69.199944
0.350000,168.000000,71.285988,71.199417
0.350000,170.000000,73.285622,73.198997
0.350000,172.000000,75.284721,75.198700
0.350000,174.000000,77.283241,77.198456
0.350000,176.000000,79.281143,79.198273
0.350000,178.000000,81.278374,81.198151
0.350000,180.000000,83.274902,83.198044
0.350000,182.000000,85.270721,85.197975
0.350000,184.000000,87.265778,87.197922
0.350000,186.000000,89.260071,89.197884
0.350000,188.000000,91.253601,91.197853
0.350000,190.000000,93.246323,93.197815
0.350000,192.000000,95.238251,95.197815
0.350000,194.000000,97.229362,97.197800
0.350000,196.000000,99.219650,99.197784
0.350000,198.000000,101.209122,101.197777
0.350000,200.000000,103.197754,103.197769
0.360000,0.000000,0.000000,0.000000
0.360000,2.000000,-0.007630,0.000000
0.360000,4.000000,-0.014469,0.000000
0.360000,6.000000,-0.020519,0.000000
0.360000,8.000000,-0.025779,0.000000
0.360000,10.000000,-0.030248,0.000000
0.360000,12.000000,-0.033928,0.000000
0.360000,14.000000,-0.036816,0.000000
0.360000,16.000000,-0.038914,0.000000
0.360000,18.000000,-0.040221,0.000000
0.360000,20.000000,-0.040738,0.000000
0.360000,22.000000,-0.040464,0.000000
0.360000,24.000000,-0.039399,0.000000
0.360000,26.000000,-0.037543,0.000000
0.360000,28.000000,-0.034896,0.000000
0.360000,30.000000,-0.031458,0.000000
0.360000,32.000000,-0.027228,0.000000
0.360000,34.000000,-0.022207,0.000000
0.360000,36.000000,-0.016393,0.000000
0.360000,38.000000,-0.009786,0.000000
0.360000,40.000000,-0.002385,0.000001
0.360000,42.000000,0.005812,0.000000
0.360000,44.000000,0.014807,0.000002
0.360000,46.000000,0.024602,0.000004
0.360000,48.000000,0.035205,0.000012
0.360000,50.000000,0.046622,0.000044
0.360000,52.000000,0.058868,0.000133
0.360000,54.000000,0.071963,0.000366
0.360000,56.000000,0.085945,0.000928
0.360000,58.000000,0.100874,0.002180
0.360000,60.000000,0.116856,0.004770
0.360000,62.000000,0.134077,0.009807
0.360000,64.000000,0.152868,0.019027
0.360000,66.000000,0.173825,0.035025
0.360000,68.000000,0.198029,0.061445
0.360000,70.000000,0.227429,0.103139
0.360000,72.000000,0.265469,0.166255
0.360000,74.000000,0.317959,0.258227
0.360000,76.000000,0.393843,0.387633
0.360000,78.000000,0.504817,0.563937
0.360000,80.000000,0.662804,0.797127
0.360000,82.000000,0.877708,1.097265
0.360000,84.000000,1.160751,1.474029
0.360000,86.000000,1.527547,1.936230
0.360000,88.000000,1.992806,2.491408
0.360000,90.000000,2.562148,3.145492
0.360000,92.000000,3.235526,3.902566
0.360000,94.000000,4.025714,4.764779
0.360000,96.000000,4.940567,5.732338
0.360000,98.000000,6.005668,6.803620
0.360000,100.000000,7.344638,7.975368
0.360000,102.000000,8.875237,9.242912
0.360000,104.000000,10.304464,10.600521
0.360000,106.000000,11.748042,12.041642
0.360000,108.000000,13.279314,13.559198
0.360000,110.000000,14.896984,15.145881
0.360000,112.000000,16.589907,16.794380
0.360000,114.000000,18.340084,18.497541
0.360000,116.000000,20.133863,20.248571
0.360000,118.000000,21.963919,22.041121
0.360000,120.000000,23.824429,23.869339
0.360000,122.000000,25.710115,25.727957
0.360000,124.000000,27.616503,27.612255
0.360000,126.000000,29.539787,29.518114
0.360000,128.000000,31.476709,31.441887
0.360000,130.000000,33.424587,33.380508
0.360000,132.000000,35.381401,35.331306
0.360000,134.000000,37.345711,37.292057
0.360000,136.000000,39.316494,39.260880
0.360000,138.000000,41.292957,41.236225
0.360000,140.000000,43.274414,43.216801
0.360000,142.000000,45.260208,45.201553
0.360000,144.000000,47.249687,47.189629
0.360000,146.000000,49.242222,49.180359
0.360000,148.000000,51.237228,51.173153
0.360000,150.000000,53.234165,53.167564
0.360000,152.000000,55.232578,55.163261
0.360000,154.000000,57.232052,57.159946
0.360000,156.000000,59.232258,59.157398
0.360000,158.000000,61.232903,61.155457
0.360000,160.000000,63.233761,63.153988
0.360000,162.000000,65.234642,65.152840
0.360000,164.000000,67.235382,67.151978
0.360000,166.000000,69.235863,69.151337
0.360000,168.000000,71.235970,71.150841
0.360000,170.000000,73.235626,73.150467
0.360000,172.000000,75.234772,75.150192
0.360000,174.000000,77.233345,77.149971
0.360000,176.000000,79.231293,79.149818
0.360000,178.000000,81.228592,81.149696
0.360000,180.000000,83.225189,83.149605
0.360000,182.000000,85.221085,85.149544
0.360000,184.000000,87.216232,87.149490
0.360000,186.000000,89.210632,89.149460
0.360000,188.000000,91.204269,91.149422
0.360000,190.000000,93.197113,93.149406
0.360000,192.000000,95.189171,95.149399
0.360000,194.000000,97.180435,97.149384
0.360000,196.000000,99.170883,99.149376
0.360000,198.000000,101.160522,101.149368
0.360000,200.000000,103.149345,103.149353
0.370000,0.000000,0.000000,0.000000
0.370000,2.000000,-0.007503,0.000000
0.370000,4.000000,-0.014227,0.000000
0.370000,6.000000,-0.020175,0.000000
0.370000,8.000000,-0.025346,0.000000
0.370000,10.000000,-0.029738,0.000000
0.370000,12.000000,-0.033352,0.000000
0.370000,14.000000,-0.036188,0.000000
0.370000,16.000000,-0.038245,0.000000
0.370000,18.000000,-0.039524,0.000000
0.370000,20.000000,-0.040025,0.000000
0.370000,22.000000,-0.039748,0.000000
0.370000,24.000000,-0.038692,0.000000
0.370000,26.000000,-0.036858,0.000000
0.370000,28.000000,-0.034244,0.000000
0.370000,30.000000,-0.030852,0.000000
0.370000,32.000000,-0.026681,0.000000
0.370000,34.000000,-0.021731,0.000000
0.370000,36.000000,-0.016000,0.000000
0.370000,38.000000,-0.009489,0.000000
0.370000,40.000000,-0.002196,0.000001
0.370000,42.000000,0.005879,-0.000001
0.370000,44.000000,0.014741,0.000002
0.370000,46.000000,0.024390,0.000001
0.370000,48.000000,0.034833,0.000010
0.370000,50.000000,0.046078,0.000037
0.370000,52.000000,0.058136,0.000115
0.370000,54.000000,0.071030,0.000317
0.370000,56.000000,0.084792,0.000819
0.370000,58.000000,0.099481,0.001943
0.370000,60.000000,0.115198,0.004305
0.370000,62.000000,0.132118,0.008942
0.370000,64.000000,0.150554,0.017516
0.370000,66.000000,0.171068,0.032517
0.370000,68.000000,0.194682,0.057485
0.370000,70.000000,0.223236,0.097168
0.370000,72.000000,0.259992,0.157627
0.370000,74.000000,0.310480,0.246239
0.370000,76.000000,0.383287,0.371560
0.370000,78.000000,0.489844,0.543096
0.370000,80.000000,0.642131,0.770910
0.370000,82.000000,0.850321,1.065220
0.370000,84.000000,1.125626,1.435870
0.370000,86.000000,1.483647,1.891881
0.370000,88.000000,1.939635,2.441001
0.370000,90.000000,2.500244,3.089362
0.370000,92.000000,3.165648,3.841234
0.370000,94.000000,3.948472,4.698909
0.370000,96.000000,4.857514,5.662699
0.370000,98.000000,5.918488,6.731042
0.370000,100.000000,7.254254,7.900681
0.370000,102.000000,8.782043,9.166951
0.370000,104.000000,10.210711,10.524025
0.370000,106.000000,11.656418,11.965277
0.370000,108.000000,13.191479,13.483538
0.370000,110.000000,14.813999,15.071394
0.370000,112.000000,16.511866,16.721418
0.370000,114.000000,18.266457,18.426357
0.370000,116.000000,20.064098,20.179314
0.370000,118.000000,21.897470,21.973843
0.370000,120.000000,23.760761,23.804066
0.370000,122.000000,25.648752,25.664614
0.370000,124.000000,27.557045,27.550768
0.370000,126.000000,29.481903,29.458328
0.370000,128.000000,31.420126,31.383698
0.370000,130.000000,33.369095,33.323734
0.370000,132.000000,35.326832,35.275803
0.370000,134.000000,37.291931,37.237663
0.370000,136.000000,39.263397,39.207474
0.370000,138.000000,41.240452,41.183655
0.370000,140.000000,43.222408,43.164940
0.370000,142.000000,45.208622,45.150311
0.370000,144.000000,47.198448,47.138908
0.370000,146.000000,49.191261,49.130047
0.370000,148.000000,51.186489,51.123203
0.370000,150.000000,53.183601,53.117924
0.370000,152.000000,55.182140,55.113853
0.370000,154.000000,57.181717,57.110725
0.370000,156.000000,59.181992,59.108341
0.370000,158.000000,61.182697,61.106529
0.370000,160.000000,63.183598,63.105145
0.370000,162.000000,65.184502,65.104095
0.370000,164.000000,67.185280,67.103302
0.370000,166.000000,69.185783,69.102699
0.370000,168.000000,71.185921,71.102249
0.370000,170.000000,73.185623,73.101913
0.370000,172.000000,75.184799,75.101654
0.370000,174.000000,77.183418,77.101463
0.370000,176.000000,79.181419,79.101318
0.370000,178.000000,81.178764,81.101212
0.370000,180.000000,83.175446,83.101135
0.370000,182.000000,85.171410,85.101067
0.370000,184.000000,87.166656,87.101013
0.370000,186.000000,89.161156,89.100998
0.370000,188.000000,91.154900,91.100967
0.370000,190.000000,93.147873,93.100952
0.370000,192.000000,95.140060,95.100945
0.370000,194.000000,97.131477,97.100922
0.370000,196.000000,99.122086,99.100922
0.370000,198.000000,101.111900,101.100914
0.370000,200.000000,103.100899,103.100914
0.380000,0.000000,0.000000,0.000000
0.380000,2.000000,-0.007376,0.000000
0.380000,4.000000,-0.013986,0.000000
0.380000,6.000000,-0.019832,0.000000
0.380000,8.000000,-0.024913,0.000000
0.380000,10.000000,-0.029228,0.000000
0.380000,12.000000,-0.032777,0.000000
0.380000,14.000000,-0.035560,0.000000
0.380000,16.000000,-0.037577,0.000000
0.380000,18.000000,-0.038828,0.000000
0.380000,20.000000,-0.039314,0.000000
0.380000,22.000000,-0.039033,0.000000
0.380000,24.000000,-0.037986,0.000000
0.380000,26.000000,-0.036173,0.000000
0.380000,28.000000,-0.033594,0.000000
0.380000,30.000000,-0.030248,0.000000
0.380000,32.000000,-0.026136,0.000000
0.380000,34.000000,-0.021256,0.000000
0.380000,36.000000,-0.015609,0.000000
0.380000,38.000000,-0.009194,0.000000
0.380000,40.000000,-0.002009,0.000000
0.380000,42.000000,0.005946,0.000001
0.380000,44.000000,0.014673,-0.000000
0.380000,46.000000,0.024176,0.000002
0.380000,48.000000,0.034460,0.000009
0.380000,50.000000,0.045531,0.000031
0.380000,52.000000,0.057403,0.000096
0.380000,54.000000,0.070095,0.000276
0.380000,56.000000,0.083638,0.000717
0.380000,58.000000,0.098089,0.001729
0.380000,60.000000,0.113542,0.003875
0.380000,62.000000,0.130163,0.008134
0.380000,64.000000,0.148248,0.016083
0.380000,66.000000,0.168329,0.030127
0.380000,68.000000,0.191367,0.053681
0.380000,70.000000,0.219103,0.091394
0.380000,72.000000,0.254625,0.149233
0.380000,74.000000,0.303188,0.234510
0.380000,76.000000,0.373031,0.355767
0.380000,78.000000,0.475298,0.522525
0.380000,80.000000,0.621989,0.744952
0.380000,82.000000,0.823530,1.033386
0.380000,84.000000,1.091138,1.397861
0.380000,86.000000,1.440383,1.847600
0.380000,88.000000,1.887008,2.390572
0.380000,90.000000,2.438722,3.033122
0.380000,92.000000,3.095997,3.779706
0.380000,94.000000,3.871280,4.632765
0.380000,96.000000,4.774287,5.592726
0.380000,98.000000,5.830899,6.658081
0.380000,100.000000,7.163316,7.825596
0.380000,102.000000,8.688463,9.090570
0.380000,104.000000,10.116887,10.447133
0.380000,106.000000,11.564927,11.888556
0.380000,108.000000,13.103895,13.407572
0.380000,110.000000,14.731318,14.996649
0.380000,112.000000,16.434120,16.648235
0.380000,114.000000,18.193100,18.354994
0.380000,116.000000,19.994579,20.109919
0.380000,118.000000,21.831236,21.906500
0.380000,120.000000,23.697281,23.738749
0.380000,122.000000,25.587553,25.601276
0.380000,124.000000,27.497730,27.489307
0.380000,126.000000,29.424145,29.398613
0.380000,128.000000,31.363655,31.325562
0.380000,130.000000,33.313698,33.267036
0.380000,132.000000,35.272350,35.220379
0.380000,134.000000,37.238232,37.183365
0.380000,136.000000,39.210373,39.154148
0.380000,138.000000,41.188007,41.131161
0.380000,140.000000,43.170464,43.113171
0.380000,142.000000,45.157089,45.099144
0.380000,144.000000,47.147251,47.088245
0.380000,146.000000,49.140335,49.079807
0.380000,148.000000,51.135777,51.073299
0.380000,150.000000,53.133053,53.068295
0.380000,152.000000,55.131721,55.064465
0.380000,154.000000,57.131393,57.061546
0.380000,156.000000,59.131737,59.059303
0.380000,158.000000,61.132492,61.057617
0.380000,160.000000,63.133434,63.056332
0.380000,162.000000,65.134377,65.055359
0.380000,164.000000,67.135178,67.054619
0.380000,166.000000,69.135712,69.054070
0.380000,168.000000,71.135887,71.053650
0.380000,170.000000,73.135612,73.053345
0.380000,172.000000,75.134827,75.053116
0.380000,174.000000,77.133484,77.052948
0.380000,176.000000,79.131538,79.052818
0.380000,178.000000,81.128952,81.052719
0.380000,180.000000,83.125694,83.052635
0.380000,182.000000,85.121735,85.052597
0.380000,184.000000,87.117073,87.052559
0.380000,186.000000,89.111671,89.052536
0.380000,188.000000,91.105530,91.052498
0.380000,190.000000,93.098618,93.052483
0.380000,192.000000,95.090950,95.052475
0.380000,194.000000,97.082504,97.052467
0.380000,196.000000,99.073273,99.052452
0.380000,198.000000,101.063255,101.052444
0.380000,200.000000,103.052444,103.052460
0.390000,0.000000,0.000000,0.000000
0.390000,2.000000,-0.007250,0.000000
0.390000,4.000000,-0.013746,0.000000
0.390000,6.000000,-0.019490,0.000000
0.390000,8.000000,-0.024481,0.000000
0.390000,10.000000,-0.028719,0.000000
0.390000,12.000000,-0.032204,0.000000
0.390000,14.000000,-0.034934,0.000000
0.390000,16.000000,-0.036912,0.000000
0.390000,18.000000,-0.038135,0.000000
0.390000,20.000000,-0.038605,0.000000
0.390000,22.000000,-0.038322,0.000000
0.390000,24.000000,-0.037285,0.000000
0.390000,26.000000,-0.035494,0.000000
0.390000,28.000000,-0.032949,0.000000
0.390000,30.000000,-0.029649,0.000000
0.390000,32.000000,-0.025596,0.000000
0.390000,34.000000,-0.020788,0.000000
0.390000,36.000000,-0.015225,0.000000
0.390000,38.000000,-0.008906,0.000000
0.390000,40.000000,-0.001830,0.000000
0.390000,42.000000,0.006004,-0.000000
0.390000,44.000000,0.014597,-0.000000
0.390000,46.000000,0.023954,0.000003
0.390000,48.000000,0.034077,0.000009
0.390000,50.000000,0.044976,0.000028
0.390000,52.000000,0.056661,0.000082
0.390000,54.000000,0.069150,0.000239
0.390000,56.000000,0.082475,0.000627
0.390000,58.000000,0.096688,0.001534
0.390000,60.000000,0.111879,0.003475
0.390000,62.000000,0.128203,0.007380
0.390000,64.000000,0.145942,0.014736
0.390000,66.000000,0.165596,0.027849
0.390000,68.000000,0.188074,0.050033
0.390000,70.000000,0.215019,0.085816
0.390000,72.000000,0.249351,0.141078
0.390000,74.000000,0.296064,0.223053
0.390000,76.000000,0.363052,0.340255
0.390000,78.000000,0.461159,0.502242
0.390000,80.000000,0.602363,0.719251
0.390000,82.000000,0.797322,1.001764
0.390000,84.000000,1.057277,1.359995
0.390000,86.000000,1.397750,1.803383
0.390000,88.000000,1.834931,2.340115
0.390000,90.000000,2.377587,2.976756
0.390000,92.000000,3.026573,3.717965
0.390000,94.000000,3.794135,4.566328
0.390000,96.000000,4.690878,5.522398
0.390000,98.000000,5.742888,6.584724
0.390000,100.000000,7.071805,7.750092
0.390000,102.000000,8.594487,9.013772
0.390000,104.000000,10.022984,10.369823
0.390000,106.000000,11.473557,11.811446
0.390000,108.000000,13.016544,13.331240
0.390000,110.000000,14.648918,14.921583
0.390000,112.000000,16.356649,16.574800
0.390000,114.000000,18.119997,18.283434
0.390000,116.000000,19.925283,20.040392
0.390000,118.000000,21.765198,21.839062
0.390000,120.000000,23.633966,23.673382
0.390000,122.000000,25.526495,25.537912
0.390000,124.000000,27.438536,27.427843
0.390000,126.000000,29.366489,29.338911
0.390000,128.000000,31.307272,31.267471
0.390000,130.000000,33.258381,33.210392
0.390000,132.000000,35.217930,35.165009
0.390000,134.000000,37.184593,37.129128
0.390000,136.000000,39.157398,39.100876
0.390000,138.000000,41.135605,41.078728
0.390000,140.000000,43.118546,43.061436
0.390000,142.000000,45.105576,45.048012
0.390000,144.000000,47.096069,47.037605
0.390000,146.000000,49.089420,49.029587
0.390000,148.000000,51.085068,51.023415
0.390000,150.000000,53.082508,53.018696
0.390000,152.000000,55.081299,55.015083
0.390000,154.000000,57.081055,57.012337
0.390000,156.000000,59.081474,59.010258
0.390000,158.000000,61.082279,61.008675
0.390000,160.000000,63.083256,63.007484
0.390000,162.000000,65.084236,65.006607
0.390000,164.000000,67.085060,67.005920
0.390000,166.000000,69.085617,69.005424
0.390000,168.000000,71.085815,71.005035
0.390000,170.000000,73.085571,73.004753
0.390000,172.000000,75.084824,75.004547
0.390000,174.000000,77.083527,77.004395
0.390000,176.000000,79.081627,79.004280
0.390000,178.000000,81.079094,81.004189
0.390000,180.000000,83.075905,83.004128
0.390000,182.000000,85.072029,85.004089
0.390000,184.000000,87.067444,87.004044
0.390000,186.000000,89.062149,89.004028
0.390000,188.000000,91.056114,91.004005
0.390000,190.000000,93.049332,93.004005
0.390000,192.000000,95.041801,95.003983
0.390000,194.000000,97.033501,97.003975
0.390000,196.000000,99.024422,99.003975
0.390000,198.000000,101.014580,101.003967
0.390000,200.000000,103.003952,103.003967
0.400000,0.000000,0.000000,0.000000
0.400000,2.000000,-0.007124,0.000000
0.400000,4.000000,-0.013506,0.000000
0.400000,6.000000,-0.019148,0.000000
0.400000,8.000000,-0.024050,0.000000
0.400000,10.000000,-0.028211,0.000000
0.400000,12.000000,-0.031631,0.000000
0.400000,14.000000,-0.034310,0.000000
0.400000,16.000000,-0.036247,0.000000
0.400000,18.000000,-0.037443,0.000000
0.400000,20.000000,-0.037898,0.000000
0.400000,22.000000,-0.037612,0.000000
0.400000,24.000000,-0.036584,0.000000
0.400000,26.000000,-0.034815,0.000000
0.400000,28.000000,-0.032304,0.000000
0.400000,30.000000,-0.029052,0.000000
0.400000,32.000000,-0.025057,0.000000
0.400000,34.000000,-0.020321,0.000000
0.400000,36.000000,-0.014842,0.000000
0.400000,38.000000,-0.008619,0.000000
0.400000,40.000000,-0.001652,0.000000
0.400000,42.000000,0.006060,-0.000000
0.400000,44.000000,0.014520,-0.000001
0.400000,46.000000,0.023729,0.000003
0.400000,48.000000,0.033694,0.000005
0.400000,50.000000,0.044419,0.000022
0.400000,52.000000,0.055917,0.000068
0.400000,54.000000,0.068205,0.000206
0.400000,56.000000,0.081312,0.000549
0.400000,58.000000,0.095287,0.001355
0.400000,60.000000,0.110216,0.003108
0.400000,62.000000,0.126247,0.006672
0.400000,64.000000,0.143644,0.013466
0.400000,66.000000,0.162879,0.025686
0.400000,68.000000,0.184811,0.046536
0.400000,70.000000,0.210989,0.080439
0.400000,72.000000,0.244176,0.133161
0.400000,74.000000,0.289112,0.211866
0.400000,76.000000,0.353352,0.325035
0.400000,78.000000,0.447428,0.482242
0.400000,80.000000,0.583256,0.693819
0.400000,82.000000,0.771708,0.970365
0.400000,84.000000,1.024061,1.322291
0.400000,86.000000,1.355772,1.759244
0.400000,88.000000,1.783435,2.289649
0.400000,90.000000,2.316871,2.920292
0.400000,92.000000,2.957405,3.656021
0.400000,94.000000,3.717062,4.499614
0.400000,96.000000,4.607314,5.451719
0.400000,98.000000,5.654475,6.510972
0.400000,100.000000,6.979739,7.674166
0.400000,102.000000,8.500133,8.936543
0.400000,104.000000,9.929012,10.292105
0.400000,106.000000,11.382318,11.733952
0.400000,108.000000,12.929446,13.254580
0.400000,110.000000,14.566815,14.846240
0.400000,112.000000,16.279469,16.501137
0.400000,114.000000,18.047159,18.211708
0.400000,116.000000,19.856226,19.970736
0.400000,118.000000,21.699369,21.771540
0.400000,120.000000,23.570833,23.607975
0.400000,122.000000,25.465595,25.474571
0.400000,124.000000,27.379480,27.366411
0.400000,126.000000,29.308954,29.279268
0.400000,128.000000,31.250996,31.209450
0.400000,130.000000,33.203156,33.153831
0.400000,132.000000,35.163601,35.109741
0.400000,134.000000,37.131023,37.074978
0.400000,136.000000,39.104492,39.047684
0.400000,138.000000,41.083263,41.026371
0.400000,140.000000,43.066681,43.009789
0.400000,142.000000,45.054108,44.996948
0.400000,144.000000,47.044926,46.987030
0.400000,146.000000,49.038532,48.979416
0.400000,148.000000,51.034386,50.973583
0.400000,150.000000,53.031982,52.969131
0.400000,152.000000,55.030888,54.965752
0.400000,154.000000,57.030739,56.963177
0.400000,156.000000,59.031216,58.961235
0.400000,158.000000,61.032070,60.959785
0.400000,160.000000,63.033081,62.958672
0.400000,162.000000,65.034081,64.957848
0.400000,164.000000,67.034935,66.957230
0.400000,166.000000,69.035515,68.956764
0.400000,168.000000,71.035744,70.956421
0.400000,170.000000,73.035522,72.956169
0.400000,172.000000,75.034813,74.955978
0.400000,174.000000,77.033562,76.955833
0.400000,176.000000,79.031708,78.955742
0.400000,178.000000,81.029243,80.955658
0.400000,180.000000,83.026115,82.955612
0.400000,182.000000,85.022316,84.955559
0.400000,184.000000,87.017822,86.955536
0.400000,186.000000,89.012627,88.955513
0.400000,188.000000,91.006699,90.955505
0.400000,190.000000,93.000038,92.955482
0.400000,192.000000,94.992638,94.955475
0.400000,194.000000,96.984489,96.955460
0.400000,196.000000,98.975571,98.955460
0.400000,198.000000,100.965897,100.955460
0.400000,200.000000,102.955452,102.955452
0.410000,0.000000,0.000000,0.000000
0.410000,2.000000,-0.006998,0.000000
0.410000,4.000000,-0.013267,0.000000
0.410000,6.000000,-0.018808,0.000000
0.410000,8.000000,-0.023621,0.000000
0.410000,10.000000,-0.027705,0.000000
0.410000,12.000000,-0.031061,0.000000
0.410000,14.000000,-0.033688,0.000000
0.410000,16.000000,-0.035585,0.000000
0.410000,18.000000,-0.036755,0.000000
0.410000,20.000000,-0.037195,0.000000
0.410000,22.000000,-0.036906,0.000000
0.410000,24.000000,-0.035888,0.000000
0.410000,26.000000,-0.034141,0.000000
0.410000,28.000000,-0.031665,0.000000
0.410000,30.000000,-0.028460,0.000000
0.410000,32.000000,-0.024525,0.000000
0.410000,34.000000,-0.019860,0.000000
0.410000,36.000000,-0.014465,0.000000
0.410000,38.000000,-0.008339,0.000000
0.410000,40.000000,-0.001482,0.000000
0.410000,42.000000,0.006109,-0.000002
0.410000,44.000000,0.014434,-0.000001
0.410000,46.000000,0.023497,0.000002
0.410000,48.000000,0.033301,0.000005
0.410000,50.000000,0.043853,0.000019
0.410000,52.000000,0.055164,0.000059
0.410000,54.000000,0.067250,0.000175
0.410000,56.000000,0.080139,0.000473
0.410000,58.000000,0.093877,0.001191
0.410000,60.000000,0.108546,0.002771
0.410000,62.000000,0.124285,0.006015
0.410000,64.000000,0.141343,0.012270
0.410000,66.000000,0.160167,0.023632
0.410000,68.000000,0.181565,0.043197
0.410000,70.000000,0.207001,0.075257
0.410000,72.000000,0.239084,0.125480
0.410000,74.000000,0.282314,0.200949
0.410000,76.000000,0.343910,0.310107
0.410000,78.000000,0.434080,0.462543
0.410000,80.000000,0.564651,0.668657
0.410000,82.000000,0.746674,0.939199
0.410000,84.000000,0.991479,1.284750
0.410000,86.000000,1.314444,1.715189
0.410000,88.000000,1.732523,2.239165
0.410000,90.000000,2.256579,2.863697
0.410000,92.000000,2.888495,3.593863
0.410000,94.000000,3.640064,4.432594
0.410000,96.000000,4.523585,5.380674
0.410000,98.000000,5.565650,6.436796
0.410000,100.000000,6.887104,7.597794
0.410000,102.000000,8.405382,8.858860
0.410000,104.000000,9.834963,10.213953
0.410000,106.000000,11.291201,11.656052
0.410000,108.000000,12.842579,13.177560
0.410000,110.000000,14.484991,14.770578
0.410000,112.000000,16.202557,16.427214
0.410000,114.000000,17.974566,18.139771
0.410000,116.000000,19.787386,19.900930
0.410000,118.000000,21.633724,21.703905
0.410000,120.000000,23.507860,23.542519
0.410000,122.000000,25.404831,25.411188
0.410000,124.000000,27.320539,27.305012
0.410000,126.000000,29.251518,29.219673
0.410000,128.000000,31.194805,31.151489
0.410000,130.000000,33.148006,33.097332
0.410000,132.000000,35.109337,35.054535
0.410000,134.000000,37.077515,37.020882
0.410000,136.000000,39.051632,38.994560
0.410000,138.000000,41.030964,40.974072
0.410000,140.000000,43.014847,42.958172
0.410000,142.000000,45.002663,44.945919
0.410000,144.000000,46.993797,46.936493
0.410000,146.000000,48.987659,48.929272
0.410000,148.000000,50.983707,50.923763
0.410000,150.000000,52.981449,52.919579
0.410000,152.000000,54.980473,54.916405
0.410000,154.000000,56.980404,56.914009
0.410000,156.000000,58.980942,58.912205
0.410000,158.000000,60.981842,60.910843
0.410000,160.000000,62.982887,62.909832
0.410000,162.000000,64.983917,64.909081
0.410000,164.000000,66.984787,66.908508
0.410000,166.000000,68.985390,68.908096
0.410000,168.000000,70.985649,70.907791
0.410000,170.000000,72.985458,72.907547
0.410000,172.000000,74.984779,74.907379
0.410000,174.000000,76.983559,76.907257
0.410000,176.000000,78.981758,78.907166
0.410000,178.000000,80.979347,80.907089
0.410000,180.000000,82.976288,82.907051
0.410000,182.000000,84.972572,84.907013
0.410000,184.000000,86.968170,86.906982
0.410000,186.000000,88.963066,88.906960
0.410000,188.000000,90.957245,90.906952
0.410000,190.000000,92.950706,92.906944
0.410000,192.000000,94.943443,94.906937
0.410000,194.000000,96.935440,96.906937
0.410000,196.000000,98.926682,98.906921
0.410000,198.000000,100.917175,100.906921
0.410000,200.000000,102.906914,102.906929
0.420000,0.000000,0.000000,0.000000
0.420000,2.000000,-0.006872,0.000000
0.420000,4.000000,-0.013028,0.000000
0.420000,6.000000,-0.018468,0.000000
0.420000,8.000000,-0.023192,0.000000
0.420000,10.000000,-0.027200,0.000000
0.420000,12.000000,-0.030492,0.000000
0.420000,14.000000,-0.033067,0.000000
0.420000,16.000000,-0.034926,0.000000
0.420000,18.000000,-0.036068,0.000000
0.420000,20.000000,-0.036494,0.000000
0.420000,22.000000,-0.036203,0.000000
0.420000,24.000000,-0.035195,0.000000
0.420000,26.000000,-0.033471,0.000000
0.420000,28.000000,-0.031030,0.000000
0.420000,30.000000,-0.027872,0.000000
0.420000,32.000000,-0.023996,0.000000
0.420000,34.000000,-0.019404,0.000000
0.420000,36.000000,-0.014093,0.000000
0.420000,38.000000,-0.008064,0.000000
0.420000,40.000000,-0.001316,0.000000
0.420000,42.000000,0.006153,0.000001
0.420000,44.000000,0.014343,0.000001
0.420000,46.000000,0.023259,0.000003
0.420000,48.000000,0.032903,0.000003
0.420000,50.000000,0.043282,0.000016
0.420000,52.000000,0.054405,0.000049
0.420000,54.000000,0.066289,0.000148
0.420000,56.000000,0.078960,0.000410
0.420000,58.000000,0.092462,0.001044
0.420000,60.000000,0.106872,0.002461
0.420000,62.000000,0.122321,0.005408
0.420000,64.000000,0.139045,0.011148
0.420000,66.000000,0.157464,0.021689
0.420000,68.000000,0.178342,0.040003
0.420000,70.000000,0.203058,0.070272
0.420000,72.000000,0.234077,0.118043
0.420000,74.000000,0.275666,0.190314
0.420000,76.000000,0.334719,0.295482
0.420000,78.000000,0.421113,0.443146
0.420000,80.000000,0.546546,0.643782
0.420000,82.000000,0.722225,0.908269
0.420000,84.000000,0.959540,1.247381
0.420000,86.000000,1.273782,1.671214
0.420000,88.000000,1.682220,2.188665
0.420000,90.000000,2.196737,2.806997
0.420000,92.000000,2.819865,3.531496
0.420000,94.000000,3.563160,4.365279
0.420000,96.000000,4.439711,5.309258
0.420000,98.000000,5.476424,6.362210
0.420000,100.000000,6.793908,7.520964
0.420000,102.000000,8.310250,8.780732
0.420000,104.000000,9.740841,10.135357
0.420000,106.000000,11.200211,11.577744
0.420000,108.000000,12.755951,13.100172
0.420000,110.000000,14.403446,14.694615
0.420000,112.000000,16.125914,16.353050
0.420000,114.000000,17.902222,18.067654
0.420000,116.000000,19.718765,19.831005
0.420000,118.000000,21.568275,21.636219
0.420000,120.000000,23.445053,23.477036
0.420000,122.000000,25.344210,25.347824
0.420000,124.000000,27.261724,27.243622
0.420000,126.000000,29.194189,29.160114
0.420000,128.000000,31.138710,31.093597
0.420000,130.000000,33.092941,33.040905
0.420000,132.000000,35.055141,34.999397
0.420000,134.000000,37.024071,36.966877
0.420000,136.000000,38.998829,38.941525
0.420000,138.000000,40.978706,40.921837
0.420000,140.000000,42.963055,42.906643
0.420000,142.000000,44.951252,44.894951
0.420000,144.000000,46.942696,46.886002
0.420000,146.000000,48.936802,48.879169
0.420000,148.000000,50.933041,50.873978
0.420000,150.000000,52.930931,52.870049
0.420000,152.000000,54.930061,54.867081
0.420000,154.000000,56.930069,56.864849
0.420000,156.000000,58.930668,58.863178
0.420000,158.000000,60.931606,60.861916
0.420000,160.000000,62.932686,62.860985
0.420000,162.000000,64.933739,64.860298
0.420000,164.000000,66.934631,66.859779
0.420000,166.000000,68.935257,68.859406
0.420000,168.000000,70.935532,70.859123
0.420000,170.000000,72.935379,72.858910
0.420000,172.000000,74.934731,74.858765
0.420000,174.000000,76.933556,76.858658
0.420000,176.000000,78.931793,78.858566
0.420000,178.000000,80.929436,80.858513
0.420000,180.000000,82.926445,82.858475
0.420000,182.000000,84.922806,84.858437
0.420000,184.000000,86.918488,86.858414
0.420000,186.000000,88.913483,88.858398
0.420000,188.000000,90.907776,90.858391
0.420000,190.000000,92.901360,92.858383
0.420000,192.000000,94.894226,94.858368
0.420000,194.000000,96.886368,96.858368
0.420000,196.000000,98.877769,98.858353
0.420000,198.000000,100.868439,100.858360
0.420000,200.000000,102.858353,102.858360
0.430000,0.000000,0.000000,0.000000
0.430000,2.000000,-0.006747,0.000000
0.430000,4.000000,-0.012789,0.000000
0.430000,6.000000,-0.018129,0.000000
0.430000,8.000000,-0.022764,0.000000
0.430000,10.000000,-0.026696,0.000000
0.430000,12.000000,-0.029924,0.000000
0.430000,14.000000,-0.032448,0.000000
0.430000,16.000000,-0.034268,0.000000
0.430000,18.000000,-0.035383,0.000000
0.430000,20.000000,-0.035795,0.000000
0.430000,22.000000,-0.035502,0.000000
0.430000,24.000000,-0.034505,0.000000
0.430000,26.000000,-0.032803,0.000000
0.430000,28.000000,-0.030397,0.000000
0.430000,30.000000,-0.027287,0.000000
0.430000,32.000000,-0.023471,0.000000
0.430000,34.000000,-0.018951,0.000000
0.430000,36.000000,-0.013725,0.000000
0.430000,38.000000,-0.007793,0.000000
0.430000,40.000000,-0.001155,0.000000
0.430000,42.000000,0.006192,0.000001
0.430000,44.000000,0.014248,-0.000001
0.430000,46.000000,0.023016,0.000002
0.430000,48.000000,0.032500,0.000002
0.430000,50.000000,0.042705,0.000011
0.430000,52.000000,0.053641,0.000042
0.430000,54.000000,0.065323,0.000125
0.430000,56.000000,0.077777,0.000352
0.430000,58.000000,0.091043,0.000913
0.430000,60.000000,0.105194,0.002176
0.430000,62.000000,0.120356,0.004844
0.430000,64.000000,0.136748,0.010099
0.430000,66.000000,0.154770,0.019854
0.430000,68.000000,0.175139,0.036963
0.430000,70.000000,0.199156,0.065481
0.430000,72.000000,0.229151,0.110844
0.430000,74.000000,0.269163,0.179957
0.430000,76.000000,0.325770,0.281162
0.430000,78.000000,0.408514,0.424063
0.430000,80.000000,0.528932,0.619202
0.430000,82.000000,0.698357,0.877592
0.430000,84.000000,0.928246,1.210198
0.430000,86.000000,1.233795,1.627333
0.430000,88.000000,1.632544,2.138159
0.430000,90.000000,2.137367,2.750180
0.430000,92.000000,2.751534,3.468910
0.430000,94.000000,3.486364,4.297656
0.430000,96.000000,4.355698,5.237460
0.430000,98.000000,5.386803,6.287182
0.430000,100.000000,6.700153,7.443682
0.430000,102.000000,8.214735,8.702127
0.430000,104.000000,9.646648,10.056319
0.430000,106.000000,11.109344,11.499034
0.430000,108.000000,12.669560,13.022420
0.430000,110.000000,14.322180,14.618345
0.430000,112.000000,16.049538,16.278629
0.430000,114.000000,17.830120,17.995335
0.430000,116.000000,19.650364,19.760937
0.430000,118.000000,21.503014,21.568445
0.430000,120.000000,23.382410,23.411516
0.430000,122.000000,25.283730,25.284460
0.430000,124.000000,27.203030,27.182289
0.430000,126.000000,29.136969,29.100622
0.430000,128.000000,31.082706,31.035774
0.430000,130.000000,33.037956,32.984562
0.430000,132.000000,35.001019,34.944347
0.430000,134.000000,36.970688,36.912952
0.430000,136.000000,38.946083,38.888557
0.430000,138.000000,40.926498,40.869678
0.430000,140.000000,42.911301,42.855160
0.430000,142.000000,44.899872,44.844048
0.430000,144.000000,46.891617,46.835545
0.430000,146.000000,48.885967,48.829105
0.430000,148.000000,50.882385,50.824219
0.430000,150.000000,52.880421,52.820541
0.430000,152.000000,54.879654,54.817768
0.430000,154.000000,56.879738,56.815704
0.430000,156.000000,58.880390,58.814156
0.430000,158.000000,60.881371,60.813000
0.430000,160.000000,62.882473,62.812149
0.430000,162.000000,64.883545,64.811516
0.430000,164.000000,66.884460,66.811043
0.430000,166.000000,68.885109,68.810699
0.430000,168.000000,70.885406,70.810455
0.430000,170.000000,72.885277,72.810272
0.430000,172.000000,74.884659,74.810120
0.430000,174.000000,76.883514,76.810020
0.430000,176.000000,78.881813,78.809944
0.430000,178.000000,80.879509,80.809906
0.430000,180.000000,82.876587,82.809868
0.430000,182.000000,84.873024,84.809837
0.430000,184.000000,86.868782,86.809814
0.430000,186.000000,88.863876,88.809807
0.430000,188.000000,90.858284,90.809792
0.430000,190.000000,92.851990,92.809784
0.430000,192.000000,94.844994,94.809784
0.430000,194.000000,96.837273,96.809776
0.430000,196.000000,98.828827,98.809769
0.430000,198.000000,100.819664,100.809776
0.430000,200.000000,102.809769,102.809776
0.440000,0.000000,0.000000,0.000000
0.440000,2.000000,-0.006622,0.000000
0.440000,4.000000,-0.012551,0.000000
0.440000,6.000000,-0.017790,0.000000
0.440000,8.000000,-0.022338,0.000000
0.440000,10.000000,-0.026194,0.000000
0.440000,12.000000,-0.029358,0.000000
0.440000,14.000000,-0.031831,0.000000
0.440000,16.000000,-0.033612,0.000000
0.440000,18.000000,-0.034701,0.000000
0.440000,20.000000,-0.035098,0.000000
0.440000,22.000000,-0.034803,0.000000
0.440000,24.000000,-0.033817,0.000000
0.440000,26.000000,-0.032139,0.000000
0.440000,28.000000,-0.029768,0.000000
0.440000,30.000000,-0.026705,0.000000
0.440000,32.000000,-0.022950,0.000000
0.440000,34.000000,-0.018502,0.000000
0.440000,36.000000,-0.013361,0.000000
0.440000,38.000000,-0.007527,0.000000
0.440000,40.000000,-0.000998,0.000000
0.440000,42.000000,0.006226,0.000001
0.440000,44.000000,0.014148,0.000001
0.440000,46.000000,0.022768,0.000002
0.440000,48.000000,0.032091,0.000002
0.440000,50.000000,0.042122,0.000010
0.440000,52.000000,0.052872,0.000033
0.440000,54.000000,0.064352,0.000105
0.440000,56.000000,0.076588,0.000302
0.440000,58.000000,0.089619,0.000790
0.440000,60.000000,0.103513,0.001918
0.440000,62.000000,0.118388,0.004323
0.440000,64.000000,0.134453,0.009122
0.440000,66.000000,0.152083,0.018123
0.440000,68.000000,0.171954,0.034068
0.440000,70.000000,0.195294,0.060888
0.440000,72.000000,0.224300,0.103890
0.440000,74.000000,0.262798,0.169883
0.440000,76.000000,0.317054,0.267153
0.440000,78.000000,0.396271,0.405297
0.440000,80.000000,0.511802,0.594924
0.440000,82.000000,0.675067,0.847175
0.440000,84.000000,0.897598,1.173200
0.440000,86.000000,1.194489,1.583558
0.440000,88.000000,1.583510,2.087653
0.440000,90.000000,2.078490,2.693259
0.440000,92.000000,2.683515,3.406107
0.440000,94.000000,3.409693,4.229715
0.440000,96.000000,4.271564,5.165272
0.440000,98.000000,5.296793,6.211711
0.440000,100.000000,6.605845,7.365933
0.440000,102.000000,8.118835,8.623056
0.440000,104.000000,9.552383,9.976818
0.440000,106.000000,11.018605,11.419887
0.440000,108.000000,12.583406,12.944296
0.440000,110.000000,14.241187,14.541767
0.440000,112.000000,15.973427,16.203964
0.440000,114.000000,17.758259,17.922842
0.440000,116.000000,19.582176,19.690758
0.440000,118.000000,21.437941,21.500603
0.440000,120.000000,23.319925,23.345970
0.440000,122.000000,25.223391,25.221107
0.440000,124.000000,27.144455,27.120979
0.440000,126.000000,29.079851,29.041203
0.440000,128.000000,31.026793,30.978027
0.440000,130.000000,32.983055,32.928314
0.440000,132.000000,34.946976,34.889404
0.440000,134.000000,36.917370,36.859116
0.440000,136.000000,38.893391,38.835667
0.440000,138.000000,40.874336,40.817616
0.440000,140.000000,42.859585,42.803757
0.440000,142.000000,44.848526,44.793194
0.440000,144.000000,46.840565,46.785164
0.440000,146.000000,48.835144,48.779083
0.440000,148.000000,50.831745,50.774498
0.440000,150.000000,52.829910,52.771057
0.440000,152.000000,54.829247,54.768478
0.440000,154.000000,56.829407,56.766563
0.440000,156.000000,58.830109,58.765144
0.440000,158.000000,60.831123,60.764076
0.440000,160.000000,62.832256,62.763302
0.440000,162.000000,64.833351,64.762726
0.440000,164.000000,66.834282,66.762299
0.440000,166.000000,68.834946,68.761986
0.440000,168.000000,70.835258,70.761757
0.440000,170.000000,72.835152,72.761597
0.440000,172.000000,74.834572,74.761490
0.440000,174.000000,76.833473,76.761383
0.440000,176.000000,78.831818,78.761322
0.440000,178.000000,80.829567,80.761276
0.440000,180.000000,82.826706,82.761246
0.440000,182.000000,84.823212,84.761223
0.440000,184.000000,86.819069,86.761208
0.440000,186.000000,88.814255,88.761185
0.440000,188.000000,90.808769,90.761192
0.440000,190.000000,92.802597,92.761169
0.440000,192.000000,94.795731,94.761177
0.440000,194.000000,96.788155,96.761169
0.440000,196.000000,98.779877,98.761169
0.440000,198.000000,100.770874,100.761154
0.440000,200.000000,102.761162,102.761169
0.450000,0.000000,0.000000,0.000000
0.450000,2.000000,-0.006497,0.000000
0.450000,4.000000,-0.012314,0.000000
0.450000,6.000000,-0.017452,0.000000
0.450000,8.000000,-0.021912,0.000000
0.450000,10.000000,-0.025692,0.000000
0.450000,12.000000,-0.028793,0.000000
0.450000,14.000000,-0.031215,0.000000
0.450000,16.000000,-0.032957,0.000000
0.450000,18.000000,-0.034020,0.000000
0.450000,20.000000,-0.034404,0.000000
0.450000,22.000000,-0.034108,0.000000
0.450000,24.000000,-0.033132,0.000000
0.450000,26.000000,-0.031477,0.000000
0.450000,28.000000,-0.029142,0.000000
0.450000,30.000000,-0.026127,0.000000
0.450000,32.000000,-0.022432,0.000000
0.450000,34.000000,-0.018057,0.000000
0.450000,36.000000,-0.013001,0.000000
0.450000,38.000000,-0.007264,0.000000
0.450000,40.000000,-0.000846,0.000000
0.450000,42.000000,0.006256,0.000000
0.450000,44.000000,0.014042,-0.000000
0.450000,46.000000,0.022514,0.000001
0.450000,48.000000,0.031677,0.000002
0.450000,50.000000,0.041535,0.000008
0.450000,52.000000,0.052096,0.000027
0.450000,54.000000,0.063375,0.000088
0.450000,56.000000,0.075394,0.000257
0.450000,58.000000,0.088190,0.000683
0.450000,60.000000,0.101827,0.001685
0.450000,62.000000,0.116418,0.003844
0.450000,64.000000,0.132159,0.008213
0.450000,66.000000,0.149403,0.016494
0.450000,68.000000,0.168788,0.031320
0.450000,70.000000,0.191469,0.056488
0.450000,72.000000,0.219521,0.097181
0.450000,74.000000,0.256563,0.160098
0.450000,76.000000,0.308561,0.253459
0.450000,78.000000,0.384375,0.386855
0.450000,80.000000,0.495145,0.570956
0.450000,82.000000,0.652352,0.817031
0.450000,84.000000,0.867598,1.136406
0.450000,86.000000,1.155872,1.539892
0.450000,88.000000,1.535134,2.037149
0.450000,90.000000,2.020125,2.636216
0.450000,92.000000,2.615830,3.343085
0.450000,94.000000,3.333158,4.161461
0.450000,96.000000,4.187316,5.092688
0.450000,98.000000,5.206398,6.135791
0.450000,100.000000,6.510981,7.287692
0.450000,102.000000,8.022555,8.543496
0.450000,104.000000,9.458048,9.896843
0.450000,106.000000,10.927992,11.340310
0.450000,108.000000,12.497486,12.865800
0.450000,110.000000,14.160465,14.464859
0.450000,112.000000,15.897574,16.129047
0.450000,114.000000,17.686636,17.850163
0.450000,116.000000,19.514200,19.620438
0.450000,118.000000,21.373049,21.432692
0.450000,120.000000,23.257603,23.280413
0.450000,122.000000,25.163185,25.157782
0.450000,124.000000,27.085999,27.059734
0.450000,126.000000,29.022833,28.981842
0.450000,128.000000,30.970972,30.920364
0.450000,130.000000,32.928230,32.872147
0.450000,132.000000,34.892994,34.834538
0.450000,134.000000,36.864117,36.805374
0.450000,136.000000,38.840752,38.782879
0.450000,138.000000,40.822224,40.765614
0.450000,140.000000,42.807911,42.752426
0.450000,142.000000,44.797207,44.742397
0.450000,144.000000,46.789536,46.734818
0.450000,146.000000,48.784340,48.729092
0.450000,148.000000,50.781120,50.724808
0.450000,150.000000,52.779419,52.721592
0.450000,152.000000,54.778843,54.719219
0.450000,154.000000,56.779072,56.717434
0.450000,156.000000,58.779823,58.716122
0.450000,158.000000,60.780869,60.715153
0.450000,160.000000,62.782028,62.714451
0.450000,162.000000,64.783142,64.713913
0.450000,164.000000,66.784088,66.713539
0.450000,166.000000,68.784775,68.713257
0.450000,168.000000,70.785103,70.713058
0.450000,170.000000,72.785019,72.712914
0.450000,172.000000,74.784477,74.712791
0.450000,174.000000,76.783409,76.712723
0.450000,176.000000,78.781799,78.712677
0.450000,178.000000,80.779602,80.712639
0.450000,180.000000,82.776802,82.712616
0.450000,182.000000,84.773392,84.712570
0.450000,184.000000,86.769333,86.712570
0.450000,186.000000,88.764610,88.712555
0.450000,188.000000,90.759239,90.712555
0.450000,190.000000,92.753181,92.712547
0.450000,192.000000,94.746452,94.712540
0.450000,194.000000,96.739021,96.712540
0.450000,196.000000,98.730888,98.712532
0.450000,198.000000,100.722069,100.712532
0.450000,200.000000,102.712532,102.712532
0.460000,0.000000,0.000000,0.000000
0.460000,2.000000,-0.006372,0.000000
0.460000,4.000000,-0.012077,0.000000
0.460000,6.000000,-0.017115,0.000000
0.460000,8.000000,-0.021487,0.000000
0.460000,10.000000,-0.025192,0.000000
0.460000,12.000000,-0.028230,0.000000
0.460000,14.000000,-0.030602,0.000000
0.460000,16.000000,-0.032306,0.000000
0.460000,18.000000,-0.033343,0.000000
0.460000,20.000000,-0.033712,0.000000
0.460000,22.000000,-0.033415,0.000000
0.460000,24.000000,-0.032451,0.000000
0.460000,26.000000,-0.030819,0.000000
0.460000,28.000000,-0.028520,0.000000
0.460000,30.000000,-0.025553,0.000000
0.460000,32.000000,-0.021919,0.000000
0.460000,34.000000,-0.017617,0.000000
0.460000,36.000000,-0.012647,0.000000
0.460000,38.000000,-0.007008,0.000000
0.460000,40.000000,-0.000699,0.000000
0.460000,42.000000,0.006280,0.000000
0.460000,44.000000,0.013930,-0.000000
0.460000,46.000000,0.022254,-0.000001
0.460000,48.000000,0.031256,0.000002
0.460000,50.000000,0.040940,0.000005
0.460000,52.000000,0.051314,0.000021
0.460000,54.000000,0.062391,0.000072
0.460000,56.000000,0.074192,0.000218
0.460000,58.000000,0.086754,0.000589
0.460000,60.000000,0.100136,0.001468
0.460000,62.000000,0.114443,0.003405
0.460000,64.000000,0.129863,0.007366
0.460000,66.000000,0.146726,0.014965
0.460000,68.000000,0.165635,0.028716
0.460000,70.000000,0.187677,0.052280
0.460000,72.000000,0.214807,0.090713
0.460000,74.000000,0.250450,0.150601
0.460000,76.000000,0.300278,0.240088
0.460000,78.000000,0.372809,0.368757
0.460000,80.000000,0.478949,0.547312
0.460000,82.000000,0.630203,0.787160
0.460000,84.000000,0.838241,1.099823
0.460000,86.000000,1.117946,1.496342
0.460000,88.000000,1.487428,1.986652
0.460000,90.000000,1.962292,2.579070
0.460000,92.000000,2.548493,3.279836
0.460000,94.000000,3.256774,4.092881
0.460000,96.000000,4.102963,5.019689
0.460000,98.000000,5.115624,6.059393
0.460000,100.000000,6.415563,7.208951
0.460000,102.000000,7.925890,8.463422
0.460000,104.000000,9.363636,9.816380
0.460000,106.000000,10.837494,11.260292
0.460000,108.000000,12.411793,12.786901
0.460000,110.000000,14.080005,14.387627
0.460000,112.000000,15.821972,16.053873
0.460000,114.000000,17.615240,17.777298
0.460000,116.000000,19.446423,19.550003
0.460000,118.000000,21.308334,21.364717
0.460000,120.000000,23.195427,23.214830
0.460000,122.000000,25.103109,25.094475
0.460000,124.000000,27.027653,26.998531
0.460000,126.000000,28.965916,28.922556
0.460000,128.000000,30.915232,30.862793
0.460000,130.000000,32.873478,32.816071
0.460000,132.000000,34.839077,34.779770
0.460000,134.000000,36.810913,36.751713
0.460000,136.000000,38.788158,38.730152
0.460000,138.000000,40.770145,40.713676
0.460000,140.000000,42.756264,42.701145
0.460000,142.000000,44.745914,44.691658
0.460000,144.000000,46.738522,46.684502
0.460000,146.000000,48.733547,48.679150
0.460000,148.000000,50.730495,50.675140
0.460000,150.000000,52.728916,52.672146
0.460000,152.000000,54.728439,54.669937
0.460000,154.000000,56.728733,56.668304
0.460000,156.000000,58.729530,58.667103
0.460000,158.000000,60.730606,60.666222
0.460000,160.000000,62.731785,62.665569
0.460000,162.000000,64.732918,64.665100
0.460000,164.000000,66.733879,66.664757
0.460000,166.000000,68.734581,68.664513
0.460000,168.000000,70.734932,70.664337
0.460000,170.000000,72.734871,72.664192
0.460000,172.000000,74.734352,74.664108
0.460000,174.000000,76.733315,76.664040
0.460000,176.000000,78.731750,78.663994
0.460000,178.000000,80.729614,80.663963
0.460000,180.000000,82.726883,82.663925
0.460000,182.000000,84.723541,84.663925
0.460000,184.000000,86.719559,86.663910
0.460000,186.000000,88.714951,88.663902
0.460000,188.000000,90.709671,90.663887
0.460000,190.000000,92.703743,92.663879
0.460000,192.000000,94.697136,94.663887
0.460000,194.000000,96.689850,96.663872
0.460000,196.000000,98.681885,98.663872
0.460000,198.000000,100.673218,100.663872
0.460000,200.000000,102.663872,102.663872
0.470000,0.000000,0.000000,0.000000
0.470000,2.000000,-0.006248,0.000000
0.470000,4.000000,-0.011840,0.000000
0.470000,6.000000,-0.016779,0.000000
0.470000,8.000000,-0.021063,0.000000
0.470000,10.000000,-0.024693,0.000000
0.470000,12.000000,-0.027668,0.000000
0.470000,14.000000,-0.029989,0.000000
0.470000,16.000000,-0.031655,0.000000
0.470000,18.000000,-0.032666,0.000000
0.470000,20.000000,-0.033023,0.000000
0.470000,22.000000,-0.032724,0.000000
0.470000,24.000000,-0.031771,0.000000
0.470000,26.000000,-0.030163,0.000000
0.470000,28.000000,-0.027900,0.000000
0.470000,30.000000,-0.024982,0.000000
0.470000,32.000000,-0.021409,0.000000
0.470000,34.000000,-0.017180,0.000000
0.470000,36.000000,-0.012295,0.000000
0.470000,38.000000,-0.006754,0.000000
0.470000,40.000000,-0.000556,0.000000
0.470000,42.000000,0.006300,0.000000
0.470000,44.000000,0.013815,-0.000002
0.470000,46.000000,0.021991,-0.000000
0.470000,48.000000,0.030832,0.000001
0.470000,50.000000,0.040341,0.000006
0.470000,52.000000,0.050528,0.000019
0.470000,54.000000,0.061403,0.000060
0.470000,56.000000,0.072988,0.000182
0.470000,58.000000,0.085315,0.000505
0.470000,60.000000,0.098442,0.001279
0.470000,62.000000,0.112468,0.003006
0.470000,64.000000,0.127569,0.006585
0.470000,66.000000,0.144058,0.013536
0.470000,68.000000,0.162500,0.026253
0.470000,70.000000,0.183920,0.048266
0.470000,72.000000,0.210160,0.084493
0.470000,74.000000,0.244457,0.141396
0.470000,76.000000,0.292202,0.227043
0.470000,78.000000,0.361569,0.350992
0.470000,80.000000,0.463211,0.524000
0.470000,82.000000,0.608621,0.757583
0.470000,84.000000,0.809533,1.063459
0.470000,86.000000,1.080724,1.452914
0.470000,88.000000,1.440413,1.936171
0.470000,90.000000,1.905019,2.521813
0.470000,92.000000,2.481529,3.216365
0.470000,94.000000,3.180564,4.023963
0.470000,96.000000,4.018526,4.946280
0.470000,98.000000,5.024486,5.982527
0.470000,100.000000,6.319599,7.129698
0.470000,102.000000,7.828849,8.382845
0.470000,104.000000,9.269156,9.735440
0.470000,106.000000,10.747126,11.179822
0.470000,108.000000,12.326330,12.707621
0.470000,110.000000,13.999811,14.310066
0.470000,112.000000,15.746624,15.978445
0.470000,114.000000,17.544077,17.704247
0.470000,116.000000,19.378855,19.479450
0.470000,118.000000,21.243797,21.296671
0.470000,120.000000,23.133410,23.149227
0.470000,122.000000,25.043171,25.031206
0.470000,124.000000,26.969425,26.937389
0.470000,126.000000,28.909098,28.863359
0.470000,128.000000,30.859583,30.805313
0.470000,130.000000,32.818806,32.760101
0.470000,132.000000,34.785233,34.725101
0.470000,134.000000,36.757774,36.698158
0.470000,136.000000,38.735622,38.677536
0.470000,138.000000,40.718121,40.661850
0.470000,140.000000,42.704659,42.649952
0.470000,142.000000,44.694653,44.640991
0.470000,144.000000,46.687538,46.634270
0.470000,146.000000,48.682777,48.629230
0.470000,148.000000,50.679890,50.625504
0.470000,150.000000,52.678432,52.622734
0.470000,152.000000,54.678040,54.620701
0.470000,154.000000,56.678398,56.619194
0.470000,156.000000,58.679234,58.618099
0.470000,158.000000,60.680344,60.617290
0.470000,160.000000,62.681541,62.616711
0.470000,162.000000,64.682693,64.616280
0.470000,164.000000,66.683670,66.615967
0.470000,166.000000,68.684380,68.615768
0.470000,168.000000,70.684738,70.615593
0.470000,170.000000,72.684708,72.615471
0.470000,172.000000,74.684212,74.615395
0.470000,174.000000,76.683220,76.615334
0.470000,176.000000,78.681702,78.615303
0.470000,178.000000,80.679611,80.615265
0.470000,180.000000,82.676941,82.615257
0.470000,182.000000,84.673676,84.615219
0.470000,184.000000,86.669785,86.615227
0.470000,186.000000,88.665260,88.615219
0.470000,188.000000,90.660095,90.615211
0.470000,190.000000,92.654282,92.615204
0.470000,192.000000,94.647812,94.615211
0.470000,194.000000,96.640671,96.615196
0.470000,196.000000,98.632851,98.615196
0.470000,198.000000,100.624367,100.615211
0.470000,200.000000,102.615196,102.615211
0.480000,0.000000,0.000000,0.000000
0.480000,2.000000,-0.006123,0.000000
0.480000,4.000000,-0.011604,0.000000
0.480000,6.000000,-0.016443,0.000000
0.480000,8.000000,-0.020640,0.000000
0.480000,10.000000,-0.024195,0.000000
0.480000,12.000000,-0.027108,0.000000
0.480000,14.000000,-0.029379,0.000000
0.480000,16.000000,-0.031007,0.000000
0.480000,18.000000,-0.031993,0.000000
0.480000,20.000000,-0.032336,0.000000
0.480000,22.000000,-0.032037,0.000000
0.480000,24.000000,-0.031095,0.000000
0.480000,26.000000,-0.029511,0.000000
0.480000,28.000000,-0.027285,0.000000
0.480000,30.000000,-0.024415,0.000000
0.480000,32.000000,-0.020903,0.000000
0.480000,34.000000,-0.016748,0.000000
0.480000,36.000000,-0.011949,0.000000
0.480000,38.000000,-0.006506,0.000000
0.480000,40.000000,-0.000419,0.000000
0.480000,42.000000,0.006314,0.000000
0.480000,44.000000,0.013693,0.000001
0.480000,46.000000,0.021721,0.000001
0.480000,48.000000,0.030400,-0.000000
0.480000,50.000000,0.039735,0.000003
0.480000,52.000000,0.049734,0.000014
0.480000,54.000000,0.060408,0.000049
0.480000,56.000000,0.071775,0.000152
0.480000,58.000000,0.083868,0.000428
0.480000,60.000000,0.096741,0.001105
0.480000,62.000000,0.110488,0.002637
0.480000,64.000000,0.125273,0.005863
0.480000,66.000000,0.141392,0.012201
0.480000,68.000000,0.159376,0.023930
0.480000,70.000000,0.180191,0.044443
0.480000,72.000000,0.205572,0.078516
0.480000,74.000000,0.238575,0.132487
0.480000,76.000000,0.284318,0.214335
0.480000,78.000000,0.350637,0.333583
0.480000,80.000000,0.447912,0.501028
0.480000,82.000000,0.587595,0.728306
0.480000,84.000000,0.781468,1.027327
0.480000,86.000000,1.044203,1.409623
0.480000,88.000000,1.394096,1.885704
0.480000,90.000000,1.848319,2.464457
0.480000,92.000000,2.414949,3.152663
0.480000,94.000000,3.104539,3.954708
0.480000,96.000000,3.934008,4.872432
0.480000,98.000000,4.932982,5.905165
0.480000,100.000000,6.223085,7.049928
0.480000,102.000000,7.731423,8.301723
0.480000,104.000000,9.174595,9.653969
0.480000,106.000000,10.656872,11.098886
0.480000,108.000000,12.241093,12.627920
0.480000,110.000000,13.919870,14.232182
0.480000,112.000000,15.671519,15.902746
0.480000,114.000000,17.473133,17.631001
0.480000,116.000000,19.311481,19.408781
0.480000,118.000000,21.179432,21.228580
0.480000,120.000000,23.071537,23.083641
0.480000,122.000000,24.983356,24.967957
0.480000,124.000000,26.911306,26.876312
0.480000,126.000000,28.852375,28.804232
0.480000,128.000000,30.804016,30.747932
0.480000,130.000000,32.764206,32.704231
0.480000,132.000000,34.731453,34.670532
0.480000,134.000000,36.704689,36.644688
0.480000,136.000000,38.683132,38.624992
0.480000,138.000000,40.666130,40.610069
0.480000,140.000000,42.653084,42.598816
0.480000,142.000000,44.643417,44.590366
0.480000,144.000000,46.636570,46.584061
0.480000,146.000000,48.632019,48.579365
0.480000,148.000000,50.629288,50.575893
0.480000,150.000000,52.627945,52.573334
0.480000,152.000000,54.627636,54.571457
0.480000,154.000000,56.628052,56.570080
0.480000,156.000000,58.628933,58.569084
0.480000,158.000000,60.630066,60.568352
0.480000,160.000000,62.631283,62.567833
0.480000,162.000000,64.632446,64.567451
0.480000,164.000000,66.633430,66.567162
0.480000,166.000000,68.634155,68.566986
0.480000,168.000000,70.634537,70.566841
0.480000,170.000000,72.634521,72.566734
0.480000,172.000000,74.634056,74.566658
0.480000,174.000000,76.633102,76.566605
0.480000,176.000000,78.631622,78.566574
0.480000,178.000000,80.629593,80.566551
0.480000,180.000000,82.626976,82.566536
0.480000,182.000000,84.623779,84.566513
0.480000,184.000000,86.619972,86.566521
0.480000,186.000000,88.615547,88.566498
0.480000,188.000000,90.610497,90.566490
0.480000,190.000000,92.604797,92.566490
0.480000,192.000000,94.598457,94.566498
0.480000,194.000000,96.591461,96.566505
0.480000,196.000000,98.583801,98.566483
0.480000,198.000000,100.575478,100.566490
0.480000,200.000000,102.566490,102.566490
0.490000,0.000000,0.000000,0.000000
0.490000,2.000000,-0.005999,0.000000
0.490000,4.000000,-0.011368,0.000000
0.490000,6.000000,-0.016108,0.000000
0.490000,8.000000,-0.020218,0.000000
0.490000,10.000000,-0.023699,0.000000
0.490000,12.000000,-0.026549,0.000000
0.490000,14.000000,-0.028770,0.000000
0.490000,16.000000,-0.030360,0.000000
0.490000,18.000000,-0.031321,0.000000
0.490000,20.000000,-0.031652,0.000000
0.490000,22.000000,-0.031352,0.000000
0.490000,24.000000,-0.030422,0.000000
0.490000,26.000000,-0.028863,0.000000
0.490000,28.000000,-0.026673,0.000000
0.490000,30.000000,-0.023852,0.000000
0.490000,32.000000,-0.020401,0.000000
0.490000,34.000000,-0.016319,0.000000
0.490000,36.000000,-0.011607,0.000000
0.490000,38.000000,-0.006263,0.000000
0.490000,40.000000,-0.000286,0.000000
0.490000,42.000000,0.006323,0.000000
0.490000,44.000000,0.013566,0.000001
0.490000,46.000000,0.021445,-0.000000
0.490000,48.000000,0.029963,0.000001
0.490000,50.000000,0.039124,0.000003
0.490000,52.000000,0.048935,0.000013
0.490000,54.000000,0.059406,0.000041
0.490000,56.000000,0.070557,0.000126
0.490000,58.000000,0.082417,0.000364
0.490000,60.000000,0.095037,0.000952
0.490000,62.000000,0.108505,0.002306
0.490000,64.000000,0.122977,0.005197
0.490000,66.000000,0.138730,0.010958
0.490000,68.000000,0.156266,0.021742
0.490000,70.000000,0.176491,0.040808
0.490000,72.000000,0.201041,0.072784
0.490000,74.000000,0.232800,0.123876
0.490000,76.000000,0.276621,0.201968
0.490000,78.000000,0.340006,0.316533
0.490000,80.000000,0.433046,0.478410
0.490000,82.000000,0.567119,0.699344
0.490000,84.000000,0.754047,0.991436
0.490000,86.000000,1.008392,1.366478
0.490000,88.000000,1.348493,1.835268
0.490000,90.000000,1.792219,2.406991
0.490000,92.000000,2.348782,3.088730
0.490000,94.000000,3.028718,3.885109
0.490000,96.000000,3.849428,4.798148
0.490000,98.000000,4.841125,5.827296
0.490000,100.000000,6.126030,6.969602
0.490000,102.000000,7.633618,8.220060
0.490000,104.000000,9.079958,9.571985
0.490000,106.000000,10.566738,11.017478
0.490000,108.000000,12.156078,12.547813
0.490000,110.000000,13.840184,14.153955
0.490000,112.000000,15.596656,15.826805
0.490000,114.000000,17.402412,17.557585
0.490000,116.000000,19.244307,19.337994
0.490000,118.000000,21.115236,21.160427
0.490000,120.000000,23.009811,23.018044
0.490000,122.000000,24.923668,24.904751
0.490000,124.000000,26.853296,26.815317
0.490000,126.000000,28.795748,28.745211
0.490000,128.000000,30.748533,30.690643
0.490000,130.000000,32.709682,32.648472
0.490000,132.000000,34.677738,34.616066
0.490000,134.000000,36.651665,36.591331
0.490000,136.000000,38.630692,38.572556
0.490000,138.000000,40.614182,40.558384
0.490000,140.000000,42.601540,42.547752
0.490000,142.000000,44.592205,44.539803
0.490000,144.000000,46.585621,46.533901
0.490000,146.000000,48.581276,48.529530
0.490000,148.000000,50.578693,50.526310
0.490000,150.000000,52.577465,52.523956
0.490000,152.000000,54.577236,54.522236
0.490000,154.000000,56.577705,56.520973
0.490000,156.000000,58.578621,58.520065
0.490000,158.000000,60.579784,60.519413
0.490000,160.000000,62.581017,62.518936
0.490000,162.000000,64.582184,64.518600
0.490000,164.000000,66.583191,66.518356
0.490000,166.000000,68.583923,68.518173
0.490000,168.000000,70.584320,70.518066
0.490000,170.000000,72.584320,72.517967
0.490000,172.000000,74.583885,74.517906
0.490000,174.000000,76.582962,76.517868
0.490000,176.000000,78.581520,78.517830
0.490000,178.000000,80.579536,80.517815
0.490000,180.000000,82.576996,82.517799
0.490000,182.000000,84.573868,84.517799
0.490000,184.000000,86.570152,86.517776
0.490000,186.000000,88.565819,88.517784
0.490000,188.000000,90.560875,90.517761
0.490000,190.000000,92.555298,92.517761
0.490000,192.000000,94.549088,94.517761
0.490000,194.000000,96.542229,96.517776
0.490000,196.000000,98.534729,98.517761
0.490000,198.000000,100.526573,100.517761
0.490000,200.000000,102.517761,102.517761
0.500000,0.000000,0.000000,0.000000
0.500000,2.000000,-0.005876,0.000000
0.500000,4.000000,-0.011133,0.000000
0.500000,6.000000,-0.015774,0.000000
0.500000,8.000000,-0.019797,0.000000
0.500000,10.000000,-0.023203,0.000000
0.500000,12.000000,-0.025992,0.000000
0.500000,14.000000,-0.028163,0.000000
0.500000,16.000000,-0.029716,0.000000
0.500000,18.000000,-0.030652,0.000000
0.500000,20.000000,-0.030969,0.000000
0.500000,22.000000,-0.030670,0.000000
0.500000,24.000000,-0.029752,0.000000
0.500000,26.000000,-0.028217,0.000000
0.500000,28.000000,-0.026064,0.000000
0.500000,30.000000,-0.023292,0.000000
0.500000,32.000000,-0.019903,0.000000
0.500000,34.000000,-0.015895,0.000000
0.500000,36.000000,-0.011269,0.000000
0.500000,38.000000,-0.006023,0.000000
0.500000,40.000000,-0.000158,0.000000
0.500000,42.000000,0.006327,0.000000
0.500000,44.000000,0.013434,0.000000
0.500000,46.000000,0.021164,0.000001
0.500000,48.000000,0.029521,0.000001
0.500000,50.000000,0.038507,0.000003
0.500000,52.000000,0.048130,0.000008
0.500000,54.000000,0.058400,0.000033
0.500000,56.000000,0.069334,0.000103
0.500000,58.000000,0.080960,0.000304
0.500000,60.000000,0.093327,0.000817
0.500000,62.000000,0.106518,0.002008
0.500000,64.000000,0.120679,0.004587
0.500000,66.000000,0.136072,0.009805
0.500000,68.000000,0.153168,0.019688
0.500000,70.000000,0.172819,0.037362
0.500000,72.000000,0.196565,0.067298
0.500000,74.000000,0.227125,0.115567
0.500000,76.000000,0.269102,0.189941
0.500000,78.000000,0.329663,0.299853
0.500000,80.000000,0.418602,0.456152
0.500000,82.000000,0.547187,0.670707
0.500000,84.000000,0.727266,0.955806
0.500000,86.000000,0.973293,1.323492
0.500000,88.000000,1.303617,1.784866
0.500000,90.000000,1.736741,2.349428
0.500000,92.000000,2.283046,3.024563
0.500000,94.000000,2.953121,3.815155
0.500000,96.000000,3.764802,4.723416
0.500000,98.000000,4.748926,5.748902
0.500000,100.000000,6.028437,6.888725
0.500000,102.000000,7.535433,8.137850
0.500000,104.000000,8.985243,9.489470
0.500000,106.000000,10.476718,10.935579
0.500000,108.000000,12.071283,12.467295
0.500000,110.000000,13.760747,14.075391
0.500000,112.000000,15.522031,15.750597
0.500000,114.000000,17.331907,17.483974
0.500000,116.000000,19.177319,19.267097
0.500000,118.000000,21.051205,21.092245
0.500000,120.000000,22.948229,22.952450
0.500000,122.000000,24.864103,24.841600
0.500000,124.000000,26.795395,26.754393
0.500000,126.000000,28.739214,28.686281
0.500000,128.000000,30.693134,30.633484
0.500000,130.000000,32.655231,32.592827
0.500000,132.000000,34.624088,34.561714
0.500000,134.000000,36.598694,36.538071
0.500000,136.000000,38.578300,38.520206
0.500000,138.000000,40.562275,40.506779
0.500000,140.000000,42.550034,42.496761
0.500000,142.000000,44.541023,44.489296
0.500000,144.000000,46.534695,46.483788
0.500000,146.000000,48.530540,48.479744
0.500000,148.000000,50.528111,50.476761
0.500000,150.000000,52.526993,52.474594
0.500000,152.000000,54.526836,54.473015
0.500000,154.000000,56.527359,56.471874
0.500000,156.000000,58.528309,58.471058
0.500000,158.000000,60.529488,60.470451
0.500000,160.000000,62.530739,62.470039
0.500000,162.000000,64.531921,64.469734
0.500000,164.000000,66.532928,66.469521
0.500000,166.000000,68.533669,68.469360
0.500000,168.000000,70.534081,70.469261
0.500000,170.000000,72.534103,72.469185
0.500000,172.000000,74.533684,74.469131
0.500000,174.000000,76.532806,76.469101
0.500000,176.000000,78.531410,78.469070
0.500000,178.000000,80.529480,80.469055
0.500000,180.000000,82.526993,82.469048
0.500000,182.000000,84.523941,84.469032
0.500000,184.000000,86.520309,86.469025
0.500000,186.000000,88.516075,88.469009
0.500000,188.000000,90.511230,90.469025
0.500000,190.000000,92.505768,92.469009
0.500000,192.000000,94.499680,94.469009
0.500000,194.000000,96.492966,96.469009
0.500000,196.000000,98.485626,98.469025
0.500000,198.000000,100.477638,100.469009
0.500000,200.000000,102.469009,102.469009
0.510000,0.000000,0.000000,0.000000
0.510000,2.000000,-0.005752,0.000000
0.510000,4.000000,-0.010899,0.000000
0.510000,6.000000,-0.015440,0.000000
0.510000,8.000000,-0.019377,0.000000
0.510000,10.000000,-0.022709,0.000000
0.510000,12.000000,-0.025436,0.000000
0.510000,14.000000,-0.027558,0.000000
0.510000,16.000000,-0.029074,0.000000
0.510000,18.000000,-0.029985,0.000000
0.510000,20.000000,-0.030290,0.000000
0.510000,22.000000,-0.029991,0.000000
0.510000,24.000000,-0.029085,0.000000
0.510000,26.000000,-0.027575,0.000000
0.510000,28.000000,-0.025459,0.000000
0.510000,30.000000,-0.022737,0.000000
0.510000,32.000000,-0.019409,0.000000
0.510000,34.000000,-0.015476,0.000000
0.510000,36.000000,-0.010936,0.000000
0.510000,38.000000,-0.005790,0.000000
0.510000,40.000000,-0.000036,0.000000
0.510000,42.000000,0.006325,0.000000
0.510000,44.000000,0.013296,0.000000
0.510000,46.000000,0.020877,-0.000000
0.510000,48.000000,0.029071,-0.000000
0.510000,50.000000,0.037883,0.000002
0.510000,52.000000,0.047318,0.000008
0.510000,54.000000,0.057386,0.000028
0.510000,56.000000,0.068103,0.000086
0.510000,58.000000,0.079496,0.000256
0.510000,60.000000,0.091611,0.000694
0.510000,62.000000,0.104526,0.001737
0.510000,64.000000,0.118379,0.004032
0.510000,66.000000,0.133415,0.008737
0.510000,68.000000,0.150078,0.017767
0.510000,70.000000,0.169169,0.034099
0.510000,72.000000,0.192137,0.062056
0.510000,74.000000,0.221545,0.107560
0.510000,76.000000,0.261749,0.178266
0.510000,78.000000,0.319595,0.283548
0.510000,80.000000,0.404563,0.434276
0.510000,82.000000,0.527788,0.642413
0.510000,84.000000,0.701121,0.920443
0.510000,86.000000,0.938907,1.280667
0.510000,88.000000,1.259475,1.734496
0.510000,90.000000,1.681903,2.291764
0.510000,92.000000,2.217758,2.960156
0.510000,94.000000,2.877761,3.744835
0.510000,96.000000,3.680138,4.648207
0.510000,98.000000,4.656387,5.669973
0.510000,100.000000,5.930305,6.807278
0.510000,102.000000,7.436863,8.055040
0.510000,104.000000,8.890442,9.406408
0.510000,106.000000,10.386810,10.853177
0.510000,108.000000,11.986702,12.386343
0.510000,110.000000,13.681553,13.996460
0.510000,112.000000,15.447635,15.674125
0.510000,114.000000,17.261610,17.410187
0.510000,116.000000,19.110519,19.196102
0.510000,118.000000,20.987337,21.024008
0.510000,120.000000,22.886786,22.886879
0.510000,122.000000,24.804659,24.778511
0.510000,124.000000,26.737595,26.693542
0.510000,126.000000,28.682768,28.627460
0.510000,128.000000,30.637810,30.576424
0.510000,130.000000,32.600842,32.537285
0.510000,132.000000,34.570496,34.507477
0.510000,134.000000,36.545776,36.484921
0.510000,136.000000,38.525951,38.467949
0.510000,138.000000,40.510403,40.455273
0.510000,140.000000,42.498558,42.445824
0.510000,142.000000,44.489857,44.438858
0.510000,144.000000,46.483780,46.433723
0.510000,146.000000,48.479820,48.429958
0.510000,148.000000,50.477531,50.427227
0.510000,150.000000,52.476513,52.425232
0.510000,152.000000,54.476433,54.423805
0.510000,154.000000,56.477005,56.422775
0.510000,156.000000,58.477985,58.422024
0.510000,158.000000,60.479187,60.421497
0.510000,160.000000,62.480442,62.421127
0.510000,162.000000,64.481636,64.420860
0.510000,164.000000,66.482651,66.420662
0.510000,166.000000,68.483398,68.420532
0.510000,168.000000,70.483826,70.420441
0.510000,170.000000,72.483864,72.420372
0.510000,172.000000,74.483482,74.420326
0.510000,174.000000,76.482620,76.420311
0.510000,176.000000,78.481262,78.420288
0.510000,178.000000,80.479385,80.420258
0.510000,180.000000,82.476974,82.420250
0.510000,182.000000,84.473991,84.420235
0.510000,184.000000,86.470428,86.420227
0.510000,186.000000,88.466286,88.420242
0.510000,188.000000,90.461555,90.420242
0.510000,190.000000,92.456215,92.420227
0.510000,192.000000,94.450256,94.420227
0.510000,194.000000,96.443687,96.420219
0.510000,196.000000,98.436501,98.420227
0.510000,198.000000,100.428680,100.420235
0.510000,200.000000,102.420227,102.420227
0.520000,0.000000,0.000000,0.000000
0.520000,2.000000,-0.005629,0.000000
0.520000,4.000000,-0.010664,0.000000
0.520000,6.000000,-0.015108,0.000000
0.520000,8.000000,-0.018958,0.000000
0.520000,10.000000,-0.022216,0.000000
0.520000,12.000000,-0.024881,0.000000
0.520000,14.000000,-0.026954,0.000000
0.520000,16.000000,-0.028433,0.000000
0.520000,18.000000,-0.029319,0.000000
0.520000,20.000000,-0.029613,0.000000
0.520000,22.000000,-0.029313,0.000000
0.520000,24.000000,-0.028421,0.000000
0.520000,26.000000,-0.026935,0.000000
0.520000,28.000000,-0.024856,0.000000
0.520000,30.000000,-0.022184,0.000000
0.520000,32.000000,-0.018918,0.000000
0.520000,34.000000,-0.015059,0.000000
0.520000,36.000000,-0.010606,0.000000
0.520000,38.000000,-0.005559,0.000000
0.520000,40.000000,0.000083,0.000000
0.520000,42.000000,0.006320,0.000000
0.520000,44.000000,0.013154,0.000000
0.520000,46.000000,0.020586,-0.000002
0.520000,48.000000,0.028618,0.000001
0.520000,50.000000,0.037255,0.000003
0.520000,52.000000,0.046502,0.000005
0.520000,54.000000,0.056368,0.000020
0.520000,56.000000,0.066868,0.000069
0.520000,58.000000,0.078029,0.000210
0.520000,60.000000,0.089892,0.000585
0.520000,62.000000,0.102532,0.001494
0.520000,64.000000,0.116079,0.003527
0.520000,66.000000,0.130763,0.007750
0.520000,68.000000,0.147001,0.015974
0.520000,70.000000,0.165546,0.031017
0.520000,72.000000,0.187760,0.057057
0.520000,74.000000,0.216058,0.099855
0.520000,76.000000,0.254561,0.166947
0.520000,78.000000,0.309797,0.267630
0.520000,80.000000,0.390926,0.412785
0.520000,82.000000,0.508919,0.614472
0.520000,84.000000,0.675613,0.885360
0.520000,86.000000,0.905241,1.238020
0.520000,88.000000,1.216085,1.684177
0.520000,90.000000,1.627732,2.234006
0.520000,92.000000,2.152948,2.895515
0.520000,94.000000,2.802667,3.674151
0.520000,96.000000,3.595463,4.572536
0.520000,98.000000,4.563526,5.590497
0.520000,100.000000,5.831648,6.725235
0.520000,102.000000,7.337914,7.971657
0.520000,104.000000,8.795563,9.322775
0.520000,106.000000,10.297017,10.770281
0.520000,108.000000,11.902338,12.304953
0.520000,110.000000,13.602601,13.917196
0.520000,112.000000,15.373472,15.597391
0.520000,114.000000,17.191528,17.336226
0.520000,116.000000,19.043905,19.125010
0.520000,118.000000,20.923632,20.955761
0.520000,120.000000,22.825483,22.821333
0.520000,122.000000,24.745337,24.715481
0.520000,124.000000,26.679901,26.632820
0.520000,126.000000,28.626421,28.568764
0.520000,128.000000,30.582571,30.519493
0.520000,130.000000,32.546535,32.481873
0.520000,132.000000,34.516968,34.453354
0.520000,134.000000,36.492916,36.431873
0.520000,136.000000,38.473652,38.415798
0.520000,138.000000,40.458576,40.403835
0.520000,140.000000,42.447113,42.394985
0.520000,142.000000,44.438725,44.388474
0.520000,144.000000,46.432888,46.383713
0.520000,146.000000,48.429115,48.380241
0.520000,148.000000,50.426960,50.377724
0.520000,150.000000,52.426048,52.375908
0.520000,152.000000,54.426037,54.374611
0.520000,154.000000,56.426651,56.373672
0.520000,156.000000,58.427662,58.373016
0.520000,158.000000,60.428875,60.372543
0.520000,160.000000,62.430149,62.372208
0.520000,162.000000,64.431343,64.371971
0.520000,164.000000,66.432358,66.371796
0.520000,166.000000,68.433121,68.371696
0.520000,168.000000,70.433563,70.371613
0.520000,170.000000,72.433617,72.371552
0.520000,172.000000,74.433250,74.371521
0.520000,174.000000,76.432426,76.371475
0.520000,176.000000,78.431114,78.371460
0.520000,178.000000,80.429291,80.371460
0.520000,180.000000,82.426926,82.371437
0.520000,182.000000,84.424011,84.371437
0.520000,184.000000,86.420547,86.371437
0.520000,186.000000,88.416496,88.371429
0.520000,188.000000,90.411865,90.371422
0.520000,190.000000,92.406647,92.371437
0.520000,192.000000,94.400818,94.371429
0.520000,194.000000,96.394386,96.371429
0.520000,196.000000,98.387344,98.371429
0.520000,198.000000,100.379700,100.371429
0.520000,200.000000,102.371429,102.371422
0.530000,0.000000,0.000000,0.000000
0.530000,2.000000,-0.005506,0.000000
0.530000,4.000000,-0.010431,0.000000
0.530000,6.000000,-0.014776,0.000000
0.530000,8.000000,-0.018540,0.000000
0.530000,10.000000,-0.021725,0.000000
0.530000,12.000000,-0.024329,0.000000
0.530000,14.000000,-0.026352,0.000000
0.530000,16.000000,-0.027795,0.000000
0.530000,18.000000,-0.028657,0.000000
0.530000,20.000000,-0.028938,0.000000
0.530000,22.000000,-0.028639,0.000000
0.530000,24.000000,-0.027759,0.000000
0.530000,26.000000,-0.026299,0.000000
0.530000,28.000000,-0.024258,0.000000
0.530000,30.000000,-0.021635,0.000000
0.530000,32.000000,-0.018432,0.000000
0.530000,34.000000,-0.014648,0.000000
0.530000,36.000000,-0.010282,0.000000
0.530000,38.000000,-0.005334,0.000000
0.530000,40.000000,0.000196,0.000000
0.530000,42.000000,0.006309,0.000000
0.530000,44.000000,0.013006,0.000000
0.530000,46.000000,0.020288,0.000001
0.530000,48.000000,0.028158,-0.000002
0.530000,50.000000,0.036620,0.000002
0.530000,52.000000,0.045678,0.000005
0.530000,54.000000,0.055342,0.000016
0.530000,56.000000,0.065626,0.000057
0.530000,58.000000,0.076554,0.000174
0.530000,60.000000,0.088166,0.000494
0.530000,62.000000,0.100533,0.001279
0.530000,64.000000,0.113775,0.003068
0.530000,66.000000,0.128111,0.006847
0.530000,68.000000,0.143931,0.014302
0.530000,70.000000,0.161943,0.028118
0.530000,72.000000,0.183426,0.052300
0.530000,74.000000,0.210655,0.092461
0.530000,76.000000,0.247525,0.155985
0.530000,78.000000,0.300252,0.252103
0.530000,80.000000,0.377672,0.391690
0.530000,82.000000,0.490566,0.586898
0.530000,84.000000,0.650731,0.850575
0.530000,86.000000,0.872291,1.195566
0.530000,88.000000,1.173450,1.633917
0.530000,90.000000,1.574243,2.176155
0.530000,92.000000,2.088634,2.830634
0.530000,94.000000,2.727848,3.603084
0.530000,96.000000,3.510782,4.496368
0.530000,98.000000,4.470348,5.510453
0.530000,100.000000,5.732460,6.642587
0.530000,102.000000,7.238582,7.887649
0.530000,104.000000,8.700591,9.238560
0.530000,106.000000,10.207328,10.686851
0.530000,108.000000,11.818181,12.223127
0.530000,110.000000,13.523883,13.837564
0.530000,112.000000,15.299530,15.520389
0.530000,114.000000,17.121647,17.262091
0.530000,116.000000,18.977470,19.053816
0.530000,118.000000,20.860079,20.887466
0.530000,120.000000,22.764315,22.755806
0.530000,122.000000,24.686129,24.652521
0.530000,124.000000,26.622309,26.572166
0.530000,126.000000,28.570156,28.510168
0.530000,128.000000,30.527407,30.462685
0.530000,130.000000,32.492290,32.426601
0.530000,132.000000,34.463497,34.399368
0.530000,134.000000,36.440105,36.378948
0.530000,136.000000,38.421394,38.363731
0.530000,138.000000,40.406780,40.352489
0.530000,140.000000,42.395695,42.344196
0.530000,142.000000,44.387611,44.338142
0.530000,144.000000,46.382011,46.333736
0.530000,146.000000,48.378418,48.330544
0.530000,148.000000,50.376396,50.328243
0.530000,150.000000,52.375576,52.326595
0.530000,152.000000,54.375633,54.325417
0.530000,154.000000,56.376289,56.324577
0.530000,156.000000,58.377327,58.323978
0.530000,158.000000,60.378555,60.323563
0.530000,160.000000,62.379833,62.323273
0.530000,162.000000,64.381035,64.323067
0.530000,164.000000,66.382057,66.322922
0.530000,166.000000,68.382820,68.322823
0.530000,168.000000,70.383278,70.322762
0.530000,170.000000,72.383347,72.322708
0.530000,172.000000,74.383003,74.322685
0.530000,174.000000,76.382210,76.322655
0.530000,176.000000,78.380943,78.322632
0.530000,178.000000,80.379166,80.322617
0.530000,180.000000,82.376862,82.322617
0.530000,182.000000,84.374016,84.322617
0.530000,184.000000,86.370636,86.322609
0.530000,186.000000,88.366676,88.322609
0.530000,188.000000,90.362144,90.322609
0.530000,190.000000,92.357048,92.322609
0.530000,192.000000,94.351349,94.322601
0.530000,194.000000,96.345062,96.322594
0.530000,196.000000,98.338173,98.322601
0.530000,198.000000,100.330696,100.322594
0.530000,200.000000,102.322601,102.322601
0.540000,0.000000,0.000000,0.000000
0.540000,2.000000,-0.005383,0.000000
0.540000,4.000000,-0.010197,0.000000
0.540000,6.000000,-0.014444,0.000000
0.540000,8.000000,-0.018123,0.000000
0.540000,10.000000,-0.021234,0.000000
0.540000,12.000000,-0.023777,0.000000
0.540000,14.000000,-0.025752,0.000000
0.540000,16.000000,-0.027158,0.000000
0.540000,18.000000,-0.027996,0.000000
0.540000,20.000000,-0.028266,0.000000
0.540000,22.000000,-0.027968,0.000000
0.540000,24.000000,-0.027101,0.000000
0.540000,26.000000,-0.025666,0.000000
0.540000,28.000000,-0.023662,0.000000
0.540000,30.000000,-0.021090,0.000000
0.540000,32.000000,-0.017950,0.000000
0.540000,34.000000,-0.014240,0.000000
0.540000,36.000000,-0.009962,0.000000
0.540000,38.000000,-0.005114,0.000000
0.540000,40.000000,0.000304,0.000000
0.540000,42.000000,0.006292,0.000000
0.540000,44.000000,0.012852,0.000000
0.540000,46.000000,0.019985,0.000001
0.540000,48.000000,0.027693,-0.000000
0.540000,50.000000,0.035979,0.000001
0.540000,52.000000,0.044849,0.000003
0.540000,54.000000,0.054311,0.000014
0.540000,56.000000,0.064378,0.000045
0.540000,58.000000,0.075074,0.000141
0.540000,60.000000,0.086436,0.000411
0.540000,62.000000,0.098529,0.001089
0.540000,64.000000,0.111470,0.002657
0.540000,66.000000,0.125461,0.006018
0.540000,68.000000,0.140869,0.012751
0.540000,70.000000,0.158360,0.025394
0.540000,72.000000,0.179135,0.047788
0.540000,74.000000,0.205334,0.085369
0.540000,76.000000,0.240636,0.145388
0.540000,78.000000,0.290952,0.236984
0.540000,80.000000,0.364792,0.371009
0.540000,82.000000,0.472720,0.559706
0.540000,84.000000,0.626474,0.816101
0.540000,86.000000,0.840060,1.153314
0.540000,88.000000,1.131582,1.583724
0.540000,90.000000,1.521459,2.118217
0.540000,92.000000,2.024839,2.765504
0.540000,94.000000,2.653332,3.531630
0.540000,96.000000,3.426119,4.419696
0.540000,98.000000,4.376866,5.429818
0.540000,100.000000,5.632753,6.559311
0.540000,102.000000,7.138864,7.803010
0.540000,104.000000,8.605530,9.153752
0.540000,106.000000,10.117743,10.602881
0.540000,108.000000,11.734230,12.140837
0.540000,110.000000,13.445397,13.757582
0.540000,112.000000,15.225811,15.443123
0.540000,114.000000,17.051964,17.187780
0.540000,116.000000,18.911215,18.982544
0.540000,118.000000,20.796682,20.819164
0.540000,120.000000,22.703278,22.690331
0.540000,122.000000,24.627037,24.589647
0.540000,124.000000,26.564816,26.511644
0.540000,126.000000,28.513977,28.451706
0.540000,128.000000,30.472319,30.406013
0.540000,130.000000,32.438110,32.371456
0.540000,132.000000,34.410088,34.345490
0.540000,134.000000,36.387344,36.326134
0.540000,136.000000,38.369183,38.311775
0.540000,138.000000,40.355019,40.301220
0.540000,140.000000,42.344307,42.293495
0.540000,142.000000,44.336517,44.287876
0.540000,144.000000,46.331150,46.283813
0.540000,146.000000,48.327736,48.280884
0.540000,148.000000,50.325840,50.278782
0.540000,150.000000,52.325111,52.277283
0.540000,152.000000,54.325226,54.276222
0.540000,154.000000,56.325920,56.275475
0.540000,156.000000,58.326984,58.274948
0.540000,158.000000,60.328228,60.274582
0.540000,160.000000,62.329510,62.274330
0.540000,162.000000,64.330711,64.274147
0.540000,164.000000,66.331734,66.274017
0.540000,166.000000,68.332512,68.273933
0.540000,168.000000,70.332970,70.273880
0.540000,170.000000,72.333061,72.273834
0.540000,172.000000,74.332741,74.273804
0.540000,174.000000,76.331978,76.273788
0.540000,176.000000,78.330742,78.273773
0.540000,178.000000,80.329018,80.273773
0.540000,180.000000,82.326775,82.273766
0.540000,182.000000,84.324013,84.273750
0.540000,184.000000,86.320694,86.273758
0.540000,186.000000,88.316833,88.273758
0.540000,188.000000,90.312408,90.273750
0.540000,190.000000,92.307426,92.273750
0.540000,192.000000,94.301857,94.273750
0.540000,194.000000,96.295708,96.273758
0.540000,196.000000,98.288986,98.273750
0.540000,198.000000,100.281662,100.273750
0.540000,200.000000,102.273750,102.273766
0.550000,0.000000,0.000000,0.000000
0.550000,2.000000,-0.005261,0.000000
0.550000,4.000000,-0.009965,0.000000
0.550000,6.000000,-0.014114,0.000000
0.550000,8.000000,-0.017707,0.000000
0.550000,10.000000,-0.020745,0.000000
0.550000,12.000000,-0.023227,0.000000
0.550000,14.000000,-0.025153,0.000000
0.550000,16.000000,-0.026523,0.000000
0.550000,18.000000,-0.027338,0.000000
0.550000,20.000000,-0.027596,0.000000
0.550000,22.000000,-0.027299,0.000000
0.550000,24.000000,-0.026445,0.000000
0.550000,26.000000,-0.025036,0.000000
0.550000,28.000000,-0.023070,0.000000
0.550000,30.000000,-0.020549,0.000000
0.550000,32.000000,-0.017471,0.000000
0.550000,34.000000,-0.013836,0.000000
0.550000,36.000000,-0.009645,0.000000
0.550000,38.000000,-0.004897,0.000000
0.550000,40.000000,0.000408,0.000000
0.550000,42.000000,0.006272,0.000000
0.550000,44.000000,0.012694,0.000000
0.550000,46.000000,0.019677,0.000000
0.550000,48.000000,0.027222,0.000001
0.550000,50.000000,0.035333,0.000000
0.550000,52.000000,0.044014,0.000004
0.550000,54.000000,0.053274,0.000010
0.550000,56.000000,0.063124,0.000034
0.550000,58.000000,0.073588,0.000116
0.550000,60.000000,0.084700,0.000340
0.550000,62.000000,0.096522,0.000920
0.550000,64.000000,0.109162,0.002287
0.550000,66.000000,0.122811,0.005266
0.550000,68.000000,0.137815,0.011317
0.550000,70.000000,0.154797,0.022845
0.550000,72.000000,0.174884,0.043514
0.550000,74.000000,0.200090,0.078587
0.550000,76.000000,0.233886,0.135164
0.550000,78.000000,0.281888,0.222276
0.550000,80.000000,0.352274,0.350751
0.550000,82.000000,0.455372,0.532910
0.550000,84.000000,0.602836,0.781960
0.550000,86.000000,0.808548,1.111281
0.550000,88.000000,1.090490,1.533606
0.550000,90.000000,1.469401,2.060197
0.550000,92.000000,1.961589,2.700131
0.550000,94.000000,2.579139,3.459782
0.550000,96.000000,3.341491,4.342507
0.550000,98.000000,4.283093,5.348586
0.550000,100.000000,5.532531,6.475382
0.550000,102.000000,7.038764,7.717724
0.550000,104.000000,8.510375,9.068319
0.550000,106.000000,10.028262,10.518372
0.550000,108.000000,11.650483,12.058087
0.550000,110.000000,13.367140,13.677226
0.550000,112.000000,15.152308,15.365592
0.550000,114.000000,16.982481,17.113300
0.550000,116.000000,18.845133,18.911179
0.550000,118.000000,20.733437,20.750860
0.550000,120.000000,22.642374,22.624908
0.550000,122.000000,24.568060,24.526878
0.550000,124.000000,26.507421,26.451239
0.550000,126.000000,28.457888,28.393394
0.550000,128.000000,30.417309,30.349495
0.550000,130.000000,32.383999,32.316448
0.550000,132.000000,34.356739,34.291752
0.550000,134.000000,36.334633,36.273434
0.550000,136.000000,38.317013,38.259930
0.550000,138.000000,40.303299,40.250057
0.550000,140.000000,42.292953,42.242867
0.550000,142.000000,44.285454,44.237663
0.550000,144.000000,46.280308,46.233913
0.550000,146.000000,48.277058,48.231243
0.550000,148.000000,50.275291,50.229347
0.550000,150.000000,52.274647,52.227993
0.550000,152.000000,54.274822,54.227039
0.550000,154.000000,56.275551,56.226376
0.550000,156.000000,58.276634,58.225914
0.550000,158.000000,60.277889,60.225590
0.550000,160.000000,62.279175,62.225365
0.550000,162.000000,64.280380,64.225212
0.550000,164.000000,66.281410,66.225105
0.550000,166.000000,68.282188,68.225029
0.550000,168.000000,70.282654,70.224991
0.550000,170.000000,72.282753,72.224953
0.550000,172.000000,74.282455,74.224922
0.550000,174.000000,76.281731,76.224899
0.550000,176.000000,78.280533,78.224899
0.550000,178.000000,80.278854,80.224892
0.550000,180.000000,82.276672,82.224884
0.550000,182.000000,84.273972,84.224884
0.550000,184.000000,86.270737,86.224884
0.550000,186.000000,88.266975,88.224876
0.550000,188.000000,90.262657,90.224884
0.550000,190.000000,92.257782,92.224876
0.550000,192.000000,94.252342,94.224884
0.550000,194.000000,96.246338,96.224876
0.550000,196.000000,98.239769,98.224869
0.550000,198.000000,100.232613,100.224876
0.550000,200.000000,102.224876,102.224884
0.560000,0.000000,0.000000,0.000000
0.560000,2.000000,-0.005138,0.000000
0.560000,4.000000,-0.009733,0.000000
0.560000,6.000000,-0.013784,0.000000
0.560000,8.000000,-0.017292,0.000000
0.560000,10.000000,-0.020257,0.000000
0.560000,12.000000,-0.022678,0.000000
0.560000,14.000000,-0.024556,0.000000
0.560000,16.000000,-0.025891,0.000000
0.560000,18.000000,-0.026682,0.000000
0.560000,20.000000,-0.026929,0.000000
0.560000,22.000000,-0.026633,0.000000
0.560000,24.000000,-0.025793,0.000000
0.560000,26.000000,-0.024410,0.000000
0.560000,28.000000,-0.022483,0.000000
0.560000,30.000000,-0.020012,0.000000
0.560000,32.000000,-0.016997,0.000000
0.560000,34.000000,-0.013438,0.000000
0.560000,36.000000,-0.009335,0.000000
0.560000,38.000000,-0.004687,0.000000
0.560000,40.000000,0.000506,0.000000
0.560000,42.000000,0.006244,0.000000
0.560000,44.000000,0.012529,0.000000
0.560000,46.000000,0.019362,0.000000
0.560000,48.000000,0.026744,-0.000000
0.560000,50.000000,0.034679,0.000000
0.560000,52.000000,0.043171,0.000001
0.560000,54.000000,0.052229,0.000007
0.560000,56.000000,0.061863,0.000029
0.560000,58.000000,0.072094,0.000092
0.560000,60.000000,0.082957,0.000281
0.560000,62.000000,0.094508,0.000773
0.560000,64.000000,0.106849,0.001954
0.560000,66.000000,0.120161,0.004579
0.560000,68.000000,0.134765,0.009998
0.560000,70.000000,0.151249,0.020464
0.560000,72.000000,0.170668,0.039475
0.560000,74.000000,0.194917,0.072116
0.560000,76.000000,0.227266,0.125312
0.560000,78.000000,0.273046,0.207987
0.560000,80.000000,0.340102,0.330933
0.560000,82.000000,0.438508,0.506528
0.560000,84.000000,0.579807,0.748161
0.560000,86.000000,0.777750,1.069481
0.560000,88.000000,1.050176,1.483573
0.560000,90.000000,1.418084,2.002097
0.560000,92.000000,1.898906,2.634502
0.560000,94.000000,2.505286,3.387524
0.560000,96.000000,3.256911,4.264780
0.560000,98.000000,4.189039,5.266724
0.560000,100.000000,5.431798,6.390785
0.560000,102.000000,6.938273,7.631763
0.560000,104.000000,8.415117,8.982256
0.560000,106.000000,9.938874,10.433281
0.560000,108.000000,11.566931,11.974853
0.560000,110.000000,13.289103,13.596517
0.560000,112.000000,15.079012,15.287798
0.560000,114.000000,16.913187,17.038664
0.560000,116.000000,18.779217,18.839750
0.560000,118.000000,20.670334,20.682543
0.560000,120.000000,22.581594,22.559534
0.560000,122.000000,24.509190,24.464199
0.560000,124.000000,26.450121,26.390959
0.560000,126.000000,28.401878,28.335205
0.560000,128.000000,30.362366,30.293114
0.560000,130.000000,32.329952,32.261570
0.560000,132.000000,34.303440,34.238144
0.560000,134.000000,36.281971,36.220844
0.560000,136.000000,38.264881,38.208176
0.560000,138.000000,40.251606,40.198956
0.560000,140.000000,42.241619,42.192291
0.560000,142.000000,44.234402,44.187492
0.560000,144.000000,46.229477,46.184067
0.560000,146.000000,48.226391,48.181637
0.560000,148.000000,50.224739,50.179920
0.560000,150.000000,52.224182,52.178707
0.560000,152.000000,54.224411,54.177864
0.560000,154.000000,56.225174,56.177277
0.560000,156.000000,58.226273,58.176857
0.560000,158.000000,60.227535,60.176579
0.560000,160.000000,62.228825,62.176395
0.560000,162.000000,64.230034,64.176254
0.560000,164.000000,66.231056,66.176163
0.560000,166.000000,68.231834,68.176109
0.560000,168.000000,70.232315,70.176056
0.560000,170.000000,72.232437,72.176033
0.560000,172.000000,74.232155,74.176003
0.560000,174.000000,76.231453,76.175987
0.560000,176.000000,78.230293,78.175987
0.560000,178.000000,80.228661,80.175980
0.560000,180.000000,82.226540,82.175980
0.560000,182.000000,84.223907,84.175964
0.560000,184.000000,86.220757,86.175972
0.560000,186.000000,88.217079,88.175964
0.560000,188.000000,90.212868,90.175980
0.560000,190.000000,92.208115,92.175964
0.560000,192.000000,94.202805,94.175972
0.560000,194.000000,96.196938,96.175964
0.560000,196.000000,98.190514,98.175972
0.560000,198.000000,100.183525,100.175987
0.560000,200.000000,102.175972,102.175980
0.570000,0.000000,0.000000,0.000000
0.570000,2.000000,-0.005016,0.000000
0.570000,4.000000,-0.009501,0.000000
0.570000,6.000000,-0.013455,0.000000
0.570000,8.000000,-0.016878,0.000000
0.570000,10.000000,-0.019770,0.000000
0.570000,12.000000,-0.022131,0.000000
0.570000,14.000000,-0.023961,0.000000
0.570000,16.000000,-0.025260,0.000000
0.570000,18.000000,-0.026027,0.000000
0.570000,20.000000,-0.026264,0.000000
0.570000,22.000000,-0.025969,0.000000
0.570000,24.000000,-0.025143,0.000000
0.570000,26.000000,-0.023786,0.000000
0.570000,28.000000,-0.021897,0.000000
0.570000,30.000000,-0.019477,0.000000
0.570000,32.000000,-0.016525,0.000000
0.570000,34.000000,-0.013042,0.000000
0.570000,36.000000,-0.009027,0.000000
0.570000,38.000000,-0.004479,0.000000
0.570000,40.000000,0.000601,0.000000
0.570000,42.000000,0.006214,0.000000
0.570000,44.000000,0.012361,0.000000
0.570000,46.000000,0.019043,0.000000
0.570000,48.000000,0.026263,-0.000001
0.570000,50.000000,0.034022,-0.000001
0.570000,52.000000,0.042325,0.000002
0.570000,54.000000,0.051180,0.000005
0.570000,56.000000,0.060598,0.000021
0.570000,58.000000,0.070597,0.000072
0.570000,60.000000,0.081211,0.000228
0.570000,62.000000,0.092492,0.000644
0.570000,64.000000,0.104536,0.001661
0.570000,66.000000,0.117513,0.003961
0.570000,68.000000,0.131725,0.008788
0.570000,70.000000,0.147720,0.018249
0.570000,72.000000,0.166491,0.035674
0.570000,74.000000,0.189815,0.065953
0.570000,76.000000,0.220776,0.115841
0.570000,78.000000,0.264423,0.194128
0.570000,80.000000,0.328272,0.311563
0.570000,82.000000,0.422124,0.480576
0.570000,84.000000,0.557387,0.714721
0.570000,86.000000,0.747672,1.027932
0.570000,88.000000,1.010655,1.433646
0.570000,90.000000,1.367535,1.943923
0.570000,92.000000,1.836821,2.568634
0.570000,94.000000,2.431805,3.314862
0.570000,96.000000,3.172409,4.186512
0.570000,98.000000,4.094723,5.184222
0.570000,100.000000,5.330564,6.305505
0.570000,102.000000,6.837400,7.545114
0.570000,104.000000,8.319763,8.895540
0.570000,106.000000,9.849585,10.347622
0.570000,108.000000,11.483576,11.891150
0.570000,110.000000,13.211287,13.515416
0.570000,112.000000,15.005931,15.209734
0.570000,114.000000,16.844088,16.963865
0.570000,116.000000,18.713474,18.768253
0.570000,118.000000,20.607384,20.614256
0.570000,120.000000,22.520945,22.494247
0.570000,122.000000,24.450434,24.401628
0.570000,124.000000,26.392921,26.330832
0.570000,126.000000,28.345955,28.277184
0.570000,128.000000,30.307503,30.236885
0.570000,130.000000,32.275974,32.206867
0.570000,132.000000,34.250206,34.184673
0.570000,134.000000,36.229362,36.168392
0.570000,136.000000,38.212799,38.156532
0.570000,138.000000,40.199955,40.147964
0.570000,140.000000,42.190315,42.141788
0.570000,142.000000,44.183380,44.137394
0.570000,144.000000,46.178665,46.134274
0.570000,146.000000,48.175739,48.132069
0.570000,148.000000,50.174206,50.130531
0.570000,150.000000,52.173721,52.129436
0.570000,152.000000,54.174000,54.128685
0.570000,154.000000,56.174797,56.128162
0.570000,156.000000,58.175911,58.127804
0.570000,158.000000,60.177181,60.127563
0.570000,160.000000,62.178471,62.127399
0.570000,162.000000,64.179672,64.127281
0.570000,164.000000,66.180710,66.127213
0.570000,166.000000,68.181488,68.127159
0.570000,168.000000,70.181961,70.127121
0.570000,170.000000,72.182091,72.127106
0.570000,172.000000,74.181839,74.127083
0.570000,174.000000,76.181160,76.127068
0.570000,176.000000,78.180038,78.127068
0.570000,178.000000,80.178459,80.127045
0.570000,180.000000,82.176392,82.127068
0.570000,182.000000,84.173836,84.127052
0.570000,184.000000,86.170769,86.127060
0.570000,186.000000,88.167183,88.127052
0.570000,188.000000,90.163071,90.127052
0.570000,190.000000,92.158424,92.127060
0.570000,192.000000,94.153244,94.127052
0.570000,194.000000,96.147522,96.127052
0.570000,196.000000,98.141251,98.127068
0.570000,198.000000,100.134430,100.127060
0.570000,200.000000,102.127052,102.127052
0.580000,0.000000,0.000000,0.000000
0.580000,2.000000,-0.004894,0.000000
0.580000,4.000000,-0.009269,0.000000
0.580000,6.000000,-0.013126,0.000000
0.580000,8.000000,-0.016465,0.000000
0.580000,10.000000,-0.019284,0.000000
0.580000,12.000000,-0.021585,0.000000
0.580000,14.000000,-0.023368,0.000000
0.580000,16.000000,-0.024631,0.000000
0.580000,18.000000,-0.025376,0.000000
0.580000,20.000000,-0.025601,0.000000
0.580000,22.000000,-0.025308,0.000000
0.580000,24.000000,-0.024496,0.000000
0.580000,26.000000,-0.023165,0.000000
0.580000,28.000000,-0.021316,0.000000
0.580000,30.000000,-0.018947,0.000000
0.580000,32.000000,-0.016059,0.000000
0.580000,34.000000,-0.012651,0.000000
0.580000,36.000000,-0.008724,0.000000
0.580000,38.000000,-0.004277,0.000000
0.580000,40.000000,0.000689,0.000000
0.580000,42.000000,0.006177,0.000000
0.580000,44.000000,0.012186,0.000000
0.580000,46.000000,0.018718,0.000000
0.580000,48.000000,0.025774,0.000001
0.580000,50.000000,0.033357,-0.000001
0.580000,52.000000,0.041471,-0.000001
0.580000,54.000000,0.050124,0.000003
0.580000,56.000000,0.059325,0.000015
0.580000,58.000000,0.069093,0.000059
0.580000,60.000000,0.079457,0.000184
0.580000,62.000000,0.090469,0.000532
0.580000,64.000000,0.102218,0.001399
0.580000,66.000000,0.114863,0.003404
0.580000,68.000000,0.128687,0.007682
0.580000,70.000000,0.144204,0.016199
0.580000,72.000000,0.162345,0.032104
0.580000,74.000000,0.184777,0.060098
0.580000,76.000000,0.214402,0.106754
0.580000,78.000000,0.256003,0.180713
0.580000,80.000000,0.316764,0.292661
0.580000,82.000000,0.406200,0.455073
0.580000,84.000000,0.535560,0.681664
0.580000,86.000000,0.718304,0.986650
0.580000,88.000000,0.971924,1.383830
0.580000,90.000000,1.317762,1.885683
0.580000,92.000000,1.775350,2.502512
0.580000,94.000000,2.358711,3.241771
0.580000,96.000000,3.087995,4.107673
0.580000,98.000000,4.000150,5.101051
0.580000,100.000000,5.228832,6.219504
0.580000,102.000000,6.736137,7.457747
0.580000,104.000000,8.224298,8.808155
0.580000,106.000000,9.760383,10.261362
0.580000,108.000000,11.400410,11.806950
0.580000,110.000000,13.133680,13.433932
0.580000,112.000000,14.933048,15.131420
0.580000,114.000000,16.775169,16.888914
0.580000,116.000000,18.647892,18.696693
0.580000,118.000000,20.544571,20.545973
0.580000,120.000000,22.460413,22.429022
0.580000,122.000000,24.391779,24.339188
0.580000,124.000000,26.335808,26.270844
0.580000,126.000000,28.290110,28.219316
0.580000,128.000000,30.252707,30.180824
0.580000,130.000000,32.222054,32.152298
0.580000,132.000000,34.197021,34.131340
0.580000,134.000000,36.176800,36.116062
0.580000,136.000000,38.160751,38.105003
0.580000,138.000000,40.148335,40.097046
0.580000,140.000000,42.139034,42.091366
0.580000,142.000000,44.132370,44.087341
0.580000,144.000000,46.127865,46.084511
0.580000,146.000000,48.125088,48.082520
0.580000,148.000000,50.123665,50.081135
0.580000,150.000000,52.123260,52.080177
0.580000,152.000000,54.123585,54.079510
0.580000,154.000000,56.124409,56.079052
0.580000,156.000000,58.125538,58.078751
0.580000,158.000000,60.126812,60.078541
0.580000,160.000000,62.128101,62.078392
0.580000,162.000000,64.129303,64.078293
0.580000,164.000000,66.130325,66.078232
0.580000,166.000000,68.131111,68.078186
0.580000,168.000000,70.131592,70.078163
0.580000,170.000000,72.131737,72.078140
0.580000,172.000000,74.131500,74.078125
0.580000,174.000000,76.130852,76.078125
0.580000,176.000000,78.129768,78.078110
0.580000,178.000000,80.128235,80.078117
0.580000,180.000000,82.126228,82.078110
0.580000,182.000000,84.123734,84.078110
0.580000,184.000000,86.120750,86.078102
0.580000,186.000000,88.117249,88.078102
0.580000,188.000000,90.113243,90.078110
0.580000,190.000000,92.108719,92.078102
0.580000,192.000000,94.103661,94.078110
0.580000,194.000000,96.098083,96.078102
0.580000,196.000000,98.091957,98.078110
0.580000,198.000000,100.085297,100.078102
0.580000,200.000000,102.078102,102.078102
0.590000,0.000000,0.000000,0.000000
0.590000,2.000000,-0.004773,0.000000
0.590000,4.000000,-0.009039,0.000000
0.590000,6.000000,-0.012799,0.000000
0.590000,8.000000,-0.016053,0.000000
0.590000,10.000000,-0.018800,0.000000
0.590000,12.000000,-0.021041,0.000000
0.590000,14.000000,-0.022776,0.000000
0.590000,16.000000,-0.024004,0.000000
0.590000,18.000000,-0.024726,0.000000
0.590000,20.000000,-0.024941,0.000000
0.590000,22.000000,-0.024650,0.000000
0.590000,24.000000,-0.023853,0.000000
0.590000,26.000000,-0.022548,0.000000
0.590000,28.000000,-0.020737,0.000000
0.590000,30.000000,-0.018420,0.000000
0.590000,32.000000,-0.015595,0.000000
0.590000,34.000000,-0.012264,0.000000
0.590000,36.000000,-0.008426,0.000000
0.590000,38.000000,-0.004080,0.000000
0.590000,40.000000,0.000774,0.000000
0.590000,42.000000,0.006135,0.000000
0.590000,44.000000,0.012006,0.000000
0.590000,46.000000,0.018387,0.000000
0.590000,48.000000,0.025280,0.000001
0.590000,50.000000,0.032687,0.000000
0.590000,52.000000,0.040612,0.000002
0.590000,54.000000,0.049062,0.000004
0.590000,56.000000,0.058046,0.000012
0.590000,58.000000,0.067582,0.000045
0.590000,60.000000,0.077698,0.000149
0.590000,62.000000,0.088442,0.000434
0.590000,64.000000,0.099897,0.001174
0.590000,66.000000,0.112212,0.002907
0.590000,68.000000,0.125654,0.006673
0.590000,70.000000,0.140703,0.014306
0.590000,72.000000,0.158230,0.028765
0.590000,74.000000,0.179800,0.054555
0.590000,76.000000,0.208143,0.098053
0.590000,78.000000,0.247779,0.167741
0.590000,80.000000,0.305569,0.274236
0.590000,82.000000,0.390729,0.430035
0.590000,84.000000,0.514322,0.649005
0.590000,86.000000,0.689646,0.945654
0.590000,88.000000,0.933991,1.334138
0.590000,90.000000,1.268788,1.827391
0.590000,92.000000,1.714525,2.436139
0.590000,94.000000,2.286033,3.168247
0.590000,96.000000,3.003696,4.028252
0.590000,98.000000,3.905340,5.017194
0.590000,100.000000,5.126611,6.132752
0.590000,102.000000,6.634482,7.369624
0.590000,104.000000,8.128719,8.720063
0.590000,106.000000,9.671265,10.174496
0.590000,108.000000,11.317429,11.722239
0.590000,110.000000,13.056285,13.352079
0.590000,112.000000,14.860367,15.052832
0.590000,114.000000,16.706434,16.813816
0.590000,116.000000,18.582470,18.625088
0.590000,118.000000,20.481899,20.477730
0.590000,120.000000,22.400005,22.363905
0.590000,122.000000,24.333229,24.276884
0.590000,124.000000,26.278788,26.211014
0.590000,126.000000,28.234346,28.161629
0.590000,128.000000,30.197983,30.124924
0.590000,130.000000,32.168194,32.097897
0.590000,132.000000,34.143894,34.078156
0.590000,134.000000,36.124279,36.063839
0.590000,136.000000,38.108742,38.053558
0.590000,138.000000,40.096745,40.046211
0.590000,140.000000,42.087784,42.041008
0.590000,142.000000,44.081379,44.037346
0.590000,144.000000,46.077076,46.034779
0.590000,146.000000,48.074451,48.032997
0.590000,148.000000,50.073132,50.031757
0.590000,150.000000,52.072796,52.030907
0.590000,152.000000,54.073166,54.030334
0.590000,154.000000,56.074017,56.029945
0.590000,156.000000,58.075157,58.029663
0.590000,158.000000,60.076431,60.029488
0.590000,160.000000,62.077717,62.029369
0.590000,162.000000,64.078911,64.029282
0.590000,164.000000,66.079941,66.029243
0.590000,166.000000,68.080719,68.029205
0.590000,168.000000,70.081207,70.029175
0.590000,170.000000,72.081367,72.029152
0.590000,172.000000,74.081139,74.029144
0.590000,174.000000,76.080521,76.029144
0.590000,176.000000,78.079483,78.029129
0.590000,178.000000,80.077988,80.029144
0.590000,180.000000,82.076042,82.029137
0.590000,182.000000,84.073608,84.029137
0.590000,184.000000,86.070702,86.029137
0.590000,186.000000,88.067307,88.029121
0.590000,188.000000,90.063393,90.029129
0.590000,190.000000,92.058983,92.029121
0.590000,192.000000,94.054062,94.029129
0.590000,194.000000,96.048607,96.029137
0.590000,196.000000,98.042648,98.029129
0.590000,198.000000,100.036148,100.029129
0.590000,200.000000,102.029129,102.029129
0.600000,0.000000,0.000000,0.000000
0.600000,2.000000,-0.004652,0.000000
0.600000,4.000000,-0.008808,0.000000
0.600000,6.000000,-0.012472,0.000000
0.600000,8.000000,-0.015641,0.000000
0.600000,10.000000,-0.018317,0.000000
0.600000,12.000000,-0.020498,0.000000
0.600000,14.000000,-0.022186,0.000000
0.600000,16.000000,-0.023379,0.000000
0.600000,18.000000,-0.024078,0.000000
0.600000,20.000000,-0.024284,0.000000
0.600000,22.000000,-0.023995,0.000000
0.600000,24.000000,-0.023211,0.000000
0.600000,26.000000,-0.021934,0.000000
0.600000,28.000000,-0.020162,0.000000
0.600000,30.000000,-0.017896,0.000000
0.600000,32.000000,-0.015136,0.000000
0.600000,34.000000,-0.011881,0.000000
0.600000,36.000000,-0.008131,0.000000
0.600000,38.000000,-0.003887,0.000000
0.600000,40.000000,0.000853,0.000000
0.600000,42.000000,0.006089,0.000000
0.600000,44.000000,0.011821,0.000000
0.600000,46.000000,0.018051,0.000000
0.600000,48.000000,0.024780,0.000000
0.600000,50.000000,0.032011,0.000000
0.600000,52.000000,0.039747,-0.000000
0.600000,54.000000,0.047994,0.000002
0.600000,56.000000,0.056762,0.000010
0.600000,58.000000,0.066066,0.000036
0.600000,60.000000,0.075934,0.000117
0.600000,62.000000,0.086410,0.000353
0.600000,64.000000,0.097573,0.000975
0.600000,66.000000,0.109561,0.002461
0.600000,68.000000,0.122625,0.005764
0.600000,70.000000,0.137214,0.012564
0.600000,72.000000,0.154145,0.025648
0.600000,74.000000,0.174882,0.049315
0.600000,76.000000,0.201991,0.089738
0.600000,78.000000,0.239743,0.155228
0.600000,80.000000,0.294677,0.256301
0.600000,82.000000,0.375698,0.405479
0.600000,84.000000,0.493664,0.616776
0.600000,86.000000,0.661694,0.904954
0.600000,88.000000,0.896861,1.284597
0.600000,90.000000,1.220627,1.769040
0.600000,92.000000,1.654369,2.369508
0.600000,94.000000,2.213794,3.094277
0.600000,96.000000,2.919530,3.948225
0.600000,98.000000,3.810308,4.932620
0.600000,100.000000,5.023908,6.045233
0.600000,102.000000,6.532437,7.280750
0.600000,104.000000,8.033024,8.631259
0.600000,106.000000,9.582230,10.087004
0.600000,108.000000,11.234629,11.637016
0.600000,110.000000,12.979093,13.269838
0.600000,112.000000,14.787880,14.973999
0.600000,114.000000,16.637877,16.738573
0.600000,116.000000,18.517204,18.553450
0.600000,118.000000,20.419365,20.409531
0.600000,120.000000,22.339716,22.298897
0.600000,122.000000,24.274786,24.214724
0.600000,124.000000,26.221855,26.151358
0.600000,126.000000,28.178661,28.104107
0.600000,128.000000,30.143326,30.069206
0.600000,130.000000,32.114399,32.043652
0.600000,132.000000,34.090816,34.025116
0.600000,134.000000,36.071812,36.011772
0.600000,136.000000,38.056770,38.002235
0.600000,138.000000,40.045189,39.995472
0.600000,140.000000,42.036556,41.990726
0.600000,142.000000,44.030411,43.987404
0.600000,144.000000,46.026302,45.985092
0.600000,146.000000,48.023819,47.983509
0.600000,148.000000,50.022602,49.982399
0.600000,150.000000,52.022335,51.981663
0.600000,152.000000,54.022747,53.981148
0.600000,154.000000,56.023621,55.980812
0.600000,156.000000,58.024765,57.980576
0.600000,158.000000,60.026043,59.980438
0.600000,160.000000,62.027325,61.980331
0.600000,162.000000,64.028519,63.980259
0.600000,164.000000,66.029533,65.980209
0.600000,166.000000,68.030312,67.980179
0.600000,168.000000,70.030815,69.980179
0.600000,170.000000,72.030975,71.980156
0.600000,172.000000,74.030769,73.980148
0.600000,174.000000,76.030182,75.980133
0.600000,176.000000,78.029167,77.980133
0.600000,178.000000,80.027725,79.980148
0.600000,180.000000,82.025826,81.980133
0.600000,182.000000,84.023468,83.980133
0.600000,184.000000,86.020645,85.980133
0.600000,186.000000,88.017326,87.980141
0.600000,188.000000,90.013527,89.980125
0.600000,190.000000,92.009224,91.980141
0.600000,192.000000,94.004425,93.980148
0.600000,194.000000,95.999123,95.980141
0.600000,196.000000,97.993301,97.980133
0.600000,198.000000,99.986977,99.980133
0.600000,200.000000,101.980133,101.980133
0.610000,0.000000,0.000000,0.000000
0.610000,2.000000,-0.004530,0.000000
0.610000,4.000000,-0.008579,0.000000
0.610000,6.000000,-0.012145,0.000000
0.610000,8.000000,-0.015231,0.000000
0.610000,10.000000,-0.017835,0.000000
0.610000,12.000000,-0.019957,0.000000
0.610000,14.000000,-0.021597,0.000000
0.610000,16.000000,-0.022756,0.000000
0.610000,18.000000,-0.023433,0.000000
0.610000,20.000000,-0.023628,0.000000
0.610000,22.000000,-0.023341,0.000000
0.610000,24.000000,-0.022573,0.000000
0.610000,26.000000,-0.021323,0.000000
0.610000,28.000000,-0.019591,0.000000
0.610000,30.000000,-0.017377,0.000000
0.610000,32.000000,-0.014680,0.000000
0.610000,34.000000,-0.011502,0.000000
0.610000,36.000000,-0.007841,0.000000
0.610000,38.000000,-0.003698,0.000000
0.610000,40.000000,0.000928,0.000000
0.610000,42.000000,0.006038,0.000000
0.610000,44.000000,0.011632,0.000000
0.610000,46.000000,0.017710,0.000000
0.610000,48.000000,0.024275,0.000000
0.610000,50.000000,0.031330,0.000000
0.610000,52.000000,0.038876,-0.000001
0.610000,54.000000,0.046920,0.000002
0.610000,56.000000,0.055472,0.000006
0.610000,58.000000,0.064545,0.000028
0.610000,60.000000,0.074164,0.000091
0.610000,62.000000,0.084373,0.000283
0.610000,64.000000,0.095245,0.000799
0.610000,66.000000,0.106909,0.002071
0.610000,68.000000,0.119600,0.004943
0.610000,70.000000,0.133738,0.010967
0.610000,72.000000,0.150087,0.022755
0.610000,74.000000,0.170018,0.044385
0.610000,76.000000,0.195941,0.081818
0.610000,78.000000,0.231886,0.143178
0.610000,80.000000,0.284075,0.238877
0.610000,82.000000,0.361095,0.381428
0.610000,84.000000,0.473576,0.584987
0.610000,86.000000,0.634444,0.864591
0.610000,88.000000,0.860536,1.235206
0.610000,90.000000,1.173295,1.710652
0.610000,92.000000,1.594910,2.302623
0.610000,94.000000,2.142021,3.019852
0.610000,96.000000,2.835524,3.867579
0.610000,98.000000,3.715071,4.847309
0.610000,100.000000,4.920732,5.956929
0.610000,102.000000,6.430000,7.191073
0.610000,104.000000,7.937206,8.541715
0.610000,106.000000,9.493270,9.998857
0.610000,108.000000,11.152005,11.551273
0.610000,110.000000,12.902102,13.187190
0.610000,112.000000,14.715586,14.894898
0.610000,114.000000,16.569494,16.663206
0.610000,116.000000,18.452095,18.481785
0.610000,118.000000,20.356964,20.341393
0.610000,120.000000,22.279543,22.233997
0.610000,122.000000,24.216444,24.152737
0.610000,124.000000,26.165014,26.091888
0.610000,126.000000,28.123055,28.046783
0.610000,128.000000,30.088739,30.013672
0.610000,130.000000,32.060661,31.989594
0.610000,132.000000,34.037792,33.972229
0.610000,134.000000,36.019382,35.959820
0.610000,136.000000,38.004841,37.951027
0.610000,138.000000,39.993664,39.944832
0.610000,140.000000,41.985355,41.940502
0.610000,142.000000,43.979462,43.937515
0.610000,144.000000,45.975544,45.935448
0.610000,146.000000,47.973202,47.934025
0.610000,148.000000,49.972076,49.933060
0.610000,150.000000,51.971870,51.932411
0.610000,152.000000,53.972324,53.931973
0.610000,154.000000,55.973217,55.931686
0.610000,156.000000,57.974369,57.931488
0.610000,158.000000,59.975647,59.931355
0.610000,160.000000,61.976921,61.931278
0.610000,162.000000,63.978104,63.931221
0.610000,164.000000,65.979111,65.931175
0.610000,166.000000,67.979889,67.931152
0.610000,168.000000,69.980392,69.931145
0.610000,170.000000,71.980568,71.931129
0.610000,172.000000,73.980377,73.931122
0.610000,174.000000,75.979813,75.931114
0.610000,176.000000,77.978836,77.931114
0.610000,178.000000,79.977440,79.931122
0.610000,180.000000,81.975594,81.931122
0.610000,182.000000,83.973312,83.931114
0.610000,184.000000,85.970558,85.931122
0.610000,186.000000,87.967339,87.931114
0.610000,188.000000,89.963638,89.931122
0.610000,190.000000,91.959450,91.931129
0.610000,192.000000,93.954773,93.931122
0.610000,194.000000,95.949615,95.931114
0.610000,196.000000,97.943947,97.931114
0.610000,198.000000,99.937782,99.931114
0.610000,200.000000,101.931114,101.931114
0.620000,0.000000,0.000000,0.000000
0.620000,2.000000,-0.004410,0.000000
0.620000,4.000000,-0.008349,0.000000
0.620000,6.000000,-0.011820,0.000000
0.620000,8.000000,-0.014822,0.000000
0.620000,10.000000,-0.017354,0.000000
0.620000,12.000000,-0.019417,0.000000
0.620000,14.000000,-0.021011,0.000000
0.620000,16.000000,-0.022135,0.000000
0.620000,18.000000,-0.022790,0.000000
0.620000,20.000000,-0.022976,0.000000
0.620000,22.000000,-0.022692,0.000000
0.620000,24.000000,-0.021938,0.000000
0.620000,26.000000,-0.020716,0.000000
0.620000,28.000000,-0.019023,0.000000
0.620000,30.000000,-0.016861,0.000000
0.620000,32.000000,-0.014229,0.000000
0.620000,34.000000,-0.011128,0.000000
0.620000,36.000000,-0.007556,0.000000
0.620000,38.000000,-0.003515,0.000000
0.620000,40.000000,0.000997,0.000000
0.620000,42.000000,0.005980,0.000000
0.620000,44.000000,0.011435,0.000000
0.620000,46.000000,0.017362,0.000000
0.620000,48.000000,0.023764,0.000000
0.620000,50.000000,0.030641,-0.000001
0.620000,52.000000,0.037997,0.000001
0.620000,54.000000,0.045839,-0.000000
0.620000,56.000000,0.054173,0.000006
0.620000,58.000000,0.063015,0.000020
0.620000,60.000000,0.072387,0.000072
0.620000,62.000000,0.082329,0.000225
0.620000,64.000000,0.092911,0.000653
0.620000,66.000000,0.104254,0.001726
0.620000,68.000000,0.116576,0.004209
0.620000,70.000000,0.130270,0.009517
0.620000,72.000000,0.146052,0.020076
0.620000,74.000000,0.165204,0.039759
0.620000,76.000000,0.189986,0.074295
0.620000,78.000000,0.224197,0.131604
0.620000,80.000000,0.273748,0.221974
0.620000,82.000000,0.346905,0.357903
0.620000,84.000000,0.454044,0.553664
0.620000,86.000000,0.607885,0.824575
0.620000,88.000000,0.825013,1.185995
0.620000,90.000000,1.126803,1.652229
0.620000,92.000000,1.536168,2.235479
0.620000,94.000000,2.070736,2.944959
0.620000,96.000000,2.751695,3.786288
0.620000,98.000000,3.619641,4.761230
0.620000,100.000000,4.817088,5.867782
0.620000,102.000000,6.327164,7.100565
0.620000,104.000000,7.841255,8.451387
0.620000,106.000000,9.404378,9.910028
0.620000,108.000000,11.069551,11.464981
0.620000,110.000000,12.825301,13.104153
0.620000,112.000000,14.643475,14.815548
0.620000,114.000000,16.501278,16.587696
0.620000,116.000000,18.387135,18.410091
0.620000,118.000000,20.294691,20.273325
0.620000,120.000000,22.219481,22.169231
0.620000,122.000000,24.158194,24.090914
0.620000,124.000000,26.108253,26.032597
0.620000,126.000000,28.067518,27.989660
0.620000,128.000000,30.034214,29.958328
0.620000,130.000000,32.006981,31.935692
0.620000,132.000000,33.984818,33.919491
0.620000,134.000000,35.966995,35.907990
0.620000,136.000000,37.952946,37.899902
0.620000,138.000000,39.942165,39.894257
0.620000,140.000000,41.934170,41.890339
0.620000,142.000000,43.928524,43.887650
0.620000,144.000000,45.924789,45.885818
0.620000,146.000000,47.922585,47.884560
0.620000,148.000000,49.921551,49.883717
0.620000,150.000000,51.921406,51.883160
0.620000,152.000000,53.921894,53.882774
0.620000,154.000000,55.922798,55.882538
0.620000,156.000000,57.923962,57.882374
0.620000,158.000000,59.925232,59.882275
0.620000,160.000000,61.926502,61.882195
0.620000,162.000000,63.927673,63.882145
0.620000,164.000000,65.928680,65.882111
0.620000,166.000000,67.929451,67.882095
0.620000,168.000000,69.929947,69.882080
0.620000,170.000000,71.930130,71.882080
0.620000,172.000000,73.929970,73.882080
0.620000,174.000000,75.929420,75.882065
0.620000,176.000000,77.928482,77.882065
0.620000,178.000000,79.927132,79.882072
0.620000,180.000000,81.925346,81.882072
0.620000,182.000000,83.923119,83.882057
0.620000,184.000000,85.920448,85.882065
0.620000,186.000000,87.917313,87.882057
0.620000,188.000000,89.913719,89.882072
0.620000,190.000000,91.909645,91.882072
0.620000,192.000000,93.905098,93.882065
0.620000,194.000000,95.900063,95.882065
0.620000,196.000000,97.894554,97.882065
0.620000,198.000000,99.888557,99.882065
0.620000,200.000000,101.882065,101.882065
0.630000,0.000000,0.000000,0.000000
0.630000,2.000000,-0.004289,0.000000
0.630000,4.000000,-0.008120,0.000000
0.630000,6.000000,-0.011495,0.000000
0.630000,8.000000,-0.014413,0.000000
0.630000,10.000000,-0.016875,0.000000
0.630000,12.000000,-0.018879,0.000000
0.630000,14.000000,-0.020426,0.000000
0.630000,16.000000,-0.021516,0.000000
0.630000,18.000000,-0.022149,0.000000
0.630000,20.000000,-0.022326,0.000000
0.630000,22.000000,-0.022045,0.000000
0.630000,24.000000,-0.021306,0.000000
0.630000,26.000000,-0.020111,0.000000
0.630000,28.000000,-0.018459,0.000000
0.630000,30.000000,-0.016349,0.000000
0.630000,32.000000,-0.013782,0.000000
0.630000,34.000000,-0.010758,0.000000
0.630000,36.000000,-0.007276,0.000000
0.630000,38.000000,-0.003336,0.000000
0.630000,40.000000,0.001062,0.000000
0.630000,42.000000,0.005918,0.000000
0.630000,44.000000,0.011234,0.000000
0.630000,46.000000,0.017009,0.000000
0.630000,48.000000,0.023246,0.000000
0.630000,50.000000,0.029946,0.000001
0.630000,52.000000,0.037113,0.000000
0.630000,54.000000,0.044751,0.000000
0.630000,56.000000,0.052869,0.000005
0.630000,58.000000,0.061479,0.000016
0.630000,60.000000,0.070604,0.000055
0.630000,62.000000,0.080280,0.000180
0.630000,64.000000,0.090573,0.000528
0.630000,66.000000,0.101596,0.001428
0.630000,68.000000,0.113554,0.003557
0.630000,70.000000,0.126813,0.008199
0.630000,72.000000,0.142041,0.017608
0.630000,74.000000,0.160438,0.035431
0.630000,76.000000,0.184122,0.067161
0.630000,78.000000,0.216669,0.120513
0.630000,80.000000,0.263689,0.205612
0.630000,82.000000,0.333116,0.334921
0.630000,84.000000,0.435061,0.522839
0.630000,86.000000,0.582016,0.784936
0.630000,88.000000,0.790298,1.136981
0.630000,90.000000,1.081165,1.593786
0.630000,92.000000,1.478173,2.168085
0.630000,94.000000,1.999969,2.869586
0.630000,96.000000,2.668072,3.704329
0.630000,98.000000,3.524040,4.674354
0.630000,100.000000,4.712989,5.777782
0.630000,102.000000,6.223932,7.009202
0.630000,104.000000,7.745171,8.360281
0.630000,106.000000,9.315553,9.820529
0.630000,108.000000,10.987262,11.378147
0.630000,110.000000,12.748693,13.020721
0.630000,112.000000,14.571548,14.735941
0.630000,114.000000,16.433231,16.512085
0.630000,116.000000,18.322317,18.338402
0.630000,118.000000,20.232546,20.205347
0.630000,120.000000,22.159531,22.104626
0.630000,122.000000,24.100044,24.029270
0.630000,124.000000,26.051580,25.973532
0.630000,126.000000,28.012056,27.932735
0.630000,128.000000,29.979755,29.903175
0.630000,130.000000,31.953356,31.881977
0.630000,132.000000,33.931892,33.866905
0.630000,134.000000,35.914654,35.856304
0.630000,136.000000,37.901085,37.848892
0.630000,138.000000,39.890694,39.843765
0.630000,140.000000,41.883015,41.840244
0.630000,142.000000,43.877605,43.837845
0.630000,144.000000,45.874050,45.836216
0.630000,146.000000,47.871971,47.835121
0.630000,148.000000,49.871029,49.834393
0.630000,150.000000,51.870941,51.833904
0.630000,152.000000,53.871460,53.833588
0.630000,154.000000,55.872379,55.833374
0.630000,156.000000,57.873543,57.833237
0.630000,158.000000,59.874805,59.833149
0.630000,160.000000,61.876064,61.833092
0.630000,162.000000,63.877228,63.833065
0.630000,164.000000,65.878227,65.833031
0.630000,166.000000,67.878998,67.833015
0.630000,168.000000,69.879494,69.833008
0.630000,170.000000,71.879684,71.833000
0.630000,172.000000,73.879532,73.833000
0.630000,174.000000,75.879013,75.832985
0.630000,176.000000,77.878113,77.832993
0.630000,178.000000,79.876801,79.833000
0.630000,180.000000,81.875076,81.832985
0.630000,182.000000,83.872917,83.832993
0.630000,184.000000,85.870323,85.832985
0.630000,186.000000,87.867271,87.833000
0.630000,188.000000,89.863777,89.833000
0.630000,190.000000,91.859818,91.832993
0.630000,192.000000,93.855400,93.832993
0.630000,194.000000,95.850502,95.832993
0.630000,196.000000,97.845146,97.832993
0.630000,198.000000,99.839302,99.832993
0.630000,200.000000,101.832993,101.832993
0.640000,0.000000,0.000000,0.000000
0.640000,2.000000,-0.004169,0.000000
0.640000,4.000000,-0.007892,0.000000
0.640000,6.000000,-0.011171,0.000000
0.640000,8.000000,-0.014006,0.000000
0.640000,10.000000,-0.016396,0.000000
0.640000,12.000000,-0.018342,0.000000
0.640000,14.000000,-0.019843,0.000000
0.640000,16.000000,-0.020899,0.000000
0.640000,18.000000,-0.021511,0.000000
0.640000,20.000000,-0.021678,0.000000
0.640000,22.000000,-0.021400,0.000000
0.640000,24.000000,-0.020677,0.000000
0.640000,26.000000,-0.019510,0.000000
0.640000,28.000000,-0.017898,0.000000
0.640000,30.000000,-0.015841,0.000000
0.640000,32.000000,-0.013339,0.000000
0.640000,34.000000,-0.010392,0.000000
0.640000,36.000000,-0.006999,0.000000
0.640000,38.000000,-0.003162,0.000000
0.640000,40.000000,0.001122,0.000000
0.640000,42.000000,0.005851,0.000000
0.640000,44.000000,0.011027,0.000000
0.640000,46.000000,0.016651,0.000000
0.640000,48.000000,0.022723,0.000000
0.640000,50.000000,0.029246,0.000000
0.640000,52.000000,0.036223,0.000002
0.640000,54.000000,0.043658,-0.000001
0.640000,56.000000,0.051559,0.000001
0.640000,58.000000,0.059938,0.000012
0.640000,60.000000,0.068815,0.000041
0.640000,62.000000,0.078226,0.000137
0.640000,64.000000,0.088231,0.000423
0.640000,66.000000,0.098937,0.001172
0.640000,68.000000,0.110534,0.002981
0.640000,70.000000,0.123365,0.007014
0.640000,72.000000,0.138052,0.015347
0.640000,74.000000,0.155718,0.031402
0.640000,76.000000,0.178345,0.060430
0.640000,78.000000,0.209296,0.109909
0.640000,80.000000,0.253886,0.189798
0.640000,82.000000,0.319717,0.312508
0.640000,84.000000,0.416615,0.492527
0.640000,86.000000,0.556828,0.745696
0.640000,88.000000,0.756389,1.088189
0.640000,90.000000,1.036395,1.535337
0.640000,92.000000,1.420951,2.100436
0.640000,94.000000,1.929749,2.793729
0.640000,96.000000,2.584680,3.621688
0.640000,98.000000,3.428288,4.586650
0.640000,100.000000,4.608444,5.686895
0.640000,102.000000,6.120302,6.916944
0.640000,104.000000,7.648944,8.268338
0.640000,106.000000,9.226788,9.730316
0.640000,108.000000,10.905135,11.290754
0.640000,110.000000,12.672269,12.936887
0.640000,112.000000,14.499798,14.656090
0.640000,114.000000,16.365347,16.436373
0.640000,116.000000,18.257648,18.266737
0.640000,118.000000,20.170528,20.137470
0.640000,120.000000,22.099689,22.040180
0.640000,122.000000,24.041986,23.967848
0.640000,124.000000,25.994989,25.914677
0.640000,126.000000,27.956669,27.876030
0.640000,128.000000,29.925364,29.848228
0.640000,130.000000,31.899790,31.828444
0.640000,132.000000,33.879017,33.814491
0.640000,134.000000,35.862354,35.804745
0.640000,136.000000,37.849262,37.797993
0.640000,138.000000,39.839252,39.793369
0.640000,140.000000,41.831879,41.790207
0.640000,142.000000,43.826702,43.788074
0.640000,144.000000,45.823318,45.786644
0.640000,146.000000,47.821365,47.785702
0.640000,148.000000,49.820511,49.785069
0.640000,150.000000,51.820473,51.784653
0.640000,152.000000,53.821022,53.784386
0.640000,154.000000,55.821953,55.784206
0.640000,156.000000,57.823120,57.784100
0.640000,158.000000,59.824375,59.784023
0.640000,160.000000,61.825623,61.783981
0.640000,162.000000,63.826775,63.783951
0.640000,164.000000,65.827766,65.783928
0.640000,166.000000,67.828529,67.783920
0.640000,168.000000,69.829025,69.783920
0.640000,170.000000,71.829224,71.783905
0.640000,172.000000,73.829086,73.783897
0.640000,174.000000,75.828598,75.783897
0.640000,176.000000,77.827721,77.783897
0.640000,178.000000,79.826454,79.783897
0.640000,180.000000,81.824776,81.783905
0.640000,182.000000,83.822685,83.783890
0.640000,184.000000,85.820168,85.783905
0.640000,186.000000,87.817215,87.783905
0.640000,188.000000,89.813820,89.783897
0.640000,190.000000,91.809975,91.783897
0.640000,192.000000,93.805672,93.783897
0.640000,194.000000,95.800919,95.783897
0.640000,196.000000,97.795715,97.783897
0.640000,198.000000,99.790039,99.783897
0.640000,200.000000,101.783897,101.783897
0.650000,0.000000,0.000000,0.000000
0.650000,2.000000,-0.004049,0.000000
0.650000,4.000000,-0.007664,0.000000
0.650000,6.000000,-0.010848,0.000000
0.650000,8.000000,-0.013600,0.000000
0.650000,10.000000,-0.015920,0.000000
0.650000,12.000000,-0.017807,0.000000
0.650000,14.000000,-0.019262,0.000000
0.650000,16.000000,-0.020285,0.000000
0.650000,18.000000,-0.020875,0.000000
0.650000,20.000000,-0.021033,0.000000
0.650000,22.000000,-0.020758,0.000000
0.650000,24.000000,-0.020052,0.000000
0.650000,26.000000,-0.018913,0.000000
0.650000,28.000000,-0.017341,0.000000
0.650000,30.000000,-0.015337,0.000000
0.650000,32.000000,-0.012900,0.000000
0.650000,34.000000,-0.010031,0.000000
0.650000,36.000000,-0.006728,0.000000
0.650000,38.000000,-0.002993,0.000000
0.650000,40.000000,0.001176,0.000000
0.650000,42.000000,0.005778,0.000000
0.650000,44.000000,0.010814,0.000000
0.650000,46.000000,0.016286,0.000000
0.650000,48.000000,0.022193,0.000000
0.650000,50.000000,0.028539,0.000000
0.650000,52.000000,0.035325,0.000000
0.650000,54.000000,0.042557,0.000001
0.650000,56.000000,0.050241,0.000002
0.650000,58.000000,0.058388,0.000008
0.650000,60.000000,0.067019,0.000029
0.650000,62.000000,0.076165,0.000104
0.650000,64.000000,0.085883,0.000332
0.650000,66.000000,0.096274,0.000946
0.650000,68.000000,0.107513,0.002476
0.650000,70.000000,0.119922,0.005953
0.650000,72.000000,0.134081,0.013281
0.650000,74.000000,0.151038,0.027667
0.650000,76.000000,0.172647,0.054094
0.650000,78.000000,0.202068,0.099800
0.650000,80.000000,0.244325,0.174552
0.650000,82.000000,0.306691,0.290683
0.650000,84.000000,0.398691,0.462761
0.650000,86.000000,0.532311,0.706883
0.650000,88.000000,0.723282,1.039634
0.650000,90.000000,0.992498,1.476889
0.650000,92.000000,1.364522,2.032531
0.650000,94.000000,1.860101,2.717363
0.650000,96.000000,2.501544,3.538329
0.650000,98.000000,3.332397,4.498092
0.650000,100.000000,4.503460,5.595054
0.650000,102.000000,6.016269,6.823763
0.650000,104.000000,7.552567,8.175547
0.650000,106.000000,9.138073,9.639372
0.650000,108.000000,10.823161,11.202779
0.650000,110.000000,12.596022,12.852650
0.650000,112.000000,14.428220,14.576010
0.650000,114.000000,16.297619,16.360573
0.650000,116.000000,18.193117,18.195095
0.650000,118.000000,20.108631,20.069714
0.650000,120.000000,22.039951,21.975920
0.650000,122.000000,23.984022,23.906624
0.650000,124.000000,25.938477,25.856049
0.650000,126.000000,27.901350,27.819544
0.650000,128.000000,29.871029,29.793488
0.650000,130.000000,31.846275,31.775089
0.650000,132.000000,33.826187,33.762222
0.650000,134.000000,35.810089,35.753304
0.650000,136.000000,37.797466,37.747196
0.650000,138.000000,39.787834,39.743038
0.650000,140.000000,41.780758,41.740227
0.650000,142.000000,43.775810,43.738354
0.650000,144.000000,45.772598,45.737106
0.650000,146.000000,47.770763,47.736279
0.650000,148.000000,49.769985,49.735752
0.650000,150.000000,51.770000,51.735401
0.650000,152.000000,53.770576,53.735161
0.650000,154.000000,55.771515,55.735023
0.650000,156.000000,57.772678,57.734928
0.650000,158.000000,59.773926,59.734867
0.650000,160.000000,61.775162,61.734829
0.650000,162.000000,63.776302,63.734810
0.650000,164.000000,65.777275,65.734795
0.650000,166.000000,67.778030,67.734779
0.650000,168.000000,69.778534,69.734772
0.650000,170.000000,71.778732,71.734787
0.650000,172.000000,73.778610,73.734772
0.650000,174.000000,75.778145,75.734779
0.650000,176.000000,77.777298,77.734779
0.650000,178.000000,79.776077,79.734779
0.650000,180.000000,81.774460,81.734772
0.650000,182.000000,83.772438,83.734779
0.650000,184.000000,85.769997,85.734787
0.650000,186.000000,87.767120,87.734779
0.650000,188.000000,89.763824,89.734772
0.650000,190.000000,91.760094,91.734772
0.650000,192.000000,93.755928,93.734772
0.650000,194.000000,95.751312,95.734772
0.650000,196.000000,97.746246,97.734772
0.650000,198.000000,99.740730,99.734772
0.650000,200.000000,101.734772,101.734772
0.660000,0.000000,0.000000,0.000000
0.660000,2.000000,-0.003929,0.000000
0.660000,4.000000,-0.007437,0.000000
0.660000,6.000000,-0.010526,0.000000
0.660000,8.000000,-0.013195,0.000000
0.660000,10.000000,-0.015444,0.000000
0.660000,12.000000,-0.017273,0.000000
0.660000,14.000000,-0.018682,0.000000
0.660000,16.000000,-0.019671,0.000000
0.660000,18.000000,-0.020240,0.000000
0.660000,20.000000,-0.020390,0.000000
0.660000,22.000000,-0.020119,0.000000
0.660000,24.000000,-0.019428,0.000000
0.660000,26.000000,-0.018317,0.000000
0.660000,28.000000,-0.016786,0.000000
0.660000,30.000000,-0.014835,0.000000
0.660000,32.000000,-0.012464,0.000000
0.660000,34.000000,-0.009672,0.000000
0.660000,36.000000,-0.006460,0.000000
0.660000,38.000000,-0.002827,0.000000
0.660000,40.000000,0.001226,0.000000
0.660000,42.000000,0.005701,0.000000
0.660000,44.000000,0.010598,0.000000
0.660000,46.000000,0.015917,0.000000
0.660000,48.000000,0.021660,0.000000
0.660000,50.000000,0.027828,0.000000
0.660000,52.000000,0.034424,-0.000001
0.660000,54.000000,0.041452,0.000001
0.660000,56.000000,0.048919,0.000002
0.660000,58.000000,0.056835,0.000004
0.660000,60.000000,0.065219,0.000021
0.660000,62.000000,0.074101,0.000078
0.660000,64.000000,0.083533,0.000257
0.660000,66.000000,0.093610,0.000760
0.660000,68.000000,0.104496,0.002034
0.660000,70.000000,0.116490,0.005010
0.660000,72.000000,0.130133,0.011410
0.660000,74.000000,0.146401,0.024220
0.660000,76.000000,0.167030,0.048155
0.660000,78.000000,0.194981,0.090193
0.660000,80.000000,0.235002,0.159887
0.660000,82.000000,0.294033,0.269473
0.660000,84.000000,0.381284,0.433571
0.660000,86.000000,0.508462,0.668529
0.660000,88.000000,0.690982,0.991356
0.660000,90.000000,0.949491,1.418470
0.660000,92.000000,1.308917,1.964379
0.660000,94.000000,1.791059,2.640487
0.660000,96.000000,2.418694,3.454236
0.660000,98.000000,3.236398,4.408638
0.660000,100.000000,4.398054,5.502262
0.660000,102.000000,5.911837,6.729618
0.660000,104.000000,7.456037,8.081866
0.660000,106.000000,9.049412,9.547679
0.660000,108.000000,10.741343,11.114223
0.660000,110.000000,12.519956,12.768013
0.660000,112.000000,14.356818,14.495701
0.660000,114.000000,16.230051,16.284683
0.660000,116.000000,18.128727,18.123512
0.660000,118.000000,20.046856,20.002102
0.660000,120.000000,21.980324,21.911858
0.660000,122.000000,23.926151,23.845644
0.660000,124.000000,25.882048,25.797668
0.660000,126.000000,27.846104,27.763308
0.660000,128.000000,29.816761,29.738976
0.660000,130.000000,31.792818,31.721935
0.660000,132.000000,33.773403,33.710117
0.660000,134.000000,35.757874,35.702007
0.660000,136.000000,37.745708,37.696503
0.660000,138.000000,39.736450,39.692791
0.660000,140.000000,41.729664,41.690308
0.660000,142.000000,43.724937,43.688667
0.660000,144.000000,45.721889,45.687592
0.660000,146.000000,47.720169,47.686886
0.660000,148.000000,49.719471,49.686420
0.660000,150.000000,51.719528,51.686127
0.660000,152.000000,53.720127,53.685947
0.660000,154.000000,55.721077,55.685825
0.660000,156.000000,57.722233,57.685753
0.660000,158.000000,59.723473,59.685711
0.660000,160.000000,61.724689,61.685684
0.660000,162.000000,63.725819,63.685658
0.660000,164.000000,65.726784,65.685646
0.660000,166.000000,67.727531,67.685646
0.660000,168.000000,69.728035,69.685631
0.660000,170.000000,71.728233,71.685646
0.660000,172.000000,73.728134,73.685638
0.660000,174.000000,75.727684,75.685631
0.660000,176.000000,77.726868,77.685623
0.660000,178.000000,79.725693,79.685631
0.660000,180.000000,81.724129,81.685623
0.660000,182.000000,83.722160,83.685638
0.660000,184.000000,85.719803,85.685638
0.660000,186.000000,87.717018,87.685631
0.660000,188.000000,89.713829,89.685631
0.660000,190.000000,91.710205,91.685631
0.660000,192.000000,93.706154,93.685631
0.660000,194.000000,95.701683,95.685631
0.660000,196.000000,97.696762,97.685631
0.660000,198.000000,99.691422,99.685631
0.660000,200.000000,101.685631,101.685631
0.670000,0.000000,0.000000,0.000000
0.670000,2.000000,-0.003809,0.000000
0.670000,4.000000,-0.007210,0.000000
0.670000,6.000000,-0.010204,0.000000
0.670000,8.000000,-0.012790,0.000000
0.670000,10.000000,-0.014969,0.000000
0.670000,12.000000,-0.016740,0.000000
0.670000,14.000000,-0.018103,0.000000
0.670000,16.000000,-0.019059,0.000000
0.670000,18.000000,-0.019608,0.000000
0.670000,20.000000,-0.019749,0.000000
0.670000,22.000000,-0.019482,0.000000
0.670000,24.000000,-0.018807,0.000000
0.670000,26.000000,-0.017725,0.000000
0.670000,28.000000,-0.016235,0.000000
0.670000,30.000000,-0.014337,0.000000
0.670000,32.000000,-0.012031,0.000000
0.670000,34.000000,-0.009317,0.000000
0.670000,36.000000,-0.006196,0.000000
0.670000,38.000000,-0.002666,0.000000
0.670000,40.000000,0.001273,0.000000
0.670000,42.000000,0.005620,0.000000
0.670000,44.000000,0.010377,0.000000
0.670000,46.000000,0.015543,0.000000
0.670000,48.000000,0.021121,0.000000
0.670000,50.000000,0.027111,0.000000
0.670000,52.000000,0.033517,0.000002
0.670000,54.000000,0.040341,0.000001
0.670000,56.000000,0.047591,-0.000000
0.670000,58.000000,0.055276,0.000004
0.670000,60.000000,0.063413,0.000017
0.670000,62.000000,0.072031,0.000060
0.670000,64.000000,0.081179,0.000199
0.670000,66.000000,0.090944,0.000601
0.670000,68.000000,0.101480,0.001653
0.670000,70.000000,0.113064,0.004174
0.670000,72.000000,0.126202,0.009723
0.670000,74.000000,0.141803,0.021051
0.670000,76.000000,0.161486,0.042613
0.670000,78.000000,0.188027,0.081093
0.670000,80.000000,0.225904,0.145824
0.670000,82.000000,0.281725,0.248901
0.670000,84.000000,0.364377,0.404991
0.670000,86.000000,0.485269,0.630667
0.670000,88.000000,0.659483,0.943368
0.670000,90.000000,0.907378,1.360088
0.670000,92.000000,1.254158,1.895981
0.670000,94.000000,1.722650,2.563082
0.670000,96.000000,2.336158,3.369377
0.670000,98.000000,3.140310,4.318251
0.670000,100.000000,4.292234,5.408454
0.670000,102.000000,5.807002,6.634468
0.670000,104.000000,7.359344,7.987265
0.670000,106.000000,8.960791,9.455215
0.670000,108.000000,10.659667,11.025074
0.670000,110.000000,12.444060,12.682970
0.670000,112.000000,14.285583,14.415170
0.670000,114.000000,16.162636,16.208744
0.670000,116.000000,18.064472,18.051994
0.670000,118.000000,19.985201,19.934658
0.670000,120.000000,21.920797,21.848043
0.670000,122.000000,23.868374,23.784935
0.670000,124.000000,25.825699,25.739553
0.670000,126.000000,27.790928,27.707321
0.670000,128.000000,29.762554,29.684685
0.670000,130.000000,31.739418,31.668970
0.670000,132.000000,33.720673,33.658180
0.670000,134.000000,35.705696,35.650845
0.670000,136.000000,37.693985,37.645916
0.670000,138.000000,39.685089,39.642616
0.670000,140.000000,41.678589,41.640442
0.670000,142.000000,43.674084,43.639030
0.670000,144.000000,45.671192,45.638088
0.670000,146.000000,47.669586,47.637493
0.670000,148.000000,49.668961,49.637115
0.670000,150.000000,51.669060,51.636864
0.670000,152.000000,53.669678,53.636707
0.670000,154.000000,55.670631,55.636627
0.670000,156.000000,57.671780,57.636559
0.670000,158.000000,59.673008,59.636524
0.670000,160.000000,61.674213,61.636513
0.670000,162.000000,63.675323,63.636490
0.670000,164.000000,65.676277,65.636482
0.670000,166.000000,67.677017,67.636475
0.670000,168.000000,69.677513,69.636475
0.670000,170.000000,71.677727,71.636475
0.670000,172.000000,73.677628,73.636475
0.670000,174.000000,75.677200,75.636475
0.670000,176.000000,77.676430,77.636467
0.670000,178.000000,79.675293,79.636459
0.670000,180.000000,81.673775,81.636475
0.670000,182.000000,83.671875,83.636475
0.670000,184.000000,85.669586,85.636467
0.670000,186.000000,87.666893,87.636467
0.670000,188.000000,89.663795,89.636467
0.670000,190.000000,91.660294,91.636467
0.670000,192.000000,93.656372,93.636467
0.670000,194.000000,95.652031,95.636467
0.670000,196.000000,97.647263,97.636467
0.670000,198.000000,99.642082,99.636467
0.670000,200.000000,101.636467,101.636467
0.680000,0.000000,0.000000,0.000000
0.680000,2.000000,-0.003690,0.000000
0.680000,4.000000,-0.006984,0.000000
0.680000,6.000000,-0.009883,0.000000
0.680000,8.000000,-0.012387,0.000000
0.680000,10.000000,-0.014496,0.000000
0.680000,12.000000,-0.016209,0.000000
0.680000,14.000000,-0.017528,0.000000
0.680000,16.000000,-0.018451,0.000000
0.680000,18.000000,-0.018979,0.000000
0.680000,20.000000,-0.019111,0.000000
0.680000,22.000000,-0.018849,0.000000
0.680000,24.000000,-0.018191,0.000000
0.680000,26.000000,-0.017137,0.000000
0.680000,28.000000,-0.015688,0.000000
0.680000,30.000000,-0.013844,0.000000
0.680000,32.000000,-0.011605,0.000000
0.680000,34.000000,-0.008969,0.000000
0.680000,36.000000,-0.005938,0.000000
0.680000,38.000000,-0.002511,0.000000
0.680000,40.000000,0.001311,0.000000
0.680000,42.000000,0.005531,0.000000
0.680000,44.000000,0.010147,0.000000
0.680000,46.000000,0.015161,0.000000
0.680000,48.000000,0.020573,0.000000
0.680000,50.000000,0.026385,0.000000
0.680000,52.000000,0.032600,0.000000
0.680000,54.000000,0.039220,0.000002
0.680000,56.000000,0.046253,-0.000000
0.680000,58.000000,0.053706,0.000001
0.680000,60.000000,0.061597,0.000010
0.680000,62.000000,0.069951,0.000043
0.680000,64.000000,0.078815,0.000149
0.680000,66.000000,0.088270,0.000472
0.680000,68.000000,0.098458,0.001330
0.680000,70.000000,0.109640,0.003445
0.680000,72.000000,0.122283,0.008214
0.680000,74.000000,0.137235,0.018160
0.680000,76.000000,0.156005,0.037463
0.680000,78.000000,0.181193,0.072509
0.680000,80.000000,0.217013,0.132367
0.680000,82.000000,0.269748,0.228986
0.680000,84.000000,0.347951,0.377044
0.680000,86.000000,0.462715,0.593333
0.680000,88.000000,0.628772,0.895708
0.680000,90.000000,0.866160,1.301764
0.680000,92.000000,1.200259,1.827335
0.680000,94.000000,1.654898,2.485132
0.680000,96.000000,2.253955,3.283718
0.680000,98.000000,3.044144,4.226883
0.680000,100.000000,4.186006,5.313572
0.680000,102.000000,5.701756,6.538253
0.680000,104.000000,7.262475,7.891701
0.680000,106.000000,8.872198,9.361931
0.680000,108.000000,10.578125,10.935302
0.680000,110.000000,12.368321,12.597507
0.680000,112.000000,14.214500,14.334423
0.680000,114.000000,16.095362,16.132753
0.680000,116.000000,18.000343,17.980553
0.680000,118.000000,19.923653,19.867390
0.680000,120.000000,21.861362,21.784439
0.680000,122.000000,23.810671,23.724482
0.680000,124.000000,25.769417,25.681707
0.680000,126.000000,27.735811,27.651583
0.680000,128.000000,29.708399,29.630623
0.680000,130.000000,31.686060,31.616199
0.680000,132.000000,33.667980,33.606400
0.680000,134.000000,35.653549,35.599792
0.680000,136.000000,37.642288,37.595398
0.680000,138.000000,39.633747,39.592506
0.680000,140.000000,41.627525,41.590618
0.680000,142.000000,43.623230,43.589390
0.680000,144.000000,45.620495,45.588600
0.680000,146.000000,47.618992,47.588097
0.680000,148.000000,49.618435,49.587780
0.680000,150.000000,51.618576,51.587582
0.680000,152.000000,53.619213,53.587471
0.680000,154.000000,55.620171,55.587383
0.680000,156.000000,57.621311,57.587341
0.680000,158.000000,59.622520,59.587315
0.680000,160.000000,61.623711,61.587296
0.680000,162.000000,63.624805,63.587280
0.680000,164.000000,65.625740,65.587273
0.680000,166.000000,67.626472,67.587273
0.680000,168.000000,69.626968,69.587273
0.680000,170.000000,71.627182,71.587273
0.680000,172.000000,73.627098,73.587265
0.680000,174.000000,75.626694,75.587273
0.680000,176.000000,77.625946,77.587257
0.680000,178.000000,79.624855,79.587273
0.680000,180.000000,81.623390,81.587273
0.680000,182.000000,83.621559,83.587265
0.680000,184.000000,85.619339,85.587265
0.680000,186.000000,87.616737,87.587265
0.680000,188.000000,89.613739,89.587265
0.680000,190.000000,91.610344,91.587265
0.680000,192.000000,93.606544,93.587265
0.680000,194.000000,95.602341,95.587265
0.680000,196.000000,97.597725,97.587265
0.680000,198.000000,99.592705,99.587265
0.680000,200.000000,101.587265,101.587265
0.690000,0.000000,0.000000,0.000000
0.690000,2.000000,-0.003571,0.000000
0.690000,4.000000,-0.006758,0.000000
0.690000,6.000000,-0.009562,0.000000
0.690000,8.000000,-0.011984,0.000000
0.690000,10.000000,-0.014024,0.000000
0.690000,12.000000,-0.015680,0.000000
0.690000,14.000000,-0.016953,0.000000
0.690000,16.000000,-0.017844,0.000000
0.690000,18.000000,-0.018351,0.000000
0.690000,20.000000,-0.018476,0.000000
0.690000,22.000000,-0.018217,0.000000
0.690000,24.000000,-0.017576,0.000000
0.690000,26.000000,-0.016552,0.000000
0.690000,28.000000,-0.015144,0.000000
0.690000,30.000000,-0.013354,0.000000
0.690000,32.000000,-0.011180,0.000000
0.690000,34.000000,-0.008624,0.000000
0.690000,36.000000,-0.005684,0.000000
0.690000,38.000000,-0.002360,0.000000
0.690000,40.000000,0.001347,0.000000
0.690000,42.000000,0.005438,0.000000
0.690000,44.000000,0.009914,0.000000
0.690000,46.000000,0.014775,0.000000
0.690000,48.000000,0.020021,0.000000
0.690000,50.000000,0.025655,0.000000
0.690000,52.000000,0.031679,0.000000
0.690000,54.000000,0.038096,0.000000
0.690000,56.000000,0.044911,0.000000
0.690000,58.000000,0.052133,-0.000000
0.690000,60.000000,0.059777,0.000008
0.690000,62.000000,0.067868,0.000030
0.690000,64.000000,0.076449,0.000110
0.690000,66.000000,0.085595,0.000363
0.690000,68.000000,0.095440,0.001058
0.690000,70.000000,0.106223,0.002812
0.690000,72.000000,0.118381,0.006871
0.690000,74.000000,0.132702,0.015537
0.690000,76.000000,0.150593,0.032700
0.690000,78.000000,0.174481,0.064441
0.690000,80.000000,0.208330,0.119539
0.690000,82.000000,0.258101,0.209764
0.690000,84.000000,0.332002,0.349772
0.690000,86.000000,0.440799,0.556562
0.690000,88.000000,0.598856,0.848414
0.690000,90.000000,0.825852,1.243527
0.690000,92.000000,1.147255,1.758455
0.690000,94.000000,1.587843,2.406630
0.690000,96.000000,2.172128,3.197238
0.690000,98.000000,2.947937,4.134502
0.690000,100.000000,4.079391,5.217590
0.690000,102.000000,5.596104,6.440948
0.690000,104.000000,7.165431,7.795142
0.690000,106.000000,8.783638,9.267838
0.690000,108.000000,10.496719,10.844929
0.690000,110.000000,12.292749,12.511656
0.690000,112.000000,14.143581,14.253477
0.690000,114.000000,16.028238,16.056749
0.690000,116.000000,17.936344,17.909246
0.690000,118.000000,19.862221,19.800333
0.690000,120.000000,21.802032,21.721113
0.690000,122.000000,23.753061,23.664322
0.690000,124.000000,25.713217,25.624153
0.690000,126.000000,27.680765,27.596117
0.690000,128.000000,29.654305,29.576797
0.690000,130.000000,31.632757,31.563629
0.690000,132.000000,33.615330,33.554787
0.690000,134.000000,35.601444,35.548889
0.690000,136.000000,37.590622,37.545006
0.690000,138.000000,39.582436,39.542465
0.690000,140.000000,41.576488,41.540844
0.690000,142.000000,43.572399,43.539803
0.690000,144.000000,45.569813,45.539139
0.690000,146.000000,47.568413,47.538727
0.690000,148.000000,49.567921,49.538460
0.690000,150.000000,51.568096,51.538296
0.690000,152.000000,53.568745,53.538197
0.690000,154.000000,55.569702,55.538147
0.690000,156.000000,57.570835,57.538105
0.690000,158.000000,59.572029,59.538067
0.690000,160.000000,61.573200,61.538071
0.690000,162.000000,63.574276,63.538059
0.690000,164.000000,65.575195,65.538048
0.690000,166.000000,67.575920,67.538048
0.690000,168.000000,69.576408,69.538055
0.690000,170.000000,71.576630,71.538048
0.690000,172.000000,73.576553,73.538048
0.690000,174.000000,75.576172,75.538048
0.690000,176.000000,77.575462,77.538055
0.690000,178.000000,79.574402,79.538055
0.690000,180.000000,81.572990,81.538048
0.690000,182.000000,83.571220,83.538048
0.690000,184.000000,85.569077,85.538048
0.690000,186.000000,87.566566,87.538048
0.690000,188.000000,89.563667,89.538048
0.690000,190.000000,91.560379,91.538048
0.690000,192.000000,93.556709,93.538048
0.690000,194.000000,95.552635,95.538048
0.690000,196.000000,97.548172,97.538048
0.690000,198.000000,99.543312,99.538048
0.690000,200.000000,101.538048,101.538048
0.700000,0.000000,0.000000,0.000000
0.700000,2.000000,-0.003452,0.000000
0.700000,4.000000,-0.006532,0.000000
0.700000,6.000000,-0.009243,0.000000
0.700000,8.000000,-0.011583,0.000000
0.700000,10.000000,-0.013552,0.000000
0.700000,12.000000,-0.015152,0.000000
0.700000,14.000000,-0.016380,0.000000
0.700000,16.000000,-0.017238,0.000000
0.700000,18.000000,-0.017725,0.000000
0.700000,20.000000,-0.017842,0.000000
0.700000,22.000000,-0.017589,0.000000
0.700000,24.000000,-0.016964,0.000000
0.700000,26.000000,-0.015969,0.000000
0.700000,28.000000,-0.014604,0.000000
0.700000,30.000000,-0.012867,0.000000
0.700000,32.000000,-0.010760,0.000000
0.700000,34.000000,-0.008282,0.000000
0.700000,36.000000,-0.005433,0.000000
0.700000,38.000000,-0.002213,0.000000
0.700000,40.000000,0.001378,0.000000
0.700000,42.000000,0.005341,0.000000
0.700000,44.000000,0.009676,0.000000
0.700000,46.000000,0.014383,0.000000
0.700000,48.000000,0.019464,0.000000
0.700000,50.000000,0.024920,0.000000
0.700000,52.000000,0.030752,0.000000
0.700000,54.000000,0.036965,0.000002
0.700000,56.000000,0.043562,0.000001
0.700000,58.000000,0.050553,0.000000
0.700000,60.000000,0.057952,0.000003
0.700000,62.000000,0.065780,0.000022
0.700000,64.000000,0.074079,0.000082
0.700000,66.000000,0.082917,0.000275
0.700000,68.000000,0.092420,0.000826
0.700000,70.000000,0.102811,0.002267
0.700000,72.000000,0.114494,0.005688
0.700000,74.000000,0.128201,0.013171
0.700000,76.000000,0.145242,0.028322
0.700000,78.000000,0.167882,0.056893
0.700000,80.000000,0.199842,0.107354
0.700000,82.000000,0.246765,0.191254
0.700000,84.000000,0.316514,0.323212
0.700000,86.000000,0.419506,0.520397
0.700000,88.000000,0.569725,0.801516
0.700000,90.000000,0.786455,1.185397
0.700000,92.000000,1.095161,1.689345
0.700000,94.000000,1.521513,2.327559
0.700000,96.000000,2.090704,3.109892
0.700000,98.000000,2.851709,4.041053
0.700000,100.000000,3.972403,5.120440
0.700000,102.000000,5.490047,6.342498
0.700000,104.000000,7.068202,7.697547
0.700000,106.000000,8.695099,9.172872
0.700000,108.000000,10.415442,10.753914
0.700000,110.000000,12.217333,12.425407
0.700000,112.000000,14.072816,14.172351
0.700000,114.000000,15.961257,15.980742
0.700000,116.000000,17.872475,17.838064
0.700000,118.000000,19.800900,19.733526
0.700000,120.000000,21.742798,21.658091
0.700000,122.000000,23.695536,23.604471
0.700000,124.000000,25.657089,25.566893
0.700000,126.000000,27.625786,27.540928
0.700000,128.000000,29.600271,29.523209
0.700000,130.000000,31.579506,31.511269
0.700000,132.000000,33.562729,33.503326
0.700000,134.000000,35.549377,35.498108
0.700000,136.000000,37.538990,37.494698
0.700000,138.000000,39.531151,39.492516
0.700000,140.000000,41.525467,41.491119
0.700000,142.000000,43.521576,43.490234
0.700000,144.000000,45.519135,45.489685
0.700000,146.000000,47.517834,47.489334
0.700000,148.000000,49.517403,49.489132
0.700000,150.000000,51.517616,51.489002
0.700000,152.000000,53.518276,53.488922
0.700000,154.000000,55.519230,55.488869
0.700000,156.000000,57.520348,57.488853
0.700000,158.000000,59.521526,59.488823
0.700000,160.000000,61.522678,61.488819
0.700000,162.000000,63.523731,63.488819
0.700000,164.000000,65.524643,65.488815
0.700000,166.000000,67.525352,67.488808
0.700000,168.000000,69.525826,69.488808
0.700000,170.000000,71.526054,71.488808
0.700000,172.000000,73.525993,73.488808
0.700000,174.000000,75.525627,75.488800
0.700000,176.000000,77.524948,77.488823
0.700000,178.000000,79.523926,79.488815
0.700000,180.000000,81.522575,81.488808
0.700000,182.000000,83.520866,83.488808
0.700000,184.000000,85.518806,85.488808
0.700000,186.000000,87.516373,87.488808
0.700000,188.000000,89.513580,89.488808
0.700000,190.000000,91.510399,91.488808
0.700000,192.000000,93.506844,93.488808
0.700000,194.000000,95.502914,95.488808
0.700000,196.000000,97.498596,97.488808
0.700000,198.000000,99.493896,99.488808
0.700000,200.000000,101.488808,101.488808
0.710000,0.000000,0.000000,0.000000
0.710000,2.000000,-0.003333,0.000000
0.710000,4.000000,-0.006308,0.000000
0.710000,6.000000,-0.008924,0.000000
0.710000,8.000000,-0.011183,0.000000
0.710000,10.000000,-0.013083,0.000000
0.710000,12.000000,-0.014625,0.000000
0.710000,14.000000,-0.015809,0.000000
0.710000,16.000000,-0.016635,0.000000
0.710000,18.000000,-0.017103,0.000000
0.710000,20.000000,-0.017212,0.000000
0.710000,22.000000,-0.016963,0.000000
0.710000,24.000000,-0.016356,0.000000
0.710000,26.000000,-0.015391,0.000000
0.710000,28.000000,-0.014067,0.000000
0.710000,30.000000,-0.012385,0.000000
0.710000,32.000000,-0.010344,0.000000
0.710000,34.000000,-0.007946,0.000000
0.710000,36.000000,-0.005188,0.000000
0.710000,38.000000,-0.002072,0.000000
0.710000,40.000000,0.001403,0.000000
0.710000,42.000000,0.005237,0.000000
0.710000,44.000000,0.009431,0.000000
0.710000,46.000000,0.013985,0.000000
0.710000,48.000000,0.018900,0.000000
0.710000,50.000000,0.024177,0.000000
0.710000,52.000000,0.029818,0.000000
0.710000,54.000000,0.035826,0.000002
0.710000,56.000000,0.042206,-0.000001
0.710000,58.000000,0.048966,0.000001
0.710000,60.000000,0.056118,0.000002
0.710000,62.000000,0.063684,0.000014
0.710000,64.000000,0.071700,0.000059
0.710000,66.000000,0.080233,0.000205
0.710000,68.000000,0.089398,0.000639
0.710000,70.000000,0.099400,0.001802
0.710000,72.000000,0.110617,0.004652
0.710000,74.000000,0.123726,0.011052
0.710000,76.000000,0.139945,0.024319
0.710000,78.000000,0.161387,0.049864
0.710000,80.000000,0.191537,0.095816
0.710000,82.000000,0.235727,0.173483
0.710000,84.000000,0.301470,0.297395
0.710000,86.000000,0.398822,0.484877
0.710000,88.000000,0.541369,0.755058
0.710000,90.000000,0.747969,1.127402
0.710000,92.000000,1.043995,1.620012
0.710000,94.000000,1.455935,2.247902
0.710000,96.000000,2.009712,3.021648
0.710000,98.000000,2.755482,3.946487
0.710000,100.000000,3.865048,5.022063
0.710000,102.000000,5.383577,6.242835
0.710000,104.000000,6.970775,7.598862
0.710000,106.000000,8.606570,9.077022
0.710000,108.000000,10.334282,10.662244
0.710000,110.000000,12.142064,12.338748
0.710000,112.000000,14.002196,14.091059
0.710000,114.000000,15.894408,15.904764
0.710000,116.000000,17.808723,17.767059
0.710000,118.000000,19.739681,19.666971
0.710000,120.000000,21.683655,21.595364
0.710000,122.000000,23.638090,23.544943
0.710000,124.000000,25.601030,25.509954
0.710000,126.000000,27.570866,27.486012
0.710000,128.000000,29.546288,29.469856
0.710000,130.000000,31.526299,31.459095
0.710000,132.000000,33.510166,33.452030
0.710000,134.000000,35.497341,35.447433
0.710000,136.000000,37.487381,37.444477
0.710000,138.000000,39.479881,39.442600
0.710000,140.000000,41.474461,41.441414
0.710000,142.000000,43.470768,43.440678
0.710000,144.000000,45.468464,45.440220
0.710000,146.000000,47.467255,47.439949
0.710000,148.000000,49.466881,49.439781
0.710000,150.000000,51.467121,51.439690
0.710000,152.000000,53.467793,53.439621
0.710000,154.000000,55.468746,55.439590
0.710000,156.000000,57.469849,57.439568
0.710000,158.000000,59.471004,59.439552
0.710000,160.000000,61.472137,61.439552
0.710000,162.000000,63.473171,63.439537
0.710000,164.000000,65.474060,65.439545
0.710000,166.000000,67.474762,67.439545
0.710000,168.000000,69.475235,69.439545
0.710000,170.000000,71.475464,71.439537
0.710000,172.000000,73.475403,73.439529
0.710000,174.000000,75.475060,75.439545
0.710000,176.000000,77.474411,77.439545
0.710000,178.000000,79.473434,79.439537
0.710000,180.000000,81.472137,81.439537
0.710000,182.000000,83.470490,83.439537
0.710000,184.000000,85.468491,85.439537
0.710000,186.000000,87.466148,87.439537
0.710000,188.000000,89.463448,89.439537
0.710000,190.000000,91.460388,91.439537
0.710000,192.000000,93.456963,93.439537
0.710000,194.000000,95.453163,95.439537
0.710000,196.000000,97.448990,97.439537
0.710000,198.000000,99.444450,99.439537
0.710000,200.000000,101.439537,101.439537
0.720000,0.000000,0.000000,0.000000
0.720000,2.000000,-0.003215,0.000000
0.720000,4.000000,-0.006083,0.000000
0.720000,6.000000,-0.008606,0.000000
0.720000,8.000000,-0.010783,0.000000
0.720000,10.000000,-0.012615,0.000000
0.720000,12.000000,-0.014100,0.000000
0.720000,14.000000,-0.015240,0.000000
0.720000,16.000000,-0.016034,0.000000
0.720000,18.000000,-0.016482,0.000000
0.720000,20.000000,-0.016584,0.000000
0.720000,22.000000,-0.016340,0.000000
0.720000,24.000000,-0.015751,0.000000
0.720000,26.000000,-0.014815,0.000000
0.720000,28.000000,-0.013534,0.000000
0.720000,30.000000,-0.011906,0.000000
0.720000,32.000000,-0.009933,0.000000
0.720000,34.000000,-0.007613,0.000000
0.720000,36.000000,-0.004947,0.000000
0.720000,38.000000,-0.001935,0.000000
0.720000,40.000000,0.001424,0.000000
0.720000,42.000000,0.005129,0.000000
0.720000,44.000000,0.009182,0.000000
0.720000,46.000000,0.013582,0.000000
0.720000,48.000000,0.018330,0.000000
0.720000,50.000000,0.023429,0.000000
0.720000,52.000000,0.028878,0.000000
0.720000,54.000000,0.034682,0.000000
0.720000,56.000000,0.040844,0.000000
0.720000,58.000000,0.047372,0.000000
0.720000,60.000000,0.054278,0.000001
0.720000,62.000000,0.061582,0.000009
0.720000,64.000000,0.069317,0.000041
0.720000,66.000000,0.077546,0.000148
0.720000,68.000000,0.086374,0.000484
0.720000,70.000000,0.095993,0.001412
0.720000,72.000000,0.106752,0.003760
0.720000,74.000000,0.119279,0.009176
0.720000,76.000000,0.134704,0.020689
0.720000,78.000000,0.154993,0.043355
0.720000,80.000000,0.183408,0.084948
0.720000,82.000000,0.224977,0.156479
0.720000,84.000000,0.286858,0.272364
0.720000,86.000000,0.378737,0.450055
0.720000,88.000000,0.513783,0.709087
0.720000,90.000000,0.710398,1.069580
0.720000,92.000000,0.993778,1.550467
0.720000,94.000000,1.391143,2.167650
0.720000,96.000000,1.929187,2.932474
0.720000,98.000000,2.659287,3.850743
0.720000,100.000000,3.757347,4.922409
0.720000,102.000000,5.276696,6.141906
0.720000,104.000000,6.873145,7.499052
0.720000,106.000000,8.518046,8.980267
0.720000,108.000000,10.253237,10.569918
0.720000,110.000000,12.066940,12.251697
0.720000,112.000000,13.931723,14.009613
0.720000,114.000000,15.827696,15.828831
0.720000,116.000000,17.745090,17.696257
0.720000,118.000000,19.678570,19.600712
0.720000,120.000000,21.624603,21.532986
0.720000,122.000000,23.580723,23.485758
0.720000,124.000000,25.545042,25.453335
0.720000,126.000000,27.516006,27.431395
0.720000,128.000000,29.492359,29.416763
0.720000,130.000000,31.473141,31.407141
0.720000,132.000000,33.457642,33.400890
0.720000,134.000000,35.445339,35.396873
0.720000,136.000000,37.435802,37.394341
0.720000,138.000000,39.428635,39.392738
0.720000,140.000000,41.423473,41.391754
0.720000,142.000000,43.419964,43.391144
0.720000,144.000000,45.417797,45.390793
0.720000,146.000000,47.416679,47.390560
0.720000,148.000000,49.416363,49.390430
0.720000,150.000000,51.416630,51.390350
0.720000,152.000000,53.417305,53.390293
0.720000,154.000000,55.418251,55.390274
0.720000,156.000000,57.419338,57.390266
0.720000,158.000000,59.420475,59.390251
0.720000,160.000000,61.421581,61.390251
0.720000,162.000000,63.422596,63.390244
0.720000,164.000000,65.423470,65.390236
0.720000,166.000000,67.424149,67.390244
0.720000,168.000000,69.424622,69.390251
0.720000,170.000000,71.424850,71.390236
0.720000,172.000000,73.424805,73.390251
0.720000,174.000000,75.424477,75.390251
0.720000,176.000000,77.423851,77.390244
0.720000,178.000000,79.422928,79.390244
0.720000,180.000000,81.421669,81.390244
0.720000,182.000000,83.420090,83.390244
0.720000,184.000000,85.418167,85.390244
0.720000,186.000000,87.415909,87.390244
0.720000,188.000000,89.413307,89.390244
0.720000,190.000000,91.410355,91.390244
0.720000,192.000000,93.407043,93.390244
0.720000,194.000000,95.403381,95.390244
0.720000,196.000000,97.399368,97.390244
0.720000,198.000000,99.394989,99.390244
0.720000,200.000000,101.390244,101.390244
0.730000,0.000000,0.000000,0.000000
0.730000,2.000000,-0.003097,0.000000
0.730000,4.000000,-0.005859,0.000000
0.730000,6.000000,-0.008289,0.000000
0.730000,8.000000,-0.010385,0.000000
0.730000,10.000000,-0.012147,0.000000
0.730000,12.000000,-0.013576,0.000000
0.730000,14.000000,-0.014672,0.000000
0.730000,16.000000,-0.015434,0.000000
0.730000,18.000000,-0.015863,0.000000
0.730000,20.000000,-0.015958,0.000000
0.730000,22.000000,-0.015720,0.000000
0.730000,24.000000,-0.015148,0.000000
0.730000,26.000000,-0.014242,0.000000
0.730000,28.000000,-0.013003,0.000000
0.730000,30.000000,-0.011431,0.000000
0.730000,32.000000,-0.009524,0.000000
0.730000,34.000000,-0.007284,0.000000
0.730000,36.000000,-0.004710,0.000000
0.730000,38.000000,-0.001802,0.000000
0.730000,40.000000,0.001440,0.000000
0.730000,42.000000,0.005016,0.000000
0.730000,44.000000,0.008927,0.000000
0.730000,46.000000,0.013173,0.000000
0.730000,48.000000,0.017755,0.000000
0.730000,50.000000,0.022675,0.000000
0.730000,52.000000,0.027932,0.000000
0.730000,54.000000,0.033531,0.000000
0.730000,56.000000,0.039476,-0.000001
0.730000,58.000000,0.045772,0.000000
0.730000,60.000000,0.052432,0.000001
0.730000,62.000000,0.059474,0.000006
0.730000,64.000000,0.066929,0.000030
0.730000,66.000000,0.074854,0.000108
0.730000,68.000000,0.083348,0.000360
0.730000,70.000000,0.092589,0.001087
0.730000,72.000000,0.102897,0.002995
0.730000,74.000000,0.114857,0.007527
0.730000,76.000000,0.129513,0.017417
0.730000,78.000000,0.148695,0.037363
0.730000,80.000000,0.175448,0.074752
0.730000,82.000000,0.214503,0.140267
0.730000,84.000000,0.272666,0.248163
0.730000,86.000000,0.359237,0.415982
0.730000,88.000000,0.486958,0.663647
0.730000,90.000000,0.673744,1.011966
0.730000,92.000000,0.944529,1.480736
0.730000,94.000000,1.327171,2.086789
0.730000,96.000000,1.849163,2.842322
0.730000,98.000000,2.563150,3.753768
0.730000,100.000000,3.649315,4.821393
0.730000,102.000000,5.169406,6.039643
0.730000,104.000000,6.775303,7.398042
0.730000,106.000000,8.429523,8.882536
0.730000,108.000000,10.172301,10.476933
0.730000,110.000000,11.991958,12.164274
0.730000,112.000000,13.861391,13.928046
0.730000,114.000000,15.761114,15.752993
0.730000,116.000000,17.681576,17.625692
0.730000,118.000000,19.617559,19.534786
0.730000,120.000000,21.565639,21.470982
0.730000,122.000000,23.523436,23.426958
0.730000,124.000000,25.489124,25.397070
0.730000,126.000000,27.461210,27.377094
0.730000,128.000000,29.438486,29.363914
0.730000,130.000000,31.420031,31.355375
0.730000,132.000000,33.405163,33.349907
0.730000,134.000000,35.393379,35.346447
0.730000,136.000000,37.384254,37.344269
0.730000,138.000000,39.377411,39.342937
0.730000,140.000000,41.372498,41.342121
0.730000,142.000000,43.369179,43.341633
0.730000,144.000000,45.367142,45.341343
0.730000,146.000000,47.366108,47.341171
0.730000,148.000000,49.365841,49.341068
0.730000,150.000000,51.366131,51.341003
0.730000,152.000000,53.366814,53.340965
0.730000,154.000000,55.367748,55.340950
0.730000,156.000000,57.368816,57.340942
0.730000,158.000000,59.369934,59.340942
0.730000,160.000000,61.371017,61.340931
0.730000,162.000000,63.372009,63.340927
0.730000,164.000000,65.372864,65.340927
0.730000,166.000000,67.373528,67.340927
0.730000,168.000000,69.373993,69.340927
0.730000,170.000000,71.374214,71.340935
0.730000,172.000000,73.374184,73.340935
0.730000,174.000000,75.373878,75.340927
0.730000,176.000000,77.373283,77.340927
0.730000,178.000000,79.372391,79.340927
0.730000,180.000000,81.371185,81.340927
0.730000,182.000000,83.369667,83.340927
0.730000,184.000000,85.367821,85.340927
0.730000,186.000000,87.365646,87.340927
0.730000,188.000000,89.363144,89.340927
0.730000,190.000000,91.360298,91.340927
0.730000,192.000000,93.357117,93.340927
0.730000,194.000000,95.353584,95.340927
0.730000,196.000000,97.349716,97.340927
0.730000,198.000000,99.345490,99.340927
0.730000,200.000000,101.340927,101.340927
0.740000,0.000000,0.000000,0.000000
0.740000,2.000000,-0.002979,0.000000
0.740000,4.000000,-0.005636,0.000000
0.740000,6.000000,-0.007972,0.000000
0.740000,8.000000,-0.009987,0.000000
0.740000,10.000000,-0.011681,0.000000
0.740000,12.000000,-0.013054,0.000000
0.740000,14.000000,-0.014106,0.000000
0.740000,16.000000,-0.014837,0.000000
0.740000,18.000000,-0.015246,0.000000
0.740000,20.000000,-0.015335,0.000000
0.740000,22.000000,-0.015102,0.000000
0.740000,24.000000,-0.014548,0.000000
0.740000,26.000000,-0.013673,0.000000
0.740000,28.000000,-0.012476,0.000000
0.740000,30.000000,-0.010959,0.000000
0.740000,32.000000,-0.009120,0.000000
0.740000,34.000000,-0.006959,0.000000
0.740000,36.000000,-0.004477,0.000000
0.740000,38.000000,-0.001674,0.000000
0.740000,40.000000,0.001451,0.000000
0.740000,42.000000,0.004898,0.000000
0.740000,44.000000,0.008667,0.000000
0.740000,46.000000,0.012759,0.000000
0.740000,48.000000,0.017175,0.000000
0.740000,50.000000,0.021915,0.000000
0.740000,52.000000,0.026981,0.000000
0.740000,54.000000,0.032375,0.000000
0.740000,56.000000,0.038101,0.000002
0.740000,58.000000,0.044166,0.000001
0.740000,60.000000,0.050580,-0.000000
0.740000,62.000000,0.057360,0.000004
0.740000,64.000000,0.064536,0.000018
0.740000,66.000000,0.072159,0.000074
0.740000,68.000000,0.080321,0.000261
0.740000,70.000000,0.089187,0.000824
0.740000,72.000000,0.099053,0.002348
0.740000,74.000000,0.110458,0.006090
0.740000,76.000000,0.124371,0.014496
0.740000,78.000000,0.142488,0.031888
0.740000,80.000000,0.167647,0.065243
0.740000,82.000000,0.204294,0.124878
0.740000,84.000000,0.258878,0.224833
0.740000,86.000000,0.340310,0.382708
0.740000,88.000000,0.460884,0.618800
0.740000,90.000000,0.638005,0.954595
0.740000,92.000000,0.896263,1.410819
0.740000,94.000000,1.264048,2.005299
0.740000,96.000000,1.769675,2.751158
0.740000,98.000000,2.467103,3.655496
0.740000,100.000000,3.540967,4.718952
0.740000,102.000000,5.061704,5.935979
0.740000,104.000000,6.677241,7.295799
0.740000,106.000000,8.340989,8.783843
0.740000,108.000000,10.091467,10.383270
0.740000,110.000000,11.917109,12.076495
0.740000,112.000000,13.791196,13.846386
0.740000,114.000000,15.694661,15.677267
0.740000,116.000000,17.618176,17.555393
0.740000,118.000000,19.556650,19.469215
0.740000,120.000000,21.506765,21.409370
0.740000,122.000000,23.466225,23.368553
0.740000,124.000000,25.433273,25.341158
0.740000,126.000000,27.406473,27.323084
0.740000,128.000000,29.384666,29.311340
0.740000,130.000000,31.366966,31.303814
0.740000,132.000000,33.352722,33.299068
0.740000,134.000000,35.341446,35.296104
0.740000,136.000000,37.332729,37.294292
0.740000,138.000000,39.326214,39.293186
0.740000,140.000000,41.321541,41.292522
0.740000,142.000000,43.318401,43.292141
0.740000,144.000000,45.316490,45.291897
0.740000,146.000000,47.315536,47.291767
0.740000,148.000000,49.315319,49.291691
0.740000,150.000000,51.315628,51.291649
0.740000,152.000000,53.316315,53.291618
0.740000,154.000000,55.317238,55.291599
0.740000,156.000000,57.318291,57.291592
0.740000,158.000000,59.319382,59.291588
0.740000,160.000000,61.320438,61.291599
0.740000,162.000000,63.321404,63.291588
0.740000,164.000000,65.322235,65.291588
0.740000,166.000000,67.322899,67.291588
0.740000,168.000000,69.323341,69.291595
0.740000,170.000000,71.323570,71.291595
0.740000,172.000000,73.323547,73.291588
0.740000,174.000000,75.323257,75.291588
0.740000,176.000000,77.322693,77.291588
0.740000,178.000000,79.321838,79.291588
0.740000,180.000000,81.320686,81.291588
0.740000,182.000000,83.319221,83.291588
0.740000,184.000000,85.317451,85.291588
0.740000,186.000000,87.315369,87.291588
0.740000,188.000000,89.312958,89.291588
0.740000,190.000000,91.310219,91.291588
0.740000,192.000000,93.307159,93.291588
0.740000,194.000000,95.303764,95.291588
0.740000,196.000000,97.300041,97.291588
0.740000,198.000000,99.295982,99.291588
0.740000,200.000000,101.291588,101.291588
0.750000,0.000000,0.000000,0.000000
0.750000,2.000000,-0.002861,0.000000
0.750000,4.000000,-0.005413,0.000000
0.750000,6.000000,-0.007656,0.000000
0.750000,8.000000,-0.009591,0.000000
0.750000,10.000000,-0.011217,0.000000
0.750000,12.000000,-0.012534,0.000000
0.750000,14.000000,-0.013542,0.000000
0.750000,16.000000,-0.014242,0.000000
0.750000,18.000000,-0.014632,0.000000
0.750000,20.000000,-0.014714,0.000000
0.750000,22.000000,-0.014487,0.000000
0.750000,24.000000,-0.013952,0.000000
0.750000,26.000000,-0.013107,0.000000
0.750000,28.000000,-0.011954,0.000000
0.750000,30.000000,-0.010491,0.000000
0.750000,32.000000,-0.008720,0.000000
0.750000,34.000000,-0.006640,0.000000
0.750000,36.000000,-0.004250,0.000000
0.750000,38.000000,-0.001552,0.000000
0.750000,40.000000,0.001456,0.000000
0.750000,42.000000,0.004774,0.000000
0.750000,44.000000,0.008401,0.000000
0.750000,46.000000,0.012339,0.000000
0.750000,48.000000,0.016587,0.000000
0.750000,50.000000,0.021148,0.000000
0.750000,52.000000,0.026021,0.000000
0.750000,54.000000,0.031210,0.000000
0.750000,56.000000,0.036719,0.000000
0.750000,58.000000,0.042552,0.000001
0.750000,60.000000,0.048720,0.000001
0.750000,62.000000,0.055238,0.000001
0.750000,64.000000,0.062135,0.000013
0.750000,66.000000,0.069457,0.000050
0.750000,68.000000,0.077289,0.000186
0.750000,70.000000,0.085784,0.000610
0.750000,72.000000,0.095214,0.001809
0.750000,74.000000,0.106079,0.004852
0.750000,76.000000,0.119271,0.011909
0.750000,78.000000,0.136363,0.026921
0.750000,80.000000,0.159996,0.056424
0.750000,82.000000,0.194334,0.110331
0.750000,84.000000,0.245478,0.202423
0.750000,86.000000,0.321938,0.350296
0.750000,88.000000,0.435549,0.574598
0.750000,90.000000,0.603176,0.897520
0.750000,92.000000,0.848993,1.340743
0.750000,94.000000,1.201803,1.923172
0.750000,96.000000,1.690756,2.658916
0.750000,98.000000,2.371170,3.555851
0.750000,100.000000,3.432320,4.614995
0.750000,102.000000,4.953586,5.830832
0.750000,104.000000,6.578946,7.192259
0.750000,106.000000,8.252433,8.684128
0.750000,108.000000,10.010724,10.288909
0.750000,110.000000,11.842389,11.988331
0.750000,112.000000,13.721130,13.764657
0.750000,114.000000,15.628327,15.601703
0.750000,116.000000,17.554880,17.485415
0.750000,118.000000,19.495834,19.404043
0.750000,120.000000,21.447973,21.348186
0.750000,122.000000,23.409086,23.310539
0.750000,124.000000,25.377485,25.285616
0.750000,126.000000,27.351791,27.269392
0.750000,128.000000,29.330894,29.259003
0.750000,130.000000,31.313942,31.252445
0.750000,132.000000,33.300316,33.248356
0.750000,134.000000,35.289543,35.245876
0.750000,136.000000,37.281227,37.244366
0.750000,138.000000,39.275028,39.243458
0.750000,140.000000,41.270596,41.242935
0.750000,142.000000,43.267628,43.242626
0.750000,144.000000,45.265839,45.242447
0.750000,146.000000,47.264965,47.242352
0.750000,148.000000,49.264790,49.242283
0.750000,150.000000,51.265121,51.242260
0.750000,152.000000,53.265804,53.242241
0.750000,154.000000,55.266716,55.242233
0.750000,156.000000,57.267742,57.242226
0.750000,158.000000,59.268810,59.242226
0.750000,160.000000,61.269840,61.242226
0.750000,162.000000,63.270779,63.242214
0.750000,164.000000,65.271591,65.242218
0.750000,166.000000,67.272240,67.242210
0.750000,168.000000,69.272682,69.242226
0.750000,170.000000,71.272903,71.242218
0.750000,172.000000,73.272881,73.242218
0.750000,174.000000,75.272614,75.242218
0.750000,176.000000,77.272079,77.242218
0.750000,178.000000,79.271263,79.242218
0.750000,180.000000,81.270157,81.242218
0.750000,182.000000,83.268753,83.242218
0.750000,184.000000,85.267052,85.242218
0.750000,186.000000,87.265060,87.242218
0.750000,188.000000,89.262741,89.242218
0.750000,190.000000,91.260117,91.242218
0.750000,192.000000,93.257179,93.242218
0.750000,194.000000,95.253914,95.242218
0.750000,196.000000,97.250343,97.242218
0.750000,198.000000,99.246445,99.242218
0.750000,200.000000,101.242218,101.242218
0.760000,0.000000,0.000000,0.000000
0.760000,2.000000,-0.002744,0.000000
0.760000,4.000000,-0.005190,0.000000
0.760000,6.000000,-0.007341,0.000000
0.760000,8.000000,-0.009195,0.000000
0.760000,10.000000,-0.010753,0.000000
0.760000,12.000000,-0.012015,0.000000
0.760000,14.000000,-0.012980,0.000000
0.760000,16.000000,-0.013648,0.000000
0.760000,18.000000,-0.014020,0.000000
0.760000,20.000000,-0.014096,0.000000
0.760000,22.000000,-0.013875,0.000000
0.760000,24.000000,-0.013358,0.000000
0.760000,26.000000,-0.012544,0.000000
0.760000,28.000000,-0.011434,0.000000
0.760000,30.000000,-0.010027,0.000000
0.760000,32.000000,-0.008324,0.000000
0.760000,34.000000,-0.006324,0.000000
0.760000,36.000000,-0.004027,0.000000
0.760000,38.000000,-0.001433,0.000000
0.760000,40.000000,0.001457,0.000000
0.760000,42.000000,0.004645,0.000000
0.760000,44.000000,0.008130,0.000000
0.760000,46.000000,0.011913,0.000000
0.760000,48.000000,0.015994,0.000000
0.760000,50.000000,0.020375,0.000000
0.760000,52.000000,0.025056,0.000000
0.760000,54.000000,0.030040,0.000000
0.760000,56.000000,0.035330,0.000000
0.760000,58.000000,0.040932,-0.000001
0.760000,60.000000,0.046854,-0.000000
0.760000,62.000000,0.053111,0.000001
0.760000,64.000000,0.059728,0.000009
0.760000,66.000000,0.066750,0.000033
0.760000,68.000000,0.074255,0.000128
0.760000,70.000000,0.082382,0.000445
0.760000,72.000000,0.091384,0.001368
0.760000,74.000000,0.101719,0.003803
0.760000,76.000000,0.114213,0.009646
0.760000,78.000000,0.130318,0.022452
0.760000,80.000000,0.152489,0.048301
0.760000,82.000000,0.184616,0.096655
0.760000,84.000000,0.232454,0.180977
0.760000,86.000000,0.304110,0.318807
0.760000,88.000000,0.410944,0.531113
0.760000,90.000000,0.569256,0.840798
0.760000,92.000000,0.802733,1.270535
0.760000,94.000000,1.140471,1.840393
0.760000,96.000000,1.612447,2.565561
0.760000,98.000000,2.275387,3.454752
0.760000,100.000000,3.323392,4.509439
0.760000,102.000000,4.845057,5.724116
0.760000,104.000000,6.480412,7.087338
0.760000,106.000000,8.163850,8.583348
0.760000,108.000000,9.930071,10.193857
0.760000,110.000000,11.767793,11.899830
0.760000,112.000000,13.651194,13.682899
0.760000,114.000000,15.562116,15.526352
0.760000,116.000000,17.491695,17.415791
0.760000,118.000000,19.435116,19.339312
0.760000,120.000000,21.389265,21.287468
0.760000,122.000000,23.352020,23.252975
0.760000,124.000000,25.321762,25.230467
0.760000,126.000000,27.297169,27.216019
0.760000,128.000000,29.277172,29.206917
0.760000,130.000000,31.260965,31.201260
0.760000,132.000000,33.247948,33.197815
0.760000,134.000000,35.237671,35.195736
0.760000,136.000000,37.229755,37.194508
0.760000,138.000000,39.223858,39.193783
0.760000,140.000000,41.219666,41.193359
0.760000,142.000000,43.216866,43.193123
0.760000,144.000000,45.215191,45.192993
0.760000,146.000000,47.214394,47.192921
0.760000,148.000000,49.214256,49.192875
0.760000,150.000000,51.214607,51.192852
0.760000,152.000000,53.215290,53.192841
0.760000,154.000000,55.216183,55.192825
0.760000,156.000000,57.217190,57.192829
0.760000,158.000000,59.218227,59.192829
0.760000,160.000000,61.219231,61.192829
0.760000,162.000000,63.220146,63.192825
0.760000,164.000000,65.220932,65.192818
0.760000,166.000000,67.221558,67.192833
0.760000,168.000000,69.221992,69.192825
0.760000,170.000000,71.222214,71.192825
0.760000,172.000000,73.222206,73.192825
0.760000,174.000000,75.221954,75.192825
0.760000,176.000000,77.221436,77.192825
0.760000,178.000000,79.220657,79.192825
0.760000,180.000000,81.219604,81.192825
0.760000,182.000000,83.218269,83.192825
0.760000,184.000000,85.216637,85.192825
0.760000,186.000000,87.214722,87.192825
0.760000,188.000000,89.212502,89.192825
0.760000,190.000000,91.209991,91.192825
0.760000,192.000000,93.207169,93.192825
0.760000,194.000000,95.204048,95.192825
0.760000,196.000000,97.200615,97.192825
0.760000,198.000000,99.196877,99.192825
0.760000,200.000000,101.192825,101.192825
0.770000,0.000000,0.000000,0.000000
0.770000,2.000000,-0.002626,0.000000
0.770000,4.000000,-0.004968,0.000000
0.770000,6.000000,-0.007026,0.000000
0.770000,8.000000,-0.008800,0.000000
0.770000,10.000000,-0.010290,0.000000
0.770000,12.000000,-0.011496,0.000000
0.770000,14.000000,-0.012418,0.000000
0.770000,16.000000,-0.013056,0.000000
0.770000,18.000000,-0.013410,0.000000
0.770000,20.000000,-0.013479,0.000000
0.770000,22.000000,-0.013265,0.000000
0.770000,24.000000,-0.012766,0.000000
0.770000,26.000000,-0.011984,0.000000
0.770000,28.000000,-0.010917,0.000000
0.770000,30.000000,-0.009566,0.000000
0.770000,32.000000,-0.007930,0.000000
0.770000,34.000000,-0.006011,0.000000
0.770000,36.000000,-0.003807,0.000000
0.770000,38.000000,-0.001318,0.000000
0.770000,40.000000,0.001455,0.000000
0.770000,42.000000,0.004512,0.000000
0.770000,44.000000,0.007855,0.000000
0.770000,46.000000,0.011483,0.000000
0.770000,48.000000,0.015397,0.000000
0.770000,50.000000,0.019598,0.000000
0.770000,52.000000,0.024087,0.000000
0.770000,54.000000,0.028866,0.000000
0.770000,56.000000,0.033938,0.000000
0.770000,58.000000,0.039307,0.000002
0.770000,60.000000,0.044983,0.000001
0.770000,62.000000,0.050979,0.000002
0.770000,64.000000,0.057319,0.000003
0.770000,66.000000,0.064042,0.000020
0.770000,68.000000,0.071221,0.000088
0.770000,70.000000,0.078984,0.000314
0.770000,72.000000,0.087564,0.001010
0.770000,74.000000,0.097382,0.002925
0.770000,76.000000,0.109198,0.007687
0.770000,78.000000,0.124353,0.018470
0.770000,80.000000,0.145121,0.040879
0.770000,82.000000,0.175132,0.083875
0.770000,84.000000,0.219797,0.160538
0.770000,86.000000,0.286815,0.288311
0.770000,88.000000,0.387060,0.488429
0.770000,90.000000,0.536245,0.784488
0.770000,92.000000,0.757499,1.200228
0.770000,94.000000,1.080084,1.756948
0.770000,96.000000,1.534786,2.471036
0.770000,98.000000,2.179790,3.352119
0.770000,100.000000,3.214210,4.402174
0.770000,102.000000,4.736120,5.615741
0.770000,104.000000,6.381632,6.980990
0.770000,106.000000,8.075234,8.481486
0.770000,108.000000,9.849502,10.098111
0.770000,110.000000,11.693321,11.811043
0.770000,112.000000,13.581387,13.601150
0.770000,114.000000,15.496025,15.451254
0.770000,116.000000,17.428617,17.346588
0.770000,118.000000,19.374491,19.275072
0.770000,120.000000,21.330643,21.227230
0.770000,122.000000,23.295033,23.195871
0.770000,124.000000,25.266108,25.175701
0.770000,126.000000,27.242603,27.162971
0.770000,128.000000,29.223505,29.155090
0.770000,130.000000,31.208035,31.150274
0.770000,132.000000,33.195621,33.147396
0.770000,134.000000,35.185837,35.145687
0.770000,136.000000,37.178310,37.144699
0.770000,138.000000,39.172722,39.144138
0.770000,140.000000,41.168755,41.143810
0.770000,142.000000,43.166119,43.143627
0.770000,144.000000,45.164558,45.143536
0.770000,146.000000,47.163830,47.143486
0.770000,148.000000,49.163734,49.143452
0.770000,150.000000,51.164093,51.143433
0.770000,152.000000,53.164768,53.143433
0.770000,154.000000,55.165649,55.143414
0.770000,156.000000,57.166630,57.143417
0.770000,158.000000,59.167637,59.143421
0.770000,160.000000,61.168610,61.143417
0.770000,162.000000,63.169498,63.143414
0.770000,164.000000,65.170265,65.143425
0.770000,166.000000,67.170876,67.143417
0.770000,168.000000,69.171295,69.143417
0.770000,170.000000,71.171516,71.143417
0.770000,172.000000,73.171516,73.143417
0.770000,174.000000,75.171280,75.143417
0.770000,176.000000,77.170792,77.143417
0.770000,178.000000,79.170044,79.143417
0.770000,180.000000,81.169044,81.143417
0.770000,182.000000,83.167770,83.143417
0.770000,184.000000,85.166206,85.143417
0.770000,186.000000,87.164375,87.143417
0.770000,188.000000,89.162262,89.143417
0.770000,190.000000,91.159843,91.143417
0.770000,192.000000,93.157150,93.143417
0.770000,194.000000,95.154160,95.143417
0.770000,196.000000,97.150879,97.143417
0.770000,198.000000,99.147293,99.143417
0.770000,200.000000,101.143417,101.143417
0.780000,0.000000,0.000000,0.000000
0.780000,2.000000,-0.002509,0.000000
0.780000,4.000000,-0.004747,0.000000
0.780000,6.000000,-0.006713,0.000000
0.780000,8.000000,-0.008407,0.000000
0.780000,10.000000,-0.009830,0.000000
0.780000,12.000000,-0.010981,0.000000
0.780000,14.000000,-0.011860,0.000000
0.780000,16.000000,-0.012467,0.000000
0.780000,18.000000,-0.012803,0.000000
0.780000,20.000000,-0.012867,0.000000
0.780000,22.000000,-0.012659,0.000000
0.780000,24.000000,-0.012179,0.000000
0.780000,26.000000,-0.011428,0.000000
0.780000,28.000000,-0.010405,0.000000
0.780000,30.000000,-0.009110,0.000000
0.780000,32.000000,-0.007543,0.000000
0.780000,34.000000,-0.005704,0.000000
0.780000,36.000000,-0.003593,0.000000
0.780000,38.000000,-0.001210,0.000000
0.780000,40.000000,0.001445,0.000000
0.780000,42.000000,0.004372,0.000000
0.780000,44.000000,0.007572,0.000000
0.780000,46.000000,0.011045,0.000000
0.780000,48.000000,0.014792,0.000000
0.780000,50.000000,0.018812,0.000000
0.780000,52.000000,0.023108,0.000000
0.780000,54.000000,0.027681,0.000000
0.780000,56.000000,0.032535,0.000000
0.780000,58.000000,0.037672,0.000000
0.780000,60.000000,0.043102,0.000001
0.780000,62.000000,0.048837,0.000002
0.780000,64.000000,0.054899,0.000004
0.780000,66.000000,0.061323,0.000013
0.780000,68.000000,0.068178,0.000056
0.780000,70.000000,0.075581,0.000217
0.780000,72.000000,0.083744,0.000729
0.780000,74.000000,0.093056,0.002203
0.780000,76.000000,0.104214,0.006014
0.780000,78.000000,0.118454,0.014965
0.780000,80.000000,0.137877,0.034152
0.780000,82.000000,0.165862,0.072009
0.780000,84.000000,0.207483,0.141165
0.780000,86.000000,0.270027,0.258878
0.780000,88.000000,0.363874,0.446613
0.780000,90.000000,0.504127,0.728654
0.780000,92.000000,0.713290,1.129853
0.780000,94.000000,1.020663,1.672834
0.780000,96.000000,1.457803,2.375280
0.780000,98.000000,2.084403,3.247849
0.780000,100.000000,3.104780,4.293090
0.780000,102.000000,4.626765,5.505588
0.780000,104.000000,6.282588,6.873118
0.780000,106.000000,7.986566,8.378470
0.780000,108.000000,9.769001,10.001661
0.780000,110.000000,11.618956,11.721943
0.780000,112.000000,13.511691,13.519478
0.780000,114.000000,15.430039,15.376466
0.780000,116.000000,17.365635,17.277838
0.780000,118.000000,19.313950,19.211353
0.780000,120.000000,21.272093,21.167526
0.780000,122.000000,23.238104,23.139233
0.780000,124.000000,25.210506,25.121338
0.780000,126.000000,27.188087,27.110239
0.780000,128.000000,29.169876,29.103493
0.780000,130.000000,31.155136,31.099449
0.780000,132.000000,33.143322,33.097084
0.780000,134.000000,35.134018,35.095715
0.780000,136.000000,37.126881,37.094933
0.780000,138.000000,39.121590,39.094494
0.780000,140.000000,41.117847,41.094257
0.780000,142.000000,43.115372,43.094120
0.780000,144.000000,45.113918,45.094044
0.780000,146.000000,47.113258,47.094009
0.780000,148.000000,49.113194,49.093990
0.780000,150.000000,51.113567,51.093983
0.780000,152.000000,53.114235,53.093971
0.780000,154.000000,55.115093,55.093971
0.780000,156.000000,57.116047,57.093964
0.780000,158.000000,59.117027,59.093971
0.780000,160.000000,61.117966,61.093967
0.780000,162.000000,63.118828,63.093975
0.780000,164.000000,65.119568,65.093979
0.780000,166.000000,67.120163,67.093971
0.780000,168.000000,69.120575,69.093971
0.780000,170.000000,71.120789,71.093971
0.780000,172.000000,73.120796,73.093971
0.780000,174.000000,75.120567,75.093971
0.780000,176.000000,77.120110,77.093971
0.780000,178.000000,79.119408,79.093971
0.780000,180.000000,81.118446,81.093971
0.780000,182.000000,83.117233,83.093971
0.780000,184.000000,85.115746,85.093971
0.780000,186.000000,87.113998,87.093971
0.780000,188.000000,89.111977,89.093971
0.780000,190.000000,91.109680,91.093971
0.780000,192.000000,93.107094,93.093971
0.780000,194.000000,95.104240,95.093971
0.780000,196.000000,97.101097,97.093971
0.780000,198.000000,99.097679,99.093971
0.780000,200.000000,101.093971,101.093971
0.790000,0.000000,0.000000,0.000000
0.790000,2.000000,-0.002393,0.000000
0.790000,4.000000,-0.004526,0.000000
0.790000,6.000000,-0.006400,0.000000
0.790000,8.000000,-0.008015,0.000000
0.790000,10.000000,-0.009370,0.000000
0.790000,12.000000,-0.010466,0.000000
0.790000,14.000000,-0.011303,0.000000
0.790000,16.000000,-0.011880,0.000000
0.790000,18.000000,-0.012198,0.000000
0.790000,20.000000,-0.012256,0.000000
0.790000,22.000000,-0.012055,0.000000
0.790000,24.000000,-0.011595,0.000000
0.790000,26.000000,-0.010875,0.000000
0.790000,28.000000,-0.009896,0.000000
0.790000,30.000000,-0.008657,0.000000
0.790000,32.000000,-0.007159,0.000000
0.790000,34.000000,-0.005401,0.000000
0.790000,36.000000,-0.003384,0.000000
0.790000,38.000000,-0.001106,0.000000
0.790000,40.000000,0.001430,0.000000
0.790000,42.000000,0.004227,0.000000
0.790000,44.000000,0.007284,0.000000
0.790000,46.000000,0.010602,0.000000
0.790000,48.000000,0.014180,0.000000
0.790000,50.000000,0.018021,0.000000
0.790000,52.000000,0.022124,0.000000
0.790000,54.000000,0.026491,0.000000
0.790000,56.000000,0.031125,0.000000
0.790000,58.000000,0.036031,0.000000
0.790000,60.000000,0.041215,-0.000001
0.790000,62.000000,0.046689,0.000001
0.790000,64.000000,0.052473,0.000000
0.790000,66.000000,0.058600,0.000008
0.790000,68.000000,0.065133,0.000034
0.790000,70.000000,0.072177,0.000143
0.790000,72.000000,0.079930,0.000509
0.790000,74.000000,0.088746,0.001617
0.790000,76.000000,0.099265,0.004612
0.790000,78.000000,0.112622,0.011913
0.790000,80.000000,0.130756,0.028118
0.790000,82.000000,0.156801,0.061078
0.790000,84.000000,0.195504,0.122904
0.790000,86.000000,0.253739,0.230595
0.790000,88.000000,0.341380,0.405766
0.790000,90.000000,0.472902,0.673388
0.790000,92.000000,0.670121,1.059453
0.790000,94.000000,0.962243,1.588029
0.790000,96.000000,1.381543,2.278227
0.790000,98.000000,1.989267,3.141837
0.790000,100.000000,2.995131,4.182070
0.790000,102.000000,4.517002,5.393564
0.790000,104.000000,6.183274,6.763640
0.790000,106.000000,7.897842,8.274280
0.790000,108.000000,9.688567,9.904503
0.790000,110.000000,11.544697,11.632595
0.790000,112.000000,13.442111,13.437898
0.790000,114.000000,15.364164,15.302052
0.790000,116.000000,17.302753,17.209608
0.790000,118.000000,19.253496,19.148205
0.790000,120.000000,21.213617,21.108362
0.790000,122.000000,23.181244,23.083088
0.790000,124.000000,25.154964,25.067381
0.790000,126.000000,27.133623,27.057833
0.790000,128.000000,29.116297,29.052147
0.790000,130.000000,31.102280,31.048805
0.790000,132.000000,33.091061,33.046886
0.790000,134.000000,35.082237,35.045803
0.790000,136.000000,37.075478,37.045204
0.790000,138.000000,39.070477,39.044876
0.790000,140.000000,41.066952,41.044701
0.790000,142.000000,43.064632,43.044598
0.790000,144.000000,45.063282,45.044559
0.790000,146.000000,47.062683,47.044533
0.790000,148.000000,49.062649,49.044518
0.790000,150.000000,51.063030,51.044514
0.790000,152.000000,53.063690,53.044506
0.790000,154.000000,55.064529,55.044495
0.790000,156.000000,57.065453,57.044502
0.790000,158.000000,59.066399,59.044506
0.790000,160.000000,61.067310,61.044510
0.790000,162.000000,63.068142,63.044510
0.790000,164.000000,65.068855,65.044502
0.790000,166.000000,67.069427,67.044502
0.790000,168.000000,69.069832,69.044502
0.790000,170.000000,71.070038,71.044502
0.790000,172.000000,73.070053,73.044502
0.790000,174.000000,75.069839,75.044502
0.790000,176.000000,77.069412,77.044502
0.790000,178.000000,79.068741,79.044502
0.790000,180.000000,81.067825,81.044502
0.790000,182.000000,83.066673,83.044502
0.790000,184.000000,85.065262,85.044502
0.790000,186.000000,87.063599,87.044502
0.790000,188.000000,89.061668,89.044502
0.790000,190.000000,91.059479,91.044502
0.790000,192.000000,93.057022,93.044502
0.790000,194.000000,95.054298,95.044502
0.790000,196.000000,97.051300,97.044502
0.790000,198.000000,99.048035,99.044502
0.790000,200.000000,101.044502,101.044502
0.800000,0.000000,0.000000,0.000000
0.800000,2.000000,-0.002276,0.000000
0.800000,4.000000,-0.004305,0.000000
0.800000,6.000000,-0.006088,0.000000
0.800000,8.000000,-0.007623,0.000000
0.800000,10.000000,-0.008911,0.000000
0.800000,12.000000,-0.009952,0.000000
0.800000,14.000000,-0.010747,0.000000
0.800000,16.000000,-0.011294,0.000000
0.800000,18.000000,-0.011594,0.000000
0.800000,20.000000,-0.011647,0.000000
0.800000,22.000000,-0.011453,0.000000
0.800000,24.000000,-0.011012,0.000000
0.800000,26.000000,-0.010324,0.000000
0.800000,28.000000,-0.009389,0.000000
0.800000,30.000000,-0.008207,0.000000
0.800000,32.000000,-0.006777,0.000000
0.800000,34.000000,-0.005101,0.000000
0.800000,36.000000,-0.003177,0.000000
0.800000,38.000000,-0.001006,0.000000
0.800000,40.000000,0.001413,0.000000
0.800000,42.000000,0.004079,0.000000
0.800000,44.000000,0.006993,0.000000
0.800000,46.000000,0.010155,0.000000
0.800000,48.000000,0.013566,0.000000
0.800000,50.000000,0.017225,0.000000
0.800000,52.000000,0.021135,0.000000
0.800000,54.000000,0.025297,0.000000
0.800000,56.000000,0.029712,0.000000
0.800000,58.000000,0.034386,0.000000
0.800000,60.000000,0.039324,0.000000
0.800000,62.000000,0.044537,0.000001
0.800000,64.000000,0.050044,0.000003
0.800000,66.000000,0.055875,0.000003
0.800000,68.000000,0.062086,0.000022
0.800000,70.000000,0.068776,0.000090
0.800000,72.000000,0.076124,0.000345
0.800000,74.000000,0.084454,0.001155
0.800000,76.000000,0.094351,0.003451
0.800000,78.000000,0.106857,0.009298
0.800000,80.000000,0.123755,0.022772
0.800000,82.000000,0.147944,0.051096
0.800000,84.000000,0.183850,0.105806
0.800000,86.000000,0.237937,0.203530
0.800000,88.000000,0.319567,0.365982
0.800000,90.000000,0.442564,0.618777
0.800000,92.000000,0.628004,0.989098
0.800000,94.000000,0.904856,1.502543
0.800000,96.000000,1.306051,2.179808
0.800000,98.000000,1.894425,3.033971
0.800000,100.000000,2.885291,4.068967
0.800000,102.000000,4.406835,5.279532
0.800000,104.000000,6.083688,6.652475
0.800000,106.000000,7.809059,8.168874
0.800000,108.000000,9.608196,9.806654
0.800000,110.000000,11.470548,11.543047
0.800000,112.000000,13.372648,13.356522
0.800000,114.000000,15.298401,15.228094
0.800000,116.000000,17.239971,17.141983
0.800000,118.000000,19.193132,19.085701
0.800000,120.000000,21.155226,21.049812
0.800000,122.000000,23.124458,23.027452
0.800000,124.000000,25.099487,25.013861
0.800000,126.000000,27.079218,27.005754
0.800000,128.000000,29.062767,29.001022
0.800000,130.000000,31.049469,30.998318
0.800000,132.000000,33.038834,32.996799
0.800000,134.000000,35.030483,34.995968
0.800000,136.000000,37.024097,36.995518
0.800000,138.000000,39.019382,38.995274
0.800000,140.000000,41.016075,40.995148
0.800000,142.000000,43.013908,42.995087
0.800000,144.000000,45.012657,44.995049
0.800000,146.000000,47.012119,46.995029
0.800000,148.000000,49.012112,48.995022
0.800000,150.000000,51.012493,50.995026
0.800000,152.000000,53.013145,52.995018
0.800000,154.000000,55.013958,54.995018
0.800000,156.000000,57.014854,56.995022
0.800000,158.000000,59.015770,58.995026
0.800000,160.000000,61.016647,60.995026
0.800000,162.000000,63.017448,62.995018
0.800000,164.000000,65.018143,64.995018
0.800000,166.000000,67.018692,66.995018
0.800000,168.000000,69.019081,68.995018
0.800000,170.000000,71.019287,70.995018
0.800000,172.000000,73.019295,72.995018
0.800000,174.000000,75.019112,74.995018
0.800000,176.000000,77.018700,76.995018
0.800000,178.000000,79.018066,78.995018
0.800000,180.000000,81.017204,80.995018
0.800000,182.000000,83.016106,82.995018
0.800000,184.000000,85.014763,84.995018
0.800000,186.000000,87.013184,86.995018
0.800000,188.000000,89.011345,88.995018
0.800000,190.000000,91.009262,90.995018
0.800000,192.000000,93.006927,92.995018
0.800000,194.000000,95.004333,94.995018
0.800000,196.000000,97.001488,96.995018
0.800000,198.000000,98.998383,98.995018
0.800000,200.000000,100.995018,100.995018
0.810000,0.000000,0.000000,0.000000
0.810000,2.000000,-0.002160,0.000000
0.810000,4.000000,-0.004085,0.000000
0.810000,6.000000,-0.005776,0.000000
0.810000,8.000000,-0.007232,0.000000
0.810000,10.000000,-0.008454,0.000000
0.810000,12.000000,-0.009441,0.000000
0.810000,14.000000,-0.010193,0.000000
0.810000,16.000000,-0.010710,0.000000
0.810000,18.000000,-0.010993,0.000000
0.810000,20.000000,-0.011041,0.000000
0.810000,22.000000,-0.010855,0.000000
0.810000,24.000000,-0.010433,0.000000
0.810000,26.000000,-0.009777,0.000000
0.810000,28.000000,-0.008887,0.000000
0.810000,30.000000,-0.007761,0.000000
0.810000,32.000000,-0.006401,0.000000
0.810000,34.000000,-0.004806,0.000000
0.810000,36.000000,-0.002976,0.000000
0.810000,38.000000,-0.000911,0.000000
0.810000,40.000000,0.001389,0.000000
0.810000,42.000000,0.003924,0.000000
0.810000,44.000000,0.006695,0.000000
0.810000,46.000000,0.009701,0.000000
0.810000,48.000000,0.012943,0.000000
0.810000,50.000000,0.016422,0.000000
0.810000,52.000000,0.020139,0.000000
0.810000,54.000000,0.024094,0.000000
0.810000,56.000000,0.028291,0.000000
0.810000,58.000000,0.032732,0.000000
0.810000,60.000000,0.037424,0.000000
0.810000,62.000000,0.042377,0.000001
0.810000,64.000000,0.047607,0.000000
0.810000,66.000000,0.053142,0.000003
0.810000,68.000000,0.059034,0.000011
0.810000,70.000000,0.065372,0.000056
0.810000,72.000000,0.072319,0.000227
0.810000,74.000000,0.080172,0.000800
0.810000,76.000000,0.089465,0.002515
0.810000,78.000000,0.101148,0.007090
0.810000,80.000000,0.116860,0.018090
0.810000,82.000000,0.139274,0.042076
0.810000,84.000000,0.172502,0.089916
0.810000,86.000000,0.222600,0.177785
0.810000,88.000000,0.298412,0.327380
0.810000,90.000000,0.413098,0.564923
0.810000,92.000000,0.586935,0.918834
0.810000,94.000000,0.848524,1.416365
0.810000,96.000000,1.231358,2.079949
0.810000,98.000000,1.799907,2.924112
0.810000,100.000000,2.775274,3.953625
0.810000,102.000000,4.296260,5.163339
0.810000,104.000000,5.983809,6.539512
0.810000,106.000000,7.720197,8.062200
0.810000,108.000000,9.527874,9.708130
0.810000,110.000000,11.396492,11.453350
0.810000,112.000000,13.303289,13.275402
0.810000,114.000000,15.232736,15.154673
0.810000,116.000000,17.177279,17.075012
0.810000,118.000000,19.132847,19.023867
0.810000,120.000000,21.096901,20.991871
0.810000,122.000000,23.067732,22.972355
0.810000,124.000000,25.044065,24.960735
0.810000,126.000000,27.024857,26.953968
0.810000,128.000000,29.009277,28.950119
0.810000,130.000000,30.996695,30.947981
0.810000,132.000000,32.986641,32.946808
0.810000,134.000000,34.978756,34.946171
0.810000,136.000000,36.972736,36.945850
0.810000,138.000000,38.968307,38.945683
0.810000,140.000000,40.965202,40.945595
0.810000,142.000000,42.963184,42.945545
0.810000,144.000000,44.962029,44.945526
0.810000,146.000000,46.961544,46.945507
0.810000,148.000000,48.961567,48.945507
0.810000,150.000000,50.961956,50.945503
0.810000,152.000000,52.962585,52.945511
0.810000,154.000000,54.963375,54.945499
0.810000,156.000000,56.964237,56.945499
0.810000,158.000000,58.965118,58.945511
0.810000,160.000000,60.965961,60.945503
0.810000,162.000000,62.966736,62.945503
0.810000,164.000000,64.967400,64.945503
0.810000,166.000000,66.967926,66.945503
0.810000,168.000000,68.968300,68.945503
0.810000,170.000000,70.968506,70.945503
0.810000,172.000000,72.968521,72.945503
0.810000,174.000000,74.968346,74.945503
0.810000,176.000000,76.967964,76.945503
0.810000,178.000000,78.967369,78.945503
0.810000,180.000000,80.966545,80.945503
0.810000,182.000000,82.965508,82.945503
0.810000,184.000000,84.964241,84.945503
0.810000,186.000000,86.962738,86.945503
0.810000,188.000000,88.960999,88.945503
0.810000,190.000000,90.959023,90.945503
0.810000,192.000000,92.956802,92.945503
0.810000,194.000000,94.954346,94.945503
0.810000,196.000000,96.951637,96.945503
0.810000,198.000000,98.948700,98.945503
0.810000,200.000000,100.945503,100.945503
0.820000,0.000000,0.000000,0.000000
0.820000,2.000000,-0.002044,0.000000
0.820000,4.000000,-0.003866,0.000000
0.820000,6.000000,-0.005466,0.000000
0.820000,8.000000,-0.006843,0.000000
0.820000,10.000000,-0.007998,0.000000
0.820000,12.000000,-0.008931,0.000000
0.820000,14.000000,-0.009641,0.000000
0.820000,16.000000,-0.010129,0.000000
0.820000,18.000000,-0.010395,0.000000
0.820000,20.000000,-0.010438,0.000000
0.820000,22.000000,-0.010259,0.000000
0.820000,24.000000,-0.009858,0.000000
0.820000,26.000000,-0.009234,0.000000
0.820000,28.000000,-0.008388,0.000000
0.820000,30.000000,-0.007320,0.000000
0.820000,32.000000,-0.006029,0.000000
0.820000,34.000000,-0.004516,0.000000
0.820000,36.000000,-0.002780,0.000000
0.820000,38.000000,-0.000821,0.000000
0.820000,40.000000,0.001360,0.000000
0.820000,42.000000,0.003764,0.000000
0.820000,44.000000,0.006390,0.000000
0.820000,46.000000,0.009240,0.000000
0.820000,48.000000,0.012314,0.000000
0.820000,50.000000,0.015612,0.000000
0.820000,52.000000,0.019135,0.000000
0.820000,54.000000,0.022884,0.000000
0.820000,56.000000,0.026861,0.000000
0.820000,58.000000,0.031070,0.000000
0.820000,60.000000,0.035516,0.000000
0.820000,62.000000,0.040208,0.000002
0.820000,64.000000,0.045161,0.000001
0.820000,66.000000,0.050401,-0.000001
0.820000,68.000000,0.055975,0.000007
0.820000,70.000000,0.061963,0.000033
0.820000,72.000000,0.068516,0.000141
0.820000,74.000000,0.075900,0.000534
0.820000,76.000000,0.084604,0.001773
0.820000,78.000000,0.095493,0.005267
0.820000,80.000000,0.110066,0.014058
0.820000,82.000000,0.130782,0.034022
0.820000,84.000000,0.161447,0.075283
0.820000,86.000000,0.207713,0.153449
0.820000,88.000000,0.277902,0.290083
0.820000,90.000000,0.384492,0.511958
0.820000,92.000000,0.546916,0.848749
0.820000,94.000000,0.793269,1.329498
0.820000,96.000000,1.157506,1.978567
0.820000,98.000000,1.705751,2.812109
0.820000,100.000000,2.665105,3.835857
0.820000,102.000000,4.185279,5.044823
0.820000,104.000000,5.883628,6.424635
0.820000,106.000000,7.631247,7.954215
0.820000,108.000000,9.447593,9.608925
0.820000,110.000000,11.322524,11.363572
0.820000,112.000000,13.234030,13.194639
0.820000,114.000000,15.167168,15.081848
0.820000,116.000000,17.114672,17.008770
0.820000,118.000000,19.072641,18.962755
0.820000,120.000000,21.038643,20.934587
0.820000,122.000000,23.011065,22.917780
0.820000,124.000000,24.988693,24.908014
0.820000,126.000000,26.970543,26.902475
0.820000,128.000000,28.955830,28.899422
0.820000,130.000000,30.943953,30.897747
0.820000,132.000000,32.934475,32.896873
0.820000,134.000000,34.927052,34.896412
0.820000,136.000000,36.921394,36.896179
0.820000,138.000000,38.917236,38.896069
0.820000,140.000000,40.914337,40.896015
0.820000,142.000000,42.912460,42.895988
0.820000,144.000000,44.911396,44.895966
0.820000,146.000000,46.910969,46.895958
0.820000,148.000000,48.911011,48.895962
0.820000,150.000000,50.911396,50.895966
0.820000,152.000000,52.912014,52.895962
0.820000,154.000000,54.912777,54.895954
0.820000,156.000000,56.913609,56.895966
0.820000,158.000000,58.914452,58.895958
0.820000,160.000000,60.915260,60.895958
0.820000,162.000000,62.916000,62.895958
0.820000,164.000000,64.916634,64.895958
0.820000,166.000000,66.917145,66.895958
0.820000,168.000000,68.917503,68.895958
0.820000,170.000000,70.917702,70.895958
0.820000,172.000000,72.917725,72.895958
0.820000,174.000000,74.917557,74.895958
0.820000,176.000000,76.917198,76.895958
0.820000,178.000000,78.916634,78.895958
0.820000,180.000000,80.915863,80.895958
0.820000,182.000000,82.914886,82.895958
0.820000,184.000000,84.913681,84.895958
0.820000,186.000000,86.912270,86.895958
0.820000,188.000000,88.910622,88.895958
0.820000,190.000000,90.908752,90.895958
0.820000,192.000000,92.906654,92.895958
0.820000,194.000000,94.904327,94.895958
0.820000,196.000000,96.901772,96.895958
0.820000,198.000000,98.898987,98.895958
0.820000,200.000000,100.895958,100.895958
0.830000,0.000000,0.000000,0.000000
0.830000,2.000000,-0.001929,0.000000
0.830000,4.000000,-0.003647,0.000000
0.830000,6.000000,-0.005156,0.000000
0.830000,8.000000,-0.006454,0.000000
0.830000,10.000000,-0.007543,0.000000
0.830000,12.000000,-0.008422,0.000000
0.830000,14.000000,-0.009090,0.000000
0.830000,16.000000,-0.009549,0.000000
0.830000,18.000000,-0.009798,0.000000
0.830000,20.000000,-0.009837,0.000000
0.830000,22.000000,-0.009666,0.000000
0.830000,24.000000,-0.009285,0.000000
0.830000,26.000000,-0.008693,0.000000
0.830000,28.000000,-0.007892,0.000000
0.830000,30.000000,-0.006881,0.000000
0.830000,32.000000,-0.005660,0.000000
0.830000,34.000000,-0.004228,0.000000
0.830000,36.000000,-0.002587,0.000000
0.830000,38.000000,-0.000735,0.000000
0.830000,40.000000,0.001327,0.000000
0.830000,42.000000,0.003599,0.000000
0.830000,44.000000,0.006082,0.000000
0.830000,46.000000,0.008776,0.000000
0.830000,48.000000,0.011681,0.000000
0.830000,50.000000,0.014798,0.000000
0.830000,52.000000,0.018127,0.000000
0.830000,54.000000,0.021669,0.000000
0.830000,56.000000,0.025427,0.000000
0.830000,58.000000,0.029404,0.000000
0.830000,60.000000,0.033604,0.000000
0.830000,62.000000,0.038035,0.000000
0.830000,64.000000,0.042712,0.000001
0.830000,66.000000,0.047658,0.000001
0.830000,68.000000,0.052914,0.000004
0.830000,70.000000,0.058556,0.000017
0.830000,72.000000,0.064717,0.000084
0.830000,74.000000,0.071642,0.000340
0.830000,76.000000,0.079771,0.001208
0.830000,78.000000,0.089894,0.003791
0.830000,80.000000,0.103374,0.010644
0.830000,82.000000,0.122465,0.026930
0.830000,84.000000,0.150678,0.061953
0.830000,86.000000,0.193266,0.130616
0.830000,88.000000,0.258027,0.254231
0.830000,90.000000,0.356744,0.460025
0.830000,92.000000,0.507958,0.778945
0.830000,94.000000,0.739127,1.241961
0.830000,96.000000,1.084544,1.875580
0.830000,98.000000,1.612007,2.697799
0.830000,100.000000,2.554818,3.715483
0.830000,102.000000,4.073903,4.923816
0.830000,104.000000,5.783144,6.307732
0.830000,106.000000,7.542205,7.844876
0.830000,108.000000,9.367352,9.509111
0.830000,110.000000,11.248648,11.273778
0.830000,112.000000,13.164874,13.114322
0.830000,114.000000,15.101699,15.009768
0.830000,116.000000,17.052158,16.943348
0.830000,118.000000,19.012516,18.902445
0.830000,120.000000,20.980461,20.877975
0.830000,122.000000,22.954464,22.863768
0.830000,124.000000,24.933382,24.855717
0.830000,126.000000,26.916283,26.851294
0.830000,128.000000,28.902428,28.848907
0.830000,130.000000,30.891253,30.847660
0.830000,132.000000,32.882343,32.847015
0.830000,134.000000,34.875378,34.846695
0.830000,136.000000,36.870075,36.846531
0.830000,138.000000,38.866196,38.846462
0.830000,140.000000,40.863491,40.846420
0.830000,142.000000,42.861748,42.846413
0.830000,144.000000,44.860775,44.846405
0.830000,146.000000,46.860394,46.846409
0.830000,148.000000,48.860458,48.846397
0.830000,150.000000,50.860840,50.846401
0.830000,152.000000,52.861439,52.846394
0.830000,154.000000,54.862171,54.846405
0.830000,156.000000,56.862968,56.846397
0.830000,158.000000,58.863777,58.846397
0.830000,160.000000,60.864548,60.846397
0.830000,162.000000,62.865253,62.846397
0.830000,164.000000,64.865860,64.846397
0.830000,166.000000,66.866348,66.846397
0.830000,168.000000,68.866699,68.846397
0.830000,170.000000,70.866882,70.846397
0.830000,172.000000,72.866913,72.846397
0.830000,174.000000,74.866760,74.846397
0.830000,176.000000,76.866425,76.846397
0.830000,178.000000,78.865898,78.846397
0.830000,180.000000,80.865173,80.846397
0.830000,182.000000,82.864243,82.846397
0.830000,184.000000,84.863121,84.846397
0.830000,186.000000,86.861778,86.846397
0.830000,188.000000,88.860229,88.846397
0.830000,190.000000,90.858467,90.846397
0.830000,192.000000,92.856483,92.846397
0.830000,194.000000,94.854294,94.846397
0.830000,196.000000,96.851883,96.846397
0.830000,198.000000,98.849251,98.846397
0.830000,200.000000,100.846397,100.846397
0.840000,0.000000,0.000000,0.000000
0.840000,2.000000,-0.001813,0.000000
0.840000,4.000000,-0.003429,0.000000
0.840000,6.000000,-0.004846,0.000000
0.840000,8.000000,-0.006067,0.000000
0.840000,10.000000,-0.007089,0.000000
0.840000,12.000000,-0.007914,0.000000
0.840000,14.000000,-0.008542,0.000000
0.840000,16.000000,-0.008972,0.000000
0.840000,18.000000,-0.009204,0.000000
0.840000,20.000000,-0.009239,0.000000
0.840000,22.000000,-0.009076,0.000000
0.840000,24.000000,-0.008715,0.000000
0.840000,26.000000,-0.008157,0.000000
0.840000,28.000000,-0.007400,0.000000
0.840000,30.000000,-0.006447,0.000000
0.840000,32.000000,-0.005295,0.000000
0.840000,34.000000,-0.003946,0.000000
0.840000,36.000000,-0.002399,0.000000
0.840000,38.000000,-0.000655,0.000000
0.840000,40.000000,0.001288,0.000000
0.840000,42.000000,0.003429,0.000000
0.840000,44.000000,0.005768,0.000000
0.840000,46.000000,0.008305,0.000000
0.840000,48.000000,0.011041,0.000000
0.840000,50.000000,0.013976,0.000000
0.840000,52.000000,0.017111,0.000000
0.840000,54.000000,0.020447,0.000000
0.840000,56.000000,0.023985,0.000000
0.840000,58.000000,0.027729,0.000000
0.840000,60.000000,0.031683,0.000000
0.840000,62.000000,0.035854,0.000000
0.840000,64.000000,0.040254,-0.000001
0.840000,66.000000,0.044906,-0.000001
0.840000,68.000000,0.049847,0.000003
0.840000,70.000000,0.055144,0.000010
0.840000,72.000000,0.060919,0.000048
0.840000,74.000000,0.067391,0.000206
0.840000,76.000000,0.074961,0.000786
0.840000,78.000000,0.084341,0.002632
0.840000,80.000000,0.096771,0.007819
0.840000,82.000000,0.114308,0.020792
0.840000,84.000000,0.140177,0.049960
0.840000,86.000000,0.179238,0.109391
0.840000,88.000000,0.238764,0.219972
0.840000,90.000000,0.329832,0.409285
0.840000,92.000000,0.470051,0.709542
0.840000,94.000000,0.686110,1.153773
0.840000,96.000000,1.012505,1.770876
0.840000,98.000000,1.518710,2.580982
0.840000,100.000000,2.444432,3.592248
0.840000,102.000000,3.962129,4.800086
0.840000,104.000000,5.682338,6.188657
0.840000,106.000000,7.453053,7.734153
0.840000,108.000000,9.287136,9.408706
0.840000,110.000000,11.174848,11.184097
0.840000,112.000000,13.095810,13.034587
0.840000,114.000000,15.036320,14.938511
0.840000,116.000000,16.989725,16.878832
0.840000,118.000000,18.952461,18.842974
0.840000,120.000000,20.922342,20.822084
0.840000,122.000000,22.897921,22.810278
0.840000,124.000000,24.878120,24.803822
0.840000,126.000000,26.862066,26.800352
0.840000,128.000000,28.849064,28.798561
0.840000,130.000000,30.838585,30.797651
0.840000,132.000000,32.830238,32.797211
0.840000,134.000000,34.823723,34.796993
0.840000,136.000000,36.818775,36.796886
0.840000,138.000000,38.815159,38.796841
0.840000,140.000000,40.812649,40.796822
0.840000,142.000000,42.811039,42.796810
0.840000,144.000000,44.810150,44.796806
0.840000,146.000000,46.809814,46.796803
0.840000,148.000000,48.809895,48.796810
0.840000,150.000000,50.810272,50.796803
0.840000,152.000000,52.810852,52.796814
0.840000,154.000000,54.811554,54.796806
0.840000,156.000000,56.812317,56.796806
0.840000,158.000000,58.813087,58.796806
0.840000,160.000000,60.813820,60.796806
0.840000,162.000000,62.814491,62.796806
0.840000,164.000000,64.815071,64.796806
0.840000,166.000000,66.815529,66.796806
0.840000,168.000000,68.815865,68.796806
0.840000,170.000000,70.816048,70.796806
0.840000,172.000000,72.816078,72.796806
0.840000,174.000000,74.815933,74.796806
0.840000,176.000000,76.815620,76.796806
0.840000,178.000000,78.815132,78.796806
0.840000,180.000000,80.814453,80.796806
0.840000,182.000000,82.813583,82.796806
0.840000,184.000000,84.812523,84.796806
0.840000,186.000000,86.811264,86.796806
0.840000,188.000000,88.809814,88.796806
0.840000,190.000000,90.808151,90.796806
0.840000,192.000000,92.806290,92.796806
0.840000,194.000000,94.804230,94.796806
0.840000,196.000000,96.801964,96.796806
0.840000,198.000000,98.799492,98.796806
0.840000,200.000000,100.796806,100.796806
0.850000,0.000000,0.000000,0.000000
0.850000,2.000000,-0.001698,0.000000
0.850000,4.000000,-0.003211,0.000000
0.850000,6.000000,-0.004538,0.000000
0.850000,8.000000,-0.005680,0.000000
0.850000,10.000000,-0.006637,0.000000
0.850000,12.000000,-0.007409,0.000000
0.850000,14.000000,-0.007995,0.000000
0.850000,16.000000,-0.008396,0.000000
0.850000,18.000000,-0.008612,0.000000
0.850000,20.000000,-0.008643,0.000000
0.850000,22.000000,-0.008488,0.000000
0.850000,24.000000,-0.008148,0.000000
0.850000,26.000000,-0.007622,0.000000
0.850000,28.000000,-0.006912,0.000000
0.850000,30.000000,-0.006016,0.000000
0.850000,32.000000,-0.004935,0.000000
0.850000,34.000000,-0.003668,0.000000
0.850000,36.000000,-0.002216,0.000000
0.850000,38.000000,-0.000578,0.000000
0.850000,40.000000,0.001245,0.000000
0.850000,42.000000,0.003254,0.000000
0.850000,44.000000,0.005448,0.000000
0.850000,46.000000,0.007829,0.000000
0.850000,48.000000,0.010395,0.000000
0.850000,50.000000,0.013149,0.000000
0.850000,52.000000,0.016089,0.000000
0.850000,54.000000,0.019218,0.000000
0.850000,56.000000,0.022537,0.000000
0.850000,58.000000,0.026048,0.000000
0.850000,60.000000,0.029756,0.000000
0.850000,62.000000,0.033666,0.000000
0.850000,64.000000,0.037791,0.000000
0.850000,66.000000,0.042149,-0.000000
0.850000,68.000000,0.046776,0.000001
0.850000,70.000000,0.051730,0.000006
0.850000,72.000000,0.057122,0.000024
0.850000,74.000000,0.063150,0.000119
0.850000,76.000000,0.070173,0.000486
0.850000,78.000000,0.078834,0.001749
0.850000,80.000000,0.090256,0.005541
0.850000,82.000000,0.106306,0.015585
0.850000,84.000000,0.129934,0.039332
0.850000,86.000000,0.165615,0.089873
0.850000,88.000000,0.220099,0.187488
0.850000,90.000000,0.303747,0.359934
0.850000,92.000000,0.433198,0.640681
0.850000,94.000000,0.634244,1.064971
0.850000,96.000000,0.941434,1.664369
0.850000,98.000000,1.425907,2.461442
0.850000,100.000000,2.333979,3.465882
0.850000,102.000000,3.849966,4.673399
0.850000,104.000000,5.581202,6.067267
0.850000,106.000000,7.363785,7.621996
0.850000,108.000000,9.206942,9.307766
0.850000,110.000000,11.101122,11.094643
0.850000,112.000000,13.026834,12.955585
0.850000,114.000000,14.971030,14.868225
0.850000,116.000000,16.927376,16.815319
0.850000,118.000000,18.892483,18.784384
0.850000,120.000000,20.864288,20.766901
0.850000,122.000000,22.841434,22.757351
0.850000,124.000000,24.822908,24.752285
0.850000,126.000000,26.807896,26.749678
0.850000,128.000000,28.795742,28.748375
0.850000,130.000000,30.785955,30.747742
0.850000,132.000000,32.778172,32.747433
0.850000,134.000000,34.772095,34.747303
0.850000,136.000000,36.767494,36.747238
0.850000,138.000000,38.764137,38.747204
0.850000,140.000000,40.761814,40.747200
0.850000,142.000000,42.760338,42.747192
0.850000,144.000000,44.759529,44.747200
0.850000,146.000000,46.759235,46.747196
0.850000,148.000000,48.759327,48.747189
0.850000,150.000000,50.759697,50.747200
0.850000,152.000000,52.760254,52.747192
0.850000,154.000000,54.760921,54.747192
0.850000,156.000000,56.761646,56.747192
0.850000,158.000000,58.762379,58.747192
0.850000,160.000000,60.763077,60.747192
0.850000,162.000000,62.763710,62.747192
0.850000,164.000000,64.764259,64.747192
0.850000,166.000000,66.764694,66.747192
0.850000,168.000000,68.765007,68.747192
0.850000,170.000000,70.765190,70.747192
0.850000,172.000000,72.765221,72.747192
0.850000,174.000000,74.765091,74.747192
0.850000,176.000000,76.764809,76.747192
0.850000,178.000000,78.764343,78.747192
0.850000,180.000000,80.763710,80.747192
0.850000,182.000000,82.762901,82.747192
0.850000,184.000000,84.761909,84.747192
0.850000,186.000000,86.760727,86.747192
0.850000,188.000000,88.759369,88.747192
0.850000,190.000000,90.757820,90.747192
0.850000,192.000000,92.756081,92.747192
0.850000,194.000000,94.754150,94.747192
0.850000,196.000000,96.752022,96.747192
0.850000,198.000000,98.749710,98.747192
0.850000,200.000000,100.747192,100.747192
0.860000,0.000000,0.000000,0.000000
0.860000,2.000000,-0.001583,0.000000
0.860000,4.000000,-0.002993,0.000000
0.860000,6.000000,-0.004230,0.000000
0.860000,8.000000,-0.005294,0.000000
0.860000,10.000000,-0.006186,0.000000
0.860000,12.000000,-0.006904,0.000000
0.860000,14.000000,-0.007450,0.000000
0.860000,16.000000,-0.007822,0.000000
0.860000,18.000000,-0.008022,0.000000
0.860000,20.000000,-0.008049,0.000000
0.860000,22.000000,-0.007903,0.000000
0.860000,24.000000,-0.007584,0.000000
0.860000,26.000000,-0.007091,0.000000
0.860000,28.000000,-0.006426,0.000000
0.860000,30.000000,-0.005588,0.000000
0.860000,32.000000,-0.004578,0.000000
0.860000,34.000000,-0.003394,0.000000
0.860000,36.000000,-0.002036,0.000000
0.860000,38.000000,-0.000506,0.000000
0.860000,40.000000,0.001197,0.000000
0.860000,42.000000,0.003073,0.000000
0.860000,44.000000,0.005123,0.000000
0.860000,46.000000,0.007347,0.000000
0.860000,48.000000,0.009744,0.000000
0.860000,50.000000,0.012316,0.000000
0.860000,52.000000,0.015062,0.000000
0.860000,54.000000,0.017984,0.000000
0.860000,56.000000,0.021083,0.000000
0.860000,58.000000,0.024361,0.000000
0.860000,60.000000,0.027822,0.000000
0.860000,62.000000,0.031472,0.000000
0.860000,64.000000,0.035321,0.000000
0.860000,66.000000,0.039387,-0.000001
0.860000,68.000000,0.043699,0.000000
0.860000,70.000000,0.048313,0.000001
0.860000,72.000000,0.053327,0.000012
0.860000,74.000000,0.058917,0.000063
0.860000,76.000000,0.065406,0.000281
0.860000,78.000000,0.073371,0.001104
0.860000,80.000000,0.083823,0.003758
0.860000,82.000000,0.098451,0.011272
0.860000,84.000000,0.119938,0.030086
0.860000,86.000000,0.152383,0.072161
0.860000,88.000000,0.202015,0.156953
0.860000,90.000000,0.278475,0.312199
0.860000,92.000000,0.397394,0.572557
0.860000,94.000000,0.583550,0.975609
0.860000,96.000000,0.871373,1.555935
0.860000,98.000000,1.333643,2.338922
0.860000,100.000000,2.223490,3.336078
0.860000,102.000000,3.737420,4.543482
0.860000,104.000000,5.479729,5.943389
0.860000,106.000000,7.274389,7.508387
0.860000,108.000000,9.126760,9.206404
0.860000,110.000000,11.027467,11.005570
0.860000,112.000000,12.957947,12.877476
0.860000,114.000000,14.905828,14.799047
0.860000,116.000000,16.865105,16.752880
0.860000,118.000000,18.832577,18.726734
0.860000,120.000000,20.806299,20.712463
0.860000,122.000000,22.785006,22.704933
0.860000,124.000000,24.767750,24.701103
0.860000,126.000000,26.753771,26.699215
0.860000,128.000000,28.742460,28.698311
0.860000,130.000000,30.733358,30.697889
0.860000,132.000000,32.726128,32.697701
0.860000,134.000000,34.720490,34.697617
0.860000,136.000000,36.716228,36.697571
0.860000,138.000000,38.713127,38.697571
0.860000,140.000000,40.710991,40.697556
0.860000,142.000000,42.709641,42.697559
0.860000,144.000000,44.708904,44.697559
0.860000,146.000000,46.708652,46.697552
0.860000,148.000000,48.708755,48.697563
0.860000,150.000000,50.709118,50.697556
0.860000,152.000000,52.709652,52.697556
0.860000,154.000000,54.710285,54.697556
0.860000,156.000000,56.710972,56.697556
0.860000,158.000000,58.711658,58.697556
0.860000,160.000000,60.712318,60.697556
0.860000,162.000000,62.712917,62.697556
0.860000,164.000000,64.713432,64.697556
0.860000,166.000000,66.713844,66.697556
0.860000,168.000000,68.714142,68.697556
0.860000,170.000000,70.714317,70.697556
0.860000,172.000000,72.714348,72.697556
0.860000,174.000000,74.714233,74.697556
0.860000,176.000000,76.713959,76.697556
0.860000,178.000000,78.713539,78.697556
0.860000,180.000000,80.712952,80.697556
0.860000,182.000000,82.712196,82.697556
0.860000,184.000000,84.711281,84.697556
0.860000,186.000000,86.710182,86.697556
0.860000,188.000000,88.708908,88.697556
0.860000,190.000000,90.707458,90.697556
0.860000,192.000000,92.705841,92.697556
0.860000,194.000000,94.704041,94.697556
0.860000,196.000000,96.702057,96.697556
0.860000,198.000000,98.699898,98.697556
0.860000,200.000000,100.697556,100.697556
0.870000,0.000000,0.000000,0.000000
0.870000,2.000000,-0.001468,0.000000
0.870000,4.000000,-0.002776,0.000000
0.870000,6.000000,-0.003923,0.000000
0.870000,8.000000,-0.004910,0.000000
0.870000,10.000000,-0.005736,0.000000
0.870000,12.000000,-0.006402,0.000000
0.870000,14.000000,-0.006907,0.000000
0.870000,16.000000,-0.007251,0.000000
0.870000,18.000000,-0.007435,0.000000
0.870000,20.000000,-0.007458,0.000000
0.870000,22.000000,-0.007321,0.000000
0.870000,24.000000,-0.007023,0.000000
0.870000,26.000000,-0.006564,0.000000
0.870000,28.000000,-0.005945,0.000000
0.870000,30.000000,-0.005166,0.000000
0.870000,32.000000,-0.004225,0.000000
0.870000,34.000000,-0.003124,0.000000
0.870000,36.000000,-0.001863,0.000000
0.870000,38.000000,-0.000440,0.000000
0.870000,40.000000,0.001143,0.000000
0.870000,42.000000,0.002887,0.000000
0.870000,44.000000,0.004792,0.000000
0.870000,46.000000,0.006858,0.000000
0.870000,48.000000,0.009086,0.000000
0.870000,50.000000,0.011475,0.000000
0.870000,52.000000,0.014027,0.000000
0.870000,54.000000,0.016741,0.000000
0.870000,56.000000,0.019620,0.000000
0.870000,58.000000,0.022665,0.000000
0.870000,60.000000,0.025880,0.000000
0.870000,62.000000,0.029269,0.000000
0.870000,64.000000,0.032843,0.000000
0.870000,66.000000,0.036616,0.000000
0.870000,68.000000,0.040616,0.000000
0.870000,70.000000,0.044891,-0.000000
0.870000,72.000000,0.049529,0.000007
0.870000,74.000000,0.054688,0.000030
0.870000,76.000000,0.060655,0.000153
0.870000,78.000000,0.067945,0.000653
0.870000,80.000000,0.077464,0.002418
0.870000,82.000000,0.090731,0.007807
0.870000,84.000000,0.110173,0.022221
0.870000,86.000000,0.139524,0.056355
0.870000,88.000000,0.184493,0.128573
0.870000,90.000000,0.253996,0.266346
0.870000,92.000000,0.362631,0.505390
0.870000,94.000000,0.534040,0.885766
0.870000,96.000000,0.802361,1.445458
0.870000,98.000000,1.241962,2.213118
0.870000,100.000000,2.112991,3.202457
0.870000,102.000000,3.624492,4.409995
0.870000,104.000000,5.377903,5.816844
0.870000,106.000000,7.184850,7.393284
0.870000,108.000000,9.046576,9.104724
0.870000,110.000000,10.953872,10.917054
0.870000,112.000000,12.889137,12.800439
0.870000,114.000000,14.840703,14.731107
0.870000,116.000000,16.802904,16.691629
0.870000,118.000000,18.772734,18.670063
0.870000,120.000000,20.748369,20.658743
0.870000,122.000000,22.728630,22.653025
0.870000,124.000000,24.712637,24.650244
0.870000,126.000000,26.699684,26.648930
0.870000,128.000000,28.689211,28.648331
0.870000,130.000000,30.680790,30.648079
0.870000,132.000000,32.674103,32.647961
0.870000,134.000000,34.668907,34.647919
0.870000,136.000000,36.664978,36.647896
0.870000,138.000000,38.662128,38.647896
0.870000,140.000000,40.660172,40.647892
0.870000,142.000000,42.658936,42.647892
0.870000,144.000000,44.658283,44.647888
0.870000,146.000000,46.658062,46.647896
0.870000,148.000000,48.658176,48.647888
0.870000,150.000000,50.658524,50.647888
0.870000,152.000000,52.659027,52.647888
0.870000,154.000000,54.659630,54.647888
0.870000,156.000000,56.660275,56.647888
0.870000,158.000000,58.660923,58.647888
0.870000,160.000000,60.661541,60.647888
0.870000,162.000000,62.662098,62.647888
0.870000,164.000000,64.662582,64.647888
0.870000,166.000000,66.662979,66.647888
0.870000,168.000000,68.663254,68.647888
0.870000,170.000000,70.663414,70.647888
0.870000,172.000000,72.663445,72.647888
0.870000,174.000000,74.663345,74.647888
0.870000,176.000000,76.663101,76.647888
0.870000,178.000000,78.662712,78.647888
0.870000,180.000000,80.662163,80.647888
0.870000,182.000000,82.661469,82.647888
0.870000,184.000000,84.660606,84.647888
0.870000,186.000000,86.659599,86.647888
0.870000,188.000000,88.658424,88.647888
0.870000,190.000000,90.657082,90.647888
0.870000,192.000000,92.655571,92.647888
0.870000,194.000000,94.653900,94.647888
0.870000,196.000000,96.652069,96.647888
0.870000,198.000000,98.650063,98.647888
0.870000,200.000000,100.647888,100.647888
0.880000,0.000000,0.000000,0.000000
0.880000,2.000000,-0.001354,0.000000
0.880000,4.000000,-0.002559,0.000000
0.880000,6.000000,-0.003617,0.000000
0.880000,8.000000,-0.004526,0.000000
0.880000,10.000000,-0.005287,0.000000
0.880000,12.000000,-0.005900,0.000000
0.880000,14.000000,-0.006364,0.000000
0.880000,16.000000,-0.006681,0.000000
0.880000,18.000000,-0.006849,0.000000
0.880000,20.000000,-0.006869,0.000000
0.880000,22.000000,-0.006741,0.000000
0.880000,24.000000,-0.006464,0.000000
0.880000,26.000000,-0.006039,0.000000
0.880000,28.000000,-0.005466,0.000000
0.880000,30.000000,-0.004745,0.000000
0.880000,32.000000,-0.003876,0.000000
0.880000,34.000000,-0.002858,0.000000
0.880000,36.000000,-0.001692,0.000000
0.880000,38.000000,-0.000377,0.000000
0.880000,40.000000,0.001086,0.000000
0.880000,42.000000,0.002697,0.000000
0.880000,44.000000,0.004457,0.000000
0.880000,46.000000,0.006366,0.000000
0.880000,48.000000,0.008424,0.000000
0.880000,50.000000,0.010631,0.000000
0.880000,52.000000,0.012987,0.000000
0.880000,54.000000,0.015494,0.000000
0.880000,56.000000,0.018153,0.000000
0.880000,58.000000,0.020965,0.000000
0.880000,60.000000,0.023933,0.000000
0.880000,62.000000,0.027063,0.000000
0.880000,64.000000,0.030361,0.000000
0.880000,66.000000,0.033842,0.000000
0.880000,68.000000,0.037530,-0.000001
0.880000,70.000000,0.041469,-0.000001
0.880000,72.000000,0.045735,0.000001
0.880000,74.000000,0.050468,0.000013
0.880000,76.000000,0.055924,0.000074
0.880000,78.000000,0.062561,0.000357
0.880000,80.000000,0.071182,0.001459
0.880000,82.000000,0.083147,0.005125
0.880000,84.000000,0.100637,0.015721
0.880000,86.000000,0.127028,0.042533
0.880000,88.000000,0.167521,0.102566
0.880000,90.000000,0.230302,0.222684
0.880000,92.000000,0.328907,0.439469
0.880000,94.000000,0.485737,0.795582
0.880000,96.000000,0.734444,1.332811
0.880000,98.000000,1.150920,2.083691
0.880000,100.000000,2.002523,3.064559
0.880000,102.000000,3.511199,4.272570
0.880000,104.000000,5.275723,5.687416
0.880000,106.000000,7.095163,7.276721
0.880000,108.000000,8.966393,9.002889
0.880000,110.000000,10.880338,10.829352
0.880000,112.000000,12.820410,12.724716
0.880000,114.000000,14.775661,14.664614
0.880000,116.000000,16.740788,16.631664
0.880000,118.000000,18.712963,18.614418
0.880000,120.000000,20.690502,20.605762
0.880000,122.000000,22.672312,22.601601
0.880000,124.000000,24.657578,24.599686
0.880000,126.000000,26.645647,26.598820
0.880000,128.000000,28.636005,28.598442
0.880000,130.000000,30.628262,30.598303
0.880000,132.000000,32.622120,32.598248
0.880000,134.000000,34.617348,34.598225
0.880000,136.000000,36.613750,36.598217
0.880000,138.000000,38.611145,38.598206
0.880000,140.000000,40.609364,40.598202
0.880000,142.000000,42.608250,42.598206
0.880000,144.000000,44.607662,44.598213
0.880000,146.000000,46.607479,46.598206
0.880000,148.000000,48.607597,48.598206
0.880000,150.000000,50.607929,50.598206
0.880000,152.000000,52.608406,52.598206
0.880000,154.000000,54.608971,54.598206
0.880000,156.000000,56.609570,56.598206
0.880000,158.000000,58.610180,58.598206
0.880000,160.000000,60.610752,60.598206
0.880000,162.000000,62.611275,62.598206
0.880000,164.000000,64.611732,64.598206
0.880000,166.000000,66.612091,66.598206
0.880000,168.000000,68.612358,68.598206
0.880000,170.000000,70.612511,70.598206
0.880000,172.000000,72.612541,72.598206
0.880000,174.000000,74.612450,74.598206
0.880000,176.000000,76.612221,76.598206
0.880000,178.000000,78.611862,78.598206
0.880000,180.000000,80.611366,80.598206
0.880000,182.000000,82.610718,82.598206
0.880000,184.000000,84.609932,84.598206
0.880000,186.000000,86.608994,86.598206
0.880000,188.000000,88.607918,88.598206
0.880000,190.000000,90.606682,90.598206
0.880000,192.000000,92.605293,92.598206
0.880000,194.000000,94.603752,94.598206
0.880000,196.000000,96.602058,96.598206
0.880000,198.000000,98.600212,98.598206
0.880000,200.000000,100.598206,100.598206
0.890000,0.000000,0.000000,0.000000
0.890000,2.000000,-0.001240,0.000000
0.890000,4.000000,-0.002344,0.000000
0.890000,6.000000,-0.003312,0.000000
0.890000,8.000000,-0.004144,0.000000
0.890000,10.000000,-0.004840,0.000000
0.890000,12.000000,-0.005400,0.000000
0.890000,14.000000,-0.005825,0.000000
0.890000,16.000000,-0.006114,0.000000
0.890000,18.000000,-0.006267,0.000000
0.890000,20.000000,-0.006284,0.000000
0.890000,22.000000,-0.006165,0.000000
0.890000,24.000000,-0.005910,0.000000
0.890000,26.000000,-0.005519,0.000000
0.890000,28.000000,-0.004993,0.000000
0.890000,30.000000,-0.004330,0.000000
0.890000,32.000000,-0.003532,0.000000
0.890000,34.000000,-0.002598,0.000000
0.890000,36.000000,-0.001527,0.000000
0.890000,38.000000,-0.000321,0.000000
0.890000,40.000000,0.001021,0.000000
0.890000,42.000000,0.002500,0.000000
0.890000,44.000000,0.004114,0.000000
0.890000,46.000000,0.005865,0.000000
0.890000,48.000000,0.007753,0.000000
0.890000,50.000000,0.009777,0.000000
0.890000,52.000000,0.011938,0.000000
0.890000,54.000000,0.014238,0.000000
0.890000,56.000000,0.016676,0.000000
0.890000,58.000000,0.019254,0.000000
0.890000,60.000000,0.021976,0.000000
0.890000,62.000000,0.024844,0.000000
0.890000,64.000000,0.027867,0.000000
0.890000,66.000000,0.031057,0.000000
0.890000,68.000000,0.034435,0.000000
0.890000,70.000000,0.038038,-0.000002
0.890000,72.000000,0.041935,-0.000000
0.890000,74.000000,0.046249,0.000004
0.890000,76.000000,0.051205,0.000033
0.890000,78.000000,0.057205,0.000177
0.890000,80.000000,0.064962,0.000808
0.890000,82.000000,0.075681,0.003144
0.890000,84.000000,0.091307,0.010538
0.890000,86.000000,0.114871,0.030760
0.890000,88.000000,0.151071,0.079155
0.890000,90.000000,0.207365,0.181573
0.890000,92.000000,0.296204,0.375143
0.890000,94.000000,0.438645,0.705208
0.890000,96.000000,0.667654,1.217856
0.890000,98.000000,1.060554,1.950207
0.890000,100.000000,1.892110,2.921849
0.890000,102.000000,3.397537,4.130727
0.890000,104.000000,5.173166,5.554886
0.890000,106.000000,7.005305,7.158717
0.890000,108.000000,8.886188,8.901122
0.890000,110.000000,10.806847,10.742748
0.890000,112.000000,12.751747,12.650561
0.890000,114.000000,14.710690,14.599695
0.890000,116.000000,16.678728,16.573036
0.890000,118.000000,18.653248,18.559755
0.890000,120.000000,20.632685,20.553448
0.890000,122.000000,22.616035,22.550568
0.890000,124.000000,24.602554,24.549332
0.890000,126.000000,26.591642,26.548819
0.890000,128.000000,28.582829,28.548607
0.890000,130.000000,30.575754,30.548531
0.890000,132.000000,32.570148,32.548504
0.890000,134.000000,34.565804,34.548489
0.890000,136.000000,36.562531,36.548492
0.890000,138.000000,38.560169,38.548481
0.890000,140.000000,40.558556,40.548485
0.890000,142.000000,42.557552,42.548492
0.890000,144.000000,44.557030,44.548485
0.890000,146.000000,46.556877,46.548485
0.890000,148.000000,48.556999,48.548485
0.890000,150.000000,50.557316,50.548485
0.890000,152.000000,52.557762,52.548485
0.890000,154.000000,54.558289,54.548485
0.890000,156.000000,56.558846,56.548485
0.890000,158.000000,58.559406,58.548485
0.890000,160.000000,60.559940,60.548485
0.890000,162.000000,62.560421,62.548485
0.890000,164.000000,64.560844,64.548485
0.890000,166.000000,66.561180,66.548485
0.890000,168.000000,68.561417,68.548485
0.890000,170.000000,70.561562,70.548485
0.890000,172.000000,72.561600,72.548485
0.890000,174.000000,74.561516,74.548485
0.890000,176.000000,76.561310,76.548485
0.890000,178.000000,78.560989,78.548485
0.890000,180.000000,80.560532,80.548485
0.890000,182.000000,82.559944,82.548485
0.890000,184.000000,84.559227,84.548485
0.890000,186.000000,86.558372,86.548485
0.890000,188.000000,88.557381,88.548485
0.890000,190.000000,90.556244,90.548485
0.890000,192.000000,92.554977,92.548485
0.890000,194.000000,94.553566,94.548485
0.890000,196.000000,96.552017,96.548485
0.890000,198.000000,98.550323,98.548485
0.890000,200.000000,100.548485,100.548485
0.900000,0.000000,0.000000,0.000000
0.900000,2.000000,-0.001126,0.000000
0.900000,4.000000,-0.002128,0.000000
0.900000,6.000000,-0.003006,0.000000
0.900000,8.000000,-0.003762,0.000000
0.900000,10.000000,-0.004393,0.000000
0.900000,12.000000,-0.004901,0.000000
0.900000,14.000000,-0.005286,0.000000
0.900000,16.000000,-0.005547,0.000000
0.900000,18.000000,-0.005685,0.000000
0.900000,20.000000,-0.005699,0.000000
0.900000,22.000000,-0.005590,0.000000
0.900000,24.000000,-0.005357,0.000000
0.900000,26.000000,-0.005000,0.000000
0.900000,28.000000,-0.004520,0.000000
0.900000,30.000000,-0.003917,0.000000
0.900000,32.000000,-0.003189,0.000000
0.900000,34.000000,-0.002339,0.000000
0.900000,36.000000,-0.001364,0.000000
0.900000,38.000000,-0.000266,0.000000
0.900000,40.000000,0.000955,0.000000
0.900000,42.000000,0.002300,0.000000
0.900000,44.000000,0.003770,0.000000
0.900000,46.000000,0.005363,0.000000
0.900000,48.000000,0.007080,0.000000
0.900000,50.000000,0.008921,0.000000
0.900000,52.000000,0.010887,0.000000
0.900000,54.000000,0.012979,0.000000
0.900000,56.000000,0.015196,0.000000
0.900000,58.000000,0.017542,0.000000
0.900000,60.000000,0.020016,0.000000
0.900000,62.000000,0.022625,0.000000
0.900000,64.000000,0.025373,0.000000
0.900000,66.000000,0.028271,0.000000
0.900000,68.000000,0.031339,0.000000
0.900000,70.000000,0.034608,0.000002
0.900000,72.000000,0.038140,0.000001
0.900000,74.000000,0.042040,0.000002
0.900000,76.000000,0.046506,0.000014
0.900000,78.000000,0.051889,0.000077
0.900000,80.000000,0.058813,0.000404
0.900000,82.000000,0.068339,0.001770
0.900000,84.000000,0.082186,0.006589
0.900000,86.000000,0.103051,0.021062
0.900000,88.000000,0.135140,0.058568
0.900000,90.000000,0.185181,0.143423
0.900000,92.000000,0.264526,0.312891
0.900000,94.000000,0.392787,0.614916
0.900000,96.000000,0.602043,1.100464
0.900000,98.000000,0.970930,1.812173
0.900000,100.000000,1.781801,2.773650
0.900000,102.000000,3.283531,3.983925
0.900000,104.000000,5.070240,5.418999
0.900000,106.000000,6.915280,7.039354
0.900000,108.000000,8.805968,8.799742
0.900000,110.000000,10.733411,10.657613
0.900000,112.000000,12.683162,12.578293
0.900000,114.000000,14.645798,14.536567
0.900000,116.000000,16.616749,16.515852
0.900000,118.000000,18.593603,18.506109
0.900000,120.000000,20.574934,20.501772
0.900000,122.000000,22.559820,22.499941
0.900000,124.000000,24.547586,24.499203
0.900000,126.000000,26.537687,26.498915
0.900000,128.000000,28.529697,28.498810
0.900000,130.000000,30.523287,30.498774
0.900000,132.000000,32.518211,32.498756
0.900000,134.000000,34.514286,34.498756
0.900000,136.000000,36.511333,36.498753
0.900000,138.000000,38.509209,38.498756
0.900000,140.000000,40.507763,40.498756
0.900000,142.000000,42.506874,42.498756
0.900000,144.000000,44.506413,44.498756
0.900000,146.000000,46.506290,46.498756
0.900000,148.000000,48.506409,48.498756
0.900000,150.000000,50.506710,50.498756
0.900000,152.000000,52.507122,52.498756
0.900000,154.000000,54.507603,54.498756
0.900000,156.000000,56.508121,56.498756
0.900000,158.000000,58.508633,58.498756
0.900000,160.000000,60.509125,60.498756
0.900000,162.000000,62.509567,62.498756
0.900000,164.000000,64.509956,64.498756
0.900000,166.000000,66.510269,66.498756
0.900000,168.000000,68.510483,68.498756
0.900000,170.000000,70.510620,70.498756
0.900000,172.000000,72.510651,72.498756
0.900000,174.000000,74.510582,74.498756
0.900000,176.000000,76.510399,76.498756
0.900000,178.000000,78.510101,78.498756
0.900000,180.000000,80.509689,80.498756
0.900000,182.000000,82.509155,82.498756
0.900000,184.000000,84.508507,84.498756
0.900000,186.000000,86.507729,86.498756
0.900000,188.000000,88.506836,88.498756
0.900000,190.000000,90.505798,90.498756
0.900000,192.000000,92.504654,92.498756
0.900000,194.000000,94.503372,94.498756
0.900000,196.000000,96.501968,96.498756
0.900000,198.000000,98.500420,98.498756
0.900000,200.000000,100.498756,100.498756
0.910000,0.000000,0.000000,0.000000
0.910000,2.000000,-0.001012,0.000000
0.910000,4.000000,-0.001913,0.000000
0.910000,6.000000,-0.002703,0.000000
0.910000,8.000000,-0.003381,0.000000
0.910000,10.000000,-0.003948,0.000000
0.910000,12.000000,-0.004405,0.000000
0.910000,14.000000,-0.004750,0.000000
0.910000,16.000000,-0.004984,0.000000
0.910000,18.000000,-0.005107,0.000000
0.910000,20.000000,-0.005118,0.000000
0.910000,22.000000,-0.005019,0.000000
0.910000,24.000000,-0.004808,0.000000
0.910000,26.000000,-0.004486,0.000000
0.910000,28.000000,-0.004053,0.000000
0.910000,30.000000,-0.003509,0.000000
0.910000,32.000000,-0.002853,0.000000
0.910000,34.000000,-0.002086,0.000000
0.910000,36.000000,-0.001208,0.000000
0.910000,38.000000,-0.000219,0.000000
0.910000,40.000000,0.000881,0.000000
0.910000,42.000000,0.002093,0.000000
0.910000,44.000000,0.003417,0.000000
0.910000,46.000000,0.004851,0.000000
0.910000,48.000000,0.006398,0.000000
0.910000,50.000000,0.008056,0.000000
0.910000,52.000000,0.009827,0.000000
0.910000,54.000000,0.011710,0.000000
0.910000,56.000000,0.013707,0.000000
0.910000,58.000000,0.015818,0.000000
0.910000,60.000000,0.018046,0.000000
0.910000,62.000000,0.020394,0.000000
0.910000,64.000000,0.022867,0.000000
0.910000,66.000000,0.025474,0.000000
0.910000,68.000000,0.028233,0.000000
0.910000,70.000000,0.031170,0.000000
0.910000,72.000000,0.034338,-0.000001
0.910000,74.000000,0.037830,0.000000
0.910000,76.000000,0.041814,0.000005
0.910000,78.000000,0.046597,0.000028
0.910000,80.000000,0.052719,0.000175
0.910000,82.000000,0.061102,0.000888
0.910000,84.000000,0.073252,0.003762
0.910000,86.000000,0.091542,0.013425
0.910000,88.000000,0.119696,0.041021
0.910000,90.000000,0.163718,0.108731
0.910000,92.000000,0.233847,0.253283
0.910000,94.000000,0.348160,0.525071
0.910000,96.000000,0.537637,0.980515
0.910000,98.000000,0.882085,1.668956
0.910000,100.000000,1.671620,2.619122
0.910000,102.000000,3.169176,3.831460
0.910000,104.000000,4.966917,5.279474
0.910000,106.000000,6.825059,6.918803
0.910000,108.000000,8.725709,8.699145
0.910000,110.000000,10.660006,10.574384
0.910000,112.000000,12.614633,12.508213
0.910000,114.000000,14.580966,14.475367
0.910000,116.000000,16.554825,16.460091
0.910000,118.000000,18.534012,18.453409
0.910000,120.000000,20.517229,20.450657
0.910000,122.000000,22.503645,22.449585
0.910000,124.000000,24.492653,24.449194
0.910000,126.000000,26.483763,26.449059
0.910000,128.000000,28.476589,28.449005
0.910000,130.000000,30.470840,30.448990
0.910000,132.000000,32.466297,32.448994
0.910000,134.000000,34.462780,34.448978
0.910000,136.000000,36.460148,36.448990
0.910000,138.000000,38.458252,38.448990
0.910000,140.000000,40.456970,40.448990
0.910000,142.000000,42.456181,42.448990
0.910000,144.000000,44.455784,44.448990
0.910000,146.000000,46.455681,46.448990
0.910000,148.000000,48.455803,48.448990
0.910000,150.000000,50.456078,50.448990
0.910000,152.000000,52.456459,52.448990
0.910000,154.000000,54.456902,54.448990
0.910000,156.000000,56.457371,56.448990
0.910000,158.000000,58.457840,58.448990
0.910000,160.000000,60.458282,60.448990
0.910000,162.000000,62.458687,62.448990
0.910000,164.000000,64.459038,64.448990
0.910000,166.000000,66.459312,66.448990
0.910000,168.000000,68.459518,68.448990
0.910000,170.000000,70.459648,70.448990
0.910000,172.000000,72.459679,72.448990
0.910000,174.000000,74.459618,74.448990
0.910000,176.000000,76.459450,76.448990
0.910000,178.000000,78.459183,78.448990
0.910000,180.000000,80.458817,80.448990
0.910000,182.000000,82.458344,82.448990
0.910000,184.000000,84.457756,84.448990
0.910000,186.000000,86.457062,86.448990
0.910000,188.000000,88.456245,88.448990
0.910000,190.000000,90.455322,90.448990
0.910000,192.000000,92.454292,92.448990
0.910000,194.000000,94.453140,94.448990
0.910000,196.000000,96.451874,96.448990
0.910000,198.000000,98.450493,98.448990
0.910000,200.000000,100.448990,100.448990
0.920000,0.000000,0.000000,0.000000
0.920000,2.000000,-0.000899,0.000000
0.920000,4.000000,-0.001698,0.000000
0.920000,6.000000,-0.002399,0.000000
0.920000,8.000000,-0.003001,0.000000
0.920000,10.000000,-0.003505,0.000000
0.920000,12.000000,-0.003909,0.000000
0.920000,14.000000,-0.004215,0.000000
0.920000,16.000000,-0.004422,0.000000
0.920000,18.000000,-0.004530,0.000000
0.920000,20.000000,-0.004540,0.000000
0.920000,22.000000,-0.004450,0.000000
0.920000,24.000000,-0.004262,0.000000
0.920000,26.000000,-0.003975,0.000000
0.920000,28.000000,-0.003589,0.000000
0.920000,30.000000,-0.003104,0.000000
0.920000,32.000000,-0.002520,0.000000
0.920000,34.000000,-0.001838,0.000000
0.920000,36.000000,-0.001056,0.000000
0.920000,38.000000,-0.000176,0.000000
0.920000,40.000000,0.000803,0.000000
0.920000,42.000000,0.001881,0.000000
0.920000,44.000000,0.003059,0.000000
0.920000,46.000000,0.004335,0.000000
0.920000,48.000000,0.005710,0.000000
0.920000,50.000000,0.007185,0.000000
0.920000,52.000000,0.008760,0.000000
0.920000,54.000000,0.010435,0.000000
0.920000,56.000000,0.012211,0.000000
0.920000,58.000000,0.014088,0.000000
0.920000,60.000000,0.016069,0.000000
0.920000,62.000000,0.018156,0.000000
0.920000,64.000000,0.020354,0.000000
0.920000,66.000000,0.022671,0.000000
0.920000,68.000000,0.025121,0.000000
0.920000,70.000000,0.027728,0.000000
0.920000,72.000000,0.030535,0.000000
0.920000,74.000000,0.033623,0.000001
0.920000,76.000000,0.037136,0.000003
0.920000,78.000000,0.041334,0.000006
0.920000,80.000000,0.046681,0.000063
0.920000,82.000000,0.053970,0.000383
0.920000,84.000000,0.064501,0.001897
0.920000,86.000000,0.080336,0.007772
0.920000,88.000000,0.104727,0.026690
0.920000,90.000000,0.142964,0.078022
0.920000,92.000000,0.204160,0.197070
0.920000,94.000000,0.304777,0.436210
0.920000,96.000000,0.474481,0.857931
0.920000,98.000000,0.794080,1.519791
0.920000,100.000000,1.561615,2.457177
0.920000,102.000000,3.054491,3.672488
0.920000,104.000000,4.863199,5.136055
0.920000,106.000000,6.734638,6.797338
0.920000,108.000000,8.645410,8.599912
0.920000,110.000000,10.586634,10.493615
0.920000,112.000000,12.546165,12.440683
0.920000,114.000000,14.516200,14.416248
0.920000,116.000000,16.492966,16.405769
0.920000,118.000000,18.474480,18.401566
0.920000,120.000000,20.459576,20.400005
0.920000,122.000000,22.447519,22.399464
0.920000,124.000000,24.437763,24.399277
0.920000,126.000000,26.429876,26.399221
0.920000,128.000000,28.423515,28.399200
0.920000,130.000000,30.418423,30.399206
0.920000,132.000000,32.414402,32.399208
0.920000,134.000000,34.411297,34.399208
0.920000,136.000000,36.408974,36.399200
0.920000,138.000000,38.407303,38.399200
0.920000,140.000000,40.406181,40.399200
0.920000,142.000000,42.405495,42.399200
0.920000,144.000000,44.405151,44.399200
0.920000,146.000000,46.405071,46.399200
0.920000,148.000000,48.405190,48.399200
0.920000,150.000000,50.405441,50.399200
0.920000,152.000000,52.405785,52.399200
0.920000,154.000000,54.406185,54.399200
0.920000,156.000000,56.406605,56.399200
0.920000,158.000000,58.407028,58.399200
0.920000,160.000000,60.407425,60.399200
0.920000,162.000000,62.407791,62.399200
0.920000,164.000000,64.408104,64.399200
0.920000,166.000000,66.408356,66.399200
0.920000,168.000000,68.408539,68.399200
0.920000,170.000000,70.408646,70.399200
0.920000,172.000000,72.408684,72.399200
0.920000,174.000000,74.408623,74.399200
0.920000,176.000000,76.408485,76.399200
0.920000,178.000000,78.408249,78.399200
0.920000,180.000000,80.407928,80.399200
0.920000,182.000000,82.407501,82.399200
0.920000,184.000000,84.406982,84.399200
0.920000,186.000000,86.406364,86.399200
0.920000,188.000000,88.405647,88.399200
0.920000,190.000000,90.404831,90.399200
0.920000,192.000000,92.403908,92.399200
0.920000,194.000000,94.402885,94.399200
0.920000,196.000000,96.401764,96.399200
0.920000,198.000000,98.400536,98.399200
0.920000,200.000000,100.399200,100.399200
0.930000,0.000000,0.000000,0.000000
0.930000,2.000000,-0.000785,0.000000
0.930000,4.000000,-0.001484,0.000000
0.930000,6.000000,-0.002097,0.000000
0.930000,8.000000,-0.002623,0.000000
0.930000,10.000000,-0.003062,0.000000
0.930000,12.000000,-0.003415,0.000000
0.930000,14.000000,-0.003682,0.000000
0.930000,16.000000,-0.003862,0.000000
0.930000,18.000000,-0.003956,0.000000
0.930000,20.000000,-0.003963,0.000000
0.930000,22.000000,-0.003884,0.000000
0.930000,24.000000,-0.003719,0.000000
0.930000,26.000000,-0.003466,0.000000
0.930000,28.000000,-0.003128,0.000000
0.930000,30.000000,-0.002703,0.000000
0.930000,32.000000,-0.002191,0.000000
0.930000,34.000000,-0.001593,0.000000
0.930000,36.000000,-0.000909,0.000000
0.930000,38.000000,-0.000137,0.000000
0.930000,40.000000,0.000720,0.000000
0.930000,42.000000,0.001664,0.000000
0.930000,44.000000,0.002695,0.000000
0.930000,46.000000,0.003813,0.000000
0.930000,48.000000,0.005018,0.000000
0.930000,50.000000,0.006309,0.000000
0.930000,52.000000,0.007688,0.000000
0.930000,54.000000,0.009154,0.000000
0.930000,56.000000,0.010708,0.000000
0.930000,58.000000,0.012352,0.000000
0.930000,60.000000,0.014086,0.000000
0.930000,62.000000,0.015912,0.000000
0.930000,64.000000,0.017836,0.000000
0.930000,66.000000,0.019862,0.000000
0.930000,68.000000,0.022004,0.000000
0.930000,70.000000,0.024281,0.000000
0.930000,72.000000,0.026731,0.000000
0.930000,74.000000,0.029419,0.000000
0.930000,76.000000,0.032468,0.000002
0.930000,78.000000,0.036097,0.000002
0.930000,80.000000,0.040696,0.000018
0.930000,82.000000,0.046936,0.000131
0.930000,84.000000,0.055924,0.000806
0.930000,86.000000,0.069418,0.003931
0.930000,88.000000,0.090217,0.015666
0.930000,90.000000,0.122900,0.051886
0.930000,92.000000,0.175450,0.145223
0.930000,94.000000,0.262642,0.349129
0.930000,96.000000,0.412610,0.732691
0.930000,98.000000,0.706970,1.363697
0.930000,100.000000,1.451824,2.286371
0.930000,102.000000,2.939489,3.505908
0.930000,104.000000,4.759074,4.988458
0.930000,106.000000,6.644005,6.675442
0.930000,108.000000,8.565059,8.502841
0.930000,110.000000,10.513288,10.416009
0.930000,112.000000,12.477752,12.376101
0.930000,114.000000,14.451497,14.359292
0.930000,116.000000,16.431166,16.352787
0.930000,118.000000,18.415001,18.350468
0.930000,120.000000,20.401974,20.349710
0.930000,122.000000,22.391438,22.349482
0.930000,124.000000,24.382915,24.349415
0.930000,126.000000,26.376028,26.349403
0.930000,128.000000,28.370478,28.349396
0.930000,130.000000,30.366035,30.349388
0.930000,132.000000,32.362530,32.349388
0.930000,134.000000,34.359829,34.349388
0.930000,136.000000,36.357811,36.349388
0.930000,138.000000,38.356369,38.349388
0.930000,140.000000,40.355396,40.349388
0.930000,142.000000,42.354809,42.349388
0.930000,144.000000,44.354519,44.349388
0.930000,146.000000,46.354462,46.349388
0.930000,148.000000,48.354572,48.349388
0.930000,150.000000,50.354797,50.349388
0.930000,152.000000,52.355103,52.349388
0.930000,154.000000,54.355457,54.349388
0.930000,156.000000,56.355831,56.349388
0.930000,158.000000,58.356205,58.349388
0.930000,160.000000,60.356556,60.349388
0.930000,162.000000,62.356876,62.349388
0.930000,164.000000,64.357155,64.349388
0.930000,166.000000,66.357376,66.349388
0.930000,168.000000,68.357544,68.349388
0.930000,170.000000,70.357643,70.349388
0.930000,172.000000,72.357666,72.349388
0.930000,174.000000,74.357620,74.349388
0.930000,176.000000,76.357498,76.349388
0.930000,178.000000,78.357300,78.349388
0.930000,180.000000,80.357002,80.349388
0.930000,182.000000,82.356636,82.349388
0.930000,184.000000,84.356186,84.349388
0.930000,186.000000,86.355644,86.349388
0.930000,188.000000,88.355019,88.349388
0.930000,190.000000,90.354301,90.349388
0.930000,192.000000,92.353500,92.349388
0.930000,194.000000,94.352608,94.349388
0.930000,196.000000,96.351624,96.349388
0.930000,198.000000,98.350555,98.349388
0.930000,200.000000,100.349388,100.349388
0.940000,0.000000,0.000000,0.000000
0.940000,2.000000,-0.000673,0.000000
0.940000,4.000000,-0.001271,0.000000
0.940000,6.000000,-0.001795,0.000000
0.940000,8.000000,-0.002245,0.000000
0.940000,10.000000,-0.002621,0.000000
0.940000,12.000000,-0.002923,0.000000
0.940000,14.000000,-0.003151,0.000000
0.940000,16.000000,-0.003305,0.000000
0.940000,18.000000,-0.003385,0.000000
0.940000,20.000000,-0.003390,0.000000
0.940000,22.000000,-0.003322,0.000000
0.940000,24.000000,-0.003179,0.000000
0.940000,26.000000,-0.002962,0.000000
0.940000,28.000000,-0.002671,0.000000
0.940000,30.000000,-0.002306,0.000000
0.940000,32.000000,-0.001867,0.000000
0.940000,34.000000,-0.001354,0.000000
0.940000,36.000000,-0.000766,0.000000
0.940000,38.000000,-0.000105,0.000000
0.940000,40.000000,0.000631,0.000000
0.940000,42.000000,0.001441,0.000000
0.940000,44.000000,0.002326,0.000000
0.940000,46.000000,0.003284,0.000000
0.940000,48.000000,0.004317,0.000000
0.940000,50.000000,0.005425,0.000000
0.940000,52.000000,0.006607,0.000000
0.940000,54.000000,0.007865,0.000000
0.940000,56.000000,0.009198,0.000000
0.940000,58.000000,0.010607,0.000000
0.940000,60.000000,0.012093,0.000000
0.940000,62.000000,0.013659,0.000000
0.940000,64.000000,0.015308,0.000000
0.940000,66.000000,0.017044,0.000000
0.940000,68.000000,0.018879,0.000000
0.940000,70.000000,0.020827,0.000000
0.940000,72.000000,0.022921,0.000000
0.940000,74.000000,0.025214,0.000000
0.940000,76.000000,0.027808,0.000002
0.940000,78.000000,0.030881,-0.000001
0.940000,80.000000,0.034758,0.000003
0.940000,82.000000,0.039993,0.000034
0.940000,84.000000,0.047508,0.000266
0.940000,86.000000,0.058774,0.001630
0.940000,88.000000,0.076145,0.007912
0.940000,90.000000,0.103503,0.030896
0.940000,92.000000,0.147698,0.098966
0.940000,94.000000,0.221753,0.265044
0.940000,96.000000,0.352055,0.604961
0.940000,98.000000,0.620805,1.199380
0.940000,100.000000,1.342288,2.104718
0.940000,102.000000,2.824181,3.330269
0.940000,104.000000,4.654532,4.836474
0.940000,106.000000,6.553142,6.553920
0.940000,108.000000,8.484645,8.408989
0.940000,110.000000,10.439960,10.342308
0.940000,112.000000,12.409386,12.314739
0.940000,114.000000,14.386849,14.304465
0.940000,116.000000,16.369421,16.301003
0.940000,118.000000,18.355572,18.299931
0.940000,120.000000,20.344418,20.299641
0.940000,122.000000,22.335396,22.299564
0.940000,124.000000,24.328102,24.299545
0.940000,126.000000,26.322210,26.299540
0.940000,128.000000,28.317465,28.299545
0.940000,130.000000,30.313669,30.299545
0.940000,132.000000,32.310680,32.299545
0.940000,134.000000,34.308376,34.299545
0.940000,136.000000,36.306660,36.299545
0.940000,138.000000,38.305439,38.299545
0.940000,140.000000,40.304615,40.299545
0.940000,142.000000,42.304119,42.299545
0.940000,144.000000,44.303879,44.299545
0.940000,146.000000,46.303841,46.299545
0.940000,148.000000,48.303940,48.299545
0.940000,150.000000,50.304138,50.299545
0.940000,152.000000,52.304409,52.299545
0.940000,154.000000,54.304714,54.299545
0.940000,156.000000,56.305042,56.299545
0.940000,158.000000,58.305363,58.299545
0.940000,160.000000,60.305664,60.299545
0.940000,162.000000,62.305939,62.299545
0.940000,164.000000,64.306183,64.299545
0.940000,166.000000,66.306374,66.299545
0.940000,168.000000,68.306519,68.299545
0.940000,170.000000,70.306602,70.299545
0.940000,172.000000,72.306625,72.299545
0.940000,174.000000,74.306587,74.299545
0.940000,176.000000,76.306488,76.299545
0.940000,178.000000,78.306313,78.299545
0.940000,180.000000,80.306068,80.299545
0.940000,182.000000,82.305748,82.299545
0.940000,184.000000,84.305367,84.299545
0.940000,186.000000,86.304909,86.299545
0.940000,188.000000,88.304367,88.299545
0.940000,190.000000,90.303757,90.299545
0.940000,192.000000,92.303070,92.299545
0.940000,194.000000,94.302299,94.299545
0.940000,196.000000,96.301468,96.299545
0.940000,198.000000,98.300537,98.299545
0.940000,200.000000,100.299545,100.299545
0.950000,0.000000,0.000000,0.000000
0.950000,2.000000,-0.000560,0.000000
0.950000,4.000000,-0.001058,0.000000
0.950000,6.000000,-0.001494,0.000000
0.950000,8.000000,-0.001868,0.000000
0.950000,10.000000,-0.002181,0.000000
0.950000,12.000000,-0.002432,0.000000
0.950000,14.000000,-0.002621,0.000000
0.950000,16.000000,-0.002749,0.000000
0.950000,18.000000,-0.002815,0.000000
0.950000,20.000000,-0.002819,0.000000
0.950000,22.000000,-0.002761,0.000000
0.950000,24.000000,-0.002641,0.000000
0.950000,26.000000,-0.002460,0.000000
0.950000,28.000000,-0.002217,0.000000
0.950000,30.000000,-0.001912,0.000000
0.950000,32.000000,-0.001545,0.000000
0.950000,34.000000,-0.001117,0.000000
0.950000,36.000000,-0.000627,0.000000
0.950000,38.000000,-0.000075,0.000000
0.950000,40.000000,0.000539,0.000000
0.950000,42.000000,0.001215,0.000000
0.950000,44.000000,0.001953,0.000000
0.950000,46.000000,0.002752,0.000000
0.950000,48.000000,0.003614,0.000000
0.950000,50.000000,0.004537,0.000000
0.950000,52.000000,0.005523,0.000000
0.950000,54.000000,0.006572,0.000000
0.950000,56.000000,0.007683,0.000000
0.950000,58.000000,0.008858,0.000000
0.950000,60.000000,0.010097,0.000000
0.950000,62.000000,0.011402,0.000000
0.950000,64.000000,0.012776,0.000000
0.950000,66.000000,0.014223,0.000000
0.950000,68.000000,0.015750,0.000000
0.950000,70.000000,0.017372,0.000000
0.950000,72.000000,0.019112,0.000000
0.950000,74.000000,0.021014,0.000000
0.950000,76.000000,0.023159,0.000000
0.950000,78.000000,0.025691,-0.000001
0.950000,80.000000,0.028869,0.000000
0.950000,82.000000,0.033141,0.000006
0.950000,84.000000,0.039251,0.000057
0.950000,86.000000,0.048396,0.000495
0.950000,88.000000,0.062499,0.003163
0.950000,90.000000,0.084759,0.015512
0.950000,92.000000,0.120895,0.059840
0.950000,94.000000,0.182117,0.185807
0.950000,96.000000,0.292858,0.475252
0.950000,98.000000,0.535650,1.025144
0.950000,100.000000,1.233060,1.909374
0.950000,102.000000,2.708588,3.143637
0.950000,104.000000,4.549572,4.680147
0.950000,106.000000,6.462044,6.434156
0.950000,108.000000,8.404165,8.319910
0.950000,110.000000,10.366650,10.273427
0.950000,112.000000,12.341070,12.256832
0.950000,114.000000,14.322260,14.251600
0.950000,116.000000,16.307735,16.250143
0.950000,118.000000,18.296200,18.249786
0.950000,120.000000,20.286913,20.249710
0.950000,122.000000,22.279404,22.249689
0.950000,124.000000,24.273335,24.249689
0.950000,126.000000,26.268433,26.249687
0.950000,128.000000,28.264488,28.249687
0.950000,130.000000,30.261335,30.249687
0.950000,132.000000,32.258858,32.249687
0.950000,134.000000,34.256947,34.249687
0.950000,136.000000,36.255527,36.249687
0.950000,138.000000,38.254517,38.249687
0.950000,140.000000,40.253841,40.249687
0.950000,142.000000,42.253437,42.249687
0.950000,144.000000,44.253246,44.249687
0.950000,146.000000,46.253216,46.249687
0.950000,148.000000,48.253307,48.249687
0.950000,150.000000,50.253475,50.249687
0.950000,152.000000,52.253708,52.249687
0.950000,154.000000,54.253967,54.249687
0.950000,156.000000,56.254238,56.249687
0.950000,158.000000,58.254509,58.249687
0.950000,160.000000,60.254765,60.249687
0.950000,162.000000,62.254997,62.249687
0.950000,164.000000,64.255196,64.249687
0.950000,166.000000,66.255356,66.249687
0.950000,168.000000,68.255486,68.249687
0.950000,170.000000,70.255554,70.249687
0.950000,172.000000,72.255577,72.249687
0.950000,174.000000,74.255539,74.249687
0.950000,176.000000,76.255463,76.249687
0.950000,178.000000,78.255318,78.249687
0.950000,180.000000,80.255112,80.249687
0.950000,182.000000,82.254860,82.249687
0.950000,184.000000,84.254532,84.249687
0.950000,186.000000,86.254150,86.249687
0.950000,188.000000,88.253700,88.249687
0.950000,190.000000,90.253197,90.249687
0.950000,192.000000,92.252625,92.249687
0.950000,194.000000,94.251984,94.249687
0.950000,196.000000,96.251282,96.249687
0.950000,198.000000,98.250519,98.249687
0.950000,200.000000,100.249687,100.249687
0.960000,0.000000,0.000000,0.000000
0.960000,2.000000,-0.000447,0.000000
0.960000,4.000000,-0.000845,0.000000
0.960000,6.000000,-0.001194,0.000000
0.960000,8.000000,-0.001493,0.000000
0.960000,10.000000,-0.001743,0.000000
0.960000,12.000000,-0.001943,0.000000
0.960000,14.000000,-0.002094,0.000000
0.960000,16.000000,-0.002195,0.000000
0.960000,18.000000,-0.002247,0.000000
0.960000,20.000000,-0.002250,0.000000
0.960000,22.000000,-0.002203,0.000000
0.960000,24.000000,-0.002107,0.000000
0.960000,26.000000,-0.001962,0.000000
0.960000,28.000000,-0.001767,0.000000
0.960000,30.000000,-0.001522,0.000000
0.960000,32.000000,-0.001228,0.000000
0.960000,34.000000,-0.000885,0.000000
0.960000,36.000000,-0.000493,0.000000
0.960000,38.000000,-0.000050,0.000000
0.960000,40.000000,0.000441,0.000000
0.960000,42.000000,0.000982,0.000000
0.960000,44.000000,0.001573,0.000000
0.960000,46.000000,0.002213,0.000000
0.960000,48.000000,0.002902,0.000000
0.960000,50.000000,0.003642,0.000000
0.960000,52.000000,0.004431,0.000000
0.960000,54.000000,0.005270,0.000000
0.960000,56.000000,0.006160,0.000000
0.960000,58.000000,0.007100,0.000000
0.960000,60.000000,0.008092,0.000000
0.960000,62.000000,0.009136,0.000000
0.960000,64.000000,0.010235,0.000000
0.960000,66.000000,0.011392,0.000000
0.960000,68.000000,0.012613,0.000000
0.960000,70.000000,0.013909,0.000000
0.960000,72.000000,0.015297,0.000000
0.960000,74.000000,0.016812,0.000000
0.960000,76.000000,0.018516,0.000000
0.960000,78.000000,0.020519,0.000000
0.960000,80.000000,0.023021,0.000002
0.960000,82.000000,0.026368,-0.000000
0.960000,84.000000,0.031138,0.000007
0.960000,86.000000,0.038265,0.000089
0.960000,88.000000,0.049256,0.000847
0.960000,90.000000,0.066641,0.005837
0.960000,92.000000,0.095013,0.029646
0.960000,94.000000,0.143724,0.114333
0.960000,96.000000,0.235041,0.344864
0.960000,98.000000,0.451553,0.838627
0.960000,100.000000,1.124178,1.695963
0.960000,102.000000,2.592721,2.943303
0.960000,104.000000,4.444177,4.519998
0.960000,106.000000,6.370690,6.318520
0.960000,108.000000,8.323601,8.237584
0.960000,110.000000,10.293342,10.210117
0.960000,112.000000,12.272793,12.202225
0.960000,114.000000,14.257720,14.200287
0.960000,116.000000,16.246096,16.199883
0.960000,118.000000,18.236872,18.199814
0.960000,120.000000,20.229446,20.199806
0.960000,122.000000,22.223448,22.199800
0.960000,124.000000,24.218597,24.199799
0.960000,126.000000,26.214685,26.199799
0.960000,128.000000,28.211536,28.199799
0.960000,130.000000,30.209023,30.199799
0.960000,132.000000,32.207047,32.199799
0.960000,134.000000,34.205528,34.199799
0.960000,136.000000,36.204403,36.199799
0.960000,138.000000,38.203598,38.199799
0.960000,140.000000,40.203068,40.199799
0.960000,142.000000,42.202751,42.199799
0.960000,144.000000,44.202606,44.199799
0.960000,146.000000,46.202583,46.199799
0.960000,148.000000,48.202660,48.199799
0.960000,150.000000,50.202805,50.199799
0.960000,152.000000,52.202991,52.199799
0.960000,154.000000,54.203201,54.199799
0.960000,156.000000,56.203419,56.199799
0.960000,158.000000,58.203636,58.199799
0.960000,160.000000,60.203846,60.199799
0.960000,162.000000,62.204033,62.199799
0.960000,164.000000,64.204193,64.199799
0.960000,166.000000,66.204323,66.199799
0.960000,168.000000,68.204422,68.199799
0.960000,170.000000,70.204483,70.199799
0.960000,172.000000,72.204506,72.199799
0.960000,174.000000,74.204483,74.199799
0.960000,176.000000,76.204407,76.199799
0.960000,178.000000,78.204292,78.199799
0.960000,180.000000,80.204132,80.199799
0.960000,182.000000,82.203926,82.199799
0.960000,184.000000,84.203667,84.199799
0.960000,186.000000,86.203362,86.199799
0.960000,188.000000,88.203011,88.199799
0.960000,190.000000,90.202606,90.199799
0.960000,192.000000,92.202141,92.199799
0.960000,194.000000,94.201630,94.199799
0.960000,196.000000,96.201073,96.199799
0.960000,198.000000,98.200462,98.199799
0.960000,200.000000,100.199799,100.199799
0.970000,0.000000,0.000000,0.000000
0.970000,2.000000,-0.000335,0.000000
0.970000,4.000000,-0.000633,0.000000
0.970000,6.000000,-0.000894,0.000000
0.970000,8.000000,-0.001118,0.000000
0.970000,10.000000,-0.001305,0.000000
0.970000,12.000000,-0.001455,0.000000
0.970000,14.000000,-0.001568,0.000000
0.970000,16.000000,-0.001643,0.000000
0.970000,18.000000,-0.001682,0.000000
0.970000,20.000000,-0.001684,0.000000
0.970000,22.000000,-0.001648,0.000000
0.970000,24.000000,-0.001576,0.000000
0.970000,26.000000,-0.001466,0.000000
0.970000,28.000000,-0.001320,0.000000
0.970000,30.000000,-0.001136,0.000000
0.970000,32.000000,-0.000915,0.000000
0.970000,34.000000,-0.000657,0.000000
0.970000,36.000000,-0.000363,0.000000
0.970000,38.000000,-0.000031,0.000000
0.970000,40.000000,0.000338,0.000000
0.970000,42.000000,0.000745,0.000000
0.970000,44.000000,0.001188,0.000000
0.970000,46.000000,0.001668,0.000000
0.970000,48.000000,0.002186,0.000000
0.970000,50.000000,0.002741,0.000000
0.970000,52.000000,0.003333,0.000000
0.970000,54.000000,0.003963,0.000000
0.970000,56.000000,0.004630,0.000000
0.970000,58.000000,0.005336,0.000000
0.970000,60.000000,0.006080,0.000000
0.970000,62.000000,0.006863,0.000000
0.970000,64.000000,0.007687,0.000000
0.970000,66.000000,0.008555,0.000000
0.970000,68.000000,0.009470,0.000000
0.970000,70.000000,0.010441,0.000000
0.970000,72.000000,0.011479,0.000000
0.970000,74.000000,0.012611,0.000000
0.970000,76.000000,0.013880,0.000000
0.970000,78.000000,0.015366,0.000000
0.970000,80.000000,0.017214,0.000000
0.970000,82.000000,0.019673,0.000000
0.970000,84.000000,0.023165,0.000001
0.970000,86.000000,0.028372,0.000003
0.970000,88.000000,0.036402,0.000104
0.970000,90.000000,0.049132,0.001265
0.970000,92.000000,0.070038,0.010070
0.970000,94.000000,0.106573,0.055238
0.970000,96.000000,0.178638,0.216995
0.970000,98.000000,0.368575,0.636509
0.970000,100.000000,1.015694,1.457115
0.970000,102.000000,2.476602,2.725299
0.970000,104.000000,4.338344,4.358071
0.970000,106.000000,6.279070,6.211134
0.970000,108.000000,8.242948,8.164476
0.970000,110.000000,10.220036,10.152703
0.970000,112.000000,12.204554,12.150320
0.970000,114.000000,14.193228,14.149944
0.970000,116.000000,16.184507,16.149887
0.970000,118.000000,18.177591,18.149885
0.970000,120.000000,20.172026,20.149887
0.970000,122.000000,22.167530,22.149887
0.970000,124.000000,24.163900,24.149887
0.970000,126.000000,26.160971,26.149887
0.970000,128.000000,28.158613,28.149887
0.970000,130.000000,30.156734,30.149887
0.970000,132.000000,32.155258,32.149887
0.970000,134.000000,34.154129,34.149887
0.970000,136.000000,36.153290,36.149887
0.970000,138.000000,38.152691,38.149887
0.970000,140.000000,40.152298,40.149887
0.970000,142.000000,42.152065,42.149887
0.970000,144.000000,44.151958,44.149887
0.970000,146.000000,46.151951,46.149887
0.970000,148.000000,48.152008,48.149887
0.970000,150.000000,50.152119,50.149887
0.970000,152.000000,52.152260,52.149887
0.970000,154.000000,54.152420,54.149887
0.970000,156.000000,56.152588,56.149887
0.970000,158.000000,58.152756,58.149887
0.970000,160.000000,60.152912,60.149887
0.970000,162.000000,62.153053,62.149887
0.970000,164.000000,64.153175,64.149887
0.970000,166.000000,66.153275,66.149887
0.970000,168.000000,68.153351,68.149887
0.970000,170.000000,70.153389,70.149887
0.970000,172.000000,72.153412,72.149887
0.970000,174.000000,74.153389,74.149887
0.970000,176.000000,76.153336,76.149887
0.970000,178.000000,78.153252,78.149887
0.970000,180.000000,80.153130,80.149887
0.970000,182.000000,82.152977,82.149887
0.970000,184.000000,84.152786,84.149887
0.970000,186.000000,86.152557,86.149887
0.970000,188.000000,88.152290,88.149887
0.970000,190.000000,90.151985,90.149887
0.970000,192.000000,92.151642,92.149887
0.970000,194.000000,94.151268,94.149887
0.970000,196.000000,96.150841,96.149887
0.970000,198.000000,98.150391,98.149887
0.970000,200.000000,100.149887,100.149887
0.980000,0.000000,0.000000,0.000000
0.980000,2.000000,-0.000223,0.000000
0.980000,4.000000,-0.000422,0.000000
0.980000,6.000000,-0.000595,0.000000
0.980000,8.000000,-0.000744,0.000000
0.980000,10.000000,-0.000869,0.000000
0.980000,12.000000,-0.000968,0.000000
0.980000,14.000000,-0.001043,0.000000
0.980000,16.000000,-0.001093,0.000000
0.980000,18.000000,-0.001119,0.000000
0.980000,20.000000,-0.001120,0.000000
0.980000,22.000000,-0.001096,0.000000
0.980000,24.000000,-0.001047,0.000000
0.980000,26.000000,-0.000974,0.000000
0.980000,28.000000,-0.000876,0.000000
0.980000,30.000000,-0.000753,0.000000
0.980000,32.000000,-0.000606,0.000000
0.980000,34.000000,-0.000434,0.000000
0.980000,36.000000,-0.000237,0.000000
0.980000,38.000000,-0.000015,0.000000
0.980000,40.000000,0.000231,0.000000
0.980000,42.000000,0.000502,0.000000
0.980000,44.000000,0.000798,0.000000
0.980000,46.000000,0.001119,0.000000
0.980000,48.000000,0.001464,0.000000
0.980000,50.000000,0.001834,0.000000
0.980000,52.000000,0.002229,0.000000
0.980000,54.000000,0.002649,0.000000
0.980000,56.000000,0.003095,0.000000
0.980000,58.000000,0.003565,0.000000
0.980000,60.000000,0.004061,0.000000
0.980000,62.000000,0.004584,0.000000
0.980000,64.000000,0.005133,0.000000
0.980000,66.000000,0.005712,0.000000
0.980000,68.000000,0.006321,0.000000
0.980000,70.000000,0.006967,0.000000
0.980000,72.000000,0.007658,0.000000
0.980000,74.000000,0.008410,0.000000
0.980000,76.000000,0.009250,0.000000
0.980000,78.000000,0.010231,0.000000
0.980000,80.000000,0.011444,0.000000
0.980000,82.000000,0.013051,0.000000
0.980000,84.000000,0.015323,0.000000
0.980000,86.000000,0.018706,-0.000001
0.980000,88.000000,0.023921,0.000001
0.980000,90.000000,0.032212,0.000073
0.980000,92.000000,0.045949,0.001406
0.980000,94.000000,0.070656,0.015327
0.980000,96.000000,0.123674,0.099802
0.980000,98.000000,0.286774,0.414310
0.980000,100.000000,0.907661,1.178457
0.980000,102.000000,2.360250,2.483911
0.980000,104.000000,4.232067,4.200625
0.980000,106.000000,6.187172,6.119022
0.980000,108.000000,8.162193,8.102535
0.980000,110.000000,10.146723,10.100203
0.980000,112.000000,12.136347,12.099970
0.980000,114.000000,14.128781,14.099957
0.980000,116.000000,16.122963,16.099953
0.980000,118.000000,18.118355,18.099953
0.980000,120.000000,20.114647,20.099953
0.980000,122.000000,22.111652,22.099953
0.980000,124.000000,24.109236,24.099953
0.980000,126.000000,26.107286,26.099953
0.980000,128.000000,28.105721,28.099953
0.980000,130.000000,30.104471,30.099953
0.980000,132.000000,32.103489,32.099953
0.980000,134.000000,34.102737,34.099953
0.980000,136.000000,36.102184,36.099953
0.980000,138.000000,38.101791,38.099953
0.980000,140.000000,40.101532,40.099953
0.980000,142.000000,42.101379,42.099953
0.980000,144.000000,44.101311,44.099953
0.980000,146.000000,46.101307,46.099953
0.980000,148.000000,48.101349,48.099953
0.980000,150.000000,50.101429,50.099953
0.980000,152.000000,52.101524,52.099953
0.980000,154.000000,54.101631,54.099953
0.980000,156.000000,56.101746,56.099953
0.980000,158.000000,58.101856,58.099953
0.980000,160.000000,60.101959,60.099953
0.980000,162.000000,62.102055,62.099953
0.980000,164.000000,64.102135,64.099953
0.980000,166.000000,66.102203,66.099953
0.980000,168.000000,68.102257,68.099953
0.980000,170.000000,70.102287,70.099953
0.980000,172.000000,72.102295,72.099953
0.980000,174.000000,74.102287,74.099953
0.980000,176.000000,76.102249,76.099953
0.980000,178.000000,78.102196,78.099953
0.980000,180.000000,80.102112,80.099953
0.980000,182.000000,82.102013,82.099953
0.980000,184.000000,84.101883,84.099953
0.980000,186.000000,86.101730,86.099953
0.980000,188.000000,88.101555,88.099953
0.980000,190.000000,90.101349,90.099953
0.980000,192.000000,92.101120,92.099953
0.980000,194.000000,94.100868,94.099953
0.980000,196.000000,96.100586,96.099953
0.980000,198.000000,98.100281,98.099953
0.980000,200.000000,100.099953,100.099953
0.990000,0.000000,0.000000,0.000000
0.990000,2.000000,-0.000111,0.000000
0.990000,4.000000,-0.000211,0.000000
0.990000,6.000000,-0.000297,0.000000
0.990000,8.000000,-0.000372,0.000000
0.990000,10.000000,-0.000434,0.000000
0.990000,12.000000,-0.000483,0.000000
0.990000,14.000000,-0.000521,0.000000
0.990000,16.000000,-0.000546,0.000000
0.990000,18.000000,-0.000558,0.000000
0.990000,20.000000,-0.000559,0.000000
0.990000,22.000000,-0.000547,0.000000
0.990000,24.000000,-0.000522,0.000000
0.990000,26.000000,-0.000485,0.000000
0.990000,28.000000,-0.000436,0.000000
0.990000,30.000000,-0.000375,0.000000
0.990000,32.000000,-0.000301,0.000000
0.990000,34.000000,-0.000215,0.000000
0.990000,36.000000,-0.000116,0.000000
0.990000,38.000000,-0.000005,0.000000
0.990000,40.000000,0.000118,0.000000
0.990000,42.000000,0.000254,0.000000
0.990000,44.000000,0.000402,0.000000
0.990000,46.000000,0.000562,0.000000
0.990000,48.000000,0.000735,0.000000
0.990000,50.000000,0.000920,0.000000
0.990000,52.000000,0.001118,0.000000
0.990000,54.000000,0.001328,0.000000
0.990000,56.000000,0.001550,0.000000
0.990000,58.000000,0.001786,0.000000
0.990000,60.000000,0.002034,0.000000
0.990000,62.000000,0.002295,0.000000
0.990000,64.000000,0.002570,0.000000
0.990000,66.000000,0.002859,0.000000
0.990000,68.000000,0.003164,0.000000
0.990000,70.000000,0.003486,0.000000
0.990000,72.000000,0.003831,0.000000
0.990000,74.000000,0.004205,0.000000
0.990000,76.000000,0.004623,0.000000
0.990000,78.000000,0.005108,0.000000
0.990000,80.000000,0.005706,0.000000
0.990000,82.000000,0.006493,0.000000
0.990000,84.000000,0.007603,0.000000
0.990000,86.000000,0.009251,0.000000
0.990000,88.000000,0.011794,0.000000
0.990000,90.000000,0.015855,-0.000001
0.990000,92.000000,0.022721,0.000007
0.990000,94.000000,0.035959,0.000582
0.990000,96.000000,0.070170,0.015930
0.990000,98.000000,0.206205,0.169630
0.990000,100.000000,0.800126,0.822915
0.990000,102.000000,2.243683,2.213441
0.990000,104.000000,4.125337,4.067954
0.990000,106.000000,6.094977,6.050963
0.990000,108.000000,8.081326,8.050013
0.990000,110.000000,10.073395,10.049980
0.990000,112.000000,12.068165,12.049988
0.990000,114.000000,14.064372,14.049988
0.990000,116.000000,16.061462,16.049988
0.990000,118.000000,18.059158,18.049988
0.990000,120.000000,20.057304,20.049988
0.990000,122.000000,22.055809,22.049988
0.990000,124.000000,24.054602,24.049988
0.990000,126.000000,26.053629,26.049988
0.990000,128.000000,28.052847,28.049988
0.990000,130.000000,30.052223,30.049988
0.990000,132.000000,32.051739,32.049988
0.990000,134.000000,34.051365,34.049988
0.990000,136.000000,36.051090,36.049988
0.990000,138.000000,38.050896,38.049988
0.990000,140.000000,40.050766,40.049988
0.990000,142.000000,42.050694,42.049988
0.990000,144.000000,44.050659,44.049988
0.990000,146.000000,46.050659,46.049988
0.990000,148.000000,48.050678,48.049988
0.990000,150.000000,50.050716,50.049988
0.990000,152.000000,52.050766,52.049988
0.990000,154.000000,54.050819,54.049988
0.990000,156.000000,56.050877,56.049988
0.990000,158.000000,58.050934,58.049988
0.990000,160.000000,60.050987,60.049988
0.990000,162.000000,62.051033,62.049988
0.990000,164.000000,64.051079,64.049988
0.990000,166.000000,66.051109,66.049988
0.990000,168.000000,68.051140,68.049988
0.990000,170.000000,70.051147,70.049988
0.990000,172.000000,72.051155,72.049988
0.990000,174.000000,74.051147,74.049988
0.990000,176.000000,76.051140,76.049988
0.990000,178.000000,78.051102,78.049988
0.990000,180.000000,80.051071,80.049988
0.990000,182.000000,82.051010,82.049988
0.990000,184.000000,84.050957,84.049988
0.990000,186.000000,86.050873,86.049988
0.990000,188.000000,88.050789,88.049988
0.990000,190.000000,90.050682,90.049988
0.990000,192.000000,92.050575,92.049988
0.990000,194.000000,94.050446,94.049988
0.990000,196.000000,96.050308,96.049988
0.990000,198.000000,98.050148,98.049988
0.990000,200.000000,100.049988,100.049988
1.000000,0.000000,0.000000,0.000000
1.000000,2.000000,0.000000,0.000000
1.000000,4.000000,0.000000,0.000000
1.000000,6.000000,0.000000,0.000000
1.000000,8.000000,0.000000,0.000000
1.000000,10.000000,0.000000,0.000000
1.000000,12.000000,0.000000,0.000000
1.000000,14.000000,0.000000,0.000000
1.000000,16.000000,0.000000,0.000000
1.000000,18.000000,0.000000,0.000000
1.000000,20.000000,0.000000,0.000000
1.000000,22.000000,0.000000,0.000000
1.000000,24.000000,0.000000,0.000000
1.000000,26.000000,0.000000,0.000000
1.000000,28.000000,0.000000,0.000000
1.000000,30.000000,0.000000,0.000000
1.000000,32.000000,0.000000,0.000000
1.000000,34.000000,0.000000,0.000000
1.000000,36.000000,0.000000,0.000000
1.000000,38.000000,0.000000,0.000000
1.000000,40.000000,0.000000,0.000000
1.000000,42.000000,0.000000,0.000000
1.000000,44.000000,0.000000,0.000000
1.000000,46.000000,0.000000,0.000000
1.000000,48.000000,0.000000,0.000000
1.000000,50.000000,0.000000,0.000000
1.000000,52.000000,0.000000,0.000000
1.000000,54.000000,0.000000,0.000000
1.000000,56.000000,0.000000,0.000000
1.000000,58.000000,0.000000,0.000000
1.000000,60.000000,0.000000,0.000000
1.000000,62.000000,0.000000,0.000000
1.000000,64.000000,0.000000,0.000000
1.000000,66.000000,0.000000,0.000000
1.000000,68.000000,0.000000,0.000000
1.000000,70.000000,0.000000,0.000000
1.000000,72.000000,0.000000,0.000000
1.000000,74.000000,0.000000,0.000000
1.000000,76.000000,0.000000,0.000000
1.000000,78.000000,0.000000,0.000000
1.000000,80.000000,0.000000,0.000000
1.000000,82.000000,0.000000,0.000000
1.000000,84.000000,0.000000,0.000000
1.000000,86.000000,0.000001,0.000000
1.000000,88.000000,0.000006,0.000000
1.000000,90.000000,0.000045,0.000000
1.000000,92.000000,0.000335,0.000000
1.000000,94.000000,0.002476,0.000000
1.000000,96.000000,0.018150,0.000000
1.000000,98.000000,0.126928,0.000000
1.000000,100.000000,0.693147,0.000000
1.000000,102.000000,2.126928,2.000000
1.000000,104.000000,4.018150,4.000000
1.000000,106.000000,6.002476,6.000000
1.000000,108.000000,8.000336,8.000000
1.000000,110.000000,10.000046,10.000000
1.000000,112.000000,12.000006,12.000000
1.000000,114.000000,14.000001,14.000000
1.000000,116.000000,16.000000,16.000000
1.000000,118.000000,18.000000,18.000000
1.000000,120.000000,20.000000,20.000000
1.000000,122.000000,22.000000,22.000000
1.000000,124.000000,24.000000,24.000000
1.000000,126.000000,26.000000,26.000000
1.000000,128.000000,28.000000,28.000000
1.000000,130.000000,30.000000,30.000000
1.000000,132.000000,32.000000,32.000000
1.000000,134.000000,34.000000,34.000000
1.000000,136.000000,36.000000,36.000000
1.000000,138.000000,38.000000,38.000000
1.000000,140.000000,40.000000,40.000000
1.000000,142.000000,42.000000,42.000000
1.000000,144.000000,44.000000,44.000000
1.000000,146.000000,46.000000,46.000000
1.000000,148.000000,48.000000,48.000000
1.000000,150.000000,50.000000,50.000000
1.000000,152.000000,52.000000,52.000000
1.000000,154.000000,54.000000,54.000000
1.000000,156.000000,56.000000,56.000000
1.000000,158.000000,58.000000,58.000000
1.000000,160.000000,60.000000,60.000000
1.000000,162.000000,62.000000,62.000000
1.000000,164.000000,64.000000,64.000000
1.000000,166.000000,66.000000,66.000000
1.000000,168.000000,68.000000,68.000000
1.000000,170.000000,70.000000,70.000000
1.000000,172.000000,72.000000,72.000000
1.000000,174.000000,74.000000,74.000000
1.000000,176.000000,76.000000,76.000000
1.000000,178.000000,78.000000,78.000000
1.000000,180.000000,80.000000,80.000000
1.000000,182.000000,82.000000,82.000000
1.000000,184.000000,84.000000,84.000000
1.000000,186.000000,86.000000,86.000000
1.000000,188.000000,88.000000,88.000000
1.000000,190.000000,90.000000,90.000000
1.000000,192.000000,92.000000,92.000000
1.000000,194.000000,94.000000,94.000000
1.000000,196.000000,96.000000,96.000000
1.000000,198.000000,98.000000,98.000000
1.000000,200.000000,100.000000,100.000000
