t,x,y,u_pred,u_exact
0.000000,0.000000,0.000000,0.000000,0.000000
0.000000,0.000000,0.041667,0.000000,0.000000
0.000000,0.000000,0.083333,0.000000,0.000000
0.000000,0.000000,0.125000,0.000000,0.000000
0.000000,0.000000,0.166667,0.000000,0.000000
0.000000,0.000000,0.208333,0.000000,0.000000
0.000000,0.000000,0.250000,0.000000,0.000000
0.000000,0.000000,0.291667,0.000000,0.000000
0.000000,0.000000,0.333333,0.000000,0.000000
0.000000,0.000000,0.375000,0.000000,0.000000
0.000000,0.000000,0.416667,0.000000,0.000000
0.000000,0.000000,0.458333,0.000000,0.000000
0.000000,0.000000,0.500000,0.000000,0.000000
0.000000,0.000000,0.541667,0.000000,0.000000
0.000000,0.000000,0.583333,0.000000,0.000000
0.000000,0.000000,0.625000,0.000000,0.000000
0.000000,0.000000,0.666667,0.000000,0.000000
0.000000,0.000000,0.708333,0.000000,0.000000
0.000000,0.000000,0.750000,0.000000,0.000000
0.000000,0.000000,0.791667,0.000000,0.000000
0.000000,0.000000,0.833333,0.000000,0.000000
0.000000,0.000000,0.875000,0.000000,0.000000
0.000000,0.000000,0.916667,0.000000,0.000000
0.000000,0.000000,0.958333,0.000000,0.000000
0.000000,0.000000,1.000000,-0.000000,-0.000000
0.000000,0.041667,0.000000,0.000000,0.000000
0.000000,0.041667,0.041667,0.033928,0.033928
0.000000,0.041667,0.083333,0.067276,0.067276
0.000000,0.041667,0.125000,0.099473,0.099473
0.000000,0.041667,0.166667,0.129968,0.129968
0.000000,0.041667,0.208333,0.158239,0.158239
0.000000,0.041667,0.250000,0.183802,0.183802
0.000000,0.041667,0.291667,0.206221,0.206221
0.000000,0.041667,0.333333,0.225111,0.225111
0.000000,0.041667,0.375000,0.240149,0.240149
0.000000,0.041667,0.416667,0.251079,0.251079
0.000000,0.041667,0.458333,0.257712,0.257712
0.000000,0.041667,0.500000,0.259936,0.259936
0.000000,0.041667,0.541667,0.257712,0.257712
0.000000,0.041667,0.583333,0.251079,0.251079
0.000000,0.041667,0.625000,0.240149,0.240149
0.000000,0.041667,0.666667,0.225111,0.225111
0.000000,0.041667,0.708333,0.206221,0.206221
0.000000,0.041667,0.750000,0.183802,0.183802
0.000000,0.041667,0.791667,0.158239,0.158239
0.000000,0.041667,0.833333,0.129968,0.129968
0.000000,0.041667,0.875000,0.099473,0.099473
0.000000,0.041667,0.916667,0.067276,0.067276
0.000000,0.041667,0.958333,0.033928,0.033928
0.000000,0.041667,1.000000,-0.000000,-0.000000
0.000000,0.083333,0.000000,0.000000,0.000000
0.000000,0.083333,0.041667,0.066414,0.066414
0.000000,0.083333,0.083333,0.131692,0.131692
0.000000,0.083333,0.125000,0.194717,0.194717
0.000000,0.083333,0.166667,0.254410,0.254410
0.000000,0.083333,0.208333,0.309749,0.309749
0.000000,0.083333,0.250000,0.359789,0.359789
0.000000,0.083333,0.291667,0.403673,0.403673
0.000000,0.083333,0.333333,0.440650,0.440650
0.000000,0.083333,0.375000,0.470087,0.470087
0.000000,0.083333,0.416667,0.491481,0.491481
0.000000,0.083333,0.458333,0.504466,0.504466
0.000000,0.083333,0.500000,0.508819,0.508819
0.000000,0.083333,0.541667,0.504466,0.504466
0.000000,0.083333,0.583333,0.491481,0.491481
0.000000,0.083333,0.625000,0.470087,0.470087
0.000000,0.083333,0.666667,0.440650,0.440650
0.000000,0.083333,0.708333,0.403673,0.403673
0.000000,0.083333,0.750000,0.359789,0.359789
0.000000,0.083333,0.791667,0.309749,0.309749
0.000000,0.083333,0.833333,0.254410,0.254410
0.000000,0.083333,0.875000,0.194717,0.194717
0.000000,0.083333,0.916667,0.131692,0.131692
0.000000,0.083333,0.958333,0.066414,0.066414
0.000000,0.083333,1.000000,-0.000000,-0.000000
0.000000,0.125000,0.000000,0.000000,0.000000
0.000000,0.125000,0.041667,0.096098,0.096098
0.000000,0.125000,0.083333,0.190552,0.190552
0.000000,0.125000,0.125000,0.281746,0.281746
0.000000,0.125000,0.166667,0.368118,0.368118
0.000000,0.125000,0.208333,0.448193,0.448193
0.000000,0.125000,0.250000,0.520598,0.520598
0.000000,0.125000,0.291667,0.584096,0.584096
0.000000,0.125000,0.333333,0.637600,0.637600
0.000000,0.125000,0.375000,0.680194,0.680194
0.000000,0.125000,0.416667,0.711150,0.711150
0.000000,0.125000,0.458333,0.729938,0.729938
0.000000,0.125000,0.500000,0.736237,0.736237
0.000000,0.125000,0.541667,0.729938,0.729938
0.000000,0.125000,0.583333,0.711150,0.711150
0.000000,0.125000,0.625000,0.680194,0.680194
0.000000,0.125000,0.666667,0.637600,0.637600
0.000000,0.125000,0.708333,0.584096,0.584096
0.000000,0.125000,0.750000,0.520598,0.520598
0.000000,0.125000,0.791667,0.448192,0.448192
0.000000,0.125000,0.833333,0.368118,0.368118
0.000000,0.125000,0.875000,0.281746,0.281746
0.000000,0.125000,0.916667,0.190552,0.190552
0.000000,0.125000,0.958333,0.096098,0.096098
0.000000,0.125000,1.000000,-0.000000,-0.000000
0.000000,0.166667,0.000000,0.000000,0.000000
0.000000,0.166667,0.041667,0.121783,0.121783
0.000000,0.166667,0.083333,0.241481,0.241481
0.000000,0.166667,0.125000,0.357049,0.357049
0.000000,0.166667,0.166667,0.466506,0.466506
0.000000,0.166667,0.208333,0.567982,0.567982
0.000000,0.166667,0.250000,0.659740,0.659740
0.000000,0.166667,0.291667,0.740209,0.740209
0.000000,0.166667,0.333333,0.808013,0.808013
0.000000,0.166667,0.375000,0.861991,0.861991
0.000000,0.166667,0.416667,0.901221,0.901221
0.000000,0.166667,0.458333,0.925031,0.925031
0.000000,0.166667,0.500000,0.933013,0.933013
0.000000,0.166667,0.541667,0.925031,0.925031
0.000000,0.166667,0.583333,0.901221,0.901221
0.000000,0.166667,0.625000,0.861991,0.861991
0.000000,0.166667,0.666667,0.808013,0.808013
0.000000,0.166667,0.708333,0.740209,0.740209
0.000000,0.166667,0.750000,0.659740,0.659740
0.000000,0.166667,0.791667,0.567982,0.567982
0.000000,0.166667,0.833333,0.466506,0.466506
0.000000,0.166667,0.875000,0.357048,0.357048
0.000000,0.166667,0.916667,0.241481,0.241481
0.000000,0.166667,0.958333,0.121782,0.121782
0.000000,0.166667,1.000000,-0.000000,-0.000000
0.000000,0.208333,0.000000,0.000000,0.000000
0.000000,0.208333,0.041667,0.142499,0.142499
0.000000,0.208333,0.083333,0.282559,0.282559
0.000000,0.208333,0.125000,0.417785,0.417785
0.000000,0.208333,0.166667,0.545862,0.545862
0.000000,0.208333,0.208333,0.664600,0.664600
0.000000,0.208333,0.250000,0.771966,0.771966
0.000000,0.208333,0.291667,0.866123,0.866123
0.000000,0.208333,0.333333,0.945461,0.945461
0.000000,0.208333,0.375000,1.008622,1.008622
0.000000,0.208333,0.416667,1.054525,1.054525
0.000000,0.208333,0.458333,1.082385,1.082385
0.000000,0.208333,0.500000,1.091724,1.091724
0.000000,0.208333,0.541667,1.082384,1.082384
0.000000,0.208333,0.583333,1.054525,1.054525
0.000000,0.208333,0.625000,1.008622,1.008622
0.000000,0.208333,0.666667,0.945461,0.945461
0.000000,0.208333,0.708333,0.866123,0.866123
0.000000,0.208333,0.750000,0.771966,0.771966
0.000000,0.208333,0.791667,0.664600,0.664599
0.000000,0.208333,0.833333,0.545862,0.545862
0.000000,0.208333,0.875000,0.417785,0.417785
0.000000,0.208333,0.916667,0.282559,0.282559
0.000000,0.208333,0.958333,0.142499,0.142498
0.000000,0.208333,1.000000,-0.000000,-0.000000
0.000000,0.250000,0.000000,0.000000,0.000000
0.000000,0.250000,0.041667,0.157559,0.157559
0.000000,0.250000,0.083333,0.312422,0.312422
0.000000,0.250000,0.125000,0.461940,0.461940
0.000000,0.250000,0.166667,0.603553,0.603553
0.000000,0.250000,0.208333,0.734840,0.734840
0.000000,0.250000,0.250000,0.853553,0.853553
0.000000,0.250000,0.291667,0.957662,0.957662
0.000000,0.250000,0.333333,1.045385,1.045385
0.000000,0.250000,0.375000,1.115221,1.115221
0.000000,0.250000,0.416667,1.165976,1.165976
0.000000,0.250000,0.458333,1.196780,1.196780
0.000000,0.250000,0.500000,1.207107,1.207107
0.000000,0.250000,0.541667,1.196780,1.196780
0.000000,0.250000,0.583333,1.165976,1.165976
0.000000,0.250000,0.625000,1.115221,1.115221
0.000000,0.250000,0.666667,1.045385,1.045385
0.000000,0.250000,0.708333,0.957662,0.957662
0.000000,0.250000,0.750000,0.853553,0.853553
0.000000,0.250000,0.791667,0.734840,0.734840
0.000000,0.250000,0.833333,0.603553,0.603553
0.000000,0.250000,0.875000,0.461940,0.461940
0.000000,0.250000,0.916667,0.312422,0.312422
0.000000,0.250000,0.958333,0.157559,0.157559
0.000000,0.250000,1.000000,-0.000000,-0.000000
0.000000,0.291667,0.000000,0.000000,0.000000
0.000000,0.291667,0.041667,0.166593,0.166593
0.000000,0.291667,0.083333,0.330335,0.330335
0.000000,0.291667,0.125000,0.488425,0.488425
0.000000,0.291667,0.166667,0.638158,0.638158
0.000000,0.291667,0.208333,0.776972,0.776972
0.000000,0.291667,0.250000,0.902492,0.902492
0.000000,0.291667,0.291667,1.012570,1.012570
0.000000,0.291667,0.333333,1.105322,1.105322
0.000000,0.291667,0.375000,1.179162,1.179162
0.000000,0.291667,0.416667,1.232827,1.232827
0.000000,0.291667,0.458333,1.265397,1.265397
0.000000,0.291667,0.500000,1.276316,1.276316
0.000000,0.291667,0.541667,1.265397,1.265397
0.000000,0.291667,0.583333,1.232827,1.232827
0.000000,0.291667,0.625000,1.179162,1.179162
0.000000,0.291667,0.666667,1.105322,1.105322
0.000000,0.291667,0.708333,1.012570,1.012570
0.000000,0.291667,0.750000,0.902492,0.902492
0.000000,0.291667,0.791667,0.776972,0.776972
0.000000,0.291667,0.833333,0.638158,0.638158
0.000000,0.291667,0.875000,0.488425,0.488425
0.000000,0.291667,0.916667,0.330335,0.330335
0.000000,0.291667,0.958333,0.166593,0.166593
0.000000,0.291667,1.000000,-0.000000,-0.000000
0.000000,0.333333,0.000000,0.000000,0.000000
0.000000,0.333333,0.041667,0.169559,0.169559
0.000000,0.333333,0.083333,0.336216,0.336216
0.000000,0.333333,0.125000,0.497120,0.497120
0.000000,0.333333,0.166667,0.649519,0.649519
0.000000,0.333333,0.208333,0.790804,0.790804
0.000000,0.333333,0.250000,0.918559,0.918559
0.000000,0.333333,0.291667,1.030596,1.030596
0.000000,0.333333,0.333333,1.125000,1.125000
0.000000,0.333333,0.375000,1.200155,1.200155
0.000000,0.333333,0.416667,1.254774,1.254774
0.000000,0.333333,0.458333,1.287925,1.287925
0.000000,0.333333,0.500000,1.299038,1.299038
0.000000,0.333333,0.541667,1.287925,1.287925
0.000000,0.333333,0.583333,1.254774,1.254774
0.000000,0.333333,0.625000,1.200155,1.200155
0.000000,0.333333,0.666667,1.125000,1.125000
0.000000,0.333333,0.708333,1.030596,1.030596
0.000000,0.333333,0.750000,0.918559,0.918559
0.000000,0.333333,0.791667,0.790804,0.790804
0.000000,0.333333,0.833333,0.649519,0.649519
0.000000,0.333333,0.875000,0.497120,0.497120
0.000000,0.333333,0.916667,0.336216,0.336216
0.000000,0.333333,0.958333,0.169558,0.169558
0.000000,0.333333,1.000000,-0.000000,-0.000000
0.000000,0.375000,0.000000,0.000000,0.000000
0.000000,0.375000,0.041667,0.166738,0.166738
0.000000,0.375000,0.083333,0.330624,0.330624
0.000000,0.375000,0.125000,0.488852,0.488852
0.000000,0.375000,0.166667,0.638716,0.638716
0.000000,0.375000,0.208333,0.777652,0.777652
0.000000,0.375000,0.250000,0.903281,0.903281
0.000000,0.375000,0.291667,1.013456,1.013456
0.000000,0.375000,0.333333,1.106289,1.106289
0.000000,0.375000,0.375000,1.180194,1.180194
0.000000,0.375000,0.416667,1.233905,1.233905
0.000000,0.375000,0.458333,1.266504,1.266504
0.000000,0.375000,0.500000,1.277433,1.277433
0.000000,0.375000,0.541667,1.266504,1.266504
0.000000,0.375000,0.583333,1.233905,1.233905
0.000000,0.375000,0.625000,1.180194,1.180194
0.000000,0.375000,0.666667,1.106289,1.106289
0.000000,0.375000,0.708333,1.013456,1.013456
0.000000,0.375000,0.750000,0.903281,0.903281
0.000000,0.375000,0.791667,0.777652,0.777652
0.000000,0.375000,0.833333,0.638717,0.638717
0.000000,0.375000,0.875000,0.488852,0.488852
0.000000,0.375000,0.916667,0.330624,0.330624
0.000000,0.375000,0.958333,0.166738,0.166738
0.000000,0.375000,1.000000,-0.000000,-0.000000
0.000000,0.416667,0.000000,0.000000,0.000000
0.000000,0.416667,0.041667,0.158710,0.158710
0.000000,0.416667,0.083333,0.314705,0.314705
0.000000,0.416667,0.125000,0.465315,0.465315
0.000000,0.416667,0.166667,0.607963,0.607963
0.000000,0.416667,0.208333,0.740209,0.740209
0.000000,0.416667,0.250000,0.859789,0.859789
0.000000,0.416667,0.291667,0.964659,0.964659
0.000000,0.416667,0.333333,1.053023,1.053023
0.000000,0.416667,0.375000,1.123369,1.123369
0.000000,0.416667,0.416667,1.174494,1.174494
0.000000,0.416667,0.458333,1.205523,1.205523
0.000000,0.416667,0.500000,1.215926,1.215926
0.000000,0.416667,0.541667,1.205523,1.205523
0.000000,0.416667,0.583333,1.174494,1.174494
0.000000,0.416667,0.625000,1.123369,1.123369
0.000000,0.416667,0.666667,1.053023,1.053023
0.000000,0.416667,0.708333,0.964659,0.964659
0.000000,0.416667,0.750000,0.859789,0.859789
0.000000,0.416667,0.791667,0.740209,0.740209
0.000000,0.416667,0.833333,0.607963,0.607963
0.000000,0.416667,0.875000,0.465314,0.465315
0.000000,0.416667,0.916667,0.314705,0.314705
0.000000,0.416667,0.958333,0.158710,0.158710
0.000000,0.416667,1.000000,-0.000000,-0.000000
0.000000,0.458333,0.000000,0.000000,0.000000
0.000000,0.458333,0.041667,0.146301,0.146301
0.000000,0.458333,0.083333,0.290098,0.290098
0.000000,0.458333,0.125000,0.428932,0.428932
0.000000,0.458333,0.166667,0.560427,0.560427
0.000000,0.458333,0.208333,0.682333,0.682333
0.000000,0.458333,0.250000,0.792564,0.792564
0.000000,0.458333,0.291667,0.889234,0.889234
0.000000,0.458333,0.333333,0.970688,0.970688
0.000000,0.458333,0.375000,1.035534,1.035534
0.000000,0.458333,0.416667,1.082662,1.082662
0.000000,0.458333,0.458333,1.111265,1.111265
0.000000,0.458333,0.500000,1.120854,1.120854
0.000000,0.458333,0.541667,1.111265,1.111265
0.000000,0.458333,0.583333,1.082662,1.082662
0.000000,0.458333,0.625000,1.035534,1.035534
0.000000,0.458333,0.666667,0.970688,0.970688
0.000000,0.458333,0.708333,0.889234,0.889234
0.000000,0.458333,0.750000,0.792564,0.792564
0.000000,0.458333,0.791667,0.682333,0.682333
0.000000,0.458333,0.833333,0.560427,0.560427
0.000000,0.458333,0.875000,0.428932,0.428932
0.000000,0.458333,0.916667,0.290098,0.290098
0.000000,0.458333,0.958333,0.146301,0.146301
0.000000,0.458333,1.000000,-0.000000,-0.000000
0.000000,0.500000,0.000000,0.000000,0.000000
0.000000,0.500000,0.041667,0.130526,0.130526
0.000000,0.500000,0.083333,0.258819,0.258819
0.000000,0.500000,0.125000,0.382683,0.382683
0.000000,0.500000,0.166667,0.500000,0.500000
0.000000,0.500000,0.208333,0.608761,0.608761
0.000000,0.500000,0.250000,0.707107,0.707107
0.000000,0.500000,0.291667,0.793353,0.793353
0.000000,0.500000,0.333333,0.866025,0.866025
0.000000,0.500000,0.375000,0.923879,0.923879
0.000000,0.500000,0.416667,0.965926,0.965926
0.000000,0.500000,0.458333,0.991445,0.991445
0.000000,0.500000,0.500000,1.000000,1.000000
0.000000,0.500000,0.541667,0.991445,0.991445
0.000000,0.500000,0.583333,0.965926,0.965926
0.000000,0.500000,0.625000,0.923879,0.923879
0.000000,0.500000,0.666667,0.866025,0.866025
0.000000,0.500000,0.708333,0.793353,0.793353
0.000000,0.500000,0.750000,0.707107,0.707107
0.000000,0.500000,0.791667,0.608761,0.608761
0.000000,0.500000,0.833333,0.500000,0.500000
0.000000,0.500000,0.875000,0.382683,0.382683
0.000000,0.500000,0.916667,0.258819,0.258819
0.000000,0.500000,0.958333,0.130526,0.130526
0.000000,0.500000,1.000000,-0.000000,-0.000000
0.000000,0.541667,0.000000,0.000000,0.000000
0.000000,0.541667,0.041667,0.112518,0.112518
0.000000,0.541667,0.083333,0.223111,0.223111
0.000000,0.541667,0.125000,0.329887,0.329887
0.000000,0.541667,0.166667,0.431018,0.431018
0.000000,0.541667,0.208333,0.524774,0.524774
0.000000,0.541667,0.250000,0.609551,0.609551
0.000000,0.541667,0.291667,0.683898,0.683898
0.000000,0.541667,0.333333,0.746544,0.746544
0.000000,0.541667,0.375000,0.796417,0.796417
0.000000,0.541667,0.416667,0.832662,0.832662
0.000000,0.541667,0.458333,0.854660,0.854660
0.000000,0.541667,0.500000,0.862035,0.862035
0.000000,0.541667,0.541667,0.854660,0.854660
0.000000,0.541667,0.583333,0.832662,0.832662
0.000000,0.541667,0.625000,0.796417,0.796417
0.000000,0.541667,0.666667,0.746544,0.746544
0.000000,0.541667,0.708333,0.683898,0.683898
0.000000,0.541667,0.750000,0.609551,0.609551
0.000000,0.541667,0.791667,0.524774,0.524774
0.000000,0.541667,0.833333,0.431018,0.431018
0.000000,0.541667,0.875000,0.329886,0.329886
0.000000,0.541667,0.916667,0.223111,0.223111
0.000000,0.541667,0.958333,0.112518,0.112518
0.000000,0.541667,1.000000,-0.000000,-0.000000
0.000000,0.583333,0.000000,0.000000,0.000000
0.000000,0.583333,0.041667,0.093447,0.093447
0.000000,0.583333,0.083333,0.185295,0.185295
0.000000,0.583333,0.125000,0.273973,0.273973
0.000000,0.583333,0.166667,0.357963,0.357963
0.000000,0.583333,0.208333,0.435828,0.435828
0.000000,0.583333,0.250000,0.506236,0.506236
0.000000,0.583333,0.291667,0.567982,0.567982
0.000000,0.583333,0.333333,0.620010,0.620010
0.000000,0.583333,0.375000,0.661429,0.661429
0.000000,0.583333,0.416667,0.691531,0.691531
0.000000,0.583333,0.458333,0.709801,0.709801
0.000000,0.583333,0.500000,0.715926,0.715926
0.000000,0.583333,0.541667,0.709801,0.709801
0.000000,0.583333,0.583333,0.691531,0.691531
0.000000,0.583333,0.625000,0.661429,0.661429
0.000000,0.583333,0.666667,0.620010,0.620010
0.000000,0.583333,0.708333,0.567982,0.567982
0.000000,0.583333,0.750000,0.506236,0.506236
0.000000,0.583333,0.791667,0.435828,0.435828
0.000000,0.583333,0.833333,0.357963,0.357963
0.000000,0.583333,0.875000,0.273973,0.273973
0.000000,0.583333,0.916667,0.185295,0.185295
0.000000,0.583333,0.958333,0.093447,0.093447
0.000000,0.583333,1.000000,-0.000000,-0.000000
0.000000,0.625000,0.000000,0.000000,0.000000
0.000000,0.625000,0.041667,0.074442,0.074442
0.000000,0.625000,0.083333,0.147611,0.147611
0.000000,0.625000,0.125000,0.218254,0.218254
0.000000,0.625000,0.166667,0.285163,0.285163
0.000000,0.625000,0.208333,0.347193,0.347193
0.000000,0.625000,0.250000,0.403281,0.403281
0.000000,0.625000,0.291667,0.452470,0.452470
0.000000,0.625000,0.333333,0.493917,0.493917
0.000000,0.625000,0.375000,0.526913,0.526913
0.000000,0.625000,0.416667,0.550893,0.550893
0.000000,0.625000,0.458333,0.565447,0.565447
0.000000,0.625000,0.500000,0.570326,0.570326
0.000000,0.625000,0.541667,0.565447,0.565447
0.000000,0.625000,0.583333,0.550893,0.550893
0.000000,0.625000,0.625000,0.526913,0.526913
0.000000,0.625000,0.666667,0.493917,0.493917
0.000000,0.625000,0.708333,0.452470,0.452470
0.000000,0.625000,0.750000,0.403281,0.403281
0.000000,0.625000,0.791667,0.347192,0.347192
0.000000,0.625000,0.833333,0.285163,0.285163
0.000000,0.625000,0.875000,0.218254,0.218254
0.000000,0.625000,0.916667,0.147611,0.147611
0.000000,0.625000,0.958333,0.074442,0.074442
0.000000,0.625000,1.000000,-0.000000,-0.000000
0.000000,0.666667,0.000000,0.000000,0.000000
0.000000,0.666667,0.041667,0.056519,0.056519
0.000000,0.666667,0.083333,0.112072,0.112072
0.000000,0.666667,0.125000,0.165707,0.165707
0.000000,0.666667,0.166667,0.216506,0.216506
0.000000,0.666667,0.208333,0.263601,0.263601
0.000000,0.666667,0.250000,0.306186,0.306186
0.000000,0.666667,0.291667,0.343532,0.343532
0.000000,0.666667,0.333333,0.375000,0.375000
0.000000,0.666667,0.375000,0.400052,0.400052
0.000000,0.666667,0.416667,0.418258,0.418258
0.000000,0.666667,0.458333,0.429308,0.429308
0.000000,0.666667,0.500000,0.433013,0.433013
0.000000,0.666667,0.541667,0.429308,0.429308
0.000000,0.666667,0.583333,0.418258,0.418258
0.000000,0.666667,0.625000,0.400052,0.400052
0.000000,0.666667,0.666667,0.375000,0.375000
0.000000,0.666667,0.708333,0.343532,0.343532
0.000000,0.666667,0.750000,0.306186,0.306186
0.000000,0.666667,0.791667,0.263601,0.263601
0.000000,0.666667,0.833333,0.216506,0.216506
0.000000,0.666667,0.875000,0.165707,0.165707
0.000000,0.666667,0.916667,0.112072,0.112072
0.000000,0.666667,0.958333,0.056519,0.056519
0.000000,0.666667,1.000000,-0.000000,-0.000000
0.000000,0.708333,0.000000,0.000000,0.000000
0.000000,0.708333,0.041667,0.040514,0.040514
0.000000,0.708333,0.083333,0.080335,0.080335
0.000000,0.708333,0.125000,0.118781,0.118781
0.000000,0.708333,0.166667,0.155195,0.155195
0.000000,0.708333,0.208333,0.188954,0.188954
0.000000,0.708333,0.250000,0.219479,0.219479
0.000000,0.708333,0.291667,0.246249,0.246249
0.000000,0.708333,0.333333,0.268806,0.268806
0.000000,0.708333,0.375000,0.286763,0.286763
0.000000,0.708333,0.416667,0.299814,0.299814
0.000000,0.708333,0.458333,0.307735,0.307735
0.000000,0.708333,0.500000,0.310390,0.310390
0.000000,0.708333,0.541667,0.307735,0.307735
0.000000,0.708333,0.583333,0.299814,0.299814
0.000000,0.708333,0.625000,0.286763,0.286763
0.000000,0.708333,0.666667,0.268806,0.268806
0.000000,0.708333,0.708333,0.246249,0.246249
0.000000,0.708333,0.750000,0.219479,0.219479
0.000000,0.708333,0.791667,0.188954,0.188954
0.000000,0.708333,0.833333,0.155195,0.155195
0.000000,0.708333,0.875000,0.118781,0.118781
0.000000,0.708333,0.916667,0.080335,0.080335
0.000000,0.708333,0.958333,0.040514,0.040514
0.000000,0.708333,1.000000,-0.000000,-0.000000
0.000000,0.750000,0.000000,0.000000,0.000000
0.000000,0.750000,0.041667,0.027033,0.027033
0.000000,0.750000,0.083333,0.053603,0.053603
0.000000,0.750000,0.125000,0.079256,0.079256
0.000000,0.750000,0.166667,0.103553,0.103553
0.000000,0.750000,0.208333,0.126079,0.126079
0.000000,0.750000,0.250000,0.146447,0.146447
0.000000,0.750000,0.291667,0.164309,0.164309
0.000000,0.750000,0.333333,0.179360,0.179360
0.000000,0.750000,0.375000,0.191342,0.191342
0.000000,0.750000,0.416667,0.200050,0.200050
0.000000,0.750000,0.458333,0.205335,0.205335
0.000000,0.750000,0.500000,0.207107,0.207107
0.000000,0.750000,0.541667,0.205335,0.205335
0.000000,0.750000,0.583333,0.200050,0.200050
0.000000,0.750000,0.625000,0.191342,0.191342
0.000000,0.750000,0.666667,0.179360,0.179360
0.000000,0.750000,0.708333,0.164309,0.164309
0.000000,0.750000,0.750000,0.146447,0.146447
0.000000,0.750000,0.791667,0.126079,0.126079
0.000000,0.750000,0.833333,0.103553,0.103553
0.000000,0.750000,0.875000,0.079256,0.079256
0.000000,0.750000,0.916667,0.053603,0.053603
0.000000,0.750000,0.958333,0.027033,0.027033
0.000000,0.750000,1.000000,-0.000000,-0.000000
0.000000,0.791667,0.000000,0.000000,0.000000
0.000000,0.791667,0.041667,0.016420,0.016420
0.000000,0.791667,0.083333,0.032559,0.032559
0.000000,0.791667,0.125000,0.048141,0.048141
0.000000,0.791667,0.166667,0.062899,0.062899
0.000000,0.791667,0.208333,0.076581,0.076581
0.000000,0.791667,0.250000,0.088953,0.088953
0.000000,0.791667,0.291667,0.099803,0.099803
0.000000,0.791667,0.333333,0.108945,0.108945
0.000000,0.791667,0.375000,0.116223,0.116223
0.000000,0.791667,0.416667,0.121512,0.121512
0.000000,0.791667,0.458333,0.124722,0.124722
0.000000,0.791667,0.500000,0.125798,0.125798
0.000000,0.791667,0.541667,0.124722,0.124722
0.000000,0.791667,0.583333,0.121512,0.121512
0.000000,0.791667,0.625000,0.116223,0.116223
0.000000,0.791667,0.666667,0.108945,0.108945
0.000000,0.791667,0.708333,0.099803,0.099803
0.000000,0.791667,0.750000,0.088953,0.088953
0.000000,0.791667,0.791667,0.076581,0.076581
0.000000,0.791667,0.833333,0.062899,0.062899
0.000000,0.791667,0.875000,0.048141,0.048141
0.000000,0.791667,0.916667,0.032559,0.032559
0.000000,0.791667,0.958333,0.016420,0.016420
0.000000,0.791667,1.000000,-0.000000,-0.000000
0.000000,0.833333,0.000000,0.000000,0.000000
0.000000,0.833333,0.041667,0.008744,0.008744
0.000000,0.833333,0.083333,0.017338,0.017338
0.000000,0.833333,0.125000,0.025635,0.025635
0.000000,0.833333,0.166667,0.033494,0.033494
0.000000,0.833333,0.208333,0.040779,0.040779
0.000000,0.833333,0.250000,0.047367,0.047367
0.000000,0.833333,0.291667,0.053145,0.053145
0.000000,0.833333,0.333333,0.058013,0.058013
0.000000,0.833333,0.375000,0.061888,0.061888
0.000000,0.833333,0.416667,0.064705,0.064705
0.000000,0.833333,0.458333,0.066414,0.066414
0.000000,0.833333,0.500000,0.066987,0.066987
0.000000,0.833333,0.541667,0.066414,0.066414
0.000000,0.833333,0.583333,0.064705,0.064705
0.000000,0.833333,0.625000,0.061888,0.061888
0.000000,0.833333,0.666667,0.058013,0.058013
0.000000,0.833333,0.708333,0.053145,0.053145
0.000000,0.833333,0.750000,0.047367,0.047367
0.000000,0.833333,0.791667,0.040779,0.040779
0.000000,0.833333,0.833333,0.033494,0.033494
0.000000,0.833333,0.875000,0.025635,0.025635
0.000000,0.833333,0.916667,0.017338,0.017338
0.000000,0.833333,0.958333,0.008744,0.008744
0.000000,0.833333,1.000000,-0.000000,-0.000000
0.000000,0.875000,0.000000,0.000000,0.000000
0.000000,0.875000,0.041667,0.003802,0.003802
0.000000,0.875000,0.083333,0.007539,0.007539
0.000000,0.875000,0.125000,0.011148,0.011148
0.000000,0.875000,0.166667,0.014565,0.014565
0.000000,0.875000,0.208333,0.017733,0.017733
0.000000,0.875000,0.250000,0.020598,0.020598
0.000000,0.875000,0.291667,0.023110,0.023110
0.000000,0.875000,0.333333,0.025227,0.025227
0.000000,0.875000,0.375000,0.026913,0.026913
0.000000,0.875000,0.416667,0.028137,0.028137
0.000000,0.875000,0.458333,0.028881,0.028881
0.000000,0.875000,0.500000,0.029130,0.029130
0.000000,0.875000,0.541667,0.028881,0.028881
0.000000,0.875000,0.583333,0.028137,0.028137
0.000000,0.875000,0.625000,0.026913,0.026913
0.000000,0.875000,0.666667,0.025227,0.025227
0.000000,0.875000,0.708333,0.023110,0.023110
0.000000,0.875000,0.750000,0.020598,0.020598
0.000000,0.875000,0.791667,0.017733,0.017733
0.000000,0.875000,0.833333,0.014565,0.014565
0.000000,0.875000,0.875000,0.011148,0.011148
0.000000,0.875000,0.916667,0.007539,0.007539
0.000000,0.875000,0.958333,0.003802,0.003802
0.000000,0.875000,1.000000,-0.000000,-0.000000
0.000000,0.916667,0.000000,0.000000,0.000000
0.000000,0.916667,0.041667,0.001151,0.001151
0.000000,0.916667,0.083333,0.002283,0.002283
0.000000,0.916667,0.125000,0.003375,0.003375
0.000000,0.916667,0.166667,0.004410,0.004410
0.000000,0.916667,0.208333,0.005369,0.005369
0.000000,0.916667,0.250000,0.006236,0.006236
0.000000,0.916667,0.291667,0.006997,0.006997
0.000000,0.916667,0.333333,0.007638,0.007638
0.000000,0.916667,0.375000,0.008148,0.008148
0.000000,0.916667,0.416667,0.008519,0.008519
0.000000,0.916667,0.458333,0.008744,0.008744
0.000000,0.916667,0.500000,0.008819,0.008819
0.000000,0.916667,0.541667,0.008744,0.008744
0.000000,0.916667,0.583333,0.008519,0.008519
0.000000,0.916667,0.625000,0.008148,0.008148
0.000000,0.916667,0.666667,0.007638,0.007638
0.000000,0.916667,0.708333,0.006997,0.006997
0.000000,0.916667,0.750000,0.006236,0.006236
0.000000,0.916667,0.791667,0.005369,0.005369
0.000000,0.916667,0.833333,0.004410,0.004410
0.000000,0.916667,0.875000,0.003375,0.003375
0.000000,0.916667,0.916667,0.002283,0.002283
0.000000,0.916667,0.958333,0.001151,0.001151
0.000000,0.916667,1.000000,-0.000000,-0.000000
0.000000,0.958333,0.000000,0.000000,0.000000
0.000000,0.958333,0.041667,0.000146,0.000146
0.000000,0.958333,0.083333,0.000289,0.000289
0.000000,0.958333,0.125000,0.000427,0.000427
0.000000,0.958333,0.166667,0.000558,0.000558
0.000000,0.958333,0.208333,0.000680,0.000680
0.000000,0.958333,0.250000,0.000790,0.000790
0.000000,0.958333,0.291667,0.000886,0.000886
0.000000,0.958333,0.333333,0.000967,0.000967
0.000000,0.958333,0.375000,0.001032,0.001032
0.000000,0.958333,0.416667,0.001079,0.001079
0.000000,0.958333,0.458333,0.001107,0.001107
0.000000,0.958333,0.500000,0.001117,0.001117
0.000000,0.958333,0.541667,0.001107,0.001107
0.000000,0.958333,0.583333,0.001079,0.001079
0.000000,0.958333,0.625000,0.001032,0.001032
0.000000,0.958333,0.666667,0.000967,0.000967
0.000000,0.958333,0.708333,0.000886,0.000886
0.000000,0.958333,0.750000,0.000790,0.000790
0.000000,0.958333,0.791667,0.000680,0.000680
0.000000,0.958333,0.833333,0.000558,0.000558
0.000000,0.958333,0.875000,0.000427,0.000427
0.000000,0.958333,0.916667,0.000289,0.000289
0.000000,0.958333,0.958333,0.000146,0.000146
0.000000,0.958333,1.000000,-0.000000,-0.000000
0.000000,1.000000,0.000000,0.000000,0.000000
0.000000,1.000000,0.041667,0.000000,0.000000
0.000000,1.000000,0.083333,0.000000,0.000000
0.000000,1.000000,0.125000,0.000000,0.000000
0.000000,1.000000,0.166667,0.000000,0.000000
0.000000,1.000000,0.208333,0.000000,0.000000
0.000000,1.000000,0.250000,0.000000,0.000000
0.000000,1.000000,0.291667,0.000000,0.000000
0.000000,1.000000,0.333333,0.000000,0.000000
0.000000,1.000000,0.375000,0.000000,0.000000
0.000000,1.000000,0.416667,0.000000,0.000000
0.000000,1.000000,0.458333,0.000000,0.000000
0.000000,1.000000,0.500000,0.000000,0.000000
0.000000,1.000000,0.541667,0.000000,0.000000
0.000000,1.000000,0.583333,0.000000,0.000000
0.000000,1.000000,0.625000,0.000000,0.000000
0.000000,1.000000,0.666667,0.000000,0.000000
0.000000,1.000000,0.708333,0.000000,0.000000
0.000000,1.000000,0.750000,0.000000,0.000000
0.000000,1.000000,0.791667,0.000000,0.000000
0.000000,1.000000,0.833333,0.000000,0.000000
0.000000,1.000000,0.875000,0.000000,0.000000
0.000000,1.000000,0.916667,0.000000,0.000000
0.000000,1.000000,0.958333,0.000000,0.000000
0.000000,1.000000,1.000000,0.000000,0.000000
0.041667,0.000000,0.000000,0.000000,0.000000
0.041667,0.000000,0.041667,0.000000,0.000000
0.041667,0.000000,0.083333,0.000000,0.000000
0.041667,0.000000,0.125000,0.000000,0.000000
0.041667,0.000000,0.166667,0.000000,0.000000
0.041667,0.000000,0.208333,0.000000,0.000000
0.041667,0.000000,0.250000,0.000000,0.000000
0.041667,0.000000,0.291667,0.000000,0.000000
0.041667,0.000000,0.333333,0.000000,0.000000
0.041667,0.000000,0.375000,0.000000,0.000000
0.041667,0.000000,0.416667,0.000000,0.000000
0.041667,0.000000,0.458333,0.000000,0.000000
0.041667,0.000000,0.500000,0.000000,0.000000
0.041667,0.000000,0.541667,0.000000,0.000000
0.041667,0.000000,0.583333,0.000000,0.000000
0.041667,0.000000,0.625000,0.000000,0.000000
0.041667,0.000000,0.666667,0.000000,0.000000
0.041667,0.000000,0.708333,0.000000,0.000000
0.041667,0.000000,0.750000,0.000000,0.000000
0.041667,0.000000,0.791667,0.000000,0.000000
0.041667,0.000000,0.833333,0.000000,0.000000
0.041667,0.000000,0.875000,0.000000,0.000000
0.041667,0.000000,0.916667,0.000000,0.000000
0.041667,0.000000,0.958333,0.000000,0.000000
0.041667,0.000000,1.000000,-0.000000,-0.000000
0.041667,0.041667,0.000000,0.000000,0.000000
0.041667,0.041667,0.041667,0.030291,0.030429
0.041667,0.041667,0.083333,0.060151,0.060337
0.041667,0.041667,0.125000,0.089047,0.089212
0.041667,0.041667,0.166667,0.116464,0.116562
0.041667,0.041667,0.208333,0.141918,0.141916
0.041667,0.041667,0.250000,0.164960,0.164843
0.041667,0.041667,0.291667,0.185185,0.184949
0.041667,0.041667,0.333333,0.202238,0.201891
0.041667,0.041667,0.375000,0.215817,0.215378
0.041667,0.041667,0.416667,0.225684,0.225180
0.041667,0.041667,0.458333,0.231664,0.231129
0.041667,0.041667,0.500000,0.233651,0.233123
0.041667,0.041667,0.541667,0.231609,0.231129
0.041667,0.041667,0.583333,0.225575,0.225180
0.041667,0.041667,0.625000,0.215655,0.215378
0.041667,0.041667,0.666667,0.202025,0.201891
0.041667,0.041667,0.708333,0.184927,0.184949
0.041667,0.041667,0.750000,0.164666,0.164843
0.041667,0.041667,0.791667,0.141602,0.141916
0.041667,0.041667,0.833333,0.116148,0.116562
0.041667,0.041667,0.875000,0.088757,0.089212
0.041667,0.041667,0.916667,0.059921,0.060337
0.041667,0.041667,0.958333,0.030156,0.030429
0.041667,0.041667,1.000000,-0.000000,-0.000000
0.041667,0.083333,0.000000,0.000000,0.000000
0.041667,0.083333,0.041667,0.059350,0.059611
0.041667,0.083333,0.083333,0.117855,0.118203
0.041667,0.083333,0.125000,0.174468,0.174772
0.041667,0.083333,0.166667,0.228183,0.228350
0.041667,0.083333,0.208333,0.278051,0.278022
0.041667,0.083333,0.250000,0.323193,0.322936
0.041667,0.083333,0.291667,0.362817,0.362325
0.041667,0.083333,0.333333,0.396224,0.395514
0.041667,0.083333,0.375000,0.422828,0.421936
0.041667,0.083333,0.416667,0.442160,0.441139
0.041667,0.083333,0.458333,0.453878,0.452793
0.041667,0.083333,0.500000,0.457775,0.456701
0.041667,0.083333,0.541667,0.453782,0.452793
0.041667,0.083333,0.583333,0.441968,0.441139
0.041667,0.083333,0.625000,0.422542,0.421936
0.041667,0.083333,0.666667,0.395849,0.395514
0.041667,0.083333,0.708333,0.362361,0.362325
0.041667,0.083333,0.750000,0.322673,0.322936
0.041667,0.083333,0.791667,0.277493,0.278022
0.041667,0.083333,0.833333,0.227624,0.228350
0.041667,0.083333,0.875000,0.173955,0.174772
0.041667,0.083333,0.916667,0.117448,0.118203
0.041667,0.083333,0.958333,0.059113,0.059611
0.041667,0.083333,1.000000,-0.000000,-0.000000
0.041667,0.125000,0.000000,0.000000,0.000000
0.041667,0.125000,0.041667,0.085996,0.086373
0.041667,0.125000,0.083333,0.170759,0.171268
0.041667,0.125000,0.125000,0.252774,0.253232
0.041667,0.125000,0.166667,0.330585,0.330864
0.041667,0.125000,0.208333,0.402816,0.402835
0.041667,0.125000,0.250000,0.468197,0.467912
0.041667,0.125000,0.291667,0.525580,0.524984
0.041667,0.125000,0.333333,0.573956,0.573073
0.041667,0.125000,0.375000,0.612477,0.611357
0.041667,0.125000,0.416667,0.640466,0.639180
0.041667,0.125000,0.458333,0.657431,0.656067
0.041667,0.125000,0.500000,0.663073,0.661728
0.041667,0.125000,0.541667,0.657291,0.656067
0.041667,0.125000,0.583333,0.640187,0.639180
0.041667,0.125000,0.625000,0.612062,0.611357
0.041667,0.125000,0.666667,0.573413,0.573073
0.041667,0.125000,0.708333,0.524925,0.524984
0.041667,0.125000,0.750000,0.467457,0.467912
0.041667,0.125000,0.791667,0.402028,0.402834
0.041667,0.125000,0.833333,0.329802,0.330864
0.041667,0.125000,0.875000,0.252063,0.253232
0.041667,0.125000,0.916667,0.170199,0.171268
0.041667,0.125000,0.958333,0.085672,0.086373
0.041667,0.125000,1.000000,-0.000000,-0.000000
0.041667,0.166667,0.000000,0.000000,0.000000
0.041667,0.166667,0.041667,0.109203,0.109675
0.041667,0.166667,0.083333,0.216826,0.217473
0.041667,0.166667,0.125000,0.320945,0.321550
0.041667,0.166667,0.166667,0.419711,0.420125
0.041667,0.166667,0.208333,0.511381,0.511512
0.041667,0.166667,0.250000,0.594342,0.594147
0.041667,0.166667,0.291667,0.667140,0.666616
0.041667,0.166667,0.333333,0.728500,0.727679
0.041667,0.166667,0.375000,0.777349,0.776291
0.041667,0.166667,0.416667,0.812835,0.811620
0.041667,0.166667,0.458333,0.834335,0.833062
0.041667,0.166667,0.500000,0.841474,0.840251
0.041667,0.166667,0.541667,0.834126,0.833062
0.041667,0.166667,0.583333,0.812423,0.811620
0.041667,0.166667,0.625000,0.776744,0.776291
0.041667,0.166667,0.666667,0.727720,0.727679
0.041667,0.166667,0.708333,0.666215,0.666616
0.041667,0.166667,0.750000,0.593316,0.594147
0.041667,0.166667,0.791667,0.510310,0.511512
0.041667,0.166667,0.833333,0.418669,0.420125
0.041667,0.166667,0.875000,0.320018,0.321550
0.041667,0.166667,0.916667,0.216110,0.217473
0.041667,0.166667,0.958333,0.108797,0.109675
0.041667,0.166667,1.000000,-0.000000,-0.000000
0.041667,0.208333,0.000000,0.000000,0.000000
0.041667,0.208333,0.041667,0.128139,0.128673
0.041667,0.208333,0.083333,0.254405,0.255144
0.041667,0.208333,0.125000,0.376541,0.377250
0.041667,0.208333,0.166667,0.492378,0.492901
0.041667,0.208333,0.208333,0.599871,0.600118
0.041667,0.208333,0.250000,0.697129,0.697067
0.041667,0.208333,0.291667,0.782452,0.782089
0.041667,0.208333,0.333333,0.854349,0.853730
0.041667,0.208333,0.375000,0.911568,0.910763
0.041667,0.208333,0.416667,0.953117,0.952212
0.041667,0.208333,0.458333,0.978273,0.977369
0.041667,0.208333,0.500000,0.986603,0.985802
0.041667,0.208333,0.541667,0.977966,0.977369
0.041667,0.208333,0.583333,0.952516,0.952212
0.041667,0.208333,0.625000,0.910700,0.910763
0.041667,0.208333,0.666667,0.853254,0.853730
0.041667,0.208333,0.708333,0.781185,0.782089
0.041667,0.208333,0.750000,0.695761,0.697067
0.041667,0.208333,0.791667,0.598484,0.600118
0.041667,0.208333,0.833333,0.491068,0.492901
0.041667,0.208333,0.875000,0.375410,0.377250
0.041667,0.208333,0.916667,0.253556,0.255144
0.041667,0.208333,0.958333,0.127672,0.128673
0.041667,0.208333,1.000000,-0.000000,-0.000000
0.041667,0.250000,0.000000,0.000000,0.000000
0.041667,0.250000,0.041667,0.142185,0.142763
0.041667,0.250000,0.083333,0.282276,0.283083
0.041667,0.250000,0.125000,0.417769,0.418559
0.041667,0.250000,0.166667,0.546256,0.546873
0.041667,0.250000,0.208333,0.665468,0.665831
0.041667,0.250000,0.250000,0.773311,0.773396
0.041667,0.250000,0.291667,0.867896,0.867728
0.041667,0.250000,0.333333,0.947578,0.947213
0.041667,0.250000,0.375000,1.010973,1.010490
0.041667,0.250000,0.416667,1.056986,1.056478
0.041667,0.250000,0.458333,1.084827,1.084390
0.041667,0.250000,0.500000,1.094022,1.093747
0.041667,0.250000,0.541667,1.084421,1.084390
0.041667,0.250000,0.583333,1.056200,1.056478
0.041667,0.250000,0.625000,1.009857,1.010490
0.041667,0.250000,0.666667,0.946203,0.947213
0.041667,0.250000,0.708333,0.866349,0.867728
0.041667,0.250000,0.750000,0.771690,0.773396
0.041667,0.250000,0.791667,0.663880,0.665831
0.041667,0.250000,0.833333,0.544807,0.546873
0.041667,0.250000,0.875000,0.416563,0.418559
0.041667,0.250000,0.916667,0.281406,0.283082
0.041667,0.250000,0.958333,0.141725,0.142762
0.041667,0.250000,1.000000,-0.000000,-0.000000
0.041667,0.291667,0.000000,0.000000,0.000000
0.041667,0.291667,0.041667,0.150994,0.151607
0.041667,0.291667,0.083333,0.299748,0.300620
0.041667,0.291667,0.125000,0.443608,0.444489
0.041667,0.291667,0.166667,0.580019,0.580753
0.041667,0.291667,0.208333,0.706573,0.707080
0.041667,0.291667,0.250000,0.821043,0.821309
0.041667,0.291667,0.291667,0.921429,0.921485
0.041667,0.291667,0.333333,1.005983,1.005894
0.041667,0.291667,0.375000,1.073242,1.073092
0.041667,0.291667,0.416667,1.122049,1.121929
0.041667,0.291667,0.458333,1.151570,1.151569
0.041667,0.291667,0.500000,1.161309,1.161506
0.041667,0.291667,0.541667,1.151112,1.151569
0.041667,0.291667,0.583333,1.121170,1.121929
0.041667,0.291667,0.625000,1.072012,1.073092
0.041667,0.291667,0.666667,1.004497,1.005894
0.041667,0.291667,0.708333,0.919797,0.921485
0.041667,0.291667,0.750000,0.819384,0.821309
0.041667,0.291667,0.791667,0.705003,0.707080
0.041667,0.291667,0.833333,0.578645,0.580753
0.041667,0.291667,0.875000,0.442517,0.444489
0.041667,0.291667,0.916667,0.299003,0.300620
0.041667,0.291667,0.958333,0.150625,0.151607
0.041667,0.291667,1.000000,-0.000000,-0.000000
0.041667,0.333333,0.000000,0.000000,0.000000
0.041667,0.333333,0.041667,0.154529,0.155150
0.041667,0.333333,0.083333,0.306743,0.307646
0.041667,0.333333,0.125000,0.453937,0.454877
0.041667,0.333333,0.166667,0.593505,0.594326
0.041667,0.333333,0.208333,0.722984,0.723606
0.041667,0.333333,0.250000,0.840099,0.840504
0.041667,0.333333,0.291667,0.942803,0.943021
0.041667,0.333333,0.333333,1.029307,1.029403
0.041667,0.333333,0.375000,1.098115,1.098171
0.041667,0.333333,0.416667,1.148046,1.148150
0.041667,0.333333,0.458333,1.178249,1.178483
0.041667,0.333333,0.500000,1.188217,1.188652
0.041667,0.333333,0.541667,1.177794,1.178483
0.041667,0.333333,0.583333,1.147178,1.148150
0.041667,0.333333,0.625000,1.096909,1.098171
0.041667,0.333333,0.666667,1.027866,1.029403
0.041667,0.333333,0.708333,0.941250,0.943021
0.041667,0.333333,0.750000,0.838562,0.840504
0.041667,0.333333,0.791667,0.721581,0.723605
0.041667,0.333333,0.833333,0.592334,0.594326
0.041667,0.333333,0.875000,0.453066,0.454877
0.041667,0.333333,0.916667,0.306198,0.307646
0.041667,0.333333,0.958333,0.154291,0.155150
0.041667,0.333333,1.000000,-0.000000,-0.000000
0.041667,0.375000,0.000000,0.000000,0.000000
0.041667,0.375000,0.041667,0.153039,0.153612
0.041667,0.375000,0.083333,0.303753,0.304595
0.041667,0.375000,0.125000,0.449478,0.450367
0.041667,0.375000,0.166667,0.587644,0.588433
0.041667,0.375000,0.208333,0.715825,0.716430
0.041667,0.375000,0.250000,0.831773,0.832170
0.041667,0.375000,0.291667,0.933463,0.933670
0.041667,0.375000,0.333333,1.019125,1.019195
0.041667,0.375000,0.375000,1.087272,1.087282
0.041667,0.375000,0.416667,1.136732,1.136765
0.041667,0.375000,0.458333,1.166656,1.166797
0.041667,0.375000,0.500000,1.176543,1.176865
0.041667,0.375000,0.541667,1.166237,1.166797
0.041667,0.375000,0.583333,1.135933,1.136765
0.041667,0.375000,0.625000,1.086171,1.087282
0.041667,0.375000,0.666667,1.017824,1.019195
0.041667,0.375000,0.708333,0.932085,0.933670
0.041667,0.375000,0.750000,0.830444,0.832170
0.041667,0.375000,0.791667,0.714656,0.716430
0.041667,0.375000,0.833333,0.586723,0.588433
0.041667,0.375000,0.875000,0.448849,0.450367
0.041667,0.375000,0.916667,0.303413,0.304595
0.041667,0.375000,0.958333,0.152927,0.153612
0.041667,0.375000,1.000000,-0.000000,-0.000000
0.041667,0.416667,0.000000,0.000000,0.000000
0.041667,0.416667,0.041667,0.147001,0.147463
0.041667,0.416667,0.083333,0.291729,0.292403
0.041667,0.416667,0.125000,0.431639,0.432340
0.041667,0.416667,0.166667,0.564276,0.564880
0.041667,0.416667,0.208333,0.687323,0.687754
0.041667,0.416667,0.250000,0.798631,0.798861
0.041667,0.416667,0.291667,0.896261,0.896299
0.041667,0.416667,0.333333,0.978516,0.978401
0.041667,0.416667,0.375000,1.043967,1.043762
0.041667,0.416667,0.416667,1.091481,1.091264
0.041667,0.416667,0.458333,1.120241,1.120095
0.041667,0.416667,0.500000,1.129759,1.129760
0.041667,0.416667,0.541667,1.119885,1.120095
0.041667,0.416667,0.583333,1.090807,1.091264
0.041667,0.416667,0.625000,1.043047,1.043762
0.041667,0.416667,0.666667,0.977447,0.978401
0.041667,0.416667,0.708333,0.895154,0.896299
0.041667,0.416667,0.750000,0.797596,0.798861
0.041667,0.416667,0.791667,0.686456,0.687754
0.041667,0.416667,0.833333,0.563644,0.564880
0.041667,0.416667,0.875000,0.431264,0.432340
0.041667,0.416667,0.916667,0.291585,0.292403
0.041667,0.416667,0.958333,0.147002,0.147463
0.041667,0.416667,1.000000,-0.000000,-0.000000
0.041667,0.458333,0.000000,0.000000,0.000000
0.041667,0.458333,0.041667,0.137075,0.137390
0.041667,0.458333,0.083333,0.271987,0.272430
0.041667,0.458333,0.125000,0.402373,0.402808
0.041667,0.458333,0.166667,0.525959,0.526294
0.041667,0.458333,0.208333,0.640593,0.640775
0.041667,0.458333,0.250000,0.744282,0.744292
0.041667,0.458333,0.291667,0.835229,0.835075
0.041667,0.458333,0.333333,0.911856,0.911568
0.041667,0.458333,0.375000,0.972839,0.972465
0.041667,0.458333,0.416667,1.017121,1.016722
0.041667,0.458333,0.458333,1.043942,1.043584
0.041667,0.458333,0.500000,1.052845,1.052588
0.041667,0.458333,0.541667,1.043689,1.043583
0.041667,0.458333,0.583333,1.016644,1.016722
0.041667,0.458333,0.625000,0.972196,0.972465
0.041667,0.458333,0.666667,0.911124,0.911568
0.041667,0.458333,0.708333,0.834493,0.835075
0.041667,0.458333,0.750000,0.743627,0.744292
0.041667,0.458333,0.791667,0.640088,0.640775
0.041667,0.458333,0.833333,0.525648,0.526294
0.041667,0.458333,0.875000,0.402259,0.402808
0.041667,0.458333,0.916667,0.272027,0.272430
0.041667,0.458333,0.958333,0.137172,0.137390
0.041667,0.458333,1.000000,-0.000000,-0.000000
0.041667,0.500000,0.000000,0.000000,0.000000
0.041667,0.500000,0.041667,0.124071,0.124241
0.041667,0.500000,0.083333,0.246137,0.246357
0.041667,0.500000,0.125000,0.364071,0.364257
0.041667,0.500000,0.166667,0.475825,0.475925
0.041667,0.500000,0.208333,0.579462,0.579449
0.041667,0.500000,0.250000,0.673188,0.673059
0.041667,0.500000,0.291667,0.755386,0.755153
0.041667,0.500000,0.333333,0.824640,0.824326
0.041667,0.500000,0.375000,0.879757,0.879394
0.041667,0.500000,0.416667,0.919793,0.919416
0.041667,0.500000,0.458333,0.944062,0.943707
0.041667,0.500000,0.500000,0.952152,0.951850
0.041667,0.500000,0.541667,0.943931,0.943707
0.041667,0.500000,0.583333,0.919548,0.919416
0.041667,0.500000,0.625000,0.879433,0.879394
0.041667,0.500000,0.666667,0.824282,0.824326
0.041667,0.500000,0.708333,0.755048,0.755153
0.041667,0.500000,0.750000,0.672922,0.673059
0.041667,0.500000,0.791667,0.579309,0.579449
0.041667,0.500000,0.833333,0.475807,0.475925
0.041667,0.500000,0.875000,0.364178,0.364257
0.041667,0.500000,0.916667,0.246319,0.246357
0.041667,0.500000,0.958333,0.124235,0.124241
0.041667,0.500000,1.000000,-0.000000,-0.000000
0.041667,0.541667,0.000000,0.000000,0.000000
0.041667,0.541667,0.041667,0.108919,0.108966
0.041667,0.541667,0.083333,0.216025,0.216069
0.041667,0.541667,0.125000,0.319466,0.319474
0.041667,0.541667,0.166667,0.417455,0.417412
0.041667,0.541667,0.208333,0.508304,0.508209
0.041667,0.541667,0.250000,0.590448,0.590310
0.041667,0.541667,0.291667,0.662479,0.662311
0.041667,0.541667,0.333333,0.723163,0.722979
0.041667,0.541667,0.375000,0.771463,0.771277
0.041667,0.541667,0.416667,0.806556,0.806379
0.041667,0.541667,0.458333,0.827845,0.827683
0.041667,0.541667,0.500000,0.834969,0.834825
0.041667,0.541667,0.541667,0.827810,0.827682
0.041667,0.541667,0.583333,0.806493,0.806379
0.041667,0.541667,0.625000,0.771385,0.771277
0.041667,0.541667,0.666667,0.723090,0.722979
0.041667,0.541667,0.708333,0.662434,0.662311
0.041667,0.541667,0.750000,0.590455,0.590310
0.041667,0.541667,0.791667,0.508382,0.508209
0.041667,0.541667,0.833333,0.417613,0.417412
0.041667,0.541667,0.875000,0.319689,0.319473
0.041667,0.541667,0.916667,0.216271,0.216068
0.041667,0.541667,0.958333,0.109105,0.108966
0.041667,0.541667,1.000000,-0.000000,-0.000000
0.041667,0.583333,0.000000,0.000000,0.000000
0.041667,0.583333,0.041667,0.092603,0.092553
0.041667,0.583333,0.083333,0.183609,0.183522
0.041667,0.583333,0.125000,0.271461,0.271350
0.041667,0.583333,0.166667,0.354652,0.354536
0.041667,0.583333,0.208333,0.431758,0.431656
0.041667,0.583333,0.250000,0.501464,0.501390
0.041667,0.583333,0.291667,0.562579,0.562545
0.041667,0.583333,0.333333,0.614063,0.614075
0.041667,0.583333,0.375000,0.655042,0.655098
0.041667,0.583333,0.416667,0.684819,0.684912
0.041667,0.583333,0.458333,0.702891,0.703006
0.041667,0.583333,0.500000,0.708950,0.709073
0.041667,0.583333,0.541667,0.702895,0.703006
0.041667,0.583333,0.583333,0.684828,0.684912
0.041667,0.583333,0.625000,0.655058,0.655098
0.041667,0.583333,0.666667,0.614092,0.614075
0.041667,0.583333,0.708333,0.562628,0.562545
0.041667,0.583333,0.750000,0.501546,0.501390
0.041667,0.583333,0.791667,0.431885,0.431656
0.041667,0.583333,0.833333,0.354829,0.354536
0.041667,0.583333,0.875000,0.271680,0.271350
0.041667,0.583333,0.916667,0.183839,0.183521
0.041667,0.583333,0.958333,0.092774,0.092552
0.041667,0.583333,1.000000,-0.000000,-0.000000
0.041667,0.625000,0.000000,0.000000,0.000000
0.041667,0.625000,0.041667,0.076085,0.075956
0.041667,0.625000,0.083333,0.150803,0.150613
0.041667,0.625000,0.125000,0.222889,0.222693
0.041667,0.625000,0.166667,0.291122,0.290962
0.041667,0.625000,0.208333,0.354345,0.354253
0.041667,0.625000,0.250000,0.411486,0.411482
0.041667,0.625000,0.291667,0.461577,0.461671
0.041667,0.625000,0.333333,0.503771,0.503961
0.041667,0.625000,0.375000,0.537353,0.537627
0.041667,0.625000,0.416667,0.561754,0.562095
0.041667,0.625000,0.458333,0.576560,0.576945
0.041667,0.625000,0.500000,0.581520,0.581924
0.041667,0.625000,0.541667,0.576550,0.576945
0.041667,0.625000,0.583333,0.561735,0.562095
0.041667,0.625000,0.625000,0.537326,0.537627
0.041667,0.625000,0.666667,0.503742,0.503961
0.041667,0.625000,0.708333,0.461556,0.461671
0.041667,0.625000,0.750000,0.411487,0.411482
0.041667,0.625000,0.791667,0.354385,0.354253
0.041667,0.625000,0.833333,0.291215,0.290962
0.041667,0.625000,0.875000,0.223034,0.222692
0.041667,0.625000,0.916667,0.150975,0.150613
0.041667,0.625000,0.958333,0.076224,0.075956
0.041667,0.625000,1.000000,-0.000000,-0.000000
0.041667,0.666667,0.000000,0.000000,0.000000
0.041667,0.666667,0.041667,0.060228,0.060042
0.041667,0.666667,0.083333,0.119318,0.119057
0.041667,0.666667,0.125000,0.176288,0.176034
0.041667,0.666667,0.166667,0.230185,0.230000
0.041667,0.666667,0.208333,0.280105,0.280030
0.041667,0.666667,0.250000,0.325209,0.325269
0.041667,0.666667,0.291667,0.364741,0.364943
0.041667,0.666667,0.333333,0.398033,0.398372
0.041667,0.666667,0.375000,0.424526,0.424985
0.041667,0.666667,0.416667,0.443770,0.444326
0.041667,0.666667,0.458333,0.455439,0.456065
0.041667,0.666667,0.500000,0.459337,0.460000
0.041667,0.666667,0.541667,0.455396,0.456065
0.041667,0.666667,0.583333,0.443686,0.444326
0.041667,0.666667,0.625000,0.424409,0.424985
0.041667,0.666667,0.666667,0.397897,0.398372
0.041667,0.666667,0.708333,0.364604,0.364943
0.041667,0.666667,0.750000,0.325096,0.325269
0.041667,0.666667,0.791667,0.280040,0.280030
0.041667,0.666667,0.833333,0.230188,0.230000
0.041667,0.666667,0.875000,0.176364,0.176034
0.041667,0.666667,0.916667,0.119444,0.119057
0.041667,0.666667,0.958333,0.060343,0.060042
0.041667,0.666667,1.000000,-0.000000,-0.000000
0.041667,0.708333,0.000000,0.000000,0.000000
0.041667,0.708333,0.041667,0.045749,0.045528
0.041667,0.708333,0.083333,0.090579,0.090276
0.041667,0.708333,0.125000,0.133762,0.133480
0.041667,0.708333,0.166667,0.174589,0.174400
0.041667,0.708333,0.208333,0.212384,0.212336
0.041667,0.708333,0.250000,0.246520,0.246639
0.041667,0.708333,0.291667,0.276428,0.276722
0.041667,0.708333,0.333333,0.301607,0.302070
0.041667,0.708333,0.375000,0.321637,0.322250
0.041667,0.708333,0.416667,0.336179,0.336915
0.041667,0.708333,0.458333,0.344990,0.345816
0.041667,0.708333,0.500000,0.347920,0.348800
0.041667,0.708333,0.541667,0.344923,0.345816
0.041667,0.708333,0.583333,0.336051,0.336915
0.041667,0.708333,0.625000,0.321460,0.322250
0.041667,0.708333,0.666667,0.301401,0.302070
0.041667,0.708333,0.708333,0.276218,0.276722
0.041667,0.708333,0.750000,0.246338,0.246639
0.041667,0.708333,0.791667,0.212260,0.212336
0.041667,0.708333,0.833333,0.174545,0.174400
0.041667,0.708333,0.875000,0.133803,0.133480
0.041667,0.708333,0.916667,0.090681,0.090276
0.041667,0.708333,0.958333,0.045852,0.045528
0.041667,0.708333,1.000000,-0.000000,-0.000000
0.041667,0.750000,0.000000,0.000000,0.000000
0.041667,0.750000,0.041667,0.033188,0.032941
0.041667,0.750000,0.083333,0.065654,0.065319
0.041667,0.750000,0.125000,0.096890,0.096579
0.041667,0.750000,0.166667,0.126395,0.126186
0.041667,0.750000,0.208333,0.153691,0.153634
0.041667,0.750000,0.250000,0.178329,0.178454
0.041667,0.750000,0.291667,0.199903,0.200220
0.041667,0.750000,0.333333,0.218058,0.218561
0.041667,0.750000,0.375000,0.232490,0.233161
0.041667,0.750000,0.416667,0.242961,0.243773
0.041667,0.750000,0.458333,0.249296,0.250213
0.041667,0.750000,0.500000,0.251391,0.252372
0.041667,0.750000,0.541667,0.249212,0.250213
0.041667,0.750000,0.583333,0.242799,0.243773
0.041667,0.750000,0.625000,0.232265,0.233161
0.041667,0.750000,0.666667,0.217793,0.218561
0.041667,0.750000,0.708333,0.199630,0.200220
0.041667,0.750000,0.750000,0.178081,0.178454
0.041667,0.750000,0.791667,0.153502,0.153634
0.041667,0.750000,0.833333,0.126291,0.126186
0.041667,0.750000,0.875000,0.096877,0.096579
0.041667,0.750000,0.916667,0.065712,0.065319
0.041667,0.750000,0.958333,0.033263,0.032941
0.041667,0.750000,1.000000,-0.000000,-0.000000
0.041667,0.791667,0.000000,0.000000,0.000000
0.041667,0.791667,0.041667,0.022866,0.022594
0.041667,0.791667,0.083333,0.045180,0.044801
0.041667,0.791667,0.125000,0.066611,0.066241
0.041667,0.791667,0.166667,0.086828,0.086548
0.041667,0.791667,0.208333,0.105510,0.105374
0.041667,0.791667,0.250000,0.122358,0.122398
0.041667,0.791667,0.291667,0.137096,0.137327
0.041667,0.791667,0.333333,0.149485,0.149906
0.041667,0.791667,0.375000,0.159322,0.159920
0.041667,0.791667,0.416667,0.166445,0.167198
0.041667,0.791667,0.458333,0.170741,0.171616
0.041667,0.791667,0.500000,0.172138,0.173097
0.041667,0.791667,0.541667,0.170619,0.171616
0.041667,0.791667,0.583333,0.166211,0.167198
0.041667,0.791667,0.625000,0.158994,0.159920
0.041667,0.791667,0.666667,0.149093,0.149906
0.041667,0.791667,0.708333,0.136677,0.137327
0.041667,0.791667,0.750000,0.121954,0.122398
0.041667,0.791667,0.791667,0.105163,0.105374
0.041667,0.791667,0.833333,0.086570,0.086548
0.041667,0.791667,0.875000,0.066460,0.066241
0.041667,0.791667,0.916667,0.045127,0.044801
0.041667,0.791667,0.958333,0.022873,0.022594
0.041667,0.791667,1.000000,-0.000000,-0.000000
0.041667,0.833333,0.000000,0.000000,0.000000
0.041667,0.833333,0.041667,0.014859,0.014567
0.041667,0.833333,0.083333,0.029305,0.028884
0.041667,0.833333,0.125000,0.043140,0.042707
0.041667,0.833333,0.166667,0.056164,0.055799
0.041667,0.833333,0.208333,0.068178,0.067937
0.041667,0.833333,0.250000,0.078994,0.078912
0.041667,0.833333,0.291667,0.088439,0.088537
0.041667,0.833333,0.333333,0.096362,0.096648
0.041667,0.833333,0.375000,0.102637,0.103104
0.041667,0.833333,0.416667,0.107164,0.107796
0.041667,0.833333,0.458333,0.109873,0.110644
0.041667,0.833333,0.500000,0.110723,0.111599
0.041667,0.833333,0.541667,0.109705,0.110644
0.041667,0.833333,0.583333,0.106840,0.107796
0.041667,0.833333,0.625000,0.102181,0.103104
0.041667,0.833333,0.666667,0.095808,0.096648
0.041667,0.833333,0.708333,0.087832,0.088537
0.041667,0.833333,0.750000,0.078384,0.078912
0.041667,0.833333,0.791667,0.067617,0.067937
0.041667,0.833333,0.833333,0.055696,0.055800
0.041667,0.833333,0.875000,0.042796,0.042707
0.041667,0.833333,0.916667,0.029095,0.028884
0.041667,0.833333,0.958333,0.014771,0.014567
0.041667,0.833333,1.000000,-0.000000,-0.000000
0.041667,0.875000,0.000000,0.000000,0.000000
0.041667,0.875000,0.041667,0.009002,0.008717
0.041667,0.875000,0.083333,0.017705,0.017286
0.041667,0.875000,0.125000,0.026005,0.025558
0.041667,0.875000,0.166667,0.033792,0.033393
0.041667,0.875000,0.208333,0.040955,0.040657
0.041667,0.875000,0.250000,0.047388,0.047225
0.041667,0.875000,0.291667,0.052990,0.052985
0.041667,0.875000,0.333333,0.057675,0.057839
0.041667,0.875000,0.375000,0.061371,0.061702
0.041667,0.875000,0.416667,0.064021,0.064511
0.041667,0.875000,0.458333,0.065587,0.066215
0.041667,0.875000,0.500000,0.066046,0.066786
0.041667,0.875000,0.541667,0.065397,0.066215
0.041667,0.875000,0.583333,0.063654,0.064511
0.041667,0.875000,0.625000,0.060852,0.061702
0.041667,0.875000,0.666667,0.057040,0.057839
0.041667,0.875000,0.708333,0.052284,0.052985
0.041667,0.875000,0.750000,0.046665,0.047225
0.041667,0.875000,0.791667,0.040270,0.040657
0.041667,0.875000,0.833333,0.033194,0.033393
0.041667,0.875000,0.875000,0.025535,0.025558
0.041667,0.875000,0.916667,0.017389,0.017286
0.041667,0.875000,0.958333,0.008848,0.008717
0.041667,0.875000,1.000000,-0.000000,-0.000000
0.041667,0.916667,0.000000,0.000000,0.000000
0.041667,0.916667,0.041667,0.004936,0.004701
0.041667,0.916667,0.083333,0.009672,0.009321
0.041667,0.916667,0.125000,0.014162,0.013782
0.041667,0.916667,0.166667,0.018357,0.018007
0.041667,0.916667,0.208333,0.022202,0.021923
0.041667,0.916667,0.250000,0.025645,0.025465
0.041667,0.916667,0.291667,0.028634,0.028571
0.041667,0.916667,0.333333,0.031125,0.031188
0.041667,0.916667,0.375000,0.033081,0.033272
0.041667,0.916667,0.416667,0.034471,0.034786
0.041667,0.916667,0.458333,0.035278,0.035705
0.041667,0.916667,0.500000,0.035492,0.036013
0.041667,0.916667,0.541667,0.035114,0.035705
0.041667,0.916667,0.583333,0.034154,0.034786
0.041667,0.916667,0.625000,0.032633,0.033272
0.041667,0.916667,0.666667,0.030579,0.031188
0.041667,0.916667,0.708333,0.028030,0.028571
0.041667,0.916667,0.750000,0.025027,0.025465
0.041667,0.916667,0.791667,0.021616,0.021923
0.041667,0.916667,0.833333,0.017844,0.018007
0.041667,0.916667,0.875000,0.013755,0.013782
0.041667,0.916667,0.916667,0.009394,0.009321
0.041667,0.916667,0.958333,0.004797,0.004701
0.041667,0.916667,1.000000,-0.000000,-0.000000
0.041667,0.958333,0.000000,0.000000,0.000000
0.041667,0.958333,0.041667,0.002148,0.002005
0.041667,0.958333,0.083333,0.004191,0.003975
0.041667,0.958333,0.125000,0.006116,0.005878
0.041667,0.958333,0.166667,0.007906,0.007680
0.041667,0.958333,0.208333,0.009541,0.009350
0.041667,0.958333,0.250000,0.011002,0.010861
0.041667,0.958333,0.291667,0.012268,0.012185
0.041667,0.958333,0.333333,0.013320,0.013302
0.041667,0.958333,0.375000,0.014143,0.014190
0.041667,0.958333,0.416667,0.014726,0.014836
0.041667,0.958333,0.458333,0.015060,0.015228
0.041667,0.958333,0.500000,0.015144,0.015359
0.041667,0.958333,0.541667,0.014977,0.015228
0.041667,0.958333,0.583333,0.014567,0.014836
0.041667,0.958333,0.625000,0.013922,0.014190
0.041667,0.958333,0.666667,0.013054,0.013302
0.041667,0.958333,0.708333,0.011979,0.012185
0.041667,0.958333,0.750000,0.010713,0.010861
0.041667,0.958333,0.791667,0.009274,0.009350
0.041667,0.958333,0.833333,0.007676,0.007680
0.041667,0.958333,0.875000,0.005937,0.005878
0.041667,0.958333,0.916667,0.004071,0.003975
0.041667,0.958333,0.958333,0.002088,0.002005
0.041667,0.958333,1.000000,-0.000000,-0.000000
0.041667,1.000000,0.000000,0.000000,0.000000
0.041667,1.000000,0.041667,0.000000,-0.000000
0.041667,1.000000,0.083333,0.000000,-0.000000
0.041667,1.000000,0.125000,0.000000,-0.000000
0.041667,1.000000,0.166667,0.000000,-0.000000
0.041667,1.000000,0.208333,0.000000,-0.000000
0.041667,1.000000,0.250000,0.000000,-0.000000
0.041667,1.000000,0.291667,0.000000,-0.000000
0.041667,1.000000,0.333333,0.000000,-0.000000
0.041667,1.000000,0.375000,0.000000,-0.000000
0.041667,1.000000,0.416667,0.000000,-0.000000
0.041667,1.000000,0.458333,0.000000,-0.000000
0.041667,1.000000,0.500000,0.000000,-0.000000
0.041667,1.000000,0.541667,0.000000,-0.000000
0.041667,1.000000,0.583333,0.000000,-0.000000
0.041667,1.000000,0.625000,0.000000,-0.000000
0.041667,1.000000,0.666667,0.000000,-0.000000
0.041667,1.000000,0.708333,0.000000,-0.000000
0.041667,1.000000,0.750000,0.000000,-0.000000
0.041667,1.000000,0.791667,0.000000,-0.000000
0.041667,1.000000,0.833333,0.000000,-0.000000
0.041667,1.000000,0.875000,0.000000,-0.000000
0.041667,1.000000,0.916667,0.000000,-0.000000
0.041667,1.000000,0.958333,0.000000,-0.000000
0.041667,1.000000,1.000000,0.000000,0.000000
0.083333,0.000000,0.000000,0.000000,0.000000
0.083333,0.000000,0.041667,0.000000,0.000000
0.083333,0.000000,0.083333,0.000000,0.000000
0.083333,0.000000,0.125000,0.000000,0.000000
0.083333,0.000000,0.166667,0.000000,0.000000
0.083333,0.000000,0.208333,0.000000,0.000000
0.083333,0.000000,0.250000,0.000000,0.000000
0.083333,0.000000,0.291667,0.000000,0.000000
0.083333,0.000000,0.333333,0.000000,0.000000
0.083333,0.000000,0.375000,0.000000,0.000000
0.083333,0.000000,0.416667,0.000000,0.000000
0.083333,0.000000,0.458333,0.000000,0.000000
0.083333,0.000000,0.500000,0.000000,0.000000
0.083333,0.000000,0.541667,0.000000,0.000000
0.083333,0.000000,0.583333,0.000000,0.000000
0.083333,0.000000,0.625000,0.000000,0.000000
0.083333,0.000000,0.666667,0.000000,0.000000
0.083333,0.000000,0.708333,0.000000,0.000000
0.083333,0.000000,0.750000,0.000000,0.000000
0.083333,0.000000,0.791667,0.000000,0.000000
0.083333,0.000000,0.833333,0.000000,0.000000
0.083333,0.000000,0.875000,0.000000,0.000000
0.083333,0.000000,0.916667,0.000000,0.000000
0.083333,0.000000,0.958333,0.000000,0.000000
0.083333,0.000000,1.000000,-0.000000,-0.000000
0.083333,0.041667,0.000000,0.000000,0.000000
0.083333,0.041667,0.041667,0.027199,0.027393
0.083333,0.041667,0.083333,0.054081,0.054318
0.083333,0.041667,0.125000,0.080144,0.080314
0.083333,0.041667,0.166667,0.104909,0.104935
0.083333,0.041667,0.208333,0.127925,0.127760
0.083333,0.041667,0.250000,0.148777,0.148400
0.083333,0.041667,0.291667,0.167092,0.166501
0.083333,0.041667,0.333333,0.182541,0.181752
0.083333,0.041667,0.375000,0.194847,0.193894
0.083333,0.041667,0.416667,0.203788,0.202718
0.083333,0.041667,0.458333,0.209204,0.208074
0.083333,0.041667,0.500000,0.210995,0.209870
0.083333,0.041667,0.541667,0.209128,0.208074
0.083333,0.041667,0.583333,0.203636,0.202718
0.083333,0.041667,0.625000,0.194617,0.193894
0.083333,0.041667,0.666667,0.182237,0.181752
0.083333,0.041667,0.708333,0.166720,0.166501
0.083333,0.041667,0.750000,0.148350,0.148400
0.083333,0.041667,0.791667,0.127465,0.127760
0.083333,0.041667,0.833333,0.104447,0.104935
0.083333,0.041667,0.875000,0.079722,0.080314
0.083333,0.041667,0.916667,0.053747,0.054318
0.083333,0.041667,0.958333,0.027006,0.027393
0.083333,0.041667,1.000000,-0.000000,-0.000000
0.083333,0.083333,0.000000,0.000000,0.000000
0.083333,0.083333,0.041667,0.053322,0.053708
0.083333,0.083333,0.083333,0.106018,0.106497
0.083333,0.083333,0.125000,0.157107,0.157464
0.083333,0.083333,0.166667,0.205649,0.205736
0.083333,0.083333,0.208333,0.250762,0.250489
0.083333,0.083333,0.250000,0.291633,0.290955
0.083333,0.083333,0.291667,0.327530,0.326443
0.083333,0.083333,0.333333,0.357810,0.356346
0.083333,0.083333,0.375000,0.381930,0.380151
0.083333,0.083333,0.416667,0.399457,0.397452
0.083333,0.083333,0.458333,0.410076,0.407952
0.083333,0.083333,0.500000,0.413593,0.411473
0.083333,0.083333,0.541667,0.409944,0.407952
0.083333,0.083333,0.583333,0.399193,0.397452
0.083333,0.083333,0.625000,0.381533,0.380151
0.083333,0.083333,0.666667,0.357284,0.356346
0.083333,0.083333,0.708333,0.326887,0.326443
0.083333,0.083333,0.750000,0.290896,0.290955
0.083333,0.083333,0.791667,0.249968,0.250489
0.083333,0.083333,0.833333,0.204853,0.205736
0.083333,0.083333,0.875000,0.156381,0.157464
0.083333,0.083333,0.916667,0.105445,0.106497
0.083333,0.083333,0.958333,0.052991,0.053708
0.083333,0.083333,1.000000,-0.000000,-0.000000
0.083333,0.125000,0.000000,0.000000,0.000000
0.083333,0.125000,0.041667,0.077341,0.077924
0.083333,0.125000,0.083333,0.153764,0.154516
0.083333,0.125000,0.125000,0.227846,0.228463
0.083333,0.125000,0.166667,0.298225,0.298501
0.083333,0.125000,0.208333,0.363623,0.363432
0.083333,0.125000,0.250000,0.422863,0.422145
0.083333,0.125000,0.291667,0.474884,0.473634
0.083333,0.125000,0.333333,0.518758,0.517019
0.083333,0.125000,0.375000,0.553701,0.551558
0.083333,0.125000,0.416667,0.579090,0.576660
0.083333,0.125000,0.458333,0.594471,0.591895
0.083333,0.125000,0.500000,0.599566,0.597003
0.083333,0.125000,0.541667,0.594282,0.591895
0.083333,0.125000,0.583333,0.578713,0.576660
0.083333,0.125000,0.625000,0.553139,0.551558
0.083333,0.125000,0.666667,0.518020,0.517019
0.083333,0.125000,0.708333,0.473991,0.473634
0.083333,0.125000,0.750000,0.421851,0.422145
0.083333,0.125000,0.791667,0.362547,0.363432
0.083333,0.125000,0.833333,0.297159,0.298501
0.083333,0.125000,0.875000,0.226885,0.228463
0.083333,0.125000,0.916667,0.153014,0.154516
0.083333,0.125000,0.958333,0.076914,0.077924
0.083333,0.125000,1.000000,-0.000000,-0.000000
0.083333,0.166667,0.000000,0.000000,0.000000
0.083333,0.166667,0.041667,0.098387,0.099140
0.083333,0.166667,0.083333,0.195587,0.196584
0.083333,0.166667,0.125000,0.289788,0.290665
0.083333,0.166667,0.166667,0.379262,0.379772
0.083333,0.166667,0.208333,0.462382,0.462381
0.083333,0.166667,0.250000,0.537654,0.537078
0.083333,0.166667,0.291667,0.603732,0.602587
0.083333,0.166667,0.333333,0.659442,0.657784
0.083333,0.166667,0.375000,0.703797,0.701727
0.083333,0.166667,0.416667,0.736010,0.733663
0.083333,0.166667,0.458333,0.755512,0.753046
0.083333,0.166667,0.500000,0.761958,0.759544
0.083333,0.166667,0.541667,0.755234,0.753046
0.083333,0.166667,0.583333,0.735461,0.733663
0.083333,0.166667,0.625000,0.702993,0.701727
0.083333,0.166667,0.666667,0.658411,0.657784
0.083333,0.166667,0.708333,0.602515,0.602587
0.083333,0.166667,0.750000,0.536311,0.537078
0.083333,0.166667,0.791667,0.460993,0.462381
0.083333,0.166667,0.833333,0.377925,0.379772
0.083333,0.166667,0.875000,0.288614,0.290665
0.083333,0.166667,0.916667,0.194694,0.196584
0.083333,0.166667,0.958333,0.097891,0.099140
0.083333,0.166667,1.000000,-0.000000,-0.000000
0.083333,0.208333,0.000000,0.000000,0.000000
0.083333,0.208333,0.041667,0.115738,0.116618
0.083333,0.208333,0.083333,0.230055,0.231240
0.083333,0.208333,0.125000,0.340822,0.341906
0.083333,0.208333,0.166667,0.446004,0.446722
0.083333,0.208333,0.208333,0.543692,0.543894
0.083333,0.208333,0.250000,0.632129,0.631760
0.083333,0.208333,0.291667,0.709736,0.708817
0.083333,0.208333,0.333333,0.775139,0.773745
0.083333,0.208333,0.375000,0.827184,0.825434
0.083333,0.208333,0.416667,0.864960,0.863000
0.083333,0.208333,0.458333,0.887808,0.885800
0.083333,0.208333,0.500000,0.895334,0.893444
0.083333,0.208333,0.541667,0.887412,0.885800
0.083333,0.208333,0.583333,0.864190,0.863000
0.083333,0.208333,0.625000,0.826081,0.825434
0.083333,0.208333,0.666667,0.773765,0.773745
0.083333,0.208333,0.708333,0.708170,0.708817
0.083333,0.208333,0.750000,0.630465,0.631760
0.083333,0.208333,0.791667,0.542038,0.543894
0.083333,0.208333,0.833333,0.444473,0.446722
0.083333,0.208333,0.875000,0.339530,0.341906
0.083333,0.208333,0.916667,0.229112,0.231240
0.083333,0.208333,0.958333,0.115236,0.116618
0.083333,0.208333,1.000000,-0.000000,-0.000000
0.083333,0.250000,0.000000,0.000000,0.000000
0.083333,0.250000,0.041667,0.128841,0.129822
0.083333,0.250000,0.083333,0.256073,0.257423
0.083333,0.250000,0.125000,0.379333,0.380620
0.083333,0.250000,0.166667,0.496358,0.497304
0.083333,0.250000,0.208333,0.605023,0.605479
0.083333,0.250000,0.250000,0.703374,0.703293
0.083333,0.250000,0.291667,0.789658,0.789075
0.083333,0.250000,0.333333,0.862351,0.861355
0.083333,0.250000,0.375000,0.920177,0.918897
0.083333,0.250000,0.416667,0.962129,0.960717
0.083333,0.250000,0.458333,0.987485,0.986098
0.083333,0.250000,0.500000,0.995819,0.994607
0.083333,0.250000,0.541667,0.987000,0.986098
0.083333,0.250000,0.583333,0.961197,0.960717
0.083333,0.250000,0.625000,0.918872,0.918897
0.083333,0.250000,0.666667,0.860774,0.861355
0.083333,0.250000,0.708333,0.787924,0.789075
0.083333,0.250000,0.750000,0.701606,0.703293
0.083333,0.250000,0.791667,0.603344,0.605478
0.083333,0.250000,0.833333,0.494881,0.497304
0.083333,0.250000,0.875000,0.378157,0.380620
0.083333,0.250000,0.916667,0.255269,0.257423
0.083333,0.250000,0.958333,0.128446,0.129822
0.083333,0.250000,1.000000,-0.000000,-0.000000
0.083333,0.291667,0.000000,0.000000,0.000000
0.083333,0.291667,0.041667,0.137392,0.138447
0.083333,0.291667,0.083333,0.273035,0.274526
0.083333,0.291667,0.125000,0.404421,0.405908
0.083333,0.291667,0.166667,0.529144,0.530344
0.083333,0.291667,0.208333,0.644942,0.645706
0.083333,0.291667,0.250000,0.749736,0.750019
0.083333,0.291667,0.291667,0.841660,0.841500
0.083333,0.291667,0.333333,0.919093,0.918582
0.083333,0.291667,0.375000,0.980682,0.979947
0.083333,0.291667,0.416667,1.025360,1.024545
0.083333,0.291667,0.458333,1.052363,1.051613
0.083333,0.291667,0.500000,1.061240,1.060687
0.083333,0.291667,0.541667,1.051858,1.051613
0.083333,0.291667,0.583333,1.024399,1.024545
0.083333,0.291667,0.625000,0.979357,0.979947
0.083333,0.291667,0.666667,0.917524,0.918582
0.083333,0.291667,0.708333,0.839984,0.841500
0.083333,0.291667,0.750000,0.748093,0.750019
0.083333,0.291667,0.791667,0.643460,0.645705
0.083333,0.291667,0.833333,0.527927,0.530344
0.083333,0.291667,0.875000,0.403538,0.405907
0.083333,0.291667,0.916667,0.272508,0.274526
0.083333,0.291667,0.958333,0.137182,0.138447
0.083333,0.291667,1.000000,-0.000000,-0.000000
0.083333,0.333333,0.000000,0.000000,0.000000
0.083333,0.333333,0.041667,0.141358,0.142426
0.083333,0.333333,0.083333,0.280867,0.282415
0.083333,0.333333,0.125000,0.415970,0.417572
0.083333,0.333333,0.166667,0.544208,0.545585
0.083333,0.333333,0.208333,0.663266,0.664262
0.083333,0.333333,0.250000,0.771008,0.771573
0.083333,0.333333,0.291667,0.865519,0.865683
0.083333,0.333333,0.333333,0.945133,0.944980
0.083333,0.333333,0.375000,1.008460,1.008109
0.083333,0.333333,0.416667,1.054405,1.053989
0.083333,0.333333,0.458333,1.082182,1.081834
0.083333,0.333333,0.500000,1.091326,1.091169
0.083333,0.333333,0.541667,1.081699,1.081834
0.083333,0.333333,0.583333,1.053485,1.053989
0.083333,0.333333,0.625000,1.007195,1.008109
0.083333,0.333333,0.666667,0.943647,0.944980
0.083333,0.333333,0.708333,0.863960,0.865683
0.083333,0.333333,0.750000,0.769529,0.771573
0.083333,0.333333,0.791667,0.662003,0.664262
0.083333,0.333333,0.833333,0.543261,0.545585
0.083333,0.333333,0.875000,0.415381,0.417572
0.083333,0.333333,0.916667,0.280611,0.282415
0.083333,0.333333,0.958333,0.141326,0.142426
0.083333,0.333333,1.000000,-0.000000,-0.000000
0.083333,0.375000,0.000000,0.000000,0.000000
0.083333,0.375000,0.041667,0.140938,0.141926
0.083333,0.375000,0.083333,0.279964,0.281423
0.083333,0.375000,0.125000,0.414559,0.416105
0.083333,0.375000,0.166667,0.542297,0.543668
0.083333,0.375000,0.208333,0.660889,0.661928
0.083333,0.375000,0.250000,0.768220,0.768863
0.083333,0.375000,0.291667,0.862385,0.862642
0.083333,0.375000,0.333333,0.941722,0.941661
0.083333,0.375000,0.375000,1.004838,1.004567
0.083333,0.375000,0.416667,1.050637,1.050286
0.083333,0.375000,0.458333,1.078330,1.078034
0.083333,0.375000,0.500000,1.087449,1.087336
0.083333,0.375000,0.541667,1.077857,1.078034
0.083333,0.375000,0.583333,1.049742,1.050286
0.083333,0.375000,0.625000,1.003616,1.004567
0.083333,0.375000,0.666667,0.940305,0.941661
0.083333,0.375000,0.708333,0.860931,0.862642
0.083333,0.375000,0.750000,0.766886,0.768863
0.083333,0.375000,0.791667,0.659812,0.661928
0.083333,0.375000,0.833333,0.541566,0.543668
0.083333,0.375000,0.875000,0.414194,0.416105
0.083333,0.375000,0.916667,0.279904,0.281423
0.083333,0.375000,0.958333,0.141030,0.141926
0.083333,0.375000,1.000000,-0.000000,-0.000000
0.083333,0.416667,0.000000,0.000000,0.000000
0.083333,0.416667,0.041667,0.136516,0.137330
0.083333,0.416667,0.083333,0.271100,0.272310
0.083333,0.416667,0.125000,0.401340,0.402631
0.083333,0.416667,0.166667,0.524912,0.526062
0.083333,0.416667,0.208333,0.639624,0.640493
0.083333,0.416667,0.250000,0.743444,0.743964
0.083333,0.416667,0.291667,0.834538,0.834706
0.083333,0.416667,0.333333,0.911301,0.911166
0.083333,0.416667,0.375000,0.972381,0.972036
0.083333,0.416667,0.416667,1.016709,1.016274
0.083333,0.416667,0.458333,1.043517,1.043123
0.083333,0.416667,0.500000,1.052349,1.052124
0.083333,0.416667,0.541667,1.043074,1.043123
0.083333,0.416667,0.583333,1.015880,1.016274
0.083333,0.416667,0.625000,0.971268,0.972036
0.083333,0.416667,0.666667,0.910040,0.911166
0.083333,0.416667,0.708333,0.833281,0.834706
0.083333,0.416667,0.750000,0.742335,0.743964
0.083333,0.416667,0.791667,0.638781,0.640492
0.083333,0.416667,0.833333,0.524404,0.526062
0.083333,0.416667,0.875000,0.401166,0.402630
0.083333,0.416667,0.916667,0.271181,0.272310
0.083333,0.416667,0.958333,0.136684,0.137330
0.083333,0.416667,1.000000,-0.000000,-0.000000
0.083333,0.458333,0.000000,0.000000,0.000000
0.083333,0.458333,0.041667,0.128622,0.129205
0.083333,0.458333,0.083333,0.255343,0.256199
0.083333,0.458333,0.125000,0.377912,0.378810
0.083333,0.458333,0.166667,0.494159,0.494939
0.083333,0.458333,0.208333,0.602037,0.602599
0.083333,0.458333,0.250000,0.699652,0.699949
0.083333,0.458333,0.291667,0.785292,0.785322
0.083333,0.458333,0.333333,0.857457,0.857259
0.083333,0.458333,0.375000,0.914884,0.914527
0.083333,0.458333,0.416667,0.956572,0.956148
0.083333,0.458333,0.458333,0.981800,0.981409
0.083333,0.458333,0.500000,0.990140,0.989877
0.083333,0.458333,0.541667,0.981464,0.981409
0.083333,0.458333,0.583333,0.955945,0.956148
0.083333,0.458333,0.625000,0.914052,0.914527
0.083333,0.458333,0.666667,0.856530,0.857259
0.083333,0.458333,0.708333,0.784391,0.785322
0.083333,0.458333,0.750000,0.698891,0.699949
0.083333,0.458333,0.791667,0.601503,0.602599
0.083333,0.458333,0.833333,0.493898,0.494939
0.083333,0.458333,0.875000,0.377914,0.378810
0.083333,0.458333,0.916667,0.255530,0.256199
0.083333,0.458333,0.958333,0.128835,0.129205
0.083333,0.458333,1.000000,-0.000000,-0.000000
0.083333,0.500000,0.000000,0.000000,0.000000
0.083333,0.500000,0.041667,0.117912,0.118259
0.083333,0.500000,0.083333,0.234003,0.234495
0.083333,0.500000,0.125000,0.346227,0.346718
0.083333,0.500000,0.166667,0.452612,0.453009
0.083333,0.500000,0.208333,0.551297,0.551549
0.083333,0.500000,0.250000,0.640562,0.640651
0.083333,0.500000,0.291667,0.718853,0.718792
0.083333,0.500000,0.333333,0.784815,0.784635
0.083333,0.500000,0.375000,0.837307,0.837051
0.083333,0.500000,0.416667,0.875425,0.875146
0.083333,0.500000,0.458333,0.898516,0.898267
0.083333,0.500000,0.500000,0.906189,0.906018
0.083333,0.500000,0.541667,0.898322,0.898267
0.083333,0.500000,0.583333,0.875064,0.875146
0.083333,0.500000,0.625000,0.836828,0.837051
0.083333,0.500000,0.666667,0.784285,0.784635
0.083333,0.500000,0.708333,0.718348,0.718792
0.083333,0.500000,0.750000,0.640156,0.640651
0.083333,0.500000,0.791667,0.551052,0.551549
0.083333,0.500000,0.833333,0.452559,0.453009
0.083333,0.500000,0.875000,0.346355,0.346718
0.083333,0.500000,0.916667,0.234246,0.234495
0.083333,0.500000,0.958333,0.118138,0.118259
0.083333,0.500000,1.000000,-0.000000,-0.000000
0.083333,0.541667,0.000000,0.000000,0.000000
0.083333,0.541667,0.041667,0.105147,0.105290
0.083333,0.541667,0.083333,0.208595,0.208778
0.083333,0.541667,0.125000,0.308539,0.308694
0.083333,0.541667,0.166667,0.403237,0.403328
0.083333,0.541667,0.208333,0.491044,0.491061
0.083333,0.541667,0.250000,0.570442,0.570392
0.083333,0.541667,0.291667,0.640060,0.639963
0.083333,0.541667,0.333333,0.698705,0.698585
0.083333,0.541667,0.375000,0.745372,0.745253
0.083333,0.541667,0.416667,0.779267,0.779170
0.083333,0.541667,0.458333,0.799816,0.799755
0.083333,0.541667,0.500000,0.806670,0.806656
0.083333,0.541667,0.541667,0.799719,0.799755
0.083333,0.541667,0.583333,0.779085,0.779170
0.083333,0.541667,0.625000,0.745127,0.745253
0.083333,0.541667,0.666667,0.698430,0.698585
0.083333,0.541667,0.708333,0.639798,0.639963
0.083333,0.541667,0.750000,0.570239,0.570392
0.083333,0.541667,0.791667,0.490943,0.491061
0.083333,0.541667,0.833333,0.403264,0.403328
0.083333,0.541667,0.875000,0.308693,0.308694
0.083333,0.541667,0.916667,0.208830,0.208778
0.083333,0.541667,0.958333,0.105355,0.105290
0.083333,0.541667,1.000000,-0.000000,-0.000000
0.083333,0.583333,0.000000,0.000000,0.000000
0.083333,0.583333,0.041667,0.091155,0.091129
0.083333,0.583333,0.083333,0.180761,0.180699
0.083333,0.583333,0.125000,0.267279,0.267177
0.083333,0.583333,0.166667,0.349217,0.349084
0.083333,0.583333,0.208333,0.425166,0.425018
0.083333,0.583333,0.250000,0.493823,0.493680
0.083333,0.583333,0.291667,0.554011,0.553894
0.083333,0.583333,0.333333,0.604704,0.604632
0.083333,0.583333,0.375000,0.645042,0.645023
0.083333,0.583333,0.416667,0.674339,0.674379
0.083333,0.583333,0.458333,0.692102,0.692195
0.083333,0.583333,0.500000,0.698031,0.698168
0.083333,0.583333,0.541667,0.692027,0.692195
0.083333,0.583333,0.583333,0.674194,0.674379
0.083333,0.583333,0.625000,0.644839,0.645023
0.083333,0.583333,0.666667,0.604466,0.604631
0.083333,0.583333,0.708333,0.553768,0.553894
0.083333,0.583333,0.750000,0.493613,0.493680
0.083333,0.583333,0.791667,0.425033,0.425018
0.083333,0.583333,0.833333,0.349193,0.349084
0.083333,0.583333,0.875000,0.267373,0.267177
0.083333,0.583333,0.916667,0.180942,0.180699
0.083333,0.583333,0.958333,0.091329,0.091129
0.083333,0.583333,1.000000,-0.000000,-0.000000
0.083333,0.625000,0.000000,0.000000,0.000000
0.083333,0.625000,0.041667,0.076747,0.076588
0.083333,0.625000,0.083333,0.152116,0.151866
0.083333,0.625000,0.125000,0.224838,0.224546
0.083333,0.625000,0.166667,0.293678,0.293383
0.083333,0.625000,0.208333,0.357467,0.357201
0.083333,0.625000,0.250000,0.415117,0.414907
0.083333,0.625000,0.291667,0.465650,0.465513
0.083333,0.625000,0.333333,0.508206,0.508155
0.083333,0.625000,0.375000,0.542065,0.542102
0.083333,0.625000,0.416667,0.566653,0.566773
0.083333,0.625000,0.458333,0.581552,0.581747
0.083333,0.625000,0.500000,0.586511,0.586767
0.083333,0.625000,0.541667,0.581449,0.581747
0.083333,0.625000,0.583333,0.566453,0.566773
0.083333,0.625000,0.625000,0.541786,0.542102
0.083333,0.625000,0.666667,0.507873,0.508155
0.083333,0.625000,0.708333,0.465301,0.465513
0.083333,0.625000,0.750000,0.414800,0.414907
0.083333,0.625000,0.791667,0.357233,0.357201
0.083333,0.625000,0.833333,0.293569,0.293383
0.083333,0.625000,0.875000,0.224868,0.224546
0.083333,0.625000,0.916667,0.152257,0.151866
0.083333,0.625000,0.958333,0.076903,0.076588
0.083333,0.625000,1.000000,-0.000000,-0.000000
0.083333,0.666667,0.000000,0.000000,0.000000
0.083333,0.666667,0.041667,0.062652,0.062405
0.083333,0.666667,0.083333,0.124108,0.123741
0.083333,0.666667,0.125000,0.183361,0.182961
0.083333,0.666667,0.166667,0.239423,0.239050
0.083333,0.666667,0.208333,0.291354,0.291049
0.083333,0.666667,0.250000,0.338279,0.338068
0.083333,0.666667,0.291667,0.379404,0.379302
0.083333,0.666667,0.333333,0.414035,0.414047
0.083333,0.666667,0.375000,0.441582,0.441707
0.083333,0.666667,0.416667,0.461580,0.461809
0.083333,0.666667,0.458333,0.473688,0.474010
0.083333,0.666667,0.500000,0.477701,0.478100
0.083333,0.666667,0.541667,0.473556,0.474010
0.083333,0.666667,0.583333,0.461328,0.461809
0.083333,0.666667,0.625000,0.441234,0.441707
0.083333,0.666667,0.666667,0.413629,0.414047
0.083333,0.666667,0.708333,0.378992,0.379302
0.083333,0.666667,0.750000,0.337917,0.338068
0.083333,0.666667,0.791667,0.291099,0.291049
0.083333,0.666667,0.833333,0.239316,0.239050
0.083333,0.666667,0.875000,0.183412,0.182961
0.083333,0.666667,0.916667,0.124276,0.123741
0.083333,0.666667,0.958333,0.062828,0.062405
0.083333,0.666667,1.000000,-0.000000,-0.000000
0.083333,0.708333,0.000000,0.000000,0.000000
0.083333,0.708333,0.041667,0.049487,0.049195
0.083333,0.708333,0.083333,0.097961,0.097548
0.083333,0.708333,0.125000,0.144653,0.144232
0.083333,0.708333,0.166667,0.188807,0.188449
0.083333,0.708333,0.208333,0.229692,0.229441
0.083333,0.708333,0.250000,0.266626,0.266507
0.083333,0.708333,0.291667,0.298989,0.299013
0.083333,0.708333,0.333333,0.326235,0.326403
0.083333,0.708333,0.375000,0.347904,0.348208
0.083333,0.708333,0.416667,0.363628,0.364055
0.083333,0.708333,0.458333,0.373142,0.373673
0.083333,0.708333,0.500000,0.376286,0.376897
0.083333,0.708333,0.541667,0.373011,0.373673
0.083333,0.708333,0.583333,0.363381,0.364055
0.083333,0.708333,0.625000,0.347571,0.348208
0.083333,0.708333,0.666667,0.325861,0.326403
0.083333,0.708333,0.708333,0.298628,0.299013
0.083333,0.708333,0.750000,0.266339,0.266507
0.083333,0.708333,0.791667,0.229532,0.229441
0.083333,0.708333,0.833333,0.188808,0.188449
0.083333,0.708333,0.875000,0.144810,0.144232
0.083333,0.708333,0.916667,0.098214,0.097548
0.083333,0.708333,0.958333,0.049712,0.049195
0.083333,0.708333,1.000000,-0.000000,-0.000000
0.083333,0.750000,0.000000,0.000000,0.000000
0.083333,0.750000,0.041667,0.037737,0.037421
0.083333,0.750000,0.083333,0.074632,0.074202
0.083333,0.750000,0.125000,0.110129,0.109714
0.083333,0.750000,0.166667,0.143671,0.143348
0.083333,0.750000,0.208333,0.174716,0.174529
0.083333,0.750000,0.250000,0.202751,0.202724
0.083333,0.750000,0.291667,0.227310,0.227451
0.083333,0.750000,0.333333,0.247979,0.248286
0.083333,0.750000,0.375000,0.264411,0.264872
0.083333,0.750000,0.416667,0.276330,0.276927
0.083333,0.750000,0.458333,0.283536,0.284243
0.083333,0.750000,0.500000,0.285910,0.286696
0.083333,0.750000,0.541667,0.283418,0.284243
0.083333,0.750000,0.583333,0.276110,0.276927
0.083333,0.750000,0.625000,0.264120,0.264872
0.083333,0.750000,0.666667,0.247662,0.248286
0.083333,0.750000,0.708333,0.227022,0.227451
0.083333,0.750000,0.750000,0.202550,0.202724
0.083333,0.750000,0.791667,0.174649,0.174529
0.083333,0.750000,0.833333,0.143763,0.143348
0.083333,0.750000,0.875000,0.110363,0.109714
0.083333,0.750000,0.916667,0.074939,0.074202
0.083333,0.750000,0.958333,0.037987,0.037421
0.083333,0.750000,1.000000,-0.000000,-0.000000
0.083333,0.791667,0.000000,0.000000,0.000000
0.083333,0.791667,0.041667,0.027709,0.027365
0.083333,0.791667,0.083333,0.054731,0.054262
0.083333,0.791667,0.125000,0.080687,0.080231
0.083333,0.791667,0.166667,0.105189,0.104827
0.083333,0.791667,0.208333,0.127851,0.127629
0.083333,0.791667,0.250000,0.148306,0.148248
0.083333,0.791667,0.291667,0.166214,0.166329
0.083333,0.791667,0.333333,0.181275,0.181565
0.083333,0.791667,0.375000,0.193238,0.193695
0.083333,0.791667,0.416667,0.201904,0.202510
0.083333,0.791667,0.458333,0.207129,0.207860
0.083333,0.791667,0.500000,0.208832,0.209654
0.083333,0.791667,0.541667,0.206990,0.207860
0.083333,0.791667,0.583333,0.201643,0.202510
0.083333,0.791667,0.625000,0.192891,0.193695
0.083333,0.791667,0.666667,0.180892,0.181565
0.083333,0.791667,0.708333,0.165854,0.166329
0.083333,0.791667,0.750000,0.148030,0.148248
0.083333,0.791667,0.791667,0.127708,0.127629
0.083333,0.791667,0.833333,0.105203,0.104827
0.083333,0.791667,0.875000,0.080845,0.080231
0.083333,0.791667,0.916667,0.054969,0.054262
0.083333,0.791667,0.958333,0.027911,0.027365
0.083333,0.791667,1.000000,-0.000000,-0.000000
0.083333,0.833333,0.000000,0.000000,0.000000
0.083333,0.833333,0.041667,0.019494,0.019119
0.083333,0.833333,0.083333,0.038437,0.037910
0.083333,0.833333,0.125000,0.056589,0.056053
0.083333,0.833333,0.166667,0.073698,0.073237
0.083333,0.833333,0.208333,0.089503,0.089168
0.083333,0.833333,0.250000,0.103754,0.103573
0.083333,0.833333,0.291667,0.116216,0.116206
0.083333,0.833333,0.333333,0.126683,0.126851
0.083333,0.833333,0.375000,0.134981,0.135325
0.083333,0.833333,0.416667,0.140973,0.141483
0.083333,0.833333,0.458333,0.144566,0.145221
0.083333,0.833333,0.500000,0.145705,0.146474
0.083333,0.833333,0.541667,0.144379,0.145221
0.083333,0.833333,0.583333,0.140621,0.141483
0.083333,0.833333,0.625000,0.134501,0.135325
0.083333,0.833333,0.666667,0.126132,0.126851
0.083333,0.833333,0.708333,0.115659,0.116206
0.083333,0.833333,0.750000,0.103257,0.103573
0.083333,0.833333,0.791667,0.089123,0.089168
0.083333,0.833333,0.833333,0.073470,0.073237
0.083333,0.833333,0.875000,0.056515,0.056053
0.083333,0.833333,0.916667,0.038479,0.037910
0.083333,0.833333,0.958333,0.019573,0.019119
0.083333,0.833333,1.000000,-0.000000,-0.000000
0.083333,0.875000,0.000000,0.000000,0.000000
0.083333,0.875000,0.041667,0.012966,0.012587
0.083333,0.875000,0.083333,0.025503,0.024959
0.083333,0.875000,0.125000,0.037476,0.036904
0.083333,0.875000,0.166667,0.048734,0.048217
0.083333,0.875000,0.208333,0.059116,0.058705
0.083333,0.875000,0.250000,0.068464,0.068189
0.083333,0.875000,0.291667,0.076626,0.076506
0.083333,0.875000,0.333333,0.083469,0.083514
0.083333,0.875000,0.375000,0.088880,0.089093
0.083333,0.875000,0.416667,0.092772,0.093148
0.083333,0.875000,0.458333,0.095085,0.095609
0.083333,0.875000,0.500000,0.095787,0.096434
0.083333,0.875000,0.541667,0.094873,0.095609
0.083333,0.875000,0.583333,0.092367,0.093148
0.083333,0.875000,0.625000,0.088320,0.089093
0.083333,0.875000,0.666667,0.082806,0.083514
0.083333,0.875000,0.708333,0.075924,0.076506
0.083333,0.875000,0.750000,0.067788,0.068189
0.083333,0.875000,0.791667,0.058526,0.058705
0.083333,0.875000,0.833333,0.048275,0.048217
0.083333,0.875000,0.875000,0.037169,0.036903
0.083333,0.875000,0.916667,0.025341,0.024959
0.083333,0.875000,0.958333,0.012914,0.012587
0.083333,0.875000,1.000000,-0.000000,-0.000000
0.083333,0.916667,0.000000,0.000000,0.000000
0.083333,0.916667,0.041667,0.007832,0.007507
0.083333,0.916667,0.083333,0.015359,0.014886
0.083333,0.916667,0.125000,0.022517,0.022011
0.083333,0.916667,0.166667,0.029228,0.028758
0.083333,0.916667,0.208333,0.035406,0.035014
0.083333,0.916667,0.250000,0.040960,0.040671
0.083333,0.916667,0.291667,0.045805,0.045631
0.083333,0.916667,0.333333,0.049860,0.049811
0.083333,0.916667,0.375000,0.053059,0.053139
0.083333,0.916667,0.416667,0.055350,0.055557
0.083333,0.916667,0.458333,0.056697,0.057025
0.083333,0.916667,0.500000,0.057084,0.057517
0.083333,0.916667,0.541667,0.056509,0.057025
0.083333,0.916667,0.583333,0.054989,0.055557
0.083333,0.916667,0.625000,0.052557,0.053139
0.083333,0.916667,0.666667,0.049261,0.049811
0.083333,0.916667,0.708333,0.045161,0.045631
0.083333,0.916667,0.750000,0.040326,0.040671
0.083333,0.916667,0.791667,0.034833,0.035014
0.083333,0.916667,0.833333,0.028756,0.028758
0.083333,0.916667,0.875000,0.022171,0.022011
0.083333,0.916667,0.916667,0.015145,0.014886
0.083333,0.916667,0.958333,0.007738,0.007507
0.083333,0.916667,1.000000,-0.000000,-0.000000
0.083333,0.958333,0.000000,0.000000,0.000000
0.083333,0.958333,0.041667,0.003683,0.003478
0.083333,0.958333,0.083333,0.007199,0.006897
0.083333,0.958333,0.125000,0.010527,0.010198
0.083333,0.958333,0.166667,0.013638,0.013324
0.083333,0.958333,0.208333,0.016498,0.016223
0.083333,0.958333,0.250000,0.019067,0.018843
0.083333,0.958333,0.291667,0.021307,0.021142
0.083333,0.958333,0.333333,0.023182,0.023078
0.083333,0.958333,0.375000,0.024660,0.024620
0.083333,0.958333,0.416667,0.025716,0.025741
0.083333,0.958333,0.458333,0.026336,0.026421
0.083333,0.958333,0.500000,0.026510,0.026649
0.083333,0.958333,0.541667,0.026239,0.026421
0.083333,0.958333,0.583333,0.025534,0.025741
0.083333,0.958333,0.625000,0.024409,0.024620
0.083333,0.958333,0.666667,0.022889,0.023078
0.083333,0.958333,0.708333,0.021001,0.021142
0.083333,0.958333,0.750000,0.018776,0.018843
0.083333,0.958333,0.791667,0.016245,0.016223
0.083333,0.958333,0.833333,0.013440,0.013324
0.083333,0.958333,0.875000,0.010389,0.010198
0.083333,0.958333,0.916667,0.007119,0.006897
0.083333,0.958333,0.958333,0.003650,0.003478
0.083333,0.958333,1.000000,-0.000000,-0.000000
0.083333,1.000000,0.000000,0.000000,0.000000
0.083333,1.000000,0.041667,0.000000,-0.000000
0.083333,1.000000,0.083333,0.000000,-0.000000
0.083333,1.000000,0.125000,0.000000,-0.000000
0.083333,1.000000,0.166667,0.000000,-0.000000
0.083333,1.000000,0.208333,0.000000,-0.000000
0.083333,1.000000,0.250000,0.000000,-0.000000
0.083333,1.000000,0.291667,0.000000,-0.000000
0.083333,1.000000,0.333333,0.000000,-0.000000
0.083333,1.000000,0.375000,0.000000,-0.000000
0.083333,1.000000,0.416667,0.000000,-0.000000
0.083333,1.000000,0.458333,0.000000,-0.000000
0.083333,1.000000,0.500000,0.000000,-0.000000
0.083333,1.000000,0.541667,0.000000,-0.000000
0.083333,1.000000,0.583333,0.000000,-0.000000
0.083333,1.000000,0.625000,0.000000,-0.000000
0.083333,1.000000,0.666667,0.000000,-0.000000
0.083333,1.000000,0.708333,0.000000,-0.000000
0.083333,1.000000,0.750000,0.000000,-0.000000
0.083333,1.000000,0.791667,0.000000,-0.000000
0.083333,1.000000,0.833333,0.000000,-0.000000
0.083333,1.000000,0.875000,0.000000,-0.000000
0.083333,1.000000,0.916667,0.000000,-0.000000
0.083333,1.000000,0.958333,0.000000,-0.000000
0.083333,1.000000,1.000000,0.000000,0.000000
0.125000,0.000000,0.000000,0.000000,0.000000
0.125000,0.000000,0.041667,0.000000,0.000000
0.125000,0.000000,0.083333,0.000000,0.000000
0.125000,0.000000,0.125000,0.000000,0.000000
0.125000,0.000000,0.166667,0.000000,0.000000
0.125000,0.000000,0.208333,0.000000,0.000000
0.125000,0.000000,0.250000,0.000000,0.000000
0.125000,0.000000,0.291667,0.000000,0.000000
0.125000,0.000000,0.333333,0.000000,0.000000
0.125000,0.000000,0.375000,0.000000,0.000000
0.125000,0.000000,0.416667,0.000000,0.000000
0.125000,0.000000,0.458333,0.000000,0.000000
0.125000,0.000000,0.500000,0.000000,0.000000
0.125000,0.000000,0.541667,0.000000,0.000000
0.125000,0.000000,0.583333,0.000000,0.000000
0.125000,0.000000,0.625000,0.000000,0.000000
0.125000,0.000000,0.666667,0.000000,0.000000
0.125000,0.000000,0.708333,0.000000,0.000000
0.125000,0.000000,0.750000,0.000000,0.000000
0.125000,0.000000,0.791667,0.000000,0.000000
0.125000,0.000000,0.833333,0.000000,0.000000
0.125000,0.000000,0.875000,0.000000,0.000000
0.125000,0.000000,0.916667,0.000000,0.000000
0.125000,0.000000,0.958333,0.000000,0.000000
0.125000,0.000000,1.000000,-0.000000,-0.000000
0.125000,0.041667,0.000000,0.000000,0.000000
0.125000,0.041667,0.041667,0.024517,0.024753
0.125000,0.041667,0.083333,0.048799,0.049083
0.125000,0.041667,0.125000,0.072375,0.072573
0.125000,0.041667,0.166667,0.094798,0.094822
0.125000,0.041667,0.208333,0.115653,0.115448
0.125000,0.041667,0.250000,0.134557,0.134098
0.125000,0.041667,0.291667,0.151168,0.150454
0.125000,0.041667,0.333333,0.165186,0.164236
0.125000,0.041667,0.375000,0.176355,0.175208
0.125000,0.041667,0.416667,0.184474,0.183182
0.125000,0.041667,0.458333,0.189394,0.188021
0.125000,0.041667,0.500000,0.191023,0.189644
0.125000,0.041667,0.541667,0.189329,0.188021
0.125000,0.041667,0.583333,0.184343,0.183182
0.125000,0.041667,0.625000,0.176153,0.175208
0.125000,0.041667,0.666667,0.164912,0.164236
0.125000,0.041667,0.708333,0.150826,0.150454
0.125000,0.041667,0.750000,0.134155,0.134098
0.125000,0.041667,0.791667,0.115212,0.115448
0.125000,0.041667,0.833333,0.094350,0.094822
0.125000,0.041667,0.875000,0.071961,0.072573
0.125000,0.041667,0.916667,0.048471,0.049083
0.125000,0.041667,0.958333,0.024328,0.024753
0.125000,0.041667,1.000000,-0.000000,-0.000000
0.125000,0.083333,0.000000,0.000000,0.000000
0.125000,0.083333,0.041667,0.048097,0.048570
0.125000,0.083333,0.083333,0.095727,0.096309
0.125000,0.083333,0.125000,0.141968,0.142400
0.125000,0.083333,0.166667,0.185947,0.186054
0.125000,0.083333,0.208333,0.226848,0.226525
0.125000,0.083333,0.250000,0.263923,0.263120
0.125000,0.083333,0.291667,0.296499,0.295213
0.125000,0.083333,0.333333,0.323987,0.322255
0.125000,0.083333,0.375000,0.345891,0.343783
0.125000,0.083333,0.416667,0.361812,0.359429
0.125000,0.083333,0.458333,0.371462,0.368925
0.125000,0.083333,0.500000,0.374660,0.372108
0.125000,0.083333,0.541667,0.371347,0.368925
0.125000,0.083333,0.583333,0.361581,0.359429
0.125000,0.083333,0.625000,0.345537,0.343783
0.125000,0.083333,0.666667,0.323510,0.322255
0.125000,0.083333,0.708333,0.295905,0.295213
0.125000,0.083333,0.750000,0.263230,0.263120
0.125000,0.083333,0.791667,0.226091,0.226525
0.125000,0.083333,0.833333,0.185180,0.186054
0.125000,0.083333,0.875000,0.141263,0.142400
0.125000,0.083333,0.916667,0.095169,0.096309
0.125000,0.083333,0.958333,0.047776,0.048570
0.125000,0.083333,1.000000,-0.000000,-0.000000
0.125000,0.125000,0.000000,0.000000,0.000000
0.125000,0.125000,0.041667,0.069844,0.070563
0.125000,0.125000,0.083333,0.138994,0.139919
0.125000,0.125000,0.125000,0.206117,0.206881
0.125000,0.125000,0.166667,0.269944,0.270303
0.125000,0.125000,0.208333,0.329292,0.329100
0.125000,0.125000,0.250000,0.383077,0.382267
0.125000,0.125000,0.291667,0.430324,0.428892
0.125000,0.125000,0.333333,0.470181,0.468179
0.125000,0.125000,0.375000,0.501933,0.499455
0.125000,0.125000,0.416667,0.525007,0.522186
0.125000,0.125000,0.458333,0.538988,0.535982
0.125000,0.125000,0.500000,0.543621,0.540607
0.125000,0.125000,0.541667,0.538821,0.535982
0.125000,0.125000,0.583333,0.524672,0.522186
0.125000,0.125000,0.625000,0.501428,0.499455
0.125000,0.125000,0.666667,0.469513,0.468179
0.125000,0.125000,0.708333,0.429506,0.428892
0.125000,0.125000,0.750000,0.382142,0.382267
0.125000,0.125000,0.791667,0.328290,0.329100
0.125000,0.125000,0.833333,0.268946,0.270303
0.125000,0.125000,0.875000,0.205214,0.206881
0.125000,0.125000,0.916667,0.138291,0.139919
0.125000,0.125000,0.958333,0.069446,0.070563
0.125000,0.125000,1.000000,-0.000000,-0.000000
0.125000,0.166667,0.000000,0.000000,0.000000
0.125000,0.166667,0.041667,0.089011,0.089947
0.125000,0.166667,0.083333,0.177114,0.178354
0.125000,0.166667,0.125000,0.262611,0.263710
0.125000,0.166667,0.166667,0.343890,0.344554
0.125000,0.166667,0.208333,0.419443,0.419502
0.125000,0.166667,0.250000,0.487891,0.487272
0.125000,0.166667,0.291667,0.547994,0.546705
0.125000,0.166667,0.333333,0.598675,0.596784
0.125000,0.166667,0.375000,0.639030,0.636652
0.125000,0.166667,0.416667,0.668341,0.665626
0.125000,0.166667,0.458333,0.686087,0.683212
0.125000,0.166667,0.500000,0.691955,0.689107
0.125000,0.166667,0.541667,0.685842,0.683212
0.125000,0.166667,0.583333,0.667856,0.665626
0.125000,0.166667,0.625000,0.638322,0.636652
0.125000,0.166667,0.666667,0.597768,0.596784
0.125000,0.166667,0.708333,0.546927,0.546705
0.125000,0.166667,0.750000,0.486717,0.487272
0.125000,0.166667,0.791667,0.418233,0.419502
0.125000,0.166667,0.833333,0.342729,0.344554
0.125000,0.166667,0.875000,0.261597,0.263710
0.125000,0.166667,0.916667,0.176350,0.178354
0.125000,0.166667,0.958333,0.088594,0.089946
0.125000,0.166667,1.000000,-0.000000,-0.000000
0.125000,0.208333,0.000000,0.000000,0.000000
0.125000,0.208333,0.041667,0.104967,0.106073
0.125000,0.208333,0.083333,0.208834,0.210330
0.125000,0.208333,0.125000,0.309605,0.310989
0.125000,0.208333,0.166667,0.405381,0.406327
0.125000,0.208333,0.208333,0.494385,0.494712
0.125000,0.208333,0.250000,0.574993,0.574633
0.125000,0.208333,0.291667,0.645749,0.644721
0.125000,0.208333,0.333333,0.705386,0.703779
0.125000,0.208333,0.375000,0.752848,0.750794
0.125000,0.208333,0.416667,0.787301,0.784963
0.125000,0.208333,0.458333,0.808144,0.805701
0.125000,0.208333,0.500000,0.815018,0.812653
0.125000,0.208333,0.541667,0.807814,0.805701
0.125000,0.208333,0.583333,0.786664,0.784963
0.125000,0.208333,0.625000,0.751948,0.750794
0.125000,0.208333,0.666667,0.704281,0.703779
0.125000,0.208333,0.708333,0.644511,0.644721
0.125000,0.208333,0.750000,0.573703,0.574633
0.125000,0.208333,0.791667,0.493127,0.494712
0.125000,0.208333,0.833333,0.404241,0.406327
0.125000,0.208333,0.875000,0.308668,0.310989
0.125000,0.208333,0.916667,0.208174,0.210330
0.125000,0.208333,0.958333,0.104632,0.106072
0.125000,0.208333,1.000000,-0.000000,-0.000000
0.125000,0.250000,0.000000,0.000000,0.000000
0.125000,0.250000,0.041667,0.117234,0.118467
0.125000,0.250000,0.083333,0.233203,0.234908
0.125000,0.250000,0.125000,0.345686,0.347329
0.125000,0.250000,0.166667,0.452569,0.453807
0.125000,0.250000,0.208333,0.551875,0.552520
0.125000,0.250000,0.250000,0.641793,0.641780
0.125000,0.250000,0.291667,0.720702,0.720058
0.125000,0.250000,0.333333,0.787197,0.786016
0.125000,0.250000,0.375000,0.840103,0.838525
0.125000,0.250000,0.416667,0.878496,0.876687
0.125000,0.250000,0.458333,0.901716,0.899849
0.125000,0.250000,0.500000,0.909373,0.907613
0.125000,0.250000,0.541667,0.901351,0.899849
0.125000,0.250000,0.583333,0.877803,0.876687
0.125000,0.250000,0.625000,0.839153,0.838525
0.125000,0.250000,0.666667,0.786080,0.786016
0.125000,0.250000,0.708333,0.719517,0.720058
0.125000,0.250000,0.750000,0.640634,0.641780
0.125000,0.250000,0.791667,0.550830,0.552520
0.125000,0.250000,0.833333,0.451709,0.453807
0.125000,0.250000,0.875000,0.345061,0.347328
0.125000,0.250000,0.916667,0.232834,0.234908
0.125000,0.250000,0.958333,0.117094,0.118467
0.125000,0.250000,1.000000,-0.000000,-0.000000
0.125000,0.291667,0.000000,0.000000,0.000000
0.125000,0.291667,0.041667,0.125551,0.126851
0.125000,0.291667,0.083333,0.249693,0.251532
0.125000,0.291667,0.125000,0.370068,0.371909
0.125000,0.291667,0.166667,0.484424,0.485922
0.125000,0.291667,0.208333,0.590655,0.591621
0.125000,0.291667,0.250000,0.686829,0.687198
0.125000,0.291667,0.291667,0.771219,0.771016
0.125000,0.291667,0.333333,0.842329,0.841642
0.125000,0.291667,0.375000,0.898908,0.897867
0.125000,0.291667,0.416667,0.939972,0.938729
0.125000,0.291667,0.458333,0.964817,0.963530
0.125000,0.291667,0.500000,0.973025,0.971844
0.125000,0.291667,0.541667,0.964471,0.963530
0.125000,0.291667,0.583333,0.939322,0.938729
0.125000,0.291667,0.625000,0.898028,0.897867
0.125000,0.291667,0.666667,0.841320,0.841642
0.125000,0.291667,0.708333,0.770189,0.771016
0.125000,0.291667,0.750000,0.685884,0.687198
0.125000,0.291667,0.791667,0.589887,0.591621
0.125000,0.291667,0.833333,0.483898,0.485922
0.125000,0.291667,0.875000,0.369804,0.371909
0.125000,0.291667,0.916667,0.249656,0.251532
0.125000,0.291667,0.958333,0.125631,0.126851
0.125000,0.291667,1.000000,-0.000000,-0.000000
0.125000,0.333333,0.000000,0.000000,0.000000
0.125000,0.333333,0.041667,0.129866,0.131148
0.125000,0.333333,0.083333,0.258201,0.260052
0.125000,0.333333,0.125000,0.382597,0.384507
0.125000,0.333333,0.166667,0.500750,0.502382
0.125000,0.333333,0.208333,0.610497,0.611662
0.125000,0.333333,0.250000,0.709850,0.710476
0.125000,0.333333,0.291667,0.797029,0.797134
0.125000,0.333333,0.333333,0.870491,0.870152
0.125000,0.333333,0.375000,0.928948,0.928282
0.125000,0.333333,0.416667,0.971383,0.970528
0.125000,0.333333,0.458333,0.997067,0.996169
0.125000,0.333333,0.500000,1.005562,1.004765
0.125000,0.333333,0.541667,0.996734,0.996169
0.125000,0.333333,0.583333,0.970752,0.970528
0.125000,0.333333,0.625000,0.928087,0.928282
0.125000,0.333333,0.666667,0.869499,0.870152
0.125000,0.333333,0.708333,0.796029,0.797134
0.125000,0.333333,0.750000,0.708968,0.710476
0.125000,0.333333,0.791667,0.609847,0.611662
0.125000,0.333333,0.833333,0.500402,0.502383
0.125000,0.333333,0.875000,0.382555,0.384507
0.125000,0.333333,0.916667,0.258386,0.260052
0.125000,0.333333,0.958333,0.130100,0.131148
0.125000,0.333333,1.000000,-0.000000,-0.000000
0.125000,0.375000,0.000000,0.000000,0.000000
0.125000,0.375000,0.041667,0.130317,0.131483
0.125000,0.375000,0.083333,0.259002,0.260716
0.125000,0.375000,0.125000,0.383681,0.385489
0.125000,0.375000,0.166667,0.502077,0.503665
0.125000,0.375000,0.208333,0.612042,0.613224
0.125000,0.375000,0.250000,0.711599,0.712290
0.125000,0.375000,0.291667,0.798967,0.799169
0.125000,0.375000,0.333333,0.872594,0.872374
0.125000,0.375000,0.375000,0.931183,0.930652
0.125000,0.375000,0.416667,0.973710,0.973006
0.125000,0.375000,0.458333,0.999438,0.998713
0.125000,0.375000,0.500000,1.007931,1.007330
0.125000,0.375000,0.541667,0.999055,0.998712
0.125000,0.375000,0.583333,0.972987,0.973006
0.125000,0.375000,0.625000,0.930206,0.930652
0.125000,0.375000,0.666667,0.871484,0.872374
0.125000,0.375000,0.708333,0.797870,0.799169
0.125000,0.375000,0.750000,0.710663,0.712290
0.125000,0.375000,0.791667,0.611391,0.613224
0.125000,0.375000,0.833333,0.501778,0.503665
0.125000,0.375000,0.875000,0.383724,0.385488
0.125000,0.375000,0.916667,0.259279,0.260716
0.125000,0.375000,0.958333,0.130615,0.131483
0.125000,0.375000,1.000000,-0.000000,-0.000000
0.125000,0.416667,0.000000,0.000000,0.000000
0.125000,0.416667,0.041667,0.127206,0.128165
0.125000,0.416667,0.083333,0.252713,0.254138
0.125000,0.416667,0.125000,0.374241,0.375762
0.125000,0.416667,0.166667,0.489601,0.490956
0.125000,0.416667,0.208333,0.596727,0.597750
0.125000,0.416667,0.250000,0.693709,0.694317
0.125000,0.416667,0.291667,0.778820,0.779004
0.125000,0.416667,0.333333,0.850548,0.850361
0.125000,0.416667,0.375000,0.907625,0.907169
0.125000,0.416667,0.416667,0.949046,0.948455
0.125000,0.416667,0.458333,0.974092,0.973512
0.125000,0.416667,0.500000,0.982341,0.981912
0.125000,0.416667,0.541667,0.973673,0.973512
0.125000,0.416667,0.583333,0.948267,0.948455
0.125000,0.416667,0.625000,0.906594,0.907169
0.125000,0.416667,0.666667,0.849409,0.850361
0.125000,0.416667,0.708333,0.777726,0.779004
0.125000,0.416667,0.750000,0.692805,0.694317
0.125000,0.416667,0.791667,0.596121,0.597750
0.125000,0.416667,0.833333,0.489346,0.490956
0.125000,0.416667,0.875000,0.374313,0.375761
0.125000,0.416667,0.916667,0.253001,0.254138
0.125000,0.416667,0.958333,0.127503,0.128165
0.125000,0.416667,1.000000,-0.000000,-0.000000
0.125000,0.458333,0.000000,0.000000,0.000000
0.125000,0.458333,0.041667,0.120963,0.121663
0.125000,0.458333,0.083333,0.240207,0.241244
0.125000,0.458333,0.125000,0.355591,0.356697
0.125000,0.458333,0.166667,0.465059,0.466047
0.125000,0.458333,0.208333,0.566671,0.567423
0.125000,0.458333,0.250000,0.658631,0.659090
0.125000,0.458333,0.291667,0.739319,0.739480
0.125000,0.458333,0.333333,0.807313,0.807217
0.125000,0.458333,0.375000,0.861418,0.861143
0.125000,0.458333,0.416667,0.900689,0.900334
0.125000,0.458333,0.458333,0.924445,0.924120
0.125000,0.458333,0.500000,0.932287,0.932094
0.125000,0.458333,0.541667,0.924099,0.924120
0.125000,0.458333,0.583333,0.900050,0.900334
0.125000,0.458333,0.625000,0.860580,0.861143
0.125000,0.458333,0.666667,0.806396,0.807217
0.125000,0.458333,0.708333,0.738450,0.739480
0.125000,0.458333,0.750000,0.657923,0.659090
0.125000,0.458333,0.791667,0.566208,0.567423
0.125000,0.458333,0.833333,0.464880,0.466047
0.125000,0.458333,0.875000,0.355677,0.356697
0.125000,0.458333,0.916667,0.240466,0.241244
0.125000,0.458333,0.958333,0.121224,0.121663
0.125000,0.458333,1.000000,-0.000000,-0.000000
0.125000,0.500000,0.000000,0.000000,0.000000
0.125000,0.500000,0.041667,0.112125,0.112565
0.125000,0.500000,0.083333,0.222562,0.223204
0.125000,0.500000,0.125000,0.329350,0.330024
0.125000,0.500000,0.166667,0.430601,0.431197
0.125000,0.500000,0.208333,0.524537,0.524992
0.125000,0.500000,0.250000,0.609512,0.609804
0.125000,0.500000,0.291667,0.684044,0.684182
0.125000,0.500000,0.333333,0.746838,0.746854
0.125000,0.500000,0.375000,0.796806,0.796747
0.125000,0.500000,0.416667,0.833085,0.833008
0.125000,0.500000,0.458333,0.855054,0.855015
0.125000,0.500000,0.500000,0.862343,0.862393
0.125000,0.500000,0.541667,0.854836,0.855015
0.125000,0.500000,0.583333,0.832677,0.833008
0.125000,0.500000,0.625000,0.796263,0.796747
0.125000,0.500000,0.666667,0.746234,0.746854
0.125000,0.500000,0.708333,0.683459,0.684182
0.125000,0.500000,0.750000,0.609026,0.609804
0.125000,0.500000,0.791667,0.524213,0.524992
0.125000,0.500000,0.833333,0.430477,0.431197
0.125000,0.500000,0.875000,0.329421,0.330023
0.125000,0.500000,0.916667,0.222768,0.223204
0.125000,0.500000,0.958333,0.112336,0.112565
0.125000,0.500000,1.000000,-0.000000,-0.000000
0.125000,0.541667,0.000000,0.000000,0.000000
0.125000,0.541667,0.041667,0.101324,0.101541
0.125000,0.541667,0.083333,0.201040,0.201345
0.125000,0.541667,0.125000,0.297399,0.297703
0.125000,0.541667,0.166667,0.388715,0.388968
0.125000,0.541667,0.208333,0.473395,0.473578
0.125000,0.541667,0.250000,0.549969,0.550084
0.125000,0.541667,0.291667,0.617112,0.617178
0.125000,0.541667,0.333333,0.673668,0.673713
0.125000,0.541667,0.375000,0.718669,0.718719
0.125000,0.541667,0.416667,0.751346,0.751429
0.125000,0.541667,0.458333,0.771145,0.771281
0.125000,0.541667,0.500000,0.777732,0.777936
0.125000,0.541667,0.541667,0.770999,0.771281
0.125000,0.541667,0.583333,0.751067,0.751429
0.125000,0.541667,0.625000,0.718285,0.718719
0.125000,0.541667,0.666667,0.673221,0.673713
0.125000,0.541667,0.708333,0.616654,0.617178
0.125000,0.541667,0.750000,0.549560,0.550084
0.125000,0.541667,0.791667,0.473092,0.473577
0.125000,0.541667,0.833333,0.388561,0.388968
0.125000,0.541667,0.875000,0.297408,0.297703
0.125000,0.541667,0.916667,0.201178,0.201345
0.125000,0.541667,0.958333,0.101488,0.101541
0.125000,0.541667,1.000000,-0.000000,-0.000000
0.125000,0.583333,0.000000,0.000000,0.000000
0.125000,0.583333,0.041667,0.089260,0.089293
0.125000,0.583333,0.083333,0.177025,0.177059
0.125000,0.583333,0.125000,0.261785,0.261795
0.125000,0.583333,0.166667,0.342076,0.342052
0.125000,0.583333,0.208333,0.416510,0.416456
0.125000,0.583333,0.250000,0.483803,0.483734
0.125000,0.583333,0.291667,0.542798,0.542735
0.125000,0.583333,0.333333,0.592483,0.592451
0.125000,0.583333,0.375000,0.632012,0.632029
0.125000,0.583333,0.416667,0.660711,0.660793
0.125000,0.583333,0.458333,0.678096,0.678250
0.125000,0.583333,0.500000,0.683872,0.684103
0.125000,0.583333,0.541667,0.677945,0.678250
0.125000,0.583333,0.583333,0.660421,0.660793
0.125000,0.583333,0.625000,0.631604,0.632029
0.125000,0.583333,0.666667,0.591994,0.592451
0.125000,0.583333,0.708333,0.542277,0.542735
0.125000,0.583333,0.750000,0.483314,0.483734
0.125000,0.583333,0.791667,0.416116,0.416455
0.125000,0.583333,0.833333,0.341833,0.342052
0.125000,0.583333,0.875000,0.261719,0.261795
0.125000,0.583333,0.916667,0.177111,0.177059
0.125000,0.583333,0.958333,0.089399,0.089293
0.125000,0.583333,1.000000,-0.000000,-0.000000
0.125000,0.625000,0.000000,0.000000,0.000000
0.125000,0.625000,0.041667,0.076620,0.076510
0.125000,0.625000,0.083333,0.151882,0.151710
0.125000,0.625000,0.125000,0.224523,0.224315
0.125000,0.625000,0.166667,0.293310,0.293082
0.125000,0.625000,0.208333,0.357067,0.356834
0.125000,0.625000,0.250000,0.414701,0.414481
0.125000,0.625000,0.291667,0.465226,0.465035
0.125000,0.625000,0.333333,0.507775,0.507633
0.125000,0.625000,0.375000,0.541623,0.541545
0.125000,0.625000,0.416667,0.566191,0.566191
0.125000,0.625000,0.458333,0.581062,0.581149
0.125000,0.625000,0.500000,0.585983,0.586164
0.125000,0.625000,0.541667,0.580876,0.581149
0.125000,0.625000,0.583333,0.565833,0.566191
0.125000,0.625000,0.625000,0.541124,0.541545
0.125000,0.625000,0.666667,0.507182,0.507633
0.125000,0.625000,0.708333,0.464602,0.465035
0.125000,0.625000,0.750000,0.414123,0.414481
0.125000,0.625000,0.791667,0.356610,0.356834
0.125000,0.625000,0.833333,0.293036,0.293082
0.125000,0.625000,0.875000,0.224456,0.224315
0.125000,0.625000,0.916667,0.151985,0.151710
0.125000,0.625000,0.958333,0.076778,0.076510
0.125000,0.625000,1.000000,-0.000000,-0.000000
0.125000,0.666667,0.000000,0.000000,0.000000
0.125000,0.666667,0.041667,0.064027,0.063820
0.125000,0.666667,0.083333,0.126844,0.126548
0.125000,0.666667,0.125000,0.187433,0.187111
0.125000,0.666667,0.166667,0.244789,0.244472
0.125000,0.666667,0.208333,0.297944,0.297650
0.125000,0.666667,0.250000,0.345995,0.345735
0.125000,0.666667,0.291667,0.388119,0.387905
0.125000,0.666667,0.333333,0.423596,0.423438
0.125000,0.666667,0.375000,0.451815,0.451725
0.125000,0.666667,0.416667,0.472292,0.472283
0.125000,0.666667,0.458333,0.484676,0.484761
0.125000,0.666667,0.500000,0.488758,0.488944
0.125000,0.666667,0.541667,0.484475,0.484761
0.125000,0.666667,0.583333,0.471911,0.472283
0.125000,0.666667,0.625000,0.451295,0.451725
0.125000,0.666667,0.666667,0.422998,0.423438
0.125000,0.666667,0.708333,0.387521,0.387905
0.125000,0.666667,0.750000,0.345478,0.345735
0.125000,0.666667,0.791667,0.297586,0.297650
0.125000,0.666667,0.833333,0.244641,0.244472
0.125000,0.666667,0.875000,0.187501,0.187111
0.125000,0.666667,0.916667,0.127065,0.126548
0.125000,0.666667,0.958333,0.064256,0.063820
0.125000,0.666667,1.000000,-0.000000,-0.000000
0.125000,0.708333,0.000000,0.000000,0.000000
0.125000,0.708333,0.041667,0.052010,0.051756
0.125000,0.708333,0.083333,0.102963,0.102627
0.125000,0.708333,0.125000,0.152071,0.151742
0.125000,0.708333,0.166667,0.198540,0.198260
0.125000,0.708333,0.208333,0.241603,0.241386
0.125000,0.708333,0.250000,0.280530,0.280382
0.125000,0.708333,0.291667,0.314659,0.314581
0.125000,0.708333,0.333333,0.343402,0.343397
0.125000,0.708333,0.375000,0.366265,0.366337
0.125000,0.708333,0.416667,0.382854,0.383009
0.125000,0.708333,0.458333,0.392884,0.393128
0.125000,0.708333,0.500000,0.396186,0.396521
0.125000,0.708333,0.541667,0.392713,0.393128
0.125000,0.708333,0.583333,0.382536,0.383009
0.125000,0.708333,0.625000,0.365847,0.366337
0.125000,0.708333,0.666667,0.342948,0.343397
0.125000,0.708333,0.708333,0.314247,0.314581
0.125000,0.708333,0.750000,0.280240,0.280382
0.125000,0.708333,0.791667,0.241499,0.241386
0.125000,0.708333,0.833333,0.198654,0.198260
0.125000,0.708333,0.875000,0.152378,0.151742
0.125000,0.708333,0.916667,0.103371,0.102627
0.125000,0.708333,0.958333,0.052343,0.051756
0.125000,0.708333,1.000000,-0.000000,-0.000000
0.125000,0.750000,0.000000,0.000000,0.000000
0.125000,0.750000,0.041667,0.041001,0.040723
0.125000,0.750000,0.083333,0.081092,0.080750
0.125000,0.750000,0.125000,0.119690,0.119395
0.125000,0.750000,0.166667,0.156199,0.155997
0.125000,0.750000,0.208333,0.190027,0.189930
0.125000,0.750000,0.250000,0.220607,0.220613
0.125000,0.750000,0.291667,0.247420,0.247522
0.125000,0.750000,0.333333,0.270003,0.270195
0.125000,0.750000,0.375000,0.287966,0.288245
0.125000,0.750000,0.416667,0.300999,0.301364
0.125000,0.750000,0.458333,0.308879,0.309325
0.125000,0.750000,0.500000,0.311476,0.311995
0.125000,0.750000,0.541667,0.308754,0.309325
0.125000,0.750000,0.583333,0.300771,0.301364
0.125000,0.750000,0.625000,0.287682,0.288245
0.125000,0.750000,0.666667,0.269726,0.270195
0.125000,0.750000,0.708333,0.247222,0.247522
0.125000,0.750000,0.750000,0.220559,0.220613
0.125000,0.750000,0.791667,0.190176,0.189930
0.125000,0.750000,0.833333,0.156556,0.155997
0.125000,0.750000,0.875000,0.120208,0.119395
0.125000,0.750000,0.916667,0.081652,0.080750
0.125000,0.750000,0.958333,0.041412,0.040723
0.125000,0.750000,1.000000,-0.000000,-0.000000
0.125000,0.791667,0.000000,0.000000,0.000000
0.125000,0.791667,0.041667,0.031285,0.030978
0.125000,0.791667,0.083333,0.061799,0.061425
0.125000,0.791667,0.125000,0.091137,0.090822
0.125000,0.791667,0.166667,0.118869,0.118665
0.125000,0.791667,0.208333,0.144560,0.144477
0.125000,0.791667,0.250000,0.167785,0.167817
0.125000,0.791667,0.291667,0.188147,0.188286
0.125000,0.791667,0.333333,0.205296,0.205534
0.125000,0.791667,0.375000,0.218931,0.219264
0.125000,0.791667,0.416667,0.228819,0.229243
0.125000,0.791667,0.458333,0.234790,0.235299
0.125000,0.791667,0.500000,0.236748,0.237330
0.125000,0.791667,0.541667,0.234670,0.235299
0.125000,0.791667,0.583333,0.228605,0.229243
0.125000,0.791667,0.625000,0.218673,0.219264
0.125000,0.791667,0.666667,0.205057,0.205534
0.125000,0.791667,0.708333,0.188001,0.188286
0.125000,0.791667,0.750000,0.167795,0.167817
0.125000,0.791667,0.791667,0.144768,0.144477
0.125000,0.791667,0.833333,0.119275,0.118665
0.125000,0.791667,0.875000,0.091684,0.090822
0.125000,0.791667,0.916667,0.062366,0.061425
0.125000,0.791667,0.958333,0.031687,0.030978
0.125000,0.791667,1.000000,-0.000000,-0.000000
0.125000,0.833333,0.000000,0.000000,0.000000
0.125000,0.833333,0.041667,0.022965,0.022618
0.125000,0.833333,0.083333,0.045290,0.044850
0.125000,0.833333,0.125000,0.066713,0.066314
0.125000,0.833333,0.166667,0.086943,0.086643
0.125000,0.833333,0.208333,0.105674,0.105490
0.125000,0.833333,0.250000,0.122602,0.122532
0.125000,0.833333,0.291667,0.137438,0.137477
0.125000,0.833333,0.333333,0.149926,0.150070
0.125000,0.833333,0.375000,0.159846,0.160095
0.125000,0.833333,0.416667,0.167028,0.167381
0.125000,0.833333,0.458333,0.171350,0.171804
0.125000,0.833333,0.500000,0.172747,0.173286
0.125000,0.833333,0.541667,0.171206,0.171804
0.125000,0.833333,0.583333,0.166765,0.167381
0.125000,0.833333,0.625000,0.159514,0.160095
0.125000,0.833333,0.666667,0.149591,0.150070
0.125000,0.833333,0.708333,0.137173,0.137477
0.125000,0.833333,0.750000,0.122470,0.122532
0.125000,0.833333,0.791667,0.105718,0.105490
0.125000,0.833333,0.833333,0.087167,0.086643
0.125000,0.833333,0.875000,0.067071,0.066314
0.125000,0.833333,0.916667,0.045686,0.044850
0.125000,0.833333,0.958333,0.023252,0.022618
0.125000,0.833333,1.000000,-0.000000,-0.000000
0.125000,0.875000,0.000000,0.000000,0.000000
0.125000,0.875000,0.041667,0.015952,0.015590
0.125000,0.875000,0.083333,0.031392,0.030913
0.125000,0.875000,0.125000,0.046167,0.045708
0.125000,0.875000,0.166667,0.060097,0.059720
0.125000,0.875000,0.208333,0.072983,0.072711
0.125000,0.875000,0.250000,0.084623,0.084457
0.125000,0.875000,0.291667,0.094821,0.094758
0.125000,0.875000,0.333333,0.103400,0.103438
0.125000,0.875000,0.375000,0.110209,0.110349
0.125000,0.875000,0.416667,0.115129,0.115371
0.125000,0.875000,0.458333,0.118077,0.118419
0.125000,0.875000,0.500000,0.119011,0.119440
0.125000,0.875000,0.541667,0.117921,0.118419
0.125000,0.875000,0.583333,0.114838,0.115371
0.125000,0.875000,0.625000,0.109827,0.110349
0.125000,0.875000,0.666667,0.102984,0.103438
0.125000,0.875000,0.708333,0.094434,0.094758
0.125000,0.875000,0.750000,0.084321,0.084457
0.125000,0.875000,0.791667,0.072807,0.072711
0.125000,0.875000,0.833333,0.060060,0.059720
0.125000,0.875000,0.875000,0.046250,0.045708
0.125000,0.875000,0.916667,0.031539,0.030913
0.125000,0.875000,0.958333,0.016077,0.015590
0.125000,0.875000,1.000000,-0.000000,-0.000000
0.125000,0.916667,0.000000,0.000000,0.000000
0.125000,0.916667,0.041667,0.010015,0.009698
0.125000,0.916667,0.083333,0.019659,0.019230
0.125000,0.916667,0.125000,0.028855,0.028433
0.125000,0.916667,0.166667,0.037507,0.037149
0.125000,0.916667,0.208333,0.045504,0.045230
0.125000,0.916667,0.250000,0.052727,0.052537
0.125000,0.916667,0.291667,0.059056,0.058945
0.125000,0.916667,0.333333,0.064380,0.064345
0.125000,0.916667,0.375000,0.068604,0.068643
0.125000,0.916667,0.416667,0.071652,0.071767
0.125000,0.916667,0.458333,0.073471,0.073663
0.125000,0.916667,0.500000,0.074032,0.074299
0.125000,0.916667,0.541667,0.073333,0.073663
0.125000,0.916667,0.583333,0.071394,0.071767
0.125000,0.916667,0.625000,0.068257,0.068643
0.125000,0.916667,0.666667,0.063987,0.064345
0.125000,0.916667,0.708333,0.058662,0.058945
0.125000,0.916667,0.750000,0.052378,0.052537
0.125000,0.916667,0.791667,0.045233,0.045230
0.125000,0.916667,0.833333,0.037331,0.037150
0.125000,0.916667,0.875000,0.028771,0.028433
0.125000,0.916667,0.916667,0.019644,0.019230
0.125000,0.916667,0.958333,0.010032,0.009698
0.125000,0.916667,1.000000,-0.000000,-0.000000
0.125000,0.958333,0.000000,0.000000,0.000000
0.125000,0.958333,0.041667,0.004835,0.004632
0.125000,0.958333,0.083333,0.009464,0.009184
0.125000,0.958333,0.125000,0.013861,0.013580
0.125000,0.958333,0.166667,0.017990,0.017743
0.125000,0.958333,0.208333,0.021802,0.021603
0.125000,0.958333,0.250000,0.025247,0.025092
0.125000,0.958333,0.291667,0.028267,0.028153
0.125000,0.958333,0.333333,0.030810,0.030732
0.125000,0.958333,0.375000,0.032830,0.032785
0.125000,0.958333,0.416667,0.034287,0.034277
0.125000,0.958333,0.458333,0.035155,0.035183
0.125000,0.958333,0.500000,0.035422,0.035486
0.125000,0.958333,0.541667,0.035085,0.035183
0.125000,0.958333,0.583333,0.034155,0.034277
0.125000,0.958333,0.625000,0.032656,0.032785
0.125000,0.958333,0.666667,0.030619,0.030732
0.125000,0.958333,0.708333,0.028084,0.028153
0.125000,0.958333,0.750000,0.025094,0.025092
0.125000,0.958333,0.791667,0.021695,0.021603
0.125000,0.958333,0.833333,0.017932,0.017743
0.125000,0.958333,0.875000,0.013848,0.013580
0.125000,0.958333,0.916667,0.009478,0.009184
0.125000,0.958333,0.958333,0.004854,0.004632
0.125000,0.958333,1.000000,-0.000000,-0.000000
0.125000,1.000000,0.000000,0.000000,0.000000
0.125000,1.000000,0.041667,0.000000,-0.000000
0.125000,1.000000,0.083333,0.000000,-0.000000
0.125000,1.000000,0.125000,0.000000,-0.000000
0.125000,1.000000,0.166667,0.000000,-0.000000
0.125000,1.000000,0.208333,0.000000,-0.000000
0.125000,1.000000,0.250000,0.000000,-0.000000
0.125000,1.000000,0.291667,0.000000,-0.000000
0.125000,1.000000,0.333333,0.000000,-0.000000
0.125000,1.000000,0.375000,0.000000,-0.000000
0.125000,1.000000,0.416667,0.000000,-0.000000
0.125000,1.000000,0.458333,0.000000,-0.000000
0.125000,1.000000,0.500000,0.000000,-0.000000
0.125000,1.000000,0.541667,0.000000,-0.000000
0.125000,1.000000,0.583333,0.000000,-0.000000
0.125000,1.000000,0.625000,0.000000,-0.000000
0.125000,1.000000,0.666667,0.000000,-0.000000
0.125000,1.000000,0.708333,0.000000,-0.000000
0.125000,1.000000,0.750000,0.000000,-0.000000
0.125000,1.000000,0.791667,0.000000,-0.000000
0.125000,1.000000,0.833333,0.000000,-0.000000
0.125000,1.000000,0.875000,0.000000,-0.000000
0.125000,1.000000,0.916667,0.000000,-0.000000
0.125000,1.000000,0.958333,0.000000,-0.000000
0.125000,1.000000,1.000000,0.000000,0.000000
0.166667,0.000000,0.000000,0.000000,0.000000
0.166667,0.000000,0.041667,0.000000,0.000000
0.166667,0.000000,0.083333,0.000000,0.000000
0.166667,0.000000,0.125000,0.000000,0.000000
0.166667,0.000000,0.166667,0.000000,0.000000
0.166667,0.000000,0.208333,0.000000,0.000000
0.166667,0.000000,0.250000,0.000000,0.000000
0.166667,0.000000,0.291667,0.000000,0.000000
0.166667,0.000000,0.333333,0.000000,0.000000
0.166667,0.000000,0.375000,0.000000,0.000000
0.166667,0.000000,0.416667,0.000000,0.000000
0.166667,0.000000,0.458333,0.000000,0.000000
0.166667,0.000000,0.500000,0.000000,0.000000
0.166667,0.000000,0.541667,0.000000,0.000000
0.166667,0.000000,0.583333,0.000000,0.000000
0.166667,0.000000,0.625000,0.000000,0.000000
0.166667,0.000000,0.666667,0.000000,0.000000
0.166667,0.000000,0.708333,0.000000,0.000000
0.166667,0.000000,0.750000,0.000000,0.000000
0.166667,0.000000,0.791667,0.000000,0.000000
0.166667,0.000000,0.833333,0.000000,0.000000
0.166667,0.000000,0.875000,0.000000,0.000000
0.166667,0.000000,0.916667,0.000000,0.000000
0.166667,0.000000,0.958333,0.000000,0.000000
0.166667,0.000000,1.000000,-0.000000,-0.000000
0.166667,0.041667,0.000000,0.000000,0.000000
0.166667,0.041667,0.041667,0.022183,0.022450
0.166667,0.041667,0.083333,0.044182,0.044516
0.166667,0.041667,0.125000,0.065556,0.065820
0.166667,0.041667,0.166667,0.085892,0.085998
0.166667,0.041667,0.208333,0.104809,0.104705
0.166667,0.041667,0.250000,0.121959,0.121620
0.166667,0.041667,0.291667,0.137031,0.136454
0.166667,0.041667,0.333333,0.149752,0.148954
0.166667,0.041667,0.375000,0.159894,0.158904
0.166667,0.041667,0.416667,0.167272,0.166136
0.166667,0.041667,0.458333,0.171750,0.170526
0.166667,0.041667,0.500000,0.173245,0.171997
0.166667,0.041667,0.541667,0.171726,0.170526
0.166667,0.041667,0.583333,0.167218,0.166136
0.166667,0.041667,0.625000,0.159801,0.158904
0.166667,0.041667,0.666667,0.149610,0.148954
0.166667,0.041667,0.708333,0.136832,0.136454
0.166667,0.041667,0.750000,0.121703,0.121620
0.166667,0.041667,0.791667,0.104506,0.104705
0.166667,0.041667,0.833333,0.085564,0.085999
0.166667,0.041667,0.875000,0.065239,0.065820
0.166667,0.041667,0.916667,0.043922,0.044516
0.166667,0.041667,0.958333,0.022030,0.022450
0.166667,0.041667,1.000000,-0.000000,-0.000000
0.166667,0.083333,0.000000,0.000000,0.000000
0.166667,0.083333,0.041667,0.043563,0.044084
0.166667,0.083333,0.083333,0.086753,0.087414
0.166667,0.083333,0.125000,0.128712,0.129248
0.166667,0.083333,0.166667,0.168632,0.168871
0.166667,0.083333,0.208333,0.205764,0.205604
0.166667,0.083333,0.250000,0.239427,0.238819
0.166667,0.083333,0.291667,0.269008,0.267948
0.166667,0.083333,0.333333,0.293974,0.292492
0.166667,0.083333,0.375000,0.313875,0.312032
0.166667,0.083333,0.416667,0.328350,0.326233
0.166667,0.083333,0.458333,0.337135,0.334852
0.166667,0.083333,0.500000,0.340066,0.337741
0.166667,0.083333,0.541667,0.337086,0.334852
0.166667,0.083333,0.583333,0.328244,0.326233
0.166667,0.083333,0.625000,0.313698,0.312032
0.166667,0.083333,0.666667,0.293710,0.292492
0.166667,0.083333,0.708333,0.268647,0.267948
0.166667,0.083333,0.750000,0.238969,0.238819
0.166667,0.083333,0.791667,0.205228,0.205604
0.166667,0.083333,0.833333,0.168057,0.168871
0.166667,0.083333,0.875000,0.128159,0.129248
0.166667,0.083333,0.916667,0.086300,0.087414
0.166667,0.083333,0.958333,0.043296,0.044084
0.166667,0.083333,1.000000,-0.000000,-0.000000
0.166667,0.125000,0.000000,0.000000,0.000000
0.166667,0.125000,0.041667,0.063359,0.064129
0.166667,0.125000,0.083333,0.126157,0.127161
0.166667,0.125000,0.125000,0.187149,0.188017
0.166667,0.125000,0.166667,0.245165,0.245656
0.166667,0.125000,0.208333,0.299117,0.299092
0.166667,0.125000,0.250000,0.348012,0.347410
0.166667,0.125000,0.291667,0.390966,0.389784
0.166667,0.125000,0.333333,0.427205,0.425489
0.166667,0.125000,0.375000,0.456079,0.453913
0.166667,0.125000,0.416667,0.477072,0.474571
0.166667,0.125000,0.458333,0.489805,0.487109
0.166667,0.125000,0.500000,0.494046,0.491312
0.166667,0.125000,0.541667,0.489715,0.487109
0.166667,0.125000,0.583333,0.476886,0.474571
0.166667,0.125000,0.625000,0.455786,0.453913
0.166667,0.125000,0.666667,0.426793,0.425489
0.166667,0.125000,0.708333,0.390432,0.389784
0.166667,0.125000,0.750000,0.347366,0.347410
0.166667,0.125000,0.791667,0.298386,0.299092
0.166667,0.125000,0.833333,0.244405,0.245656
0.166667,0.125000,0.875000,0.186435,0.188017
0.166667,0.125000,0.916667,0.125584,0.127161
0.166667,0.125000,0.958333,0.063029,0.064129
0.166667,0.125000,1.000000,-0.000000,-0.000000
0.166667,0.166667,0.000000,0.000000,0.000000
0.166667,0.166667,0.041667,0.080912,0.081897
0.166667,0.166667,0.083333,0.161081,0.162392
0.166667,0.166667,0.125000,0.238924,0.240109
0.166667,0.166667,0.166667,0.312948,0.313717
0.166667,0.166667,0.208333,0.381765,0.381957
0.166667,0.166667,0.250000,0.444110,0.443663
0.166667,0.166667,0.291667,0.498855,0.497777
0.166667,0.166667,0.333333,0.545018,0.543374
0.166667,0.166667,0.375000,0.581780,0.579673
0.166667,0.166667,0.416667,0.608490,0.606054
0.166667,0.166667,0.458333,0.624677,0.622066
0.166667,0.166667,0.500000,0.630055,0.627434
0.166667,0.166667,0.541667,0.624531,0.622066
0.166667,0.166667,0.583333,0.608199,0.606054
0.166667,0.166667,0.625000,0.581348,0.579673
0.166667,0.166667,0.666667,0.544452,0.543374
0.166667,0.166667,0.708333,0.498170,0.497777
0.166667,0.166667,0.750000,0.443334,0.443663
0.166667,0.166667,0.791667,0.380938,0.381957
0.166667,0.166667,0.833333,0.312129,0.313717
0.166667,0.166667,0.875000,0.238189,0.240108
0.166667,0.166667,0.916667,0.160516,0.162392
0.166667,0.166667,0.958333,0.080601,0.081896
0.166667,0.166667,1.000000,-0.000000,-0.000000
0.166667,0.208333,0.000000,0.000000,0.000000
0.166667,0.208333,0.041667,0.095663,0.096817
0.166667,0.208333,0.083333,0.190415,0.191978
0.166667,0.208333,0.125000,0.282394,0.283853
0.166667,0.208333,0.166667,0.369838,0.370872
0.166667,0.208333,0.208333,0.451111,0.451546
0.166667,0.208333,0.250000,0.524720,0.524493
0.166667,0.208333,0.291667,0.589334,0.588466
0.166667,0.208333,0.333333,0.643799,0.642370
0.166667,0.208333,0.375000,0.687152,0.685283
0.166667,0.208333,0.416667,0.718635,0.716470
0.166667,0.208333,0.458333,0.737704,0.735399
0.166667,0.208333,0.500000,0.744033,0.741745
0.166667,0.208333,0.541667,0.737520,0.735399
0.166667,0.208333,0.583333,0.718282,0.716470
0.166667,0.208333,0.625000,0.686657,0.685283
0.166667,0.208333,0.666667,0.643197,0.642370
0.166667,0.208333,0.708333,0.588663,0.588466
0.166667,0.208333,0.750000,0.524021,0.524493
0.166667,0.208333,0.791667,0.450427,0.451545
0.166667,0.208333,0.833333,0.369217,0.370872
0.166667,0.208333,0.875000,0.281886,0.283853
0.166667,0.208333,0.916667,0.190066,0.191978
0.166667,0.208333,0.958333,0.095497,0.096817
0.166667,0.208333,1.000000,-0.000000,-0.000000
0.166667,0.250000,0.000000,0.000000,0.000000
0.166667,0.250000,0.041667,0.107200,0.108469
0.166667,0.250000,0.083333,0.213333,0.215082
0.166667,0.250000,0.125000,0.316324,0.318014
0.166667,0.250000,0.166667,0.414211,0.415506
0.166667,0.250000,0.208333,0.505170,0.505888
0.166667,0.250000,0.250000,0.587537,0.587614
0.166667,0.250000,0.291667,0.659828,0.659285
0.166667,0.250000,0.333333,0.720756,0.719677
0.166667,0.250000,0.375000,0.769248,0.767754
0.166667,0.250000,0.416667,0.804461,0.802695
0.166667,0.250000,0.458333,0.825791,0.823902
0.166667,0.250000,0.500000,0.832878,0.831011
0.166667,0.250000,0.541667,0.825615,0.823902
0.166667,0.250000,0.583333,0.804136,0.802695
0.166667,0.250000,0.625000,0.768819,0.767754
0.166667,0.250000,0.666667,0.720276,0.719677
0.166667,0.250000,0.708333,0.659351,0.659285
0.166667,0.250000,0.750000,0.587109,0.587614
0.166667,0.250000,0.791667,0.504828,0.505887
0.166667,0.250000,0.833333,0.413983,0.415506
0.166667,0.250000,0.875000,0.316222,0.318014
0.166667,0.250000,0.916667,0.213344,0.215081
0.166667,0.250000,0.958333,0.107268,0.108469
0.166667,0.250000,1.000000,-0.000000,-0.000000
0.166667,0.291667,0.000000,0.000000,0.000000
0.166667,0.291667,0.041667,0.115292,0.116595
0.166667,0.291667,0.083333,0.229366,0.231195
0.166667,0.291667,0.125000,0.340018,0.341840
0.166667,0.291667,0.166667,0.445153,0.446635
0.166667,0.291667,0.208333,0.542826,0.543789
0.166667,0.291667,0.250000,0.631258,0.631637
0.166667,0.291667,0.291667,0.708867,0.708679
0.166667,0.291667,0.333333,0.774279,0.773595
0.166667,0.291667,0.375000,0.826350,0.825274
0.166667,0.291667,0.416667,0.864173,0.862833
0.166667,0.291667,0.458333,0.887096,0.885628
0.166667,0.291667,0.500000,0.894730,0.893270
0.166667,0.291667,0.541667,0.886952,0.885628
0.166667,0.291667,0.583333,0.863908,0.862833
0.166667,0.291667,0.625000,0.826007,0.825274
0.166667,0.291667,0.666667,0.773912,0.773595
0.166667,0.291667,0.708333,0.708535,0.708679
0.166667,0.291667,0.750000,0.631019,0.631637
0.166667,0.291667,0.791667,0.542727,0.543788
0.166667,0.291667,0.833333,0.445221,0.446635
0.166667,0.291667,0.875000,0.340243,0.341840
0.166667,0.291667,0.916667,0.229685,0.231195
0.166667,0.291667,0.958333,0.115567,0.116595
0.166667,0.291667,1.000000,-0.000000,-0.000000
0.166667,0.333333,0.000000,0.000000,0.000000
0.166667,0.333333,0.041667,0.119865,0.121114
0.166667,0.333333,0.083333,0.238377,0.240156
0.166667,0.333333,0.125000,0.353279,0.355089
0.166667,0.333333,0.166667,0.462422,0.463946
0.166667,0.333333,0.208333,0.563799,0.564865
0.166667,0.333333,0.250000,0.655578,0.656119
0.166667,0.333333,0.291667,0.736119,0.736147
0.166667,0.333333,0.333333,0.804005,0.803579
0.166667,0.333333,0.375000,0.858050,0.857261
0.166667,0.333333,0.416667,0.897313,0.896275
0.166667,0.333333,0.458333,0.921114,0.919954
0.166667,0.333333,0.500000,0.929039,0.927893
0.166667,0.333333,0.541667,0.920955,0.919954
0.166667,0.333333,0.583333,0.897011,0.896275
0.166667,0.333333,0.625000,0.857638,0.857261
0.166667,0.333333,0.666667,0.803541,0.803579
0.166667,0.333333,0.708333,0.735680,0.736147
0.166667,0.333333,0.750000,0.655252,0.656119
0.166667,0.333333,0.791667,0.563666,0.564865
0.166667,0.333333,0.833333,0.462526,0.463946
0.166667,0.333333,0.875000,0.353606,0.355089
0.166667,0.333333,0.916667,0.238830,0.240156
0.166667,0.333333,0.958333,0.120245,0.121114
0.166667,0.333333,1.000000,-0.000000,-0.000000
0.166667,0.375000,0.000000,0.000000,0.000000
0.166667,0.375000,0.041667,0.121003,0.122115
0.166667,0.375000,0.083333,0.240540,0.242142
0.166667,0.375000,0.125000,0.356375,0.358025
0.166667,0.375000,0.166667,0.466373,0.467782
0.166667,0.375000,0.208333,0.568535,0.569535
0.166667,0.375000,0.250000,0.661021,0.661543
0.166667,0.375000,0.291667,0.742182,0.742232
0.166667,0.375000,0.333333,0.810583,0.810221
0.166667,0.375000,0.375000,0.865024,0.864348
0.166667,0.375000,0.416667,0.904556,0.903685
0.166667,0.375000,0.458333,0.928493,0.927559
0.166667,0.375000,0.500000,0.936427,0.935563
0.166667,0.375000,0.541667,0.928227,0.927559
0.166667,0.375000,0.583333,0.904051,0.903685
0.166667,0.375000,0.625000,0.864342,0.864348
0.166667,0.375000,0.666667,0.809815,0.810221
0.166667,0.375000,0.708333,0.741443,0.742232
0.166667,0.375000,0.750000,0.660433,0.661543
0.166667,0.375000,0.791667,0.568200,0.569535
0.166667,0.375000,0.833333,0.466346,0.467782
0.166667,0.375000,0.875000,0.356634,0.358024
0.166667,0.375000,0.916667,0.240971,0.242141
0.166667,0.375000,0.958333,0.121385,0.122115
0.166667,0.375000,1.000000,-0.000000,-0.000000
0.166667,0.416667,0.000000,0.000000,0.000000
0.166667,0.416667,0.041667,0.118946,0.119847
0.166667,0.416667,0.083333,0.236339,0.237643
0.166667,0.416667,0.125000,0.350023,0.351373
0.166667,0.416667,0.166667,0.457937,0.459091
0.166667,0.416667,0.208333,0.558142,0.558954
0.166667,0.416667,0.250000,0.648846,0.649253
0.166667,0.416667,0.291667,0.728437,0.728444
0.166667,0.416667,0.333333,0.795503,0.795170
0.166667,0.416667,0.375000,0.848862,0.848290
0.166667,0.416667,0.416667,0.887583,0.886897
0.166667,0.416667,0.458333,0.910999,0.910328
0.166667,0.416667,0.500000,0.918719,0.918183
0.166667,0.416667,0.541667,0.910631,0.910328
0.166667,0.416667,0.583333,0.886900,0.886897
0.166667,0.416667,0.625000,0.847961,0.848290
0.166667,0.416667,0.666667,0.794510,0.795170
0.166667,0.416667,0.708333,0.727492,0.728444
0.166667,0.416667,0.750000,0.648078,0.649253
0.166667,0.416667,0.791667,0.557649,0.558954
0.166667,0.416667,0.833333,0.457766,0.459092
0.166667,0.416667,0.875000,0.350150,0.351373
0.166667,0.416667,0.916667,0.236658,0.237643
0.166667,0.416667,0.958333,0.119256,0.119847
0.166667,0.416667,1.000000,-0.000000,-0.000000
0.166667,0.458333,0.000000,0.000000,0.000000
0.166667,0.458333,0.041667,0.114042,0.114693
0.166667,0.458333,0.083333,0.226485,0.227424
0.166667,0.458333,0.125000,0.335294,0.336263
0.166667,0.458333,0.166667,0.438520,0.439349
0.166667,0.458333,0.208333,0.534331,0.534918
0.166667,0.458333,0.250000,0.621030,0.621333
0.166667,0.458333,0.291667,0.697088,0.697118
0.166667,0.458333,0.333333,0.761168,0.760975
0.166667,0.458333,0.375000,0.812146,0.811811
0.166667,0.458333,0.416667,0.849137,0.848757
0.166667,0.458333,0.458333,0.871506,0.871181
0.166667,0.458333,0.500000,0.878883,0.878698
0.166667,0.458333,0.541667,0.871162,0.871181
0.166667,0.458333,0.583333,0.848499,0.848757
0.166667,0.458333,0.625000,0.811307,0.811811
0.166667,0.458333,0.666667,0.760244,0.760975
0.166667,0.458333,0.708333,0.696199,0.697118
0.166667,0.458333,0.750000,0.620283,0.621333
0.166667,0.458333,0.791667,0.533807,0.534917
0.166667,0.458333,0.833333,0.438263,0.439349
0.166667,0.458333,0.875000,0.335292,0.336263
0.166667,0.458333,0.916667,0.226665,0.227424
0.166667,0.458333,0.958333,0.114254,0.114693
0.166667,0.458333,1.000000,-0.000000,-0.000000
0.166667,0.500000,0.000000,0.000000,0.000000
0.166667,0.500000,0.041667,0.106731,0.107145
0.166667,0.500000,0.083333,0.211864,0.212456
0.166667,0.500000,0.125000,0.313525,0.314133
0.166667,0.500000,0.166667,0.409913,0.410434
0.166667,0.500000,0.208333,0.499331,0.499713
0.166667,0.500000,0.250000,0.580212,0.580442
0.166667,0.500000,0.291667,0.651148,0.651239
0.166667,0.500000,0.333333,0.710904,0.710893
0.166667,0.500000,0.375000,0.758446,0.758384
0.166667,0.500000,0.416667,0.792955,0.792898
0.166667,0.500000,0.458333,0.813842,0.813846
0.166667,0.500000,0.500000,0.820756,0.820869
0.166667,0.500000,0.541667,0.813592,0.813846
0.166667,0.500000,0.583333,0.792486,0.792898
0.166667,0.500000,0.625000,0.757817,0.758384
0.166667,0.500000,0.666667,0.710190,0.710893
0.166667,0.500000,0.708333,0.650432,0.651239
0.166667,0.500000,0.750000,0.579575,0.580442
0.166667,0.500000,0.791667,0.498838,0.499713
0.166667,0.500000,0.833333,0.409612,0.410434
0.166667,0.500000,0.875000,0.313427,0.314133
0.166667,0.500000,0.916667,0.211932,0.212456
0.166667,0.500000,0.958333,0.106860,0.107145
0.166667,0.500000,1.000000,-0.000000,-0.000000
0.166667,0.541667,0.000000,0.000000,0.000000
0.166667,0.541667,0.041667,0.097541,0.097763
0.166667,0.541667,0.083333,0.193538,0.193854
0.166667,0.541667,0.125000,0.286308,0.286628
0.166667,0.541667,0.166667,0.374226,0.374497
0.166667,0.541667,0.208333,0.455757,0.455959
0.166667,0.541667,0.250000,0.529484,0.529619
0.166667,0.541667,0.291667,0.594131,0.594217
0.166667,0.541667,0.333333,0.648583,0.648648
0.166667,0.541667,0.375000,0.691905,0.691980
0.166667,0.541667,0.416667,0.723357,0.723473
0.166667,0.541667,0.458333,0.742402,0.742586
0.166667,0.541667,0.500000,0.748720,0.748994
0.166667,0.541667,0.541667,0.742207,0.742586
0.166667,0.541667,0.583333,0.722984,0.723473
0.166667,0.541667,0.625000,0.691390,0.691980
0.166667,0.541667,0.666667,0.647974,0.648648
0.166667,0.541667,0.708333,0.593489,0.594217
0.166667,0.541667,0.750000,0.528877,0.529619
0.166667,0.541667,0.791667,0.455251,0.455958
0.166667,0.541667,0.833333,0.373877,0.374497
0.166667,0.541667,0.875000,0.286145,0.286627
0.166667,0.541667,0.916667,0.193545,0.193854
0.166667,0.541667,0.958333,0.097633,0.097763
0.166667,0.541667,1.000000,-0.000000,-0.000000
0.166667,0.583333,0.000000,0.000000,0.000000
0.166667,0.583333,0.041667,0.087070,0.087141
0.166667,0.583333,0.083333,0.172688,0.172791
0.166667,0.583333,0.125000,0.255385,0.255485
0.166667,0.583333,0.166667,0.333736,0.333807
0.166667,0.583333,0.208333,0.406383,0.406417
0.166667,0.583333,0.250000,0.472070,0.472074
0.166667,0.583333,0.291667,0.529663,0.529653
0.166667,0.583333,0.333333,0.578170,0.578170
0.166667,0.583333,0.375000,0.616760,0.616795
0.166667,0.583333,0.416667,0.644772,0.644865
0.166667,0.583333,0.458333,0.661729,0.661902
0.166667,0.583333,0.500000,0.667344,0.667614
0.166667,0.583333,0.541667,0.661526,0.661902
0.166667,0.583333,0.583333,0.644381,0.644865
0.166667,0.583333,0.625000,0.616212,0.616795
0.166667,0.583333,0.666667,0.577513,0.578170
0.166667,0.583333,0.708333,0.528961,0.529653
0.166667,0.583333,0.750000,0.471400,0.472074
0.166667,0.583333,0.791667,0.405822,0.406417
0.166667,0.583333,0.833333,0.333351,0.333807
0.166667,0.583333,0.875000,0.255211,0.255485
0.166667,0.583333,0.916667,0.172704,0.172791
0.166667,0.583333,0.958333,0.087177,0.087141
0.166667,0.583333,1.000000,-0.000000,-0.000000
0.166667,0.625000,0.000000,0.000000,0.000000
0.166667,0.625000,0.041667,0.075910,0.075862
0.166667,0.625000,0.083333,0.150483,0.150427
0.166667,0.625000,0.125000,0.222478,0.222417
0.166667,0.625000,0.166667,0.290676,0.290602
0.166667,0.625000,0.208333,0.353909,0.353815
0.166667,0.625000,0.250000,0.411088,0.410974
0.166667,0.625000,0.291667,0.461225,0.461101
0.166667,0.625000,0.333333,0.503455,0.503338
0.166667,0.625000,0.375000,0.537049,0.536963
0.166667,0.625000,0.416667,0.561428,0.561400
0.166667,0.625000,0.458333,0.576174,0.576232
0.166667,0.625000,0.500000,0.581037,0.581205
0.166667,0.625000,0.541667,0.575938,0.576232
0.166667,0.625000,0.583333,0.560977,0.561400
0.166667,0.625000,0.625000,0.536425,0.536963
0.166667,0.625000,0.666667,0.502723,0.503338
0.166667,0.625000,0.708333,0.460465,0.461101
0.166667,0.625000,0.750000,0.410392,0.410974
0.166667,0.625000,0.791667,0.353367,0.353815
0.166667,0.625000,0.833333,0.290354,0.290602
0.166667,0.625000,0.875000,0.222397,0.222417
0.166667,0.625000,0.916667,0.150597,0.150427
0.166667,0.625000,0.958333,0.076084,0.075862
0.166667,0.625000,1.000000,-0.000000,-0.000000
0.166667,0.666667,0.000000,0.000000,0.000000
0.166667,0.666667,0.041667,0.064599,0.064466
0.166667,0.666667,0.083333,0.127986,0.127829
0.166667,0.666667,0.125000,0.189149,0.189005
0.166667,0.666667,0.166667,0.247078,0.246947
0.166667,0.666667,0.208333,0.300794,0.300663
0.166667,0.666667,0.250000,0.349375,0.349236
0.166667,0.666667,0.291667,0.391982,0.391832
0.166667,0.666667,0.333333,0.427874,0.427725
0.166667,0.666667,0.375000,0.456426,0.456298
0.166667,0.666667,0.416667,0.477142,0.477065
0.166667,0.666667,0.458333,0.489663,0.489668
0.166667,0.666667,0.500000,0.493776,0.493894
0.166667,0.666667,0.541667,0.489419,0.489668
0.166667,0.666667,0.583333,0.476684,0.477065
0.166667,0.666667,0.625000,0.455810,0.456298
0.166667,0.666667,0.666667,0.427178,0.427725
0.166667,0.666667,0.708333,0.391303,0.391832
0.166667,0.666667,0.750000,0.348812,0.349236
0.166667,0.666667,0.791667,0.300432,0.300663
0.166667,0.666667,0.833333,0.246969,0.246947
0.166667,0.666667,0.875000,0.189285,0.189005
0.166667,0.666667,0.916667,0.128283,0.127829
0.166667,0.666667,0.958333,0.064882,0.064466
0.166667,0.666667,1.000000,-0.000000,-0.000000
0.166667,0.708333,0.000000,0.000000,0.000000
0.166667,0.708333,0.041667,0.053597,0.053412
0.166667,0.708333,0.083333,0.106111,0.105911
0.166667,0.708333,0.125000,0.156747,0.156597
0.166667,0.708333,0.166667,0.204695,0.204604
0.166667,0.708333,0.208333,0.249160,0.249110
0.166667,0.708333,0.250000,0.289383,0.289353
0.166667,0.708333,0.291667,0.324668,0.324646
0.166667,0.708333,0.333333,0.354397,0.354384
0.166667,0.708333,0.375000,0.378048,0.378058
0.166667,0.708333,0.416667,0.395208,0.395264
0.166667,0.708333,0.458333,0.405576,0.405707
0.166667,0.708333,0.500000,0.408979,0.409208
0.166667,0.708333,0.541667,0.405369,0.405707
0.166667,0.708333,0.583333,0.394826,0.395264
0.166667,0.708333,0.625000,0.377554,0.378058
0.166667,0.708333,0.666667,0.353874,0.354384
0.166667,0.708333,0.708333,0.324214,0.324646
0.166667,0.708333,0.750000,0.289092,0.289353
0.166667,0.708333,0.791667,0.249103,0.249110
0.166667,0.708333,0.833333,0.204898,0.204604
0.166667,0.708333,0.875000,0.157169,0.156597
0.166667,0.708333,0.916667,0.106630,0.105911
0.166667,0.708333,0.958333,0.054003,0.053412
0.166667,0.708333,1.000000,-0.000000,-0.000000
0.166667,0.750000,0.000000,0.000000,0.000000
0.166667,0.750000,0.041667,0.043280,0.043057
0.166667,0.750000,0.083333,0.085601,0.085377
0.166667,0.750000,0.125000,0.126368,0.126237
0.166667,0.750000,0.166667,0.164957,0.164936
0.166667,0.750000,0.208333,0.200744,0.200814
0.166667,0.750000,0.250000,0.233125,0.233255
0.166667,0.750000,0.291667,0.261537,0.261705
0.166667,0.750000,0.333333,0.285481,0.285678
0.166667,0.750000,0.375000,0.304533,0.304762
0.166667,0.750000,0.416667,0.318355,0.318632
0.166667,0.750000,0.458333,0.326708,0.327050
0.166667,0.750000,0.500000,0.329451,0.329872
0.166667,0.750000,0.541667,0.326549,0.327050
0.166667,0.750000,0.583333,0.318071,0.318632
0.166667,0.750000,0.625000,0.304186,0.304762
0.166667,0.750000,0.666667,0.285155,0.285678
0.166667,0.750000,0.708333,0.261324,0.261705
0.166667,0.750000,0.750000,0.233107,0.233255
0.166667,0.750000,0.791667,0.200976,0.200814
0.166667,0.750000,0.833333,0.165439,0.164936
0.166667,0.750000,0.875000,0.127030,0.126237
0.166667,0.750000,0.916667,0.086296,0.085377
0.166667,0.750000,0.958333,0.043777,0.043057
0.166667,0.750000,1.000000,-0.000000,-0.000000
0.166667,0.791667,0.000000,0.000000,0.000000
0.166667,0.791667,0.041667,0.033903,0.033634
0.166667,0.791667,0.083333,0.066968,0.066693
0.166667,0.791667,0.125000,0.098774,0.098611
0.166667,0.791667,0.166667,0.128865,0.128841
0.166667,0.791667,0.208333,0.156771,0.156867
0.166667,0.791667,0.250000,0.182025,0.182208
0.166667,0.791667,0.291667,0.204190,0.204433
0.166667,0.791667,0.333333,0.222871,0.223159
0.166667,0.791667,0.375000,0.237734,0.238067
0.166667,0.791667,0.416667,0.248513,0.248901
0.166667,0.791667,0.458333,0.255020,0.255477
0.166667,0.791667,0.500000,0.257151,0.257682
0.166667,0.791667,0.541667,0.254880,0.255477
0.166667,0.791667,0.583333,0.248266,0.248901
0.166667,0.791667,0.625000,0.237446,0.238067
0.166667,0.791667,0.666667,0.222627,0.223159
0.166667,0.791667,0.708333,0.204078,0.204433
0.166667,0.791667,0.750000,0.182121,0.182208
0.166667,0.791667,0.791667,0.157115,0.156867
0.166667,0.791667,0.833333,0.129444,0.128841
0.166667,0.791667,0.875000,0.099504,0.098610
0.166667,0.791667,0.916667,0.067693,0.066693
0.166667,0.791667,0.958333,0.034402,0.033634
0.166667,0.791667,1.000000,-0.000000,-0.000000
0.166667,0.833333,0.000000,0.000000,0.000000
0.166667,0.833333,0.041667,0.025568,0.025248
0.166667,0.833333,0.083333,0.050421,0.050065
0.166667,0.833333,0.125000,0.074282,0.074024
0.166667,0.833333,0.166667,0.096837,0.096717
0.166667,0.833333,0.208333,0.117748,0.117756
0.166667,0.833333,0.250000,0.136673,0.136779
0.166667,0.833333,0.291667,0.153283,0.153462
0.166667,0.833333,0.333333,0.167281,0.167520
0.166667,0.833333,0.375000,0.178413,0.178711
0.166667,0.833333,0.416667,0.186478,0.186844
0.166667,0.833333,0.458333,0.191338,0.191780
0.166667,0.833333,0.500000,0.192915,0.193435
0.166667,0.833333,0.541667,0.191194,0.191780
0.166667,0.833333,0.583333,0.186224,0.186844
0.166667,0.833333,0.625000,0.178110,0.178711
0.166667,0.833333,0.666667,0.167010,0.167520
0.166667,0.833333,0.708333,0.153128,0.153462
0.166667,0.833333,0.750000,0.136700,0.136779
0.166667,0.833333,0.791667,0.117992,0.117756
0.166667,0.833333,0.833333,0.097284,0.096718
0.166667,0.833333,0.875000,0.074858,0.074024
0.166667,0.833333,0.916667,0.050994,0.050065
0.166667,0.833333,0.958333,0.025959,0.025248
0.166667,0.833333,1.000000,-0.000000,-0.000000
0.166667,0.875000,0.000000,0.000000,0.000000
0.166667,0.875000,0.041667,0.018218,0.017876
0.166667,0.875000,0.083333,0.035852,0.035446
0.166667,0.875000,0.125000,0.052739,0.052410
0.166667,0.875000,0.166667,0.068679,0.068477
0.166667,0.875000,0.208333,0.083449,0.083372
0.166667,0.875000,0.250000,0.096817,0.096841
0.166667,0.875000,0.291667,0.108552,0.108653
0.166667,0.875000,0.333333,0.118443,0.118605
0.166667,0.875000,0.375000,0.126310,0.126529
0.166667,0.875000,0.416667,0.132008,0.132287
0.166667,0.875000,0.458333,0.135436,0.135782
0.166667,0.875000,0.500000,0.136540,0.136954
0.166667,0.875000,0.541667,0.135309,0.135782
0.166667,0.875000,0.583333,0.131781,0.132287
0.166667,0.875000,0.625000,0.126031,0.126529
0.166667,0.875000,0.666667,0.118173,0.118605
0.166667,0.875000,0.708333,0.108354,0.108653
0.166667,0.875000,0.750000,0.096742,0.096841
0.166667,0.875000,0.791667,0.083525,0.083372
0.166667,0.875000,0.833333,0.068897,0.068477
0.166667,0.875000,0.875000,0.053052,0.052410
0.166667,0.875000,0.916667,0.036175,0.035446
0.166667,0.875000,0.958333,0.018440,0.017876
0.166667,0.875000,1.000000,-0.000000,-0.000000
0.166667,0.916667,0.000000,0.000000,0.000000
0.166667,0.916667,0.041667,0.011679,0.011378
0.166667,0.916667,0.083333,0.022929,0.022562
0.166667,0.916667,0.125000,0.033667,0.033359
0.166667,0.916667,0.166667,0.043787,0.043586
0.166667,0.916667,0.208333,0.053161,0.053067
0.166667,0.916667,0.250000,0.061648,0.061640
0.166667,0.916667,0.291667,0.069106,0.069158
0.166667,0.916667,0.333333,0.075401,0.075493
0.166667,0.916667,0.375000,0.080412,0.080536
0.166667,0.916667,0.416667,0.084043,0.084201
0.166667,0.916667,0.458333,0.086228,0.086426
0.166667,0.916667,0.500000,0.086928,0.087172
0.166667,0.916667,0.541667,0.086137,0.086426
0.166667,0.916667,0.583333,0.083878,0.084201
0.166667,0.916667,0.625000,0.080202,0.080536
0.166667,0.916667,0.666667,0.075185,0.075493
0.166667,0.916667,0.708333,0.068924,0.069158
0.166667,0.916667,0.750000,0.061530,0.061640
0.166667,0.916667,0.791667,0.053123,0.053067
0.166667,0.916667,0.833333,0.043828,0.043586
0.166667,0.916667,0.875000,0.033764,0.033359
0.166667,0.916667,0.916667,0.023042,0.022562
0.166667,0.916667,0.958333,0.011760,0.011378
0.166667,0.916667,1.000000,-0.000000,-0.000000
0.166667,0.958333,0.000000,0.000000,0.000000
0.166667,0.958333,0.041667,0.005711,0.005520
0.166667,0.958333,0.083333,0.011183,0.010946
0.166667,0.958333,0.125000,0.016389,0.016185
0.166667,0.958333,0.166667,0.021286,0.021146
0.166667,0.958333,0.208333,0.025821,0.025746
0.166667,0.958333,0.250000,0.029931,0.029905
0.166667,0.958333,0.291667,0.033549,0.033553
0.166667,0.958333,0.333333,0.036608,0.036627
0.166667,0.958333,0.375000,0.039048,0.039073
0.166667,0.958333,0.416667,0.040819,0.040852
0.166667,0.958333,0.458333,0.041886,0.041931
0.166667,0.958333,0.500000,0.042229,0.042293
0.166667,0.958333,0.541667,0.041845,0.041931
0.166667,0.958333,0.583333,0.040745,0.040852
0.166667,0.958333,0.625000,0.038956,0.039073
0.166667,0.958333,0.666667,0.036519,0.036627
0.166667,0.958333,0.708333,0.033480,0.033553
0.166667,0.958333,0.750000,0.029897,0.029905
0.166667,0.958333,0.791667,0.025827,0.025746
0.166667,0.958333,0.833333,0.021327,0.021146
0.166667,0.958333,0.875000,0.016452,0.016185
0.166667,0.958333,0.916667,0.011247,0.010946
0.166667,0.958333,0.958333,0.005753,0.005520
0.166667,0.958333,1.000000,-0.000000,-0.000000
0.166667,1.000000,0.000000,0.000000,0.000000
0.166667,1.000000,0.041667,0.000000,-0.000000
0.166667,1.000000,0.083333,0.000000,-0.000000
0.166667,1.000000,0.125000,0.000000,-0.000000
0.166667,1.000000,0.166667,0.000000,-0.000000
0.166667,1.000000,0.208333,0.000000,-0.000000
0.166667,1.000000,0.250000,0.000000,-0.000000
0.166667,1.000000,0.291667,0.000000,-0.000000
0.166667,1.000000,0.333333,0.000000,-0.000000
0.166667,1.000000,0.375000,0.000000,-0.000000
0.166667,1.000000,0.416667,0.000000,-0.000000
0.166667,1.000000,0.458333,0.000000,-0.000000
0.166667,1.000000,0.500000,0.000000,-0.000000
0.166667,1.000000,0.541667,0.000000,-0.000000
0.166667,1.000000,0.583333,0.000000,-0.000000
0.166667,1.000000,0.625000,0.000000,-0.000000
0.166667,1.000000,0.666667,0.000000,-0.000000
0.166667,1.000000,0.708333,0.000000,-0.000000
0.166667,1.000000,0.750000,0.000000,-0.000000
0.166667,1.000000,0.791667,0.000000,-0.000000
0.166667,1.000000,0.833333,0.000000,-0.000000
0.166667,1.000000,0.875000,0.000000,-0.000000
0.166667,1.000000,0.916667,0.000000,-0.000000
0.166667,1.000000,0.958333,0.000000,-0.000000
0.166667,1.000000,1.000000,0.000000,0.000000
0.208333,0.000000,0.000000,0.000000,0.000000
0.208333,0.000000,0.041667,0.000000,0.000000
0.208333,0.000000,0.083333,0.000000,0.000000
0.208333,0.000000,0.125000,0.000000,0.000000
0.208333,0.000000,0.166667,0.000000,0.000000
0.208333,0.000000,0.208333,0.000000,0.000000
0.208333,0.000000,0.250000,0.000000,0.000000
0.208333,0.000000,0.291667,0.000000,0.000000
0.208333,0.000000,0.333333,0.000000,0.000000
0.208333,0.000000,0.375000,0.000000,0.000000
0.208333,0.000000,0.416667,0.000000,0.000000
0.208333,0.000000,0.458333,0.000000,0.000000
0.208333,0.000000,0.500000,0.000000,0.000000
0.208333,0.000000,0.541667,0.000000,0.000000
0.208333,0.000000,0.583333,0.000000,0.000000
0.208333,0.000000,0.625000,0.000000,0.000000
0.208333,0.000000,0.666667,0.000000,0.000000
0.208333,0.000000,0.708333,0.000000,0.000000
0.208333,0.000000,0.750000,0.000000,0.000000
0.208333,0.000000,0.791667,0.000000,0.000000
0.208333,0.000000,0.833333,0.000000,0.000000
0.208333,0.000000,0.875000,0.000000,0.000000
0.208333,0.000000,0.916667,0.000000,0.000000
0.208333,0.000000,0.958333,0.000000,0.000000
0.208333,0.000000,1.000000,-0.000000,-0.000000
0.208333,0.041667,0.000000,0.000000,0.000000
0.208333,0.041667,0.041667,0.020170,0.020434
0.208333,0.041667,0.083333,0.040177,0.040518
0.208333,0.041667,0.125000,0.059614,0.059909
0.208333,0.041667,0.166667,0.078101,0.078275
0.208333,0.041667,0.208333,0.095289,0.095302
0.208333,0.041667,0.250000,0.110866,0.110698
0.208333,0.041667,0.291667,0.124551,0.124200
0.208333,0.041667,0.333333,0.136103,0.135577
0.208333,0.041667,0.375000,0.145316,0.144634
0.208333,0.041667,0.416667,0.152026,0.151216
0.208333,0.041667,0.458333,0.156110,0.155211
0.208333,0.041667,0.500000,0.157492,0.156551
0.208333,0.041667,0.541667,0.156141,0.155211
0.208333,0.041667,0.583333,0.152078,0.151216
0.208333,0.041667,0.625000,0.145371,0.144634
0.208333,0.041667,0.666667,0.136138,0.135577
0.208333,0.041667,0.708333,0.124544,0.124200
0.208333,0.041667,0.750000,0.110800,0.110698
0.208333,0.041667,0.791667,0.095161,0.095302
0.208333,0.041667,0.833333,0.077920,0.078275
0.208333,0.041667,0.875000,0.059410,0.059909
0.208333,0.041667,0.916667,0.039991,0.040518
0.208333,0.041667,0.958333,0.020052,0.020434
0.208333,0.041667,1.000000,-0.000000,-0.000000
0.208333,0.083333,0.000000,0.000000,0.000000
0.208333,0.083333,0.041667,0.039653,0.040155
0.208333,0.083333,0.083333,0.078974,0.079623
0.208333,0.083333,0.125000,0.117167,0.117728
0.208333,0.083333,0.166667,0.153489,0.153819
0.208333,0.083333,0.208333,0.187259,0.187278
0.208333,0.083333,0.250000,0.217861,0.217533
0.208333,0.083333,0.291667,0.244746,0.244066
0.208333,0.083333,0.333333,0.267436,0.266422
0.208333,0.083333,0.375000,0.285528,0.284220
0.208333,0.083333,0.416667,0.298701,0.297155
0.208333,0.083333,0.458333,0.306714,0.305006
0.208333,0.083333,0.500000,0.309419,0.307638
0.208333,0.083333,0.541667,0.306759,0.305006
0.208333,0.083333,0.583333,0.298775,0.297155
0.208333,0.083333,0.625000,0.285602,0.284220
0.208333,0.083333,0.666667,0.267470,0.266422
0.208333,0.083333,0.708333,0.244704,0.244066
0.208333,0.083333,0.750000,0.217716,0.217533
0.208333,0.083333,0.791667,0.187004,0.187278
0.208333,0.083333,0.833333,0.153144,0.153819
0.208333,0.083333,0.875000,0.116783,0.117728
0.208333,0.083333,0.916667,0.078627,0.079623
0.208333,0.083333,0.958333,0.039435,0.040155
0.208333,0.083333,1.000000,-0.000000,-0.000000
0.208333,0.125000,0.000000,0.000000,0.000000
0.208333,0.125000,0.041667,0.057776,0.058486
0.208333,0.125000,0.083333,0.115046,0.115972
0.208333,0.125000,0.125000,0.170657,0.171473
0.208333,0.125000,0.166667,0.223530,0.224041
0.208333,0.125000,0.208333,0.272675,0.272775
0.208333,0.125000,0.250000,0.317194,0.316841
0.208333,0.125000,0.291667,0.356290,0.355487
0.208333,0.125000,0.333333,0.389269,0.388050
0.208333,0.125000,0.375000,0.415551,0.413973
0.208333,0.125000,0.416667,0.434671,0.432813
0.208333,0.125000,0.458333,0.446289,0.444248
0.208333,0.125000,0.500000,0.450195,0.448081
0.208333,0.125000,0.541667,0.446311,0.444248
0.208333,0.125000,0.583333,0.434698,0.432813
0.208333,0.125000,0.625000,0.415551,0.413973
0.208333,0.125000,0.666667,0.389205,0.388050
0.208333,0.125000,0.708333,0.356123,0.355487
0.208333,0.125000,0.750000,0.316902,0.316841
0.208333,0.125000,0.791667,0.272257,0.272775
0.208333,0.125000,0.833333,0.223018,0.224041
0.208333,0.125000,0.875000,0.170117,0.171473
0.208333,0.125000,0.916667,0.114576,0.115972
0.208333,0.125000,0.958333,0.057488,0.058486
0.208333,0.125000,1.000000,-0.000000,-0.000000
0.208333,0.166667,0.000000,0.000000,0.000000
0.208333,0.166667,0.041667,0.073945,0.074824
0.208333,0.166667,0.083333,0.147216,0.148368
0.208333,0.166667,0.125000,0.218343,0.219373
0.208333,0.166667,0.166667,0.285951,0.286625
0.208333,0.166667,0.208333,0.348771,0.348972
0.208333,0.166667,0.250000,0.405657,0.405349
0.208333,0.166667,0.291667,0.455590,0.454790
0.208333,0.166667,0.333333,0.497687,0.496449
0.208333,0.166667,0.375000,0.531212,0.529614
0.208333,0.166667,0.416667,0.555583,0.553717
0.208333,0.166667,0.458333,0.570375,0.568345
0.208333,0.166667,0.500000,0.575330,0.573250
0.208333,0.166667,0.541667,0.570358,0.568345
0.208333,0.166667,0.583333,0.555539,0.553717
0.208333,0.166667,0.625000,0.531120,0.529614
0.208333,0.166667,0.666667,0.497521,0.496449
0.208333,0.166667,0.708333,0.455328,0.454790
0.208333,0.166667,0.750000,0.405285,0.405349
0.208333,0.166667,0.791667,0.348297,0.348972
0.208333,0.166667,0.833333,0.285410,0.286625
0.208333,0.166667,0.875000,0.217802,0.219373
0.208333,0.166667,0.916667,0.146765,0.148368
0.208333,0.166667,0.958333,0.073681,0.074824
0.208333,0.166667,1.000000,-0.000000,-0.000000
0.208333,0.208333,0.000000,0.000000,0.000000
0.208333,0.208333,0.041667,0.087655,0.088665
0.208333,0.208333,0.083333,0.174477,0.175813
0.208333,0.208333,0.125000,0.258733,0.259953
0.208333,0.208333,0.166667,0.338800,0.339646
0.208333,0.208333,0.208333,0.413181,0.413526
0.208333,0.208333,0.250000,0.480519,0.480331
0.208333,0.208333,0.291667,0.539608,0.538918
0.208333,0.208333,0.333333,0.589408,0.588283
0.208333,0.208333,0.375000,0.629051,0.627583
0.208333,0.208333,0.416667,0.657854,0.656145
0.208333,0.208333,0.458333,0.675327,0.673480
0.208333,0.208333,0.500000,0.681175,0.679291
0.208333,0.208333,0.541667,0.675298,0.673480
0.208333,0.208333,0.583333,0.657796,0.656145
0.208333,0.208333,0.625000,0.628960,0.627583
0.208333,0.208333,0.666667,0.589279,0.588283
0.208333,0.208333,0.708333,0.539434,0.538918
0.208333,0.208333,0.750000,0.480294,0.480331
0.208333,0.208333,0.791667,0.412910,0.413526
0.208333,0.208333,0.833333,0.338506,0.339646
0.208333,0.208333,0.875000,0.258455,0.259953
0.208333,0.208333,0.916667,0.174264,0.175813
0.208333,0.208333,0.958333,0.087548,0.088665
0.208333,0.208333,1.000000,-0.000000,-0.000000
0.208333,0.250000,0.000000,0.000000,0.000000
0.208333,0.250000,0.041667,0.098543,0.099633
0.208333,0.250000,0.083333,0.196096,0.197561
0.208333,0.250000,0.125000,0.290729,0.292108
0.208333,0.250000,0.166667,0.380630,0.381658
0.208333,0.250000,0.208333,0.464130,0.464677
0.208333,0.250000,0.250000,0.539713,0.539746
0.208333,0.250000,0.291667,0.606031,0.605579
0.208333,0.250000,0.333333,0.661922,0.661051
0.208333,0.250000,0.375000,0.706412,0.705212
0.208333,0.250000,0.416667,0.738738,0.737307
0.208333,0.250000,0.458333,0.758349,0.756786
0.208333,0.250000,0.500000,0.764918,0.763316
0.208333,0.250000,0.541667,0.758338,0.756786
0.208333,0.250000,0.583333,0.738722,0.737307
0.208333,0.250000,0.625000,0.706402,0.705212
0.208333,0.250000,0.666667,0.661926,0.661051
0.208333,0.250000,0.708333,0.606055,0.605579
0.208333,0.250000,0.750000,0.539754,0.539746
0.208333,0.250000,0.791667,0.464190,0.464677
0.208333,0.250000,0.833333,0.380713,0.381658
0.208333,0.250000,0.875000,0.290840,0.292108
0.208333,0.250000,0.916667,0.196230,0.197561
0.208333,0.250000,0.958333,0.098661,0.099633
0.208333,0.250000,1.000000,-0.000000,-0.000000
0.208333,0.291667,0.000000,0.000000,0.000000
0.208333,0.291667,0.041667,0.106395,0.107491
0.208333,0.291667,0.083333,0.211648,0.213143
0.208333,0.291667,0.125000,0.313701,0.315148
0.208333,0.291667,0.166667,0.410618,0.411760
0.208333,0.291667,0.208333,0.500612,0.501328
0.208333,0.291667,0.250000,0.582062,0.582317
0.208333,0.291667,0.291667,0.653531,0.653343
0.208333,0.291667,0.333333,0.713770,0.713190
0.208333,0.291667,0.375000,0.761735,0.760834
0.208333,0.291667,0.416667,0.796598,0.795460
0.208333,0.291667,0.458333,0.817759,0.816475
0.208333,0.291667,0.500000,0.824853,0.823521
0.208333,0.291667,0.541667,0.817761,0.816475
0.208333,0.291667,0.583333,0.796607,0.795460
0.208333,0.291667,0.625000,0.761759,0.760834
0.208333,0.291667,0.666667,0.713821,0.713190
0.208333,0.291667,0.708333,0.653622,0.653343
0.208333,0.291667,0.750000,0.582210,0.582317
0.208333,0.291667,0.791667,0.500830,0.501328
0.208333,0.291667,0.833333,0.410916,0.411760
0.208333,0.291667,0.875000,0.314070,0.315148
0.208333,0.291667,0.916667,0.212037,0.213143
0.208333,0.291667,0.958333,0.106691,0.107491
0.208333,0.291667,1.000000,-0.000000,-0.000000
0.208333,0.333333,0.000000,0.000000,0.000000
0.208333,0.333333,0.041667,0.111128,0.112154
0.208333,0.333333,0.083333,0.220980,0.222388
0.208333,0.333333,0.125000,0.327439,0.328817
0.208333,0.333333,0.166667,0.428508,0.429621
0.208333,0.333333,0.208333,0.522339,0.523073
0.208333,0.333333,0.250000,0.607252,0.607575
0.208333,0.333333,0.291667,0.681753,0.681682
0.208333,0.333333,0.333333,0.744549,0.744125
0.208333,0.333333,0.375000,0.794554,0.793836
0.208333,0.333333,0.416667,0.830904,0.829963
0.208333,0.333333,0.458333,0.852965,0.851890
0.208333,0.333333,0.500000,0.860348,0.859241
0.208333,0.333333,0.541667,0.852922,0.851890
0.208333,0.333333,0.583333,0.830818,0.829963
0.208333,0.333333,0.625000,0.794430,0.793836
0.208333,0.333333,0.666667,0.744405,0.744125
0.208333,0.333333,0.708333,0.681628,0.681682
0.208333,0.333333,0.750000,0.607196,0.607575
0.208333,0.333333,0.791667,0.522406,0.523073
0.208333,0.333333,0.833333,0.428734,0.429621
0.208333,0.333333,0.875000,0.327816,0.328817
0.208333,0.333333,0.916667,0.221433,0.222388
0.208333,0.333333,0.958333,0.111492,0.112153
0.208333,0.333333,1.000000,-0.000000,-0.000000
0.208333,0.375000,0.000000,0.000000,0.000000
0.208333,0.375000,0.041667,0.112794,0.113681
0.208333,0.375000,0.083333,0.224203,0.225416
0.208333,0.375000,0.125000,0.332120,0.333295
0.208333,0.375000,0.166667,0.434546,0.435471
0.208333,0.375000,0.208333,0.529625,0.530196
0.208333,0.375000,0.250000,0.615657,0.615849
0.208333,0.375000,0.291667,0.691127,0.690964
0.208333,0.375000,0.333333,0.754719,0.754258
0.208333,0.375000,0.375000,0.805333,0.804645
0.208333,0.375000,0.416667,0.842097,0.841265
0.208333,0.375000,0.458333,0.864376,0.863491
0.208333,0.375000,0.500000,0.871785,0.870942
0.208333,0.375000,0.541667,0.864198,0.863491
0.208333,0.375000,0.583333,0.841754,0.841265
0.208333,0.375000,0.625000,0.804855,0.804645
0.208333,0.375000,0.666667,0.754161,0.754258
0.208333,0.375000,0.708333,0.690568,0.690964
0.208333,0.375000,0.750000,0.615192,0.615849
0.208333,0.375000,0.791667,0.529341,0.530196
0.208333,0.375000,0.833333,0.434501,0.435471
0.208333,0.375000,0.875000,0.332311,0.333295
0.208333,0.375000,0.916667,0.224550,0.225416
0.208333,0.375000,0.958333,0.113115,0.113681
0.208333,0.375000,1.000000,-0.000000,-0.000000
0.208333,0.416667,0.000000,0.000000,0.000000
0.208333,0.416667,0.041667,0.111576,0.112270
0.208333,0.416667,0.083333,0.221685,0.222618
0.208333,0.416667,0.125000,0.328282,0.329158
0.208333,0.416667,0.166667,0.429425,0.430066
0.208333,0.416667,0.208333,0.523294,0.523615
0.208333,0.416667,0.250000,0.608218,0.608205
0.208333,0.416667,0.291667,0.682699,0.682388
0.208333,0.416667,0.333333,0.745432,0.744896
0.208333,0.416667,0.375000,0.795328,0.794658
0.208333,0.416667,0.416667,0.831531,0.830823
0.208333,0.416667,0.458333,0.853428,0.852773
0.208333,0.416667,0.500000,0.860657,0.860131
0.208333,0.416667,0.541667,0.853110,0.852773
0.208333,0.416667,0.583333,0.830932,0.830823
0.208333,0.416667,0.625000,0.794516,0.794658
0.208333,0.416667,0.666667,0.744503,0.744896
0.208333,0.416667,0.708333,0.681765,0.682388
0.208333,0.416667,0.750000,0.607394,0.608205
0.208333,0.416667,0.791667,0.522678,0.523615
0.208333,0.416667,0.833333,0.429081,0.430066
0.208333,0.416667,0.875000,0.328218,0.329158
0.208333,0.416667,0.916667,0.221834,0.222618
0.208333,0.416667,0.958333,0.111782,0.112270
0.208333,0.416667,1.000000,-0.000000,-0.000000
0.208333,0.458333,0.000000,0.000000,0.000000
0.208333,0.458333,0.041667,0.107758,0.108235
0.208333,0.458333,0.083333,0.213994,0.214619
0.208333,0.458333,0.125000,0.316773,0.317330
0.208333,0.458333,0.166667,0.414247,0.414612
0.208333,0.458333,0.208333,0.504680,0.504800
0.208333,0.458333,0.250000,0.586476,0.586350
0.208333,0.458333,0.291667,0.658200,0.657868
0.208333,0.458333,0.333333,0.718599,0.718129
0.208333,0.458333,0.375000,0.766627,0.766103
0.208333,0.458333,0.416667,0.801463,0.800969
0.208333,0.458333,0.458333,0.822519,0.822130
0.208333,0.458333,0.500000,0.829453,0.829224
0.208333,0.458333,0.541667,0.822166,0.822130
0.208333,0.458333,0.583333,0.800801,0.800969
0.208333,0.458333,0.625000,0.765735,0.766103
0.208333,0.458333,0.666667,0.717577,0.718129
0.208333,0.458333,0.708333,0.657157,0.657868
0.208333,0.458333,0.750000,0.585519,0.586350
0.208333,0.458333,0.791667,0.503898,0.504799
0.208333,0.458333,0.833333,0.413705,0.414612
0.208333,0.458333,0.875000,0.316496,0.317330
0.208333,0.458333,0.916667,0.213950,0.214619
0.208333,0.458333,0.958333,0.107837,0.108235
0.208333,0.458333,1.000000,-0.000000,-0.000000
0.208333,0.500000,0.000000,0.000000,0.000000
0.208333,0.500000,0.041667,0.101699,0.101986
0.208333,0.500000,0.083333,0.201864,0.202227
0.208333,0.500000,0.125000,0.298702,0.299007
0.208333,0.500000,0.166667,0.390496,0.390672
0.208333,0.500000,0.208333,0.475629,0.475652
0.208333,0.500000,0.250000,0.552615,0.552493
0.208333,0.500000,0.291667,0.620113,0.619882
0.208333,0.500000,0.333333,0.676955,0.676664
0.208333,0.500000,0.375000,0.722162,0.721867
0.208333,0.500000,0.416667,0.754960,0.754720
0.208333,0.500000,0.458333,0.774794,0.774659
0.208333,0.500000,0.500000,0.781337,0.781344
0.208333,0.500000,0.541667,0.774490,0.774659
0.208333,0.500000,0.583333,0.754385,0.754720
0.208333,0.500000,0.625000,0.721379,0.721867
0.208333,0.500000,0.666667,0.676042,0.676663
0.208333,0.500000,0.708333,0.619156,0.619882
0.208333,0.500000,0.750000,0.551700,0.552493
0.208333,0.500000,0.791667,0.474836,0.475652
0.208333,0.500000,0.833333,0.389889,0.390672
0.208333,0.500000,0.875000,0.298321,0.299007
0.208333,0.500000,0.916667,0.201707,0.202227
0.208333,0.500000,0.958333,0.101699,0.101986
0.208333,0.500000,1.000000,-0.000000,-0.000000
0.208333,0.541667,0.000000,0.000000,0.000000
0.208333,0.541667,0.041667,0.093844,0.093991
0.208333,0.541667,0.083333,0.186190,0.186374
0.208333,0.541667,0.125000,0.275419,0.275568
0.208333,0.541667,0.166667,0.359970,0.360047
0.208333,0.541667,0.208333,0.438372,0.438366
0.208333,0.541667,0.250000,0.509263,0.509183
0.208333,0.541667,0.291667,0.571416,0.571289
0.208333,0.541667,0.333333,0.623761,0.623620
0.208333,0.541667,0.375000,0.665398,0.665280
0.208333,0.541667,0.416667,0.695615,0.695558
0.208333,0.541667,0.458333,0.713896,0.713934
0.208333,0.541667,0.500000,0.719937,0.720094
0.208333,0.541667,0.541667,0.713640,0.713934
0.208333,0.541667,0.583333,0.695126,0.695558
0.208333,0.541667,0.625000,0.664720,0.665280
0.208333,0.541667,0.666667,0.622954,0.623620
0.208333,0.541667,0.708333,0.570551,0.571289
0.208333,0.541667,0.750000,0.508416,0.509183
0.208333,0.541667,0.791667,0.437620,0.438365
0.208333,0.541667,0.833333,0.359382,0.360047
0.208333,0.541667,0.875000,0.275041,0.275568
0.208333,0.541667,0.916667,0.186029,0.186374
0.208333,0.541667,0.958333,0.093841,0.093991
0.208333,0.541667,1.000000,-0.000000,-0.000000
0.208333,0.583333,0.000000,0.000000,0.000000
0.208333,0.583333,0.041667,0.084704,0.084752
0.208333,0.583333,0.083333,0.167982,0.168053
0.208333,0.583333,0.125000,0.248416,0.248480
0.208333,0.583333,0.166667,0.324623,0.324654
0.208333,0.583333,0.208333,0.395288,0.395274
0.208333,0.583333,0.250000,0.459187,0.459131
0.208333,0.583333,0.291667,0.515216,0.515131
0.208333,0.583333,0.333333,0.562409,0.562318
0.208333,0.583333,0.375000,0.599950,0.599883
0.208333,0.583333,0.416667,0.627196,0.627184
0.208333,0.583333,0.458333,0.643678,0.643754
0.208333,0.583333,0.500000,0.649119,0.649309
0.208333,0.583333,0.541667,0.643430,0.643754
0.208333,0.583333,0.583333,0.626719,0.627184
0.208333,0.583333,0.625000,0.599286,0.599883
0.208333,0.583333,0.666667,0.561616,0.562318
0.208333,0.583333,0.708333,0.514371,0.515131
0.208333,0.583333,0.750000,0.458373,0.459131
0.208333,0.583333,0.791667,0.394591,0.395274
0.208333,0.583333,0.833333,0.324118,0.324654
0.208333,0.583333,0.875000,0.248141,0.248480
0.208333,0.583333,0.916667,0.167924,0.168053
0.208333,0.583333,0.958333,0.084769,0.084752
0.208333,0.583333,1.000000,-0.000000,-0.000000
0.208333,0.625000,0.000000,0.000000,0.000000
0.208333,0.625000,0.041667,0.074790,0.074765
0.208333,0.625000,0.083333,0.148253,0.148250
0.208333,0.625000,0.125000,0.219182,0.219198
0.208333,0.625000,0.166667,0.286382,0.286397
0.208333,0.625000,0.208333,0.348705,0.348694
0.208333,0.625000,0.250000,0.405075,0.405026
0.208333,0.625000,0.291667,0.454515,0.454427
0.208333,0.625000,0.333333,0.496165,0.496054
0.208333,0.625000,0.375000,0.529299,0.529192
0.208333,0.625000,0.416667,0.553342,0.553276
0.208333,0.625000,0.458333,0.567878,0.567893
0.208333,0.625000,0.500000,0.572658,0.572793
0.208333,0.625000,0.541667,0.567609,0.567893
0.208333,0.625000,0.583333,0.552832,0.553276
0.208333,0.625000,0.625000,0.528601,0.529192
0.208333,0.625000,0.666667,0.495355,0.496053
0.208333,0.625000,0.708333,0.453687,0.454427
0.208333,0.625000,0.750000,0.404331,0.405026
0.208333,0.625000,0.791667,0.348136,0.348694
0.208333,0.625000,0.833333,0.286054,0.286397
0.208333,0.625000,0.875000,0.219109,0.219198
0.208333,0.625000,0.916667,0.148380,0.148250
0.208333,0.625000,0.958333,0.074974,0.074764
0.208333,0.625000,1.000000,-0.000000,-0.000000
0.208333,0.666667,0.000000,0.000000,0.000000
0.208333,0.666667,0.041667,0.064574,0.064491
0.208333,0.666667,0.083333,0.127933,0.127879
0.208333,0.666667,0.125000,0.189080,0.189078
0.208333,0.666667,0.166667,0.247015,0.247043
0.208333,0.666667,0.208333,0.300759,0.300780
0.208333,0.666667,0.250000,0.349386,0.349371
0.208333,0.666667,0.291667,0.392049,0.391984
0.208333,0.666667,0.333333,0.427997,0.427891
0.208333,0.666667,0.375000,0.456597,0.456476
0.208333,0.666667,0.416667,0.477345,0.477250
0.208333,0.666667,0.458333,0.489879,0.489859
0.208333,0.666667,0.500000,0.493986,0.494086
0.208333,0.666667,0.541667,0.489606,0.489859
0.208333,0.666667,0.583333,0.476834,0.477250
0.208333,0.666667,0.625000,0.455918,0.456476
0.208333,0.666667,0.666667,0.427244,0.427891
0.208333,0.666667,0.708333,0.391333,0.391984
0.208333,0.666667,0.750000,0.348817,0.349371
0.208333,0.666667,0.791667,0.300423,0.300780
0.208333,0.666667,0.833333,0.246958,0.247043
0.208333,0.666667,0.875000,0.189282,0.189078
0.208333,0.666667,0.916667,0.128291,0.127879
0.208333,0.666667,0.958333,0.064895,0.064491
0.208333,0.666667,1.000000,-0.000000,-0.000000
0.208333,0.708333,0.000000,0.000000,0.000000
0.208333,0.708333,0.041667,0.054466,0.054331
0.208333,0.708333,0.083333,0.107828,0.107731
0.208333,0.708333,0.125000,0.159296,0.159289
0.208333,0.708333,0.166667,0.208056,0.208121
0.208333,0.708333,0.208333,0.253299,0.253392
0.208333,0.708333,0.250000,0.294250,0.294328
0.208333,0.708333,0.291667,0.330189,0.330227
0.208333,0.708333,0.333333,0.360479,0.360477
0.208333,0.708333,0.375000,0.384579,0.384558
0.208333,0.708333,0.416667,0.402061,0.402059
0.208333,0.708333,0.458333,0.412616,0.412681
0.208333,0.708333,0.500000,0.416068,0.416242
0.208333,0.708333,0.541667,0.412369,0.412681
0.208333,0.708333,0.583333,0.401607,0.402059
0.208333,0.708333,0.625000,0.383996,0.384558
0.208333,0.708333,0.666667,0.359869,0.360477
0.208333,0.708333,0.708333,0.329669,0.330227
0.208333,0.708333,0.750000,0.293927,0.294328
0.208333,0.708333,0.791667,0.253249,0.253392
0.208333,0.708333,0.833333,0.208300,0.208121
0.208333,0.708333,0.875000,0.159779,0.159289
0.208333,0.708333,0.916667,0.108408,0.107731
0.208333,0.708333,0.958333,0.054911,0.054330
0.208333,0.708333,1.000000,-0.000000,-0.000000
0.208333,0.750000,0.000000,0.000000,0.000000
0.208333,0.750000,0.041667,0.044793,0.044597
0.208333,0.750000,0.083333,0.088588,0.088431
0.208333,0.750000,0.125000,0.130786,0.130752
0.208333,0.750000,0.166667,0.170751,0.170835
0.208333,0.750000,0.208333,0.207839,0.207996
0.208333,0.750000,0.250000,0.241418,0.241598
0.208333,0.750000,0.291667,0.270896,0.271066
0.208333,0.750000,0.333333,0.295747,0.295895
0.208333,0.750000,0.375000,0.315520,0.315663
0.208333,0.750000,0.416667,0.329861,0.330028
0.208333,0.750000,0.458333,0.338514,0.338748
0.208333,0.750000,0.500000,0.341337,0.341671
0.208333,0.750000,0.541667,0.338296,0.338748
0.208333,0.750000,0.583333,0.329468,0.330028
0.208333,0.750000,0.625000,0.315034,0.315663
0.208333,0.750000,0.666667,0.295275,0.295895
0.208333,0.750000,0.708333,0.270554,0.271066
0.208333,0.750000,0.750000,0.241306,0.241598
0.208333,0.750000,0.791667,0.208021,0.207996
0.208333,0.750000,0.833333,0.171226,0.170835
0.208333,0.750000,0.875000,0.131472,0.130752
0.208333,0.750000,0.916667,0.089317,0.088431
0.208333,0.750000,0.958333,0.045315,0.044597
0.208333,0.750000,1.000000,-0.000000,-0.000000
0.208333,0.791667,0.000000,0.000000,0.000000
0.208333,0.791667,0.041667,0.035774,0.035505
0.208333,0.791667,0.083333,0.070655,0.070402
0.208333,0.791667,0.125000,0.104214,0.104095
0.208333,0.791667,0.166667,0.135980,0.136006
0.208333,0.791667,0.208333,0.165457,0.165591
0.208333,0.791667,0.250000,0.192151,0.192342
0.208333,0.791667,0.291667,0.215592,0.215802
0.208333,0.791667,0.333333,0.235353,0.235570
0.208333,0.791667,0.375000,0.251074,0.251307
0.208333,0.791667,0.416667,0.262468,0.262744
0.208333,0.791667,0.458333,0.269334,0.269686
0.208333,0.791667,0.500000,0.271559,0.272013
0.208333,0.791667,0.541667,0.269123,0.269686
0.208333,0.791667,0.583333,0.262092,0.262744
0.208333,0.791667,0.625000,0.250619,0.251307
0.208333,0.791667,0.666667,0.234929,0.235570
0.208333,0.791667,0.708333,0.215314,0.215802
0.208333,0.791667,0.750000,0.192116,0.192342
0.208333,0.791667,0.791667,0.165715,0.165591
0.208333,0.791667,0.833333,0.136517,0.136006
0.208333,0.791667,0.875000,0.104938,0.104095
0.208333,0.791667,0.916667,0.071392,0.070402
0.208333,0.791667,0.958333,0.036285,0.035505
0.208333,0.791667,1.000000,-0.000000,-0.000000
0.208333,0.833333,0.000000,0.000000,0.000000
0.208333,0.833333,0.041667,0.027501,0.027162
0.208333,0.833333,0.083333,0.054223,0.053859
0.208333,0.833333,0.125000,0.079881,0.079634
0.208333,0.833333,0.166667,0.104144,0.104047
0.208333,0.833333,0.208333,0.126651,0.126680
0.208333,0.833333,0.250000,0.147034,0.147145
0.208333,0.833333,0.291667,0.164934,0.165092
0.208333,0.833333,0.333333,0.180024,0.180215
0.208333,0.833333,0.375000,0.192022,0.192254
0.208333,0.833333,0.416667,0.200710,0.201003
0.208333,0.833333,0.458333,0.205933,0.206314
0.208333,0.833333,0.500000,0.207609,0.208094
0.208333,0.833333,0.541667,0.205725,0.206314
0.208333,0.833333,0.583333,0.200337,0.201003
0.208333,0.833333,0.625000,0.191566,0.192254
0.208333,0.833333,0.666667,0.179587,0.180215
0.208333,0.833333,0.708333,0.164623,0.165092
0.208333,0.833333,0.750000,0.146935,0.147145
0.208333,0.833333,0.791667,0.126807,0.126680
0.208333,0.833333,0.833333,0.104539,0.104047
0.208333,0.833333,0.875000,0.080435,0.079634
0.208333,0.833333,0.916667,0.054792,0.053859
0.208333,0.833333,0.958333,0.027893,0.027162
0.208333,0.833333,1.000000,-0.000000,-0.000000
0.208333,0.875000,0.000000,0.000000,0.000000
0.208333,0.875000,0.041667,0.019938,0.019570
0.208333,0.875000,0.083333,0.039230,0.038806
0.208333,0.875000,0.125000,0.057703,0.057377
0.208333,0.875000,0.166667,0.075146,0.074967
0.208333,0.875000,0.208333,0.091318,0.091273
0.208333,0.875000,0.250000,0.105963,0.106019
0.208333,0.875000,0.291667,0.118828,0.118950
0.208333,0.875000,0.333333,0.129677,0.129846
0.208333,0.875000,0.375000,0.138306,0.138520
0.208333,0.875000,0.416667,0.144554,0.144824
0.208333,0.875000,0.458333,0.148307,0.148650
0.208333,0.875000,0.500000,0.149505,0.149933
0.208333,0.875000,0.541667,0.148139,0.148650
0.208333,0.875000,0.583333,0.144251,0.144824
0.208333,0.875000,0.625000,0.137928,0.138520
0.208333,0.875000,0.666667,0.129301,0.129846
0.208333,0.875000,0.708333,0.118531,0.118950
0.208333,0.875000,0.750000,0.105808,0.106019
0.208333,0.875000,0.791667,0.091335,0.091273
0.208333,0.875000,0.833333,0.075327,0.074967
0.208333,0.875000,0.875000,0.057995,0.057377
0.208333,0.875000,0.916667,0.039542,0.038806
0.208333,0.875000,0.958333,0.020154,0.019570
0.208333,0.875000,1.000000,-0.000000,-0.000000
0.208333,0.916667,0.000000,0.000000,0.000000
0.208333,0.916667,0.041667,0.012958,0.012637
0.208333,0.916667,0.083333,0.025434,0.025058
0.208333,0.916667,0.125000,0.037342,0.037050
0.208333,0.916667,0.166667,0.048566,0.048408
0.208333,0.916667,0.208333,0.058969,0.058937
0.208333,0.916667,0.250000,0.068396,0.068459
0.208333,0.916667,0.291667,0.076687,0.076809
0.208333,0.916667,0.333333,0.083690,0.083844
0.208333,0.916667,0.375000,0.089270,0.089446
0.208333,0.916667,0.416667,0.093317,0.093516
0.208333,0.916667,0.458333,0.095752,0.095987
0.208333,0.916667,0.500000,0.096534,0.096815
0.208333,0.916667,0.541667,0.095653,0.095987
0.208333,0.916667,0.583333,0.093136,0.093516
0.208333,0.916667,0.625000,0.089041,0.089446
0.208333,0.916667,0.666667,0.083456,0.083844
0.208333,0.916667,0.708333,0.076490,0.076809
0.208333,0.916667,0.750000,0.068267,0.068459
0.208333,0.916667,0.791667,0.058924,0.058937
0.208333,0.916667,0.833333,0.048599,0.048408
0.208333,0.916667,0.875000,0.037426,0.037050
0.208333,0.916667,0.916667,0.025531,0.025058
0.208333,0.916667,0.958333,0.013024,0.012637
0.208333,0.916667,1.000000,-0.000000,-0.000000
0.208333,0.958333,0.000000,0.000000,0.000000
0.208333,0.958333,0.041667,0.006387,0.006190
0.208333,0.958333,0.083333,0.012504,0.012273
0.208333,0.958333,0.125000,0.018323,0.018147
0.208333,0.958333,0.166667,0.023799,0.023710
0.208333,0.958333,0.208333,0.028874,0.028868
0.208333,0.958333,0.250000,0.033479,0.033532
0.208333,0.958333,0.291667,0.037538,0.037621
0.208333,0.958333,0.333333,0.040975,0.041068
0.208333,0.958333,0.375000,0.043721,0.043811
0.208333,0.958333,0.416667,0.045718,0.045805
0.208333,0.958333,0.458333,0.046925,0.047015
0.208333,0.958333,0.500000,0.047316,0.047421
0.208333,0.958333,0.541667,0.046887,0.047015
0.208333,0.958333,0.583333,0.045650,0.045805
0.208333,0.958333,0.625000,0.043637,0.043811
0.208333,0.958333,0.666667,0.040893,0.041068
0.208333,0.958333,0.708333,0.037473,0.037621
0.208333,0.958333,0.750000,0.033442,0.033532
0.208333,0.958333,0.791667,0.028868,0.028868
0.208333,0.958333,0.833333,0.023818,0.023710
0.208333,0.958333,0.875000,0.018355,0.018147
0.208333,0.958333,0.916667,0.012535,0.012273
0.208333,0.958333,0.958333,0.006405,0.006190
0.208333,0.958333,1.000000,-0.000000,-0.000000
0.208333,1.000000,0.000000,0.000000,0.000000
0.208333,1.000000,0.041667,0.000000,-0.000000
0.208333,1.000000,0.083333,0.000000,-0.000000
0.208333,1.000000,0.125000,0.000000,-0.000000
0.208333,1.000000,0.166667,0.000000,-0.000000
0.208333,1.000000,0.208333,0.000000,-0.000000
0.208333,1.000000,0.250000,0.000000,-0.000000
0.208333,1.000000,0.291667,0.000000,-0.000000
0.208333,1.000000,0.333333,0.000000,-0.000000
0.208333,1.000000,0.375000,0.000000,-0.000000
0.208333,1.000000,0.416667,0.000000,-0.000000
0.208333,1.000000,0.458333,0.000000,-0.000000
0.208333,1.000000,0.500000,0.000000,-0.000000
0.208333,1.000000,0.541667,0.000000,-0.000000
0.208333,1.000000,0.583333,0.000000,-0.000000
0.208333,1.000000,0.625000,0.000000,-0.000000
0.208333,1.000000,0.666667,0.000000,-0.000000
0.208333,1.000000,0.708333,0.000000,-0.000000
0.208333,1.000000,0.750000,0.000000,-0.000000
0.208333,1.000000,0.791667,0.000000,-0.000000
0.208333,1.000000,0.833333,0.000000,-0.000000
0.208333,1.000000,0.875000,0.000000,-0.000000
0.208333,1.000000,0.916667,0.000000,-0.000000
0.208333,1.000000,0.958333,0.000000,-0.000000
0.208333,1.000000,1.000000,0.000000,0.000000
0.250000,0.000000,0.000000,0.000000,0.000000
0.250000,0.000000,0.041667,0.000000,0.000000
0.250000,0.000000,0.083333,0.000000,0.000000
0.250000,0.000000,0.125000,0.000000,0.000000
0.250000,0.000000,0.166667,0.000000,0.000000
0.250000,0.000000,0.208333,0.000000,0.000000
0.250000,0.000000,0.250000,0.000000,0.000000
0.250000,0.000000,0.291667,0.000000,0.000000
0.250000,0.000000,0.333333,0.000000,0.000000
0.250000,0.000000,0.375000,0.000000,0.000000
0.250000,0.000000,0.416667,0.000000,0.000000
0.250000,0.000000,0.458333,0.000000,0.000000
0.250000,0.000000,0.500000,0.000000,0.000000
0.250000,0.000000,0.541667,0.000000,0.000000
0.250000,0.000000,0.583333,0.000000,0.000000
0.250000,0.000000,0.625000,0.000000,0.000000
0.250000,0.000000,0.666667,0.000000,0.000000
0.250000,0.000000,0.708333,0.000000,0.000000
0.250000,0.000000,0.750000,0.000000,0.000000
0.250000,0.000000,0.791667,0.000000,0.000000
0.250000,0.000000,0.833333,0.000000,0.000000
0.250000,0.000000,0.875000,0.000000,0.000000
0.250000,0.000000,0.916667,0.000000,0.000000
0.250000,0.000000,0.958333,0.000000,0.000000
0.250000,0.000000,1.000000,-0.000000,-0.000000
0.250000,0.041667,0.000000,0.000000,0.000000
0.250000,0.041667,0.041667,0.018447,0.018663
0.250000,0.041667,0.083333,0.036732,0.037007
0.250000,0.041667,0.125000,0.054479,0.054718
0.250000,0.041667,0.166667,0.071339,0.071492
0.250000,0.041667,0.208333,0.086997,0.087044
0.250000,0.041667,0.250000,0.101172,0.101105
0.250000,0.041667,0.291667,0.113618,0.113437
0.250000,0.041667,0.333333,0.124119,0.123828
0.250000,0.041667,0.375000,0.132496,0.132101
0.250000,0.041667,0.416667,0.138602,0.138113
0.250000,0.041667,0.458333,0.142328,0.141762
0.250000,0.041667,0.500000,0.143606,0.142985
0.250000,0.041667,0.541667,0.142406,0.141761
0.250000,0.041667,0.583333,0.138742,0.138113
0.250000,0.041667,0.625000,0.132670,0.132101
0.250000,0.041667,0.666667,0.124293,0.123828
0.250000,0.041667,0.708333,0.113754,0.113437
0.250000,0.041667,0.750000,0.101240,0.101105
0.250000,0.041667,0.791667,0.086980,0.087044
0.250000,0.041667,0.833333,0.071242,0.071492
0.250000,0.041667,0.875000,0.054328,0.054718
0.250000,0.041667,0.916667,0.036573,0.037007
0.250000,0.041667,0.958333,0.018337,0.018663
0.250000,0.041667,1.000000,-0.000000,-0.000000
0.250000,0.083333,0.000000,0.000000,0.000000
0.250000,0.083333,0.041667,0.036303,0.036701
0.250000,0.083333,0.083333,0.072273,0.072775
0.250000,0.083333,0.125000,0.107173,0.107603
0.250000,0.083333,0.166667,0.140324,0.140590
0.250000,0.083333,0.208333,0.171112,0.171171
0.250000,0.083333,0.250000,0.198983,0.198824
0.250000,0.083333,0.291667,0.223451,0.223075
0.250000,0.083333,0.333333,0.244093,0.243509
0.250000,0.083333,0.375000,0.260555,0.259776
0.250000,0.083333,0.416667,0.272549,0.271599
0.250000,0.083333,0.458333,0.279864,0.278774
0.250000,0.083333,0.500000,0.282364,0.281180
0.250000,0.083333,0.541667,0.279994,0.278774
0.250000,0.083333,0.583333,0.272783,0.271599
0.250000,0.083333,0.625000,0.260843,0.259776
0.250000,0.083333,0.666667,0.244373,0.243509
0.250000,0.083333,0.708333,0.223657,0.223075
0.250000,0.083333,0.750000,0.199062,0.198824
0.250000,0.083333,0.791667,0.171036,0.171171
0.250000,0.083333,0.833333,0.140102,0.140590
0.250000,0.083333,0.875000,0.106854,0.107603
0.250000,0.083333,0.916667,0.071946,0.072775
0.250000,0.083333,0.958333,0.036081,0.036701
0.250000,0.083333,1.000000,-0.000000,-0.000000
0.250000,0.125000,0.000000,0.000000,0.000000
0.250000,0.125000,0.041667,0.052984,0.053521
0.250000,0.125000,0.083333,0.105460,0.106125
0.250000,0.125000,0.125000,0.156359,0.156914
0.250000,0.125000,0.166667,0.204695,0.205019
0.250000,0.125000,0.208333,0.249570,0.249615
0.250000,0.125000,0.250000,0.290181,0.289940
0.250000,0.125000,0.291667,0.325816,0.325304
0.250000,0.125000,0.333333,0.355862,0.355103
0.250000,0.125000,0.375000,0.379804,0.378825
0.250000,0.125000,0.416667,0.397233,0.396066
0.250000,0.125000,0.458333,0.407844,0.406529
0.250000,0.125000,0.500000,0.411448,0.410037
0.250000,0.125000,0.541667,0.407969,0.406529
0.250000,0.125000,0.583333,0.397451,0.396066
0.250000,0.125000,0.625000,0.380059,0.378825
0.250000,0.125000,0.666667,0.356080,0.355103
0.250000,0.125000,0.708333,0.325925,0.325304
0.250000,0.125000,0.750000,0.290124,0.289940
0.250000,0.125000,0.791667,0.249322,0.249615
0.250000,0.125000,0.833333,0.204277,0.205019
0.250000,0.125000,0.875000,0.155844,0.156914
0.250000,0.125000,0.916667,0.104969,0.106125
0.250000,0.125000,0.958333,0.052665,0.053521
0.250000,0.125000,1.000000,-0.000000,-0.000000
0.250000,0.166667,0.000000,0.000000,0.000000
0.250000,0.166667,0.041667,0.067954,0.068589
0.250000,0.166667,0.083333,0.135231,0.136004
0.250000,0.166667,0.125000,0.200468,0.201091
0.250000,0.166667,0.166667,0.262403,0.262739
0.250000,0.166667,0.208333,0.319888,0.319890
0.250000,0.166667,0.250000,0.371889,0.371569
0.250000,0.166667,0.291667,0.417496,0.416889
0.250000,0.166667,0.333333,0.455926,0.455077
0.250000,0.166667,0.375000,0.486526,0.485478
0.250000,0.166667,0.416667,0.508779,0.507572
0.250000,0.166667,0.458333,0.522308,0.520982
0.250000,0.166667,0.500000,0.526878,0.525477
0.250000,0.166667,0.541667,0.522402,0.520982
0.250000,0.166667,0.583333,0.508939,0.507572
0.250000,0.166667,0.625000,0.486700,0.485478
0.250000,0.166667,0.666667,0.456049,0.455077
0.250000,0.166667,0.708333,0.417502,0.416889
0.250000,0.166667,0.750000,0.371728,0.371569
0.250000,0.166667,0.791667,0.319544,0.319890
0.250000,0.166667,0.833333,0.261908,0.262739
0.250000,0.166667,0.875000,0.199900,0.201091
0.250000,0.166667,0.916667,0.134714,0.136003
0.250000,0.166667,0.958333,0.067630,0.068588
0.250000,0.166667,1.000000,-0.000000,-0.000000
0.250000,0.208333,0.000000,0.000000,0.000000
0.250000,0.208333,0.041667,0.080750,0.081460
0.250000,0.208333,0.083333,0.160663,0.161525
0.250000,0.208333,0.125000,0.238131,0.238827
0.250000,0.208333,0.166667,0.311662,0.312043
0.250000,0.208333,0.208333,0.379894,0.379919
0.250000,0.208333,0.250000,0.441604,0.441295
0.250000,0.208333,0.291667,0.495711,0.495121
0.250000,0.208333,0.333333,0.541287,0.540474
0.250000,0.208333,0.375000,0.577560,0.576580
0.250000,0.208333,0.416667,0.603923,0.602821
0.250000,0.208333,0.458333,0.619937,0.618747
0.250000,0.208333,0.500000,0.625334,0.624086
0.250000,0.208333,0.541667,0.620016,0.618747
0.250000,0.208333,0.583333,0.604061,0.602821
0.250000,0.208333,0.625000,0.577719,0.576580
0.250000,0.208333,0.666667,0.541417,0.540474
0.250000,0.208333,0.708333,0.495760,0.495121
0.250000,0.208333,0.750000,0.441532,0.441295
0.250000,0.208333,0.791667,0.379688,0.379919
0.250000,0.208333,0.833333,0.311344,0.312043
0.250000,0.208333,0.875000,0.237762,0.238827
0.250000,0.208333,0.916667,0.160334,0.161525
0.250000,0.208333,0.958333,0.080555,0.081459
0.250000,0.208333,1.000000,-0.000000,-0.000000
0.250000,0.250000,0.000000,0.000000,0.000000
0.250000,0.250000,0.041667,0.091042,0.091795
0.250000,0.250000,0.083333,0.181091,0.182020
0.250000,0.250000,0.125000,0.268351,0.269130
0.250000,0.250000,0.166667,0.351156,0.351636
0.250000,0.250000,0.208333,0.427983,0.428125
0.250000,0.250000,0.250000,0.497460,0.497288
0.250000,0.250000,0.291667,0.558378,0.557943
0.250000,0.250000,0.333333,0.609691,0.609051
0.250000,0.250000,0.375000,0.650529,0.649738
0.250000,0.250000,0.416667,0.680207,0.679308
0.250000,0.250000,0.458333,0.698229,0.697255
0.250000,0.250000,0.500000,0.704294,0.703272
0.250000,0.250000,0.541667,0.698299,0.697255
0.250000,0.250000,0.583333,0.680337,0.679308
0.250000,0.250000,0.625000,0.650696,0.649738
0.250000,0.250000,0.666667,0.609865,0.609051
0.250000,0.250000,0.708333,0.558525,0.557943
0.250000,0.250000,0.750000,0.497553,0.497288
0.250000,0.250000,0.791667,0.428008,0.428125
0.250000,0.250000,0.833333,0.351125,0.351636
0.250000,0.250000,0.875000,0.268297,0.269130
0.250000,0.250000,0.916667,0.181053,0.182020
0.250000,0.250000,0.958333,0.091041,0.091795
0.250000,0.250000,1.000000,-0.000000,-0.000000
0.250000,0.291667,0.000000,0.000000,0.000000
0.250000,0.291667,0.041667,0.098630,0.099379
0.250000,0.291667,0.083333,0.196121,0.197057
0.250000,0.291667,0.125000,0.290551,0.291364
0.250000,0.291667,0.166667,0.380134,0.380686
0.250000,0.291667,0.208333,0.463237,0.463493
0.250000,0.291667,0.250000,0.538389,0.538371
0.250000,0.291667,0.291667,0.604290,0.604036
0.250000,0.291667,0.333333,0.659815,0.659367
0.250000,0.291667,0.375000,0.704020,0.703415
0.250000,0.291667,0.416667,0.736153,0.735428
0.250000,0.291667,0.458333,0.755667,0.754857
0.250000,0.291667,0.500000,0.762224,0.761371
0.250000,0.291667,0.541667,0.755711,0.754857
0.250000,0.291667,0.583333,0.736236,0.735428
0.250000,0.291667,0.625000,0.704128,0.703415
0.250000,0.291667,0.666667,0.659934,0.659367
0.250000,0.291667,0.708333,0.604407,0.604036
0.250000,0.291667,0.750000,0.538497,0.538371
0.250000,0.291667,0.791667,0.463342,0.463493
0.250000,0.291667,0.833333,0.380253,0.380686
0.250000,0.291667,0.875000,0.290699,0.291364
0.250000,0.291667,0.916667,0.196297,0.197057
0.250000,0.291667,0.958333,0.098784,0.099379
0.250000,0.291667,1.000000,-0.000000,-0.000000
0.250000,0.333333,0.000000,0.000000,0.000000
0.250000,0.333333,0.041667,0.103434,0.104121
0.250000,0.333333,0.083333,0.205606,0.206460
0.250000,0.333333,0.125000,0.304530,0.305266
0.250000,0.333333,0.166667,0.398354,0.398849
0.250000,0.333333,0.208333,0.485377,0.485608
0.250000,0.333333,0.250000,0.564070,0.564058
0.250000,0.333333,0.291667,0.633077,0.632857
0.250000,0.333333,0.333333,0.691222,0.690827
0.250000,0.333333,0.375000,0.737519,0.736977
0.250000,0.333333,0.416667,0.771175,0.770518
0.250000,0.333333,0.458333,0.791605,0.790874
0.250000,0.333333,0.500000,0.798450,0.797698
0.250000,0.333333,0.541667,0.791583,0.790874
0.250000,0.333333,0.583333,0.771124,0.770518
0.250000,0.333333,0.625000,0.737433,0.736977
0.250000,0.333333,0.666667,0.691099,0.690827
0.250000,0.333333,0.708333,0.632931,0.632857
0.250000,0.333333,0.750000,0.563932,0.564058
0.250000,0.333333,0.791667,0.485289,0.485608
0.250000,0.333333,0.833333,0.398359,0.398849
0.250000,0.333333,0.875000,0.304650,0.305266
0.250000,0.333333,0.916667,0.205818,0.206459
0.250000,0.333333,0.958333,0.103640,0.104120
0.250000,0.333333,1.000000,-0.000000,-0.000000
0.250000,0.375000,0.000000,0.000000,0.000000
0.250000,0.375000,0.041667,0.105487,0.106057
0.250000,0.375000,0.083333,0.209621,0.210300
0.250000,0.375000,0.125000,0.310412,0.310944
0.250000,0.375000,0.166667,0.405989,0.406268
0.250000,0.375000,0.208333,0.494629,0.494641
0.250000,0.375000,0.250000,0.574771,0.574550
0.250000,0.375000,0.291667,0.645030,0.644629
0.250000,0.375000,0.333333,0.704207,0.703677
0.250000,0.375000,0.375000,0.751298,0.750686
0.250000,0.375000,0.416667,0.785504,0.784850
0.250000,0.375000,0.458333,0.806239,0.805585
0.250000,0.375000,0.500000,0.813144,0.812537
0.250000,0.375000,0.541667,0.806096,0.805585
0.250000,0.375000,0.583333,0.785217,0.784850
0.250000,0.375000,0.625000,0.750874,0.750686
0.250000,0.375000,0.666667,0.703670,0.703677
0.250000,0.375000,0.708333,0.644429,0.644629
0.250000,0.375000,0.750000,0.574180,0.574550
0.250000,0.375000,0.791667,0.494132,0.494641
0.250000,0.375000,0.833333,0.405662,0.406268
0.250000,0.375000,0.875000,0.310295,0.310944
0.250000,0.375000,0.916667,0.209695,0.210300
0.250000,0.375000,0.958333,0.105638,0.106057
0.250000,0.375000,1.000000,-0.000000,-0.000000
0.250000,0.416667,0.000000,0.000000,0.000000
0.250000,0.416667,0.041667,0.104931,0.105344
0.250000,0.416667,0.083333,0.208443,0.208885
0.250000,0.416667,0.125000,0.308593,0.308853
0.250000,0.416667,0.166667,0.403546,0.403535
0.250000,0.416667,0.208333,0.491596,0.491313
0.250000,0.416667,0.250000,0.571189,0.570685
0.250000,0.416667,0.291667,0.640943,0.640292
0.250000,0.416667,0.333333,0.699659,0.698944
0.250000,0.416667,0.375000,0.746344,0.745636
0.250000,0.416667,0.416667,0.780213,0.779570
0.250000,0.416667,0.458333,0.800705,0.800166
0.250000,0.416667,0.500000,0.807479,0.807071
0.250000,0.416667,0.541667,0.800428,0.800166
0.250000,0.416667,0.583333,0.779674,0.779570
0.250000,0.416667,0.625000,0.745572,0.745636
0.250000,0.416667,0.666667,0.698711,0.698944
0.250000,0.416667,0.708333,0.639897,0.640292
0.250000,0.416667,0.750000,0.570149,0.570685
0.250000,0.416667,0.791667,0.490672,0.491313
0.250000,0.416667,0.833333,0.402838,0.403535
0.250000,0.416667,0.875000,0.308163,0.308852
0.250000,0.416667,0.916667,0.208288,0.208885
0.250000,0.416667,0.958333,0.104958,0.105344
0.250000,0.416667,1.000000,-0.000000,-0.000000
0.250000,0.458333,0.000000,0.000000,0.000000
0.250000,0.458333,0.041667,0.101993,0.102237
0.250000,0.458333,0.083333,0.202521,0.202725
0.250000,0.458333,0.125000,0.299732,0.299744
0.250000,0.458333,0.166667,0.391870,0.391634
0.250000,0.458333,0.208333,0.477296,0.476824
0.250000,0.458333,0.250000,0.554509,0.553855
0.250000,0.458333,0.291667,0.622165,0.621409
0.250000,0.458333,0.333333,0.679104,0.678331
0.250000,0.458333,0.375000,0.724356,0.723646
0.250000,0.458333,0.416667,0.757165,0.756580
0.250000,0.458333,0.458333,0.776991,0.776568
0.250000,0.458333,0.500000,0.783514,0.783269
0.250000,0.458333,0.541667,0.776637,0.776568
0.250000,0.458333,0.583333,0.756485,0.756580
0.250000,0.458333,0.625000,0.723400,0.723646
0.250000,0.458333,0.666667,0.677945,0.678331
0.250000,0.458333,0.708333,0.620898,0.621409
0.250000,0.458333,0.750000,0.553238,0.553855
0.250000,0.458333,0.791667,0.476134,0.476824
0.250000,0.458333,0.833333,0.390920,0.391634
0.250000,0.458333,0.875000,0.299068,0.299744
0.250000,0.458333,0.916667,0.202169,0.202725
0.250000,0.458333,0.958333,0.101898,0.102237
0.250000,0.458333,1.000000,-0.000000,-0.000000
0.250000,0.500000,0.000000,0.000000,0.000000
0.250000,0.500000,0.041667,0.096973,0.097075
0.250000,0.500000,0.083333,0.192460,0.192489
0.250000,0.500000,0.125000,0.284744,0.284610
0.250000,0.500000,0.166667,0.372184,0.371861
0.250000,0.500000,0.208333,0.453242,0.452749
0.250000,0.500000,0.250000,0.526506,0.525891
0.250000,0.500000,0.291667,0.590710,0.590034
0.250000,0.500000,0.333333,0.644749,0.644082
0.250000,0.500000,0.375000,0.687704,0.687109
0.250000,0.500000,0.416667,0.718850,0.718380
0.250000,0.500000,0.458333,0.737668,0.737359
0.250000,0.500000,0.500000,0.743852,0.743722
0.250000,0.500000,0.541667,0.737312,0.737359
0.250000,0.500000,0.583333,0.718170,0.718380
0.250000,0.500000,0.625000,0.686757,0.687109
0.250000,0.500000,0.666667,0.643609,0.644082
0.250000,0.500000,0.708333,0.589465,0.590034
0.250000,0.500000,0.750000,0.525250,0.525891
0.250000,0.500000,0.791667,0.452073,0.452749
0.250000,0.500000,0.833333,0.371195,0.371861
0.250000,0.500000,0.875000,0.284015,0.284610
0.250000,0.500000,0.916667,0.192033,0.192489
0.250000,0.500000,0.958333,0.096821,0.097075
0.250000,0.500000,1.000000,-0.000000,-0.000000
0.250000,0.541667,0.000000,0.000000,0.000000
0.250000,0.541667,0.041667,0.090243,0.090252
0.250000,0.541667,0.083333,0.179020,0.178960
0.250000,0.541667,0.125000,0.264775,0.264606
0.250000,0.541667,0.166667,0.346013,0.345725
0.250000,0.541667,0.208333,0.421320,0.420928
0.250000,0.541667,0.250000,0.489395,0.488929
0.250000,0.541667,0.291667,0.549062,0.548564
0.250000,0.541667,0.333333,0.599298,0.598813
0.250000,0.541667,0.375000,0.639241,0.638816
0.250000,0.541667,0.416667,0.668213,0.667889
0.250000,0.541667,0.458333,0.685724,0.685534
0.250000,0.541667,0.500000,0.691484,0.691450
0.250000,0.541667,0.541667,0.685405,0.685534
0.250000,0.541667,0.583333,0.667603,0.667889
0.250000,0.541667,0.625000,0.638390,0.638816
0.250000,0.541667,0.666667,0.598273,0.598813
0.250000,0.541667,0.708333,0.547943,0.548564
0.250000,0.541667,0.750000,0.488267,0.488929
0.250000,0.541667,0.791667,0.420274,0.420928
0.250000,0.541667,0.833333,0.345136,0.345725
0.250000,0.541667,0.875000,0.264139,0.264606
0.250000,0.541667,0.916667,0.178660,0.178960
0.250000,0.541667,0.958333,0.090128,0.090252
0.250000,0.541667,1.000000,-0.000000,-0.000000
0.250000,0.583333,0.000000,0.000000,0.000000
0.250000,0.583333,0.041667,0.082234,0.082191
0.250000,0.583333,0.083333,0.163058,0.162976
0.250000,0.583333,0.125000,0.241102,0.240972
0.250000,0.583333,0.166667,0.315031,0.314845
0.250000,0.583333,0.208333,0.383574,0.383331
0.250000,0.583333,0.250000,0.445549,0.445258
0.250000,0.583333,0.291667,0.499886,0.499566
0.250000,0.583333,0.333333,0.545648,0.545327
0.250000,0.583333,0.375000,0.582045,0.581757
0.250000,0.583333,0.416667,0.608450,0.608234
0.250000,0.583333,0.458333,0.624411,0.624303
0.250000,0.583333,0.500000,0.629660,0.629690
0.250000,0.583333,0.541667,0.624114,0.624303
0.250000,0.583333,0.583333,0.607881,0.608234
0.250000,0.583333,0.625000,0.581253,0.581757
0.250000,0.583333,0.666667,0.544703,0.545327
0.250000,0.583333,0.708333,0.498873,0.499566
0.250000,0.583333,0.750000,0.444560,0.445258
0.250000,0.583333,0.791667,0.382702,0.383331
0.250000,0.583333,0.833333,0.314357,0.314845
0.250000,0.583333,0.875000,0.240678,0.240972
0.250000,0.583333,0.916667,0.162884,0.162976
0.250000,0.583333,0.958333,0.082235,0.082191
0.250000,0.583333,1.000000,-0.000000,-0.000000
0.250000,0.625000,0.000000,0.000000,0.000000
0.250000,0.625000,0.041667,0.073387,0.073314
0.250000,0.625000,0.083333,0.145447,0.145374
0.250000,0.625000,0.125000,0.215007,0.214946
0.250000,0.625000,0.166667,0.280906,0.280841
0.250000,0.625000,0.208333,0.342024,0.341930
0.250000,0.625000,0.250000,0.397308,0.397169
0.250000,0.625000,0.291667,0.445798,0.445612
0.250000,0.625000,0.333333,0.486648,0.486431
0.250000,0.625000,0.375000,0.519143,0.518927
0.250000,0.625000,0.416667,0.542716,0.542543
0.250000,0.625000,0.458333,0.556958,0.556877
0.250000,0.625000,0.500000,0.561627,0.561682
0.250000,0.625000,0.541667,0.556652,0.556877
0.250000,0.625000,0.583333,0.542138,0.542543
0.250000,0.625000,0.625000,0.518355,0.518927
0.250000,0.625000,0.666667,0.485739,0.486431
0.250000,0.625000,0.708333,0.444873,0.445612
0.250000,0.625000,0.750000,0.396474,0.397169
0.250000,0.625000,0.791667,0.341376,0.341930
0.250000,0.625000,0.833333,0.280509,0.280841
0.250000,0.625000,0.875000,0.214874,0.214946
0.250000,0.625000,0.916667,0.145526,0.145374
0.250000,0.625000,0.958333,0.073542,0.073314
0.250000,0.625000,1.000000,-0.000000,-0.000000
0.250000,0.666667,0.000000,0.000000,0.000000
0.250000,0.666667,0.041667,0.064117,0.064019
0.250000,0.666667,0.083333,0.127004,0.126942
0.250000,0.666667,0.125000,0.187690,0.187693
0.250000,0.666667,0.166667,0.245192,0.245233
0.250000,0.666667,0.208333,0.298543,0.298577
0.250000,0.666667,0.250000,0.346825,0.346812
0.250000,0.666667,0.291667,0.389191,0.389113
0.250000,0.666667,0.333333,0.424893,0.424756
0.250000,0.666667,0.375000,0.453295,0.453131
0.250000,0.666667,0.416667,0.473895,0.473753
0.250000,0.666667,0.458333,0.486330,0.486270
0.250000,0.666667,0.500000,0.490391,0.490466
0.250000,0.666667,0.541667,0.486020,0.486270
0.250000,0.666667,0.583333,0.473318,0.473753
0.250000,0.666667,0.625000,0.452532,0.453131
0.250000,0.666667,0.666667,0.424052,0.424756
0.250000,0.666667,0.708333,0.388396,0.389113
0.250000,0.666667,0.750000,0.346192,0.346812
0.250000,0.666667,0.791667,0.298163,0.298576
0.250000,0.666667,0.833333,0.245105,0.245233
0.250000,0.666667,0.875000,0.187871,0.187693
0.250000,0.666667,0.916667,0.127346,0.126942
0.250000,0.666667,0.958333,0.064426,0.064019
0.250000,0.666667,1.000000,-0.000000,-0.000000
0.250000,0.708333,0.000000,0.000000,0.000000
0.250000,0.708333,0.041667,0.054789,0.054651
0.250000,0.708333,0.083333,0.108450,0.108367
0.250000,0.708333,0.125000,0.160204,0.160229
0.250000,0.708333,0.166667,0.209244,0.209349
0.250000,0.708333,0.208333,0.254761,0.254887
0.250000,0.708333,0.250000,0.295972,0.296064
0.250000,0.708333,0.291667,0.332149,0.332175
0.250000,0.708333,0.333333,0.362644,0.362603
0.250000,0.708333,0.375000,0.386906,0.386826
0.250000,0.708333,0.416667,0.404498,0.404431
0.250000,0.708333,0.458333,0.415110,0.415115
0.250000,0.708333,0.500000,0.418563,0.418697
0.250000,0.708333,0.541667,0.414813,0.415115
0.250000,0.708333,0.583333,0.403954,0.404431
0.250000,0.708333,0.625000,0.386206,0.386826
0.250000,0.708333,0.666667,0.361909,0.362603
0.250000,0.708333,0.708333,0.331512,0.332175
0.250000,0.708333,0.750000,0.295552,0.296064
0.250000,0.708333,0.791667,0.254640,0.254887
0.250000,0.708333,0.833333,0.209440,0.209349
0.250000,0.708333,0.875000,0.160657,0.160228
0.250000,0.708333,0.916667,0.109011,0.108367
0.250000,0.708333,0.958333,0.055223,0.054651
0.250000,0.708333,1.000000,-0.000000,-0.000000
0.250000,0.750000,0.000000,0.000000,0.000000
0.250000,0.750000,0.041667,0.045697,0.045490
0.250000,0.750000,0.083333,0.090360,0.090201
0.250000,0.750000,0.125000,0.133395,0.133369
0.250000,0.750000,0.166667,0.174164,0.174255
0.250000,0.750000,0.208333,0.212012,0.212159
0.250000,0.750000,0.250000,0.246293,0.246434
0.250000,0.750000,0.291667,0.276398,0.276491
0.250000,0.750000,0.333333,0.301779,0.301818
0.250000,0.750000,0.375000,0.321971,0.321981
0.250000,0.750000,0.416667,0.336606,0.336635
0.250000,0.750000,0.458333,0.345423,0.345528
0.250000,0.750000,0.500000,0.348276,0.348510
0.250000,0.750000,0.541667,0.345134,0.345528
0.250000,0.750000,0.583333,0.336082,0.336635
0.250000,0.750000,0.625000,0.321314,0.321981
0.250000,0.750000,0.666667,0.301118,0.301818
0.250000,0.750000,0.708333,0.275873,0.276491
0.250000,0.750000,0.750000,0.246024,0.246434
0.250000,0.750000,0.791667,0.212071,0.212159
0.250000,0.750000,0.833333,0.174552,0.174255
0.250000,0.750000,0.875000,0.134025,0.133369
0.250000,0.750000,0.916667,0.091056,0.090201
0.250000,0.750000,0.958333,0.046202,0.045490
0.250000,0.750000,1.000000,-0.000000,-0.000000
0.250000,0.791667,0.000000,0.000000,0.000000
0.250000,0.791667,0.041667,0.037032,0.036732
0.250000,0.791667,0.083333,0.073125,0.072835
0.250000,0.791667,0.125000,0.107850,0.107692
0.250000,0.791667,0.166667,0.140729,0.140706
0.250000,0.791667,0.208333,0.171251,0.171313
0.250000,0.791667,0.250000,0.198903,0.198988
0.250000,0.791667,0.291667,0.223192,0.223259
0.250000,0.791667,0.333333,0.243670,0.243710
0.250000,0.791667,0.375000,0.259956,0.259991
0.250000,0.791667,0.416667,0.271748,0.271823
0.250000,0.791667,0.458333,0.278837,0.279005
0.250000,0.791667,0.500000,0.281107,0.281412
0.250000,0.791667,0.541667,0.278542,0.279005
0.250000,0.791667,0.583333,0.271217,0.271823
0.250000,0.791667,0.625000,0.259295,0.259991
0.250000,0.791667,0.666667,0.243018,0.243710
0.250000,0.791667,0.708333,0.222690,0.223259
0.250000,0.791667,0.750000,0.198669,0.198988
0.250000,0.791667,0.791667,0.171349,0.171313
0.250000,0.791667,0.833333,0.141148,0.140706
0.250000,0.791667,0.875000,0.108495,0.107692
0.250000,0.791667,0.916667,0.073814,0.072835
0.250000,0.791667,0.958333,0.037519,0.036732
0.250000,0.791667,1.000000,-0.000000,-0.000000
0.250000,0.833333,0.000000,0.000000,0.000000
0.250000,0.833333,0.041667,0.028874,0.028487
0.250000,0.833333,0.083333,0.056917,0.056486
0.250000,0.833333,0.125000,0.083842,0.083519
0.250000,0.833333,0.166667,0.109309,0.109122
0.250000,0.833333,0.208333,0.132943,0.132859
0.250000,0.833333,0.250000,0.154354,0.154322
0.250000,0.833333,0.291667,0.173162,0.173145
0.250000,0.833333,0.333333,0.189016,0.189005
0.250000,0.833333,0.375000,0.201618,0.201632
0.250000,0.833333,0.416667,0.210732,0.210808
0.250000,0.833333,0.458333,0.216195,0.216377
0.250000,0.833333,0.500000,0.217922,0.218245
0.250000,0.833333,0.541667,0.215903,0.216377
0.250000,0.833333,0.583333,0.210204,0.210808
0.250000,0.833333,0.625000,0.200956,0.201632
0.250000,0.833333,0.666667,0.188348,0.189005
0.250000,0.833333,0.708333,0.172619,0.173145
0.250000,0.833333,0.750000,0.154044,0.154322
0.250000,0.833333,0.791667,0.132922,0.132859
0.250000,0.833333,0.833333,0.109568,0.109122
0.250000,0.833333,0.875000,0.084298,0.083519
0.250000,0.833333,0.916667,0.057421,0.056486
0.250000,0.833333,0.958333,0.029232,0.028487
0.250000,0.833333,1.000000,-0.000000,-0.000000
0.250000,0.875000,0.000000,0.000000,0.000000
0.250000,0.875000,0.041667,0.021200,0.020778
0.250000,0.875000,0.083333,0.041702,0.041200
0.250000,0.875000,0.125000,0.061331,0.060917
0.250000,0.875000,0.166667,0.079870,0.079591
0.250000,0.875000,0.208333,0.097063,0.096904
0.250000,0.875000,0.250000,0.112637,0.112559
0.250000,0.875000,0.291667,0.126321,0.126288
0.250000,0.875000,0.333333,0.137859,0.137856
0.250000,0.875000,0.375000,0.147032,0.147066
0.250000,0.875000,0.416667,0.153663,0.153759
0.250000,0.875000,0.458333,0.157634,0.157821
0.250000,0.875000,0.500000,0.158879,0.159183
0.250000,0.875000,0.541667,0.157394,0.157821
0.250000,0.875000,0.583333,0.153226,0.153759
0.250000,0.875000,0.625000,0.146473,0.147066
0.250000,0.875000,0.666667,0.137277,0.137856
0.250000,0.875000,0.708333,0.125812,0.126288
0.250000,0.875000,0.750000,0.112283,0.112559
0.250000,0.875000,0.791667,0.096906,0.096904
0.250000,0.875000,0.833333,0.079908,0.079591
0.250000,0.875000,0.875000,0.061513,0.060917
0.250000,0.875000,0.916667,0.041935,0.041199
0.250000,0.875000,0.958333,0.021372,0.020777
0.250000,0.875000,1.000000,-0.000000,-0.000000
0.250000,0.916667,0.000000,0.000000,0.000000
0.250000,0.916667,0.041667,0.013916,0.013548
0.250000,0.916667,0.083333,0.027306,0.026865
0.250000,0.916667,0.125000,0.040083,0.039722
0.250000,0.916667,0.166667,0.052128,0.051899
0.250000,0.916667,0.208333,0.063292,0.063189
0.250000,0.916667,0.250000,0.073410,0.073397
0.250000,0.916667,0.291667,0.082310,0.082349
0.250000,0.916667,0.333333,0.089827,0.089892
0.250000,0.916667,0.375000,0.095814,0.095898
0.250000,0.916667,0.416667,0.100152,0.100262
0.250000,0.916667,0.458333,0.102755,0.102911
0.250000,0.916667,0.500000,0.103578,0.103799
0.250000,0.916667,0.541667,0.102614,0.102911
0.250000,0.916667,0.583333,0.099892,0.100262
0.250000,0.916667,0.625000,0.095478,0.095898
0.250000,0.916667,0.666667,0.089467,0.089892
0.250000,0.916667,0.708333,0.081978,0.082349
0.250000,0.916667,0.750000,0.073147,0.073397
0.250000,0.916667,0.791667,0.063120,0.063189
0.250000,0.916667,0.833333,0.052047,0.051899
0.250000,0.916667,0.875000,0.040071,0.039722
0.250000,0.916667,0.916667,0.027327,0.026865
0.250000,0.916667,0.958333,0.013936,0.013548
0.250000,0.916667,1.000000,-0.000000,-0.000000
0.250000,0.958333,0.000000,0.000000,0.000000
0.250000,0.958333,0.041667,0.006900,0.006678
0.250000,0.958333,0.083333,0.013503,0.013243
0.250000,0.958333,0.125000,0.019782,0.019580
0.250000,0.958333,0.166667,0.025690,0.025583
0.250000,0.958333,0.208333,0.031166,0.031148
0.250000,0.958333,0.250000,0.036135,0.036180
0.250000,0.958333,0.291667,0.040516,0.040592
0.250000,0.958333,0.333333,0.044228,0.044311
0.250000,0.958333,0.375000,0.047194,0.047271
0.250000,0.958333,0.416667,0.049351,0.049422
0.250000,0.958333,0.458333,0.050652,0.050728
0.250000,0.958333,0.500000,0.051070,0.051166
0.250000,0.958333,0.541667,0.050600,0.050728
0.250000,0.958333,0.583333,0.049256,0.049422
0.250000,0.958333,0.625000,0.047072,0.047271
0.250000,0.958333,0.666667,0.044096,0.044311
0.250000,0.958333,0.708333,0.040392,0.040592
0.250000,0.958333,0.750000,0.036030,0.036180
0.250000,0.958333,0.791667,0.031084,0.031148
0.250000,0.958333,0.833333,0.025630,0.025583
0.250000,0.958333,0.875000,0.019737,0.019580
0.250000,0.958333,0.916667,0.013468,0.013243
0.250000,0.958333,0.958333,0.006875,0.006678
0.250000,0.958333,1.000000,-0.000000,-0.000000
0.250000,1.000000,0.000000,0.000000,0.000000
0.250000,1.000000,0.041667,0.000000,-0.000000
0.250000,1.000000,0.083333,0.000000,-0.000000
0.250000,1.000000,0.125000,0.000000,-0.000000
0.250000,1.000000,0.166667,0.000000,-0.000000
0.250000,1.000000,0.208333,0.000000,-0.000000
0.250000,1.000000,0.250000,0.000000,-0.000000
0.250000,1.000000,0.291667,0.000000,-0.000000
0.250000,1.000000,0.333333,0.000000,-0.000000
0.250000,1.000000,0.375000,0.000000,-0.000000
0.250000,1.000000,0.416667,0.000000,-0.000000
0.250000,1.000000,0.458333,0.000000,-0.000000
0.250000,1.000000,0.500000,0.000000,-0.000000
0.250000,1.000000,0.541667,0.000000,-0.000000
0.250000,1.000000,0.583333,0.000000,-0.000000
0.250000,1.000000,0.625000,0.000000,-0.000000
0.250000,1.000000,0.666667,0.000000,-0.000000
0.250000,1.000000,0.708333,0.000000,-0.000000
0.250000,1.000000,0.750000,0.000000,-0.000000
0.250000,1.000000,0.791667,0.000000,-0.000000
0.250000,1.000000,0.833333,0.000000,-0.000000
0.250000,1.000000,0.875000,0.000000,-0.000000
0.250000,1.000000,0.916667,0.000000,-0.000000
0.250000,1.000000,0.958333,0.000000,-0.000000
0.250000,1.000000,1.000000,0.000000,0.000000
0.291667,0.000000,0.000000,0.000000,0.000000
0.291667,0.000000,0.041667,0.000000,0.000000
0.291667,0.000000,0.083333,0.000000,0.000000
0.291667,0.000000,0.125000,0.000000,0.000000
0.291667,0.000000,0.166667,0.000000,0.000000
0.291667,0.000000,0.208333,0.000000,0.000000
0.291667,0.000000,0.250000,0.000000,0.000000
0.291667,0.000000,0.291667,0.000000,0.000000
0.291667,0.000000,0.333333,0.000000,0.000000
0.291667,0.000000,0.375000,0.000000,0.000000
0.291667,0.000000,0.416667,0.000000,0.000000
0.291667,0.000000,0.458333,0.000000,0.000000
0.291667,0.000000,0.500000,0.000000,0.000000
0.291667,0.000000,0.541667,0.000000,0.000000
0.291667,0.000000,0.583333,0.000000,0.000000
0.291667,0.000000,0.625000,0.000000,0.000000
0.291667,0.000000,0.666667,0.000000,0.000000
0.291667,0.000000,0.708333,0.000000,0.000000
0.291667,0.000000,0.750000,0.000000,0.000000
0.291667,0.000000,0.791667,0.000000,0.000000
0.291667,0.000000,0.833333,0.000000,0.000000
0.291667,0.000000,0.875000,0.000000,0.000000
0.291667,0.000000,0.916667,0.000000,0.000000
0.291667,0.000000,0.958333,0.000000,0.000000
0.291667,0.000000,1.000000,-0.000000,-0.000000
0.291667,0.041667,0.000000,0.000000,0.000000
0.291667,0.041667,0.041667,0.016971,0.017103
0.291667,0.041667,0.083333,0.033768,0.033913
0.291667,0.041667,0.125000,0.050043,0.050142
0.291667,0.041667,0.166667,0.065476,0.065514
0.291667,0.041667,0.208333,0.079784,0.079765
0.291667,0.041667,0.250000,0.092718,0.092651
0.291667,0.041667,0.291667,0.104059,0.103952
0.291667,0.041667,0.333333,0.113620,0.113474
0.291667,0.041667,0.375000,0.121244,0.121054
0.291667,0.041667,0.416667,0.126803,0.126563
0.291667,0.041667,0.458333,0.130202,0.129907
0.291667,0.041667,0.500000,0.131377,0.131028
0.291667,0.041667,0.541667,0.130302,0.129907
0.291667,0.041667,0.583333,0.126983,0.126563
0.291667,0.041667,0.625000,0.121469,0.121054
0.291667,0.041667,0.666667,0.113845,0.113474
0.291667,0.041667,0.708333,0.104236,0.103952
0.291667,0.041667,0.750000,0.092810,0.092651
0.291667,0.041667,0.791667,0.079770,0.079765
0.291667,0.041667,0.833333,0.065360,0.065514
0.291667,0.041667,0.875000,0.049858,0.050142
0.291667,0.041667,0.916667,0.033572,0.033913
0.291667,0.041667,0.958333,0.016835,0.017103
0.291667,0.041667,1.000000,-0.000000,-0.000000
0.291667,0.083333,0.000000,0.000000,0.000000
0.291667,0.083333,0.041667,0.033428,0.033655
0.291667,0.083333,0.083333,0.066496,0.066735
0.291667,0.083333,0.125000,0.098523,0.098672
0.291667,0.083333,0.166667,0.128889,0.128921
0.291667,0.083333,0.208333,0.157040,0.156965
0.291667,0.083333,0.250000,0.182484,0.182322
0.291667,0.083333,0.291667,0.204793,0.204561
0.291667,0.083333,0.333333,0.223598,0.223299
0.291667,0.083333,0.375000,0.238588,0.238216
0.291667,0.083333,0.416667,0.249514,0.249057
0.291667,0.083333,0.458333,0.256188,0.255637
0.291667,0.083333,0.500000,0.258489,0.257843
0.291667,0.083333,0.541667,0.256362,0.255637
0.291667,0.083333,0.583333,0.249825,0.249057
0.291667,0.083333,0.625000,0.238972,0.238216
0.291667,0.083333,0.666667,0.223971,0.223298
0.291667,0.083333,0.708333,0.205070,0.204561
0.291667,0.083333,0.750000,0.182595,0.182322
0.291667,0.083333,0.791667,0.156949,0.156965
0.291667,0.083333,0.833333,0.128608,0.128921
0.291667,0.083333,0.875000,0.098117,0.098672
0.291667,0.083333,0.916667,0.066078,0.066735
0.291667,0.083333,0.958333,0.033142,0.033655
0.291667,0.083333,1.000000,-0.000000,-0.000000
0.291667,0.125000,0.000000,0.000000,0.000000
0.291667,0.125000,0.041667,0.048858,0.049135
0.291667,0.125000,0.083333,0.097169,0.097429
0.291667,0.125000,0.125000,0.143944,0.144056
0.291667,0.125000,0.166667,0.188282,0.188219
0.291667,0.125000,0.208333,0.229373,0.229161
0.291667,0.125000,0.250000,0.266500,0.266181
0.291667,0.125000,0.291667,0.299037,0.298648
0.291667,0.125000,0.333333,0.326444,0.326004
0.291667,0.125000,0.375000,0.348274,0.347783
0.291667,0.125000,0.416667,0.364168,0.363611
0.291667,0.125000,0.458333,0.373858,0.373217
0.291667,0.125000,0.500000,0.377172,0.376437
0.291667,0.125000,0.541667,0.374036,0.373217
0.291667,0.125000,0.583333,0.364480,0.363611
0.291667,0.125000,0.625000,0.348640,0.347783
0.291667,0.125000,0.666667,0.326761,0.326004
0.291667,0.125000,0.708333,0.299203,0.298648
0.291667,0.125000,0.750000,0.266438,0.266181
0.291667,0.125000,0.791667,0.229049,0.229160
0.291667,0.125000,0.833333,0.187727,0.188219
0.291667,0.125000,0.875000,0.143257,0.144056
0.291667,0.125000,0.916667,0.096511,0.097429
0.291667,0.125000,0.958333,0.048427,0.049135
0.291667,0.125000,1.000000,-0.000000,-0.000000
0.291667,0.166667,0.000000,0.000000,0.000000
0.291667,0.166667,0.041667,0.062775,0.063071
0.291667,0.166667,0.083333,0.124826,0.125063
0.291667,0.166667,0.125000,0.184890,0.184914
0.291667,0.166667,0.166667,0.241812,0.241602
0.291667,0.166667,0.208333,0.294551,0.294156
0.291667,0.166667,0.250000,0.342185,0.341677
0.291667,0.166667,0.291667,0.383907,0.383352
0.291667,0.166667,0.333333,0.419028,0.418468
0.291667,0.166667,0.375000,0.446979,0.446423
0.291667,0.166667,0.416667,0.467305,0.466740
0.291667,0.166667,0.458333,0.479675,0.479071
0.291667,0.166667,0.500000,0.483875,0.483205
0.291667,0.166667,0.541667,0.479820,0.479071
0.291667,0.166667,0.583333,0.467551,0.466740
0.291667,0.166667,0.625000,0.447244,0.446423
0.291667,0.166667,0.666667,0.419211,0.418468
0.291667,0.166667,0.708333,0.383909,0.383352
0.291667,0.166667,0.750000,0.341936,0.341677
0.291667,0.166667,0.791667,0.294033,0.294156
0.291667,0.166667,0.833333,0.241072,0.241602
0.291667,0.166667,0.875000,0.184046,0.184914
0.291667,0.166667,0.916667,0.124055,0.125063
0.291667,0.166667,0.958333,0.062288,0.063071
0.291667,0.166667,1.000000,-0.000000,-0.000000
0.291667,0.208333,0.000000,0.000000,0.000000
0.291667,0.208333,0.041667,0.074755,0.075067
0.291667,0.208333,0.083333,0.148622,0.148849
0.291667,0.208333,0.125000,0.220109,0.220084
0.291667,0.208333,0.166667,0.287845,0.287554
0.291667,0.208333,0.208333,0.350594,0.350103
0.291667,0.208333,0.250000,0.407259,0.406663
0.291667,0.208333,0.291667,0.456877,0.456264
0.291667,0.208333,0.333333,0.498629,0.498058
0.291667,0.208333,0.375000,0.531837,0.531330
0.291667,0.208333,0.416667,0.555968,0.555511
0.291667,0.208333,0.458333,0.570631,0.570188
0.291667,0.208333,0.500000,0.575586,0.575108
0.291667,0.208333,0.541667,0.570737,0.570188
0.291667,0.208333,0.583333,0.556142,0.555511
0.291667,0.208333,0.625000,0.532011,0.531330
0.291667,0.208333,0.666667,0.498718,0.498058
0.291667,0.208333,0.708333,0.456802,0.456264
0.291667,0.208333,0.750000,0.406966,0.406663
0.291667,0.208333,0.791667,0.350075,0.350103
0.291667,0.208333,0.833333,0.287149,0.287554
0.291667,0.208333,0.875000,0.219347,0.220084
0.291667,0.208333,0.916667,0.147950,0.148849
0.291667,0.208333,0.958333,0.074344,0.075067
0.291667,0.208333,1.000000,-0.000000,-0.000000
0.291667,0.250000,0.000000,0.000000,0.000000
0.291667,0.250000,0.041667,0.084487,0.084818
0.291667,0.250000,0.083333,0.167937,0.168184
0.291667,0.250000,0.125000,0.248678,0.248673
0.291667,0.250000,0.166667,0.325174,0.324906
0.291667,0.250000,0.208333,0.396038,0.395581
0.291667,0.250000,0.250000,0.460032,0.459487
0.291667,0.250000,0.291667,0.516073,0.515531
0.291667,0.250000,0.333333,0.563231,0.562754
0.291667,0.250000,0.375000,0.600734,0.600349
0.291667,0.250000,0.416667,0.627975,0.627671
0.291667,0.250000,0.458333,0.644512,0.644254
0.291667,0.250000,0.500000,0.650073,0.649813
0.291667,0.250000,0.541667,0.644561,0.644254
0.291667,0.250000,0.583333,0.628050,0.627671
0.291667,0.250000,0.625000,0.600794,0.600349
0.291667,0.250000,0.666667,0.563222,0.562754
0.291667,0.250000,0.708333,0.515947,0.515531
0.291667,0.250000,0.750000,0.459759,0.459487
0.291667,0.250000,0.791667,0.395619,0.395581
0.291667,0.250000,0.833333,0.324653,0.324906
0.291667,0.250000,0.875000,0.248139,0.248673
0.291667,0.250000,0.916667,0.167490,0.168184
0.291667,0.250000,0.958333,0.084235,0.084818
0.291667,0.250000,1.000000,-0.000000,-0.000000
0.291667,0.291667,0.000000,0.000000,0.000000
0.291667,0.291667,0.041667,0.091785,0.092123
0.291667,0.291667,0.083333,0.182402,0.182670
0.291667,0.291667,0.125000,0.270056,0.270091
0.291667,0.291667,0.166667,0.353095,0.352891
0.291667,0.291667,0.208333,0.430023,0.429653
0.291667,0.291667,0.250000,0.499508,0.499064
0.291667,0.291667,0.291667,0.560375,0.559935
0.291667,0.291667,0.333333,0.611614,0.611226
0.291667,0.291667,0.375000,0.652375,0.652058
0.291667,0.291667,0.416667,0.681984,0.681733
0.291667,0.291667,0.458333,0.699947,0.699744
0.291667,0.291667,0.500000,0.705961,0.705782
0.291667,0.291667,0.541667,0.699923,0.699744
0.291667,0.291667,0.583333,0.681928,0.681733
0.291667,0.291667,0.625000,0.652272,0.652058
0.291667,0.291667,0.666667,0.611447,0.611225
0.291667,0.291667,0.708333,0.560131,0.559935
0.291667,0.291667,0.750000,0.499184,0.499064
0.291667,0.291667,0.791667,0.429639,0.429653
0.291667,0.291667,0.833333,0.352695,0.352891
0.291667,0.291667,0.875000,0.269703,0.270091
0.291667,0.291667,0.916667,0.182160,0.182670
0.291667,0.291667,0.958333,0.091684,0.092123
0.291667,0.291667,1.000000,-0.000000,-0.000000
0.291667,0.333333,0.000000,0.000000,0.000000
0.291667,0.333333,0.041667,0.096577,0.096892
0.291667,0.333333,0.083333,0.191885,0.192126
0.291667,0.333333,0.125000,0.284058,0.284073
0.291667,0.333333,0.166667,0.371373,0.371159
0.291667,0.333333,0.208333,0.452267,0.451895
0.291667,0.333333,0.250000,0.525343,0.524898
0.291667,0.333333,0.291667,0.589369,0.588921
0.291667,0.333333,0.333333,0.643279,0.642867
0.291667,0.333333,0.375000,0.686177,0.685813
0.291667,0.333333,0.416667,0.717342,0.717024
0.291667,0.333333,0.458333,0.736240,0.735968
0.291667,0.333333,0.500000,0.742545,0.742318
0.291667,0.333333,0.541667,0.736144,0.735968
0.291667,0.333333,0.583333,0.717146,0.717024
0.291667,0.333333,0.625000,0.685881,0.685813
0.291667,0.333333,0.666667,0.642885,0.642866
0.291667,0.333333,0.708333,0.588892,0.588921
0.291667,0.333333,0.750000,0.524814,0.524898
0.291667,0.333333,0.791667,0.451737,0.451895
0.291667,0.333333,0.833333,0.370905,0.371159
0.291667,0.333333,0.875000,0.283717,0.284073
0.291667,0.333333,0.916667,0.191710,0.192126
0.291667,0.333333,0.958333,0.096549,0.096892
0.291667,0.333333,1.000000,-0.000000,-0.000000
0.291667,0.375000,0.000000,0.000000,0.000000
0.291667,0.375000,0.041667,0.098896,0.099142
0.291667,0.375000,0.083333,0.196454,0.196588
0.291667,0.375000,0.125000,0.290789,0.290670
0.291667,0.375000,0.166667,0.380151,0.379778
0.291667,0.375000,0.208333,0.462939,0.462389
0.291667,0.375000,0.250000,0.537721,0.537087
0.291667,0.375000,0.291667,0.603230,0.602596
0.291667,0.375000,0.333333,0.658374,0.657795
0.291667,0.375000,0.375000,0.702239,0.701738
0.291667,0.375000,0.416667,0.734092,0.733675
0.291667,0.375000,0.458333,0.753393,0.753058
0.291667,0.375000,0.500000,0.759809,0.759556
0.291667,0.375000,0.541667,0.753225,0.753058
0.291667,0.375000,0.583333,0.733749,0.733675
0.291667,0.375000,0.625000,0.701717,0.701738
0.291667,0.375000,0.666667,0.657682,0.657795
0.291667,0.375000,0.708333,0.602401,0.602596
0.291667,0.375000,0.750000,0.536822,0.537087
0.291667,0.375000,0.791667,0.462062,0.462388
0.291667,0.375000,0.833333,0.379398,0.379778
0.291667,0.375000,0.875000,0.290252,0.290669
0.291667,0.375000,0.916667,0.196175,0.196588
0.291667,0.375000,0.958333,0.098836,0.099142
0.291667,0.375000,1.000000,-0.000000,-0.000000
0.291667,0.416667,0.000000,0.000000,0.000000
0.291667,0.416667,0.041667,0.098857,0.098993
0.291667,0.416667,0.083333,0.196328,0.196291
0.291667,0.416667,0.125000,0.290561,0.290232
0.291667,0.416667,0.166667,0.379820,0.379206
0.291667,0.416667,0.208333,0.462510,0.461692
0.291667,0.416667,0.250000,0.537189,0.536278
0.291667,0.416667,0.291667,0.602586,0.601689
0.291667,0.416667,0.333333,0.657606,0.656804
0.291667,0.416667,0.375000,0.701339,0.700681
0.291667,0.416667,0.416667,0.733067,0.732570
0.291667,0.416667,0.458333,0.752269,0.751924
0.291667,0.416667,0.500000,0.758624,0.758412
0.291667,0.416667,0.541667,0.752020,0.751924
0.291667,0.416667,0.583333,0.732561,0.732570
0.291667,0.416667,0.625000,0.700572,0.700681
0.291667,0.416667,0.666667,0.656594,0.656804
0.291667,0.416667,0.708333,0.601381,0.601689
0.291667,0.416667,0.750000,0.535883,0.536278
0.291667,0.416667,0.791667,0.461229,0.461692
0.291667,0.416667,0.833333,0.378704,0.379206
0.291667,0.416667,0.875000,0.289729,0.290232
0.291667,0.416667,0.916667,0.195846,0.196291
0.291667,0.416667,0.958333,0.098695,0.098993
0.291667,0.416667,1.000000,-0.000000,-0.000000
0.291667,0.458333,0.000000,0.000000,0.000000
0.291667,0.458333,0.041667,0.096640,0.096652
0.291667,0.458333,0.083333,0.191857,0.191651
0.291667,0.458333,0.125000,0.283878,0.283370
0.291667,0.458333,0.166667,0.371032,0.370241
0.291667,0.458333,0.208333,0.451769,0.450777
0.291667,0.458333,0.250000,0.524683,0.523600
0.291667,0.458333,0.291667,0.588526,0.587464
0.291667,0.458333,0.333333,0.642224,0.641277
0.291667,0.458333,0.375000,0.684886,0.684116
0.291667,0.458333,0.416667,0.715814,0.715251
0.291667,0.458333,0.458333,0.734506,0.734147
0.291667,0.458333,0.500000,0.740661,0.740482
0.291667,0.458333,0.541667,0.734178,0.734147
0.291667,0.458333,0.583333,0.715161,0.715251
0.291667,0.458333,0.625000,0.683924,0.684116
0.291667,0.458333,0.666667,0.640988,0.641277
0.291667,0.458333,0.708333,0.587083,0.587464
0.291667,0.458333,0.750000,0.523136,0.523600
0.291667,0.458333,0.791667,0.450250,0.450777
0.291667,0.458333,0.833333,0.369687,0.370241
0.291667,0.458333,0.875000,0.282839,0.283370
0.291667,0.458333,0.916667,0.191209,0.191651
0.291667,0.458333,0.958333,0.096380,0.096652
0.291667,0.458333,1.000000,-0.000000,-0.000000
0.291667,0.500000,0.000000,0.000000,0.000000
0.291667,0.500000,0.041667,0.092491,0.092401
0.291667,0.500000,0.083333,0.183537,0.183221
0.291667,0.500000,0.125000,0.271487,0.270906
0.291667,0.500000,0.166667,0.354773,0.353956
0.291667,0.500000,0.208333,0.431932,0.430949
0.291667,0.500000,0.250000,0.501626,0.500569
0.291667,0.500000,0.291667,0.562663,0.561624
0.291667,0.500000,0.333333,0.614008,0.613069
0.291667,0.500000,0.375000,0.654802,0.654025
0.291667,0.500000,0.416667,0.684368,0.683790
0.291667,0.500000,0.458333,0.702226,0.701855
0.291667,0.500000,0.500000,0.708087,0.707911
0.291667,0.500000,0.541667,0.701861,0.701855
0.291667,0.500000,0.583333,0.683658,0.683790
0.291667,0.500000,0.625000,0.653781,0.654025
0.291667,0.500000,0.666667,0.612732,0.613069
0.291667,0.500000,0.708333,0.561206,0.561624
0.291667,0.500000,0.750000,0.500086,0.500569
0.291667,0.500000,0.791667,0.430424,0.430949
0.291667,0.500000,0.833333,0.353428,0.353956
0.291667,0.500000,0.875000,0.270429,0.270906
0.291667,0.500000,0.916667,0.182856,0.183221
0.291667,0.500000,0.958333,0.092201,0.092401
0.291667,0.500000,1.000000,-0.000000,-0.000000
0.291667,0.541667,0.000000,0.000000,0.000000
0.291667,0.541667,0.041667,0.086721,0.086569
0.291667,0.541667,0.083333,0.172003,0.171656
0.291667,0.541667,0.125000,0.254349,0.253806
0.291667,0.541667,0.166667,0.332322,0.331614
0.291667,0.541667,0.208333,0.404569,0.403748
0.291667,0.541667,0.250000,0.469847,0.468973
0.291667,0.541667,0.291667,0.527036,0.526174
0.291667,0.541667,0.333333,0.575163,0.574372
0.291667,0.541667,0.375000,0.613413,0.612743
0.291667,0.541667,0.416667,0.641142,0.640629
0.291667,0.541667,0.458333,0.657891,0.657554
0.291667,0.541667,0.500000,0.663384,0.663228
0.291667,0.541667,0.541667,0.657541,0.657554
0.291667,0.541667,0.583333,0.640466,0.640629
0.291667,0.541667,0.625000,0.612454,0.612743
0.291667,0.541667,0.666667,0.573982,0.574372
0.291667,0.541667,0.708333,0.525710,0.526174
0.291667,0.541667,0.750000,0.468466,0.468973
0.291667,0.541667,0.791667,0.403239,0.403747
0.291667,0.541667,0.833333,0.331155,0.331614
0.291667,0.541667,0.875000,0.253450,0.253806
0.291667,0.541667,0.916667,0.171442,0.171656
0.291667,0.541667,0.958333,0.086496,0.086569
0.291667,0.541667,1.000000,-0.000000,-0.000000
0.291667,0.583333,0.000000,0.000000,0.000000
0.291667,0.583333,0.041667,0.079692,0.079512
0.291667,0.583333,0.083333,0.157982,0.157664
0.291667,0.583333,0.125000,0.233548,0.233119
0.291667,0.583333,0.166667,0.305103,0.304584
0.291667,0.583333,0.208333,0.371422,0.370838
0.291667,0.583333,0.250000,0.431368,0.430747
0.291667,0.583333,0.291667,0.483910,0.483285
0.291667,0.583333,0.333333,0.528146,0.527555
0.291667,0.583333,0.375000,0.563317,0.562798
0.291667,0.583333,0.416667,0.588821,0.588411
0.291667,0.583333,0.458333,0.604225,0.603957
0.291667,0.583333,0.500000,0.609274,0.609168
0.291667,0.583333,0.541667,0.603890,0.603957
0.291667,0.583333,0.583333,0.588176,0.588411
0.291667,0.583333,0.625000,0.562414,0.562798
0.291667,0.583333,0.666667,0.527058,0.527555
0.291667,0.583333,0.708333,0.482724,0.483285
0.291667,0.583333,0.750000,0.430182,0.430747
0.291667,0.583333,0.791667,0.370338,0.370838
0.291667,0.583333,0.833333,0.304215,0.304584
0.291667,0.583333,0.875000,0.232927,0.233118
0.291667,0.583333,0.916667,0.157653,0.157664
0.291667,0.583333,0.958333,0.079603,0.079512
0.291667,0.583333,1.000000,-0.000000,-0.000000
0.291667,0.625000,0.000000,0.000000,0.000000
0.291667,0.625000,0.041667,0.071776,0.071593
0.291667,0.625000,0.083333,0.142216,0.141961
0.291667,0.625000,0.125000,0.210185,0.209899
0.291667,0.625000,0.166667,0.274557,0.274247
0.291667,0.625000,0.208333,0.334244,0.333902
0.291667,0.625000,0.250000,0.388223,0.387843
0.291667,0.625000,0.291667,0.435558,0.435149
0.291667,0.625000,0.333333,0.475426,0.475009
0.291667,0.625000,0.375000,0.507132,0.506742
0.291667,0.625000,0.416667,0.530121,0.529804
0.291667,0.625000,0.458333,0.543999,0.543801
0.291667,0.625000,0.500000,0.548530,0.548494
0.291667,0.625000,0.541667,0.543651,0.543801
0.291667,0.625000,0.583333,0.529463,0.529804
0.291667,0.625000,0.625000,0.506234,0.506742
0.291667,0.625000,0.666667,0.474385,0.475009
0.291667,0.625000,0.708333,0.434484,0.435149
0.291667,0.625000,0.750000,0.387228,0.387843
0.291667,0.625000,0.791667,0.333429,0.333902
0.291667,0.625000,0.833333,0.273992,0.274247
0.291667,0.625000,0.875000,0.209897,0.209899
0.291667,0.625000,0.916667,0.142168,0.141961
0.291667,0.625000,0.958333,0.071854,0.071593
0.291667,0.625000,1.000000,-0.000000,-0.000000
0.291667,0.666667,0.000000,0.000000,0.000000
0.291667,0.666667,0.041667,0.063335,0.063151
0.291667,0.666667,0.083333,0.125420,0.125222
0.291667,0.666667,0.125000,0.185308,0.185150
0.291667,0.666667,0.166667,0.242039,0.241910
0.291667,0.666667,0.208333,0.294667,0.294531
0.291667,0.666667,0.250000,0.342290,0.342113
0.291667,0.666667,0.291667,0.384072,0.383840
0.291667,0.666667,0.333333,0.419276,0.419001
0.291667,0.666667,0.375000,0.447274,0.446992
0.291667,0.666667,0.416667,0.467570,0.467335
0.291667,0.666667,0.458333,0.479810,0.479681
0.291667,0.666667,0.500000,0.483788,0.483820
0.291667,0.666667,0.541667,0.479453,0.479681
0.291667,0.666667,0.583333,0.466905,0.467335
0.291667,0.666667,0.625000,0.446390,0.446992
0.291667,0.666667,0.666667,0.418294,0.419001
0.291667,0.666667,0.708333,0.383123,0.383840
0.291667,0.666667,0.750000,0.341497,0.342113
0.291667,0.666667,0.791667,0.294126,0.294531
0.291667,0.666667,0.833333,0.241795,0.241910
0.291667,0.666667,0.875000,0.185344,0.185150
0.291667,0.666667,0.916667,0.125643,0.125222
0.291667,0.666667,0.958333,0.063572,0.063151
0.291667,0.666667,1.000000,-0.000000,-0.000000
0.291667,0.708333,0.000000,0.000000,0.000000
0.291667,0.708333,0.041667,0.054696,0.054490
0.291667,0.708333,0.083333,0.108230,0.108048
0.291667,0.708333,0.125000,0.159844,0.159757
0.291667,0.708333,0.166667,0.208744,0.208733
0.291667,0.708333,0.208333,0.254128,0.254137
0.291667,0.708333,0.250000,0.295218,0.295193
0.291667,0.708333,0.291667,0.331288,0.331198
0.291667,0.708333,0.333333,0.361689,0.361536
0.291667,0.708333,0.375000,0.385869,0.385688
0.291667,0.708333,0.416667,0.403392,0.403241
0.291667,0.708333,0.458333,0.413948,0.413894
0.291667,0.708333,0.500000,0.417362,0.417465
0.291667,0.708333,0.541667,0.413595,0.413894
0.291667,0.708333,0.583333,0.402741,0.403241
0.291667,0.708333,0.625000,0.385024,0.385688
0.291667,0.708333,0.666667,0.360785,0.361536
0.291667,0.708333,0.708333,0.330471,0.331198
0.291667,0.708333,0.750000,0.294618,0.295193
0.291667,0.708333,0.791667,0.253832,0.254137
0.291667,0.708333,0.833333,0.208779,0.208733
0.291667,0.708333,0.875000,0.160155,0.159757
0.291667,0.708333,0.916667,0.108677,0.108048
0.291667,0.708333,0.958333,0.055060,0.054490
0.291667,0.708333,1.000000,-0.000000,-0.000000
0.291667,0.750000,0.000000,0.000000,0.000000
0.291667,0.750000,0.041667,0.046120,0.045857
0.291667,0.750000,0.083333,0.091166,0.090930
0.291667,0.750000,0.125000,0.134556,0.134446
0.291667,0.750000,0.166667,0.175660,0.175663
0.291667,0.750000,0.208333,0.213821,0.213873
0.291667,0.750000,0.250000,0.248390,0.248424
0.291667,0.750000,0.291667,0.278749,0.278725
0.291667,0.750000,0.333333,0.304343,0.304256
0.291667,0.750000,0.375000,0.324699,0.324582
0.291667,0.750000,0.416667,0.339441,0.339354
0.291667,0.750000,0.458333,0.348308,0.348320
0.291667,0.750000,0.500000,0.351153,0.351325
0.291667,0.750000,0.541667,0.347951,0.348320
0.291667,0.750000,0.583333,0.338791,0.339354
0.291667,0.750000,0.625000,0.323871,0.324582
0.291667,0.750000,0.666667,0.303488,0.304256
0.291667,0.750000,0.708333,0.278024,0.278725
0.291667,0.750000,0.750000,0.247929,0.248424
0.291667,0.750000,0.791667,0.213706,0.213873
0.291667,0.750000,0.833333,0.175896,0.175663
0.291667,0.750000,0.875000,0.135060,0.134446
0.291667,0.750000,0.916667,0.091765,0.090930
0.291667,0.750000,0.958333,0.046567,0.045857
0.291667,0.750000,1.000000,-0.000000,-0.000000
0.291667,0.791667,0.000000,0.000000,0.000000
0.291667,0.791667,0.041667,0.037783,0.037434
0.291667,0.791667,0.083333,0.074584,0.074227
0.291667,0.791667,0.125000,0.109982,0.109750
0.291667,0.791667,0.166667,0.143500,0.143395
0.291667,0.791667,0.208333,0.174621,0.174587
0.291667,0.791667,0.250000,0.202822,0.202792
0.291667,0.791667,0.291667,0.227597,0.227526
0.291667,0.791667,0.333333,0.248485,0.248368
0.291667,0.791667,0.375000,0.265091,0.264960
0.291667,0.791667,0.416667,0.277105,0.277018
0.291667,0.791667,0.458333,0.284313,0.284337
0.291667,0.791667,0.500000,0.286599,0.286791
0.291667,0.791667,0.541667,0.283950,0.284337
0.291667,0.791667,0.583333,0.276447,0.277018
0.291667,0.791667,0.625000,0.264263,0.264960
0.291667,0.791667,0.666667,0.247645,0.248368
0.291667,0.791667,0.708333,0.226909,0.227526
0.291667,0.791667,0.750000,0.202417,0.202792
0.291667,0.791667,0.791667,0.174573,0.174587
0.291667,0.791667,0.833333,0.143800,0.143395
0.291667,0.791667,0.875000,0.110533,0.109750
0.291667,0.791667,0.916667,0.075203,0.074227
0.291667,0.791667,0.958333,0.038228,0.037434
0.291667,0.791667,1.000000,-0.000000,-0.000000
0.291667,0.833333,0.000000,0.000000,0.000000
0.291667,0.833333,0.041667,0.029764,0.029330
0.291667,0.833333,0.083333,0.058655,0.058158
0.291667,0.833333,0.125000,0.086389,0.085992
0.291667,0.833333,0.166667,0.112625,0.112353
0.291667,0.833333,0.208333,0.136980,0.136793
0.291667,0.833333,0.250000,0.159052,0.158892
0.291667,0.833333,0.291667,0.178446,0.178272
0.291667,0.833333,0.333333,0.194796,0.194602
0.291667,0.833333,0.375000,0.207788,0.207602
0.291667,0.833333,0.416667,0.217176,0.217050
0.291667,0.833333,0.458333,0.222793,0.222784
0.291667,0.833333,0.500000,0.224550,0.224707
0.291667,0.833333,0.541667,0.222442,0.222784
0.291667,0.833333,0.583333,0.216540,0.217050
0.291667,0.833333,0.625000,0.206983,0.207602
0.291667,0.833333,0.666667,0.193971,0.194602
0.291667,0.833333,0.708333,0.177750,0.178272
0.291667,0.833333,0.750000,0.158606,0.158892
0.291667,0.833333,0.791667,0.136847,0.136793
0.291667,0.833333,0.833333,0.112796,0.112353
0.291667,0.833333,0.875000,0.086778,0.085992
0.291667,0.833333,0.916667,0.059110,0.058158
0.291667,0.833333,0.958333,0.030092,0.029330
0.291667,0.833333,1.000000,-0.000000,-0.000000
0.291667,0.875000,0.000000,0.000000,0.000000
0.291667,0.875000,0.041667,0.022053,0.021586
0.291667,0.875000,0.083333,0.043369,0.042802
0.291667,0.875000,0.125000,0.063776,0.063286
0.291667,0.875000,0.166667,0.083054,0.082687
0.291667,0.875000,0.208333,0.100939,0.100674
0.291667,0.875000,0.250000,0.117148,0.116937
0.291667,0.875000,0.291667,0.131394,0.131200
0.291667,0.875000,0.333333,0.143408,0.143219
0.291667,0.875000,0.375000,0.152955,0.152786
0.291667,0.875000,0.416667,0.159852,0.159740
0.291667,0.875000,0.458333,0.163972,0.163960
0.291667,0.875000,0.500000,0.165251,0.165375
0.291667,0.875000,0.541667,0.163683,0.163960
0.291667,0.875000,0.583333,0.159323,0.159740
0.291667,0.875000,0.625000,0.152275,0.152786
0.291667,0.875000,0.666667,0.142690,0.143219
0.291667,0.875000,0.708333,0.130753,0.131200
0.291667,0.875000,0.750000,0.116675,0.116937
0.291667,0.875000,0.791667,0.100683,0.100674
0.291667,0.875000,0.833333,0.083013,0.082687
0.291667,0.875000,0.875000,0.063897,0.063286
0.291667,0.875000,0.916667,0.043557,0.042802
0.291667,0.875000,0.958333,0.022197,0.021586
0.291667,0.875000,1.000000,-0.000000,-0.000000
0.291667,0.916667,0.000000,0.000000,0.000000
0.291667,0.916667,0.041667,0.014583,0.014175
0.291667,0.916667,0.083333,0.028607,0.028107
0.291667,0.916667,0.125000,0.041988,0.041559
0.291667,0.916667,0.166667,0.054604,0.054300
0.291667,0.916667,0.208333,0.066302,0.066111
0.291667,0.916667,0.250000,0.076907,0.076791
0.291667,0.916667,0.291667,0.086239,0.086157
0.291667,0.916667,0.333333,0.094120,0.094050
0.291667,0.916667,0.375000,0.100396,0.100332
0.291667,0.916667,0.416667,0.104939,0.104899
0.291667,0.916667,0.458333,0.107660,0.107670
0.291667,0.916667,0.500000,0.108512,0.108599
0.291667,0.916667,0.541667,0.107487,0.107670
0.291667,0.916667,0.583333,0.104620,0.104899
0.291667,0.916667,0.625000,0.099980,0.100332
0.291667,0.916667,0.666667,0.093670,0.094049
0.291667,0.916667,0.708333,0.085814,0.086157
0.291667,0.916667,0.750000,0.076557,0.076791
0.291667,0.916667,0.791667,0.066052,0.066111
0.291667,0.916667,0.833333,0.054455,0.054300
0.291667,0.916667,0.875000,0.041919,0.041559
0.291667,0.916667,0.916667,0.028583,0.028107
0.291667,0.916667,0.958333,0.014574,0.014175
0.291667,0.916667,1.000000,-0.000000,-0.000000
0.291667,0.958333,0.000000,0.000000,0.000000
0.291667,0.958333,0.041667,0.007264,0.007019
0.291667,0.958333,0.083333,0.014212,0.013918
0.291667,0.958333,0.125000,0.020816,0.020578
0.291667,0.958333,0.166667,0.027030,0.026887
0.291667,0.958333,0.208333,0.032790,0.032735
0.291667,0.958333,0.250000,0.038019,0.038024
0.291667,0.958333,0.291667,0.042631,0.042662
0.291667,0.958333,0.333333,0.046539,0.046569
0.291667,0.958333,0.375000,0.049662,0.049681
0.291667,0.958333,0.416667,0.051933,0.051941
0.291667,0.958333,0.458333,0.053302,0.053314
0.291667,0.958333,0.500000,0.053741,0.053774
0.291667,0.958333,0.541667,0.053243,0.053314
0.291667,0.958333,0.583333,0.051823,0.051941
0.291667,0.958333,0.625000,0.049517,0.049681
0.291667,0.958333,0.666667,0.046378,0.046569
0.291667,0.958333,0.708333,0.042473,0.042662
0.291667,0.958333,0.750000,0.037876,0.038024
0.291667,0.958333,0.791667,0.032666,0.032735
0.291667,0.958333,0.833333,0.026924,0.026887
0.291667,0.958333,0.875000,0.020724,0.020578
0.291667,0.958333,0.916667,0.014134,0.013918
0.291667,0.958333,0.958333,0.007211,0.007019
0.291667,0.958333,1.000000,-0.000000,-0.000000
0.291667,1.000000,0.000000,0.000000,0.000000
0.291667,1.000000,0.041667,0.000000,-0.000000
0.291667,1.000000,0.083333,0.000000,-0.000000
0.291667,1.000000,0.125000,0.000000,-0.000000
0.291667,1.000000,0.166667,0.000000,-0.000000
0.291667,1.000000,0.208333,0.000000,-0.000000
0.291667,1.000000,0.250000,0.000000,-0.000000
0.291667,1.000000,0.291667,0.000000,-0.000000
0.291667,1.000000,0.333333,0.000000,-0.000000
0.291667,1.000000,0.375000,0.000000,-0.000000
0.291667,1.000000,0.416667,0.000000,-0.000000
0.291667,1.000000,0.458333,0.000000,-0.000000
0.291667,1.000000,0.500000,0.000000,-0.000000
0.291667,1.000000,0.541667,0.000000,-0.000000
0.291667,1.000000,0.583333,0.000000,-0.000000
0.291667,1.000000,0.625000,0.000000,-0.000000
0.291667,1.000000,0.666667,0.000000,-0.000000
0.291667,1.000000,0.708333,0.000000,-0.000000
0.291667,1.000000,0.750000,0.000000,-0.000000
0.291667,1.000000,0.791667,0.000000,-0.000000
0.291667,1.000000,0.833333,0.000000,-0.000000
0.291667,1.000000,0.875000,0.000000,-0.000000
0.291667,1.000000,0.916667,0.000000,-0.000000
0.291667,1.000000,0.958333,0.000000,-0.000000
0.291667,1.000000,1.000000,0.000000,0.000000
0.333333,0.000000,0.000000,0.000000,0.000000
0.333333,0.000000,0.041667,0.000000,0.000000
0.333333,0.000000,0.083333,0.000000,0.000000
0.333333,0.000000,0.125000,0.000000,0.000000
0.333333,0.000000,0.166667,0.000000,0.000000
0.333333,0.000000,0.208333,0.000000,0.000000
0.333333,0.000000,0.250000,0.000000,0.000000
0.333333,0.000000,0.291667,0.000000,0.000000
0.333333,0.000000,0.333333,0.000000,0.000000
0.333333,0.000000,0.375000,0.000000,0.000000
0.333333,0.000000,0.416667,0.000000,0.000000
0.333333,0.000000,0.458333,0.000000,0.000000
0.333333,0.000000,0.500000,0.000000,0.000000
0.333333,0.000000,0.541667,0.000000,0.000000
0.333333,0.000000,0.583333,0.000000,0.000000
0.333333,0.000000,0.625000,0.000000,0.000000
0.333333,0.000000,0.666667,0.000000,0.000000
0.333333,0.000000,0.708333,0.000000,0.000000
0.333333,0.000000,0.750000,0.000000,0.000000
0.333333,0.000000,0.791667,0.000000,0.000000
0.333333,0.000000,0.833333,0.000000,0.000000
0.333333,0.000000,0.875000,0.000000,0.000000
0.333333,0.000000,0.916667,0.000000,0.000000
0.333333,0.000000,0.958333,0.000000,0.000000
0.333333,0.000000,1.000000,-0.000000,-0.000000
0.333333,0.041667,0.000000,0.000000,0.000000
0.333333,0.041667,0.041667,0.015692,0.015722
0.333333,0.041667,0.083333,0.031191,0.031175
0.333333,0.041667,0.125000,0.046176,0.046095
0.333333,0.041667,0.166667,0.060355,0.060226
0.333333,0.041667,0.208333,0.073474,0.073326
0.333333,0.041667,0.250000,0.085309,0.085172
0.333333,0.041667,0.291667,0.095671,0.095561
0.333333,0.041667,0.333333,0.104395,0.104314
0.333333,0.041667,0.375000,0.111345,0.111283
0.333333,0.041667,0.416667,0.116411,0.116347
0.333333,0.041667,0.458333,0.119509,0.119421
0.333333,0.041667,0.500000,0.120583,0.120452
0.333333,0.041667,0.541667,0.119606,0.119421
0.333333,0.041667,0.583333,0.116583,0.116347
0.333333,0.041667,0.625000,0.111552,0.111283
0.333333,0.041667,0.666667,0.104586,0.104314
0.333333,0.041667,0.708333,0.095797,0.095561
0.333333,0.041667,0.750000,0.085331,0.085172
0.333333,0.041667,0.791667,0.073374,0.073326
0.333333,0.041667,0.833333,0.060146,0.060226
0.333333,0.041667,0.875000,0.045900,0.046095
0.333333,0.041667,0.916667,0.030919,0.031175
0.333333,0.041667,0.958333,0.015510,0.015722
0.333333,0.041667,1.000000,-0.000000,-0.000000
0.333333,0.083333,0.000000,0.000000,0.000000
0.333333,0.083333,0.041667,0.030934,0.030959
0.333333,0.083333,0.083333,0.061470,0.061388
0.333333,0.083333,0.125000,0.090978,0.090766
0.333333,0.083333,0.166667,0.118893,0.118592
0.333333,0.083333,0.208333,0.144716,0.144388
0.333333,0.083333,0.250000,0.168011,0.167714
0.333333,0.083333,0.291667,0.188401,0.188171
0.333333,0.083333,0.333333,0.205564,0.205407
0.333333,0.083333,0.375000,0.219234,0.219129
0.333333,0.083333,0.416667,0.229192,0.229102
0.333333,0.083333,0.458333,0.235276,0.235155
0.333333,0.083333,0.500000,0.237377,0.237184
0.333333,0.083333,0.541667,0.235443,0.235155
0.333333,0.083333,0.583333,0.229485,0.229102
0.333333,0.083333,0.625000,0.219578,0.219129
0.333333,0.083333,0.666667,0.205867,0.205407
0.333333,0.083333,0.708333,0.188568,0.188171
0.333333,0.083333,0.750000,0.167972,0.167714
0.333333,0.083333,0.791667,0.144442,0.144388
0.333333,0.083333,0.833333,0.118409,0.118592
0.333333,0.083333,0.875000,0.090372,0.090766
0.333333,0.083333,0.916667,0.060884,0.061388
0.333333,0.083333,0.958333,0.030546,0.030959
0.333333,0.083333,1.000000,-0.000000,-0.000000
0.333333,0.125000,0.000000,0.000000,0.000000
0.333333,0.125000,0.041667,0.045266,0.045247
0.333333,0.125000,0.083333,0.089932,0.089720
0.333333,0.125000,0.125000,0.133082,0.132658
0.333333,0.125000,0.166667,0.173893,0.173327
0.333333,0.125000,0.208333,0.211635,0.211029
0.333333,0.125000,0.250000,0.245668,0.245121
0.333333,0.125000,0.291667,0.275441,0.275019
0.333333,0.125000,0.333333,0.300487,0.300211
0.333333,0.125000,0.375000,0.320417,0.320266
0.333333,0.125000,0.416667,0.334919,0.334841
0.333333,0.125000,0.458333,0.343760,0.343688
0.333333,0.125000,0.500000,0.346787,0.346653
0.333333,0.125000,0.541667,0.343928,0.343688
0.333333,0.125000,0.583333,0.335202,0.334841
0.333333,0.125000,0.625000,0.320719,0.320266
0.333333,0.125000,0.666667,0.300692,0.300211
0.333333,0.125000,0.708333,0.275434,0.275019
0.333333,0.125000,0.750000,0.245369,0.245121
0.333333,0.125000,0.791667,0.211021,0.211029
0.333333,0.125000,0.833333,0.173020,0.173327
0.333333,0.125000,0.875000,0.132082,0.132658
0.333333,0.125000,0.916667,0.089010,0.089720
0.333333,0.125000,0.958333,0.044674,0.045247
0.333333,0.125000,1.000000,-0.000000,-0.000000
0.333333,0.166667,0.000000,0.000000,0.000000
0.333333,0.166667,0.041667,0.058246,0.058170
0.333333,0.166667,0.083333,0.115707,0.115345
0.333333,0.166667,0.125000,0.171210,0.170547
0.333333,0.166667,0.166667,0.223695,0.222830
0.333333,0.166667,0.208333,0.272221,0.271300
0.333333,0.166667,0.250000,0.315963,0.315129
0.333333,0.166667,0.291667,0.354210,0.353565
0.333333,0.166667,0.333333,0.386362,0.385953
0.333333,0.166667,0.375000,0.411922,0.411736
0.333333,0.166667,0.416667,0.430498,0.430474
0.333333,0.166667,0.458333,0.441799,0.441847
0.333333,0.166667,0.500000,0.445635,0.445660
0.333333,0.166667,0.541667,0.441922,0.441847
0.333333,0.166667,0.583333,0.430687,0.430474
0.333333,0.166667,0.625000,0.412077,0.411736
0.333333,0.166667,0.666667,0.386362,0.385952
0.333333,0.166667,0.708333,0.353945,0.353565
0.333333,0.166667,0.750000,0.315363,0.315129
0.333333,0.166667,0.791667,0.271283,0.271300
0.333333,0.166667,0.833333,0.222501,0.222830
0.333333,0.166667,0.875000,0.169925,0.170546
0.333333,0.166667,0.916667,0.114570,0.115345
0.333333,0.166667,0.958333,0.057538,0.058170
0.333333,0.166667,1.000000,-0.000000,-0.000000
0.333333,0.208333,0.000000,0.000000,0.000000
0.333333,0.208333,0.041667,0.069483,0.069373
0.333333,0.208333,0.083333,0.138019,0.137560
0.333333,0.208333,0.125000,0.204216,0.203393
0.333333,0.208333,0.166667,0.266811,0.265745
0.333333,0.208333,0.208333,0.324682,0.323551
0.333333,0.208333,0.250000,0.376840,0.375820
0.333333,0.208333,0.291667,0.422434,0.421660
0.333333,0.208333,0.333333,0.460744,0.460284
0.333333,0.208333,0.375000,0.491178,0.491033
0.333333,0.208333,0.416667,0.513273,0.513380
0.333333,0.208333,0.458333,0.526687,0.526943
0.333333,0.208333,0.500000,0.531205,0.531490
0.333333,0.208333,0.541667,0.526736,0.526943
0.333333,0.208333,0.583333,0.513321,0.513380
0.333333,0.208333,0.625000,0.491141,0.491033
0.333333,0.208333,0.666667,0.460522,0.460284
0.333333,0.208333,0.708333,0.421943,0.421660
0.333333,0.208333,0.750000,0.376034,0.375820
0.333333,0.208333,0.791667,0.323580,0.323551
0.333333,0.208333,0.833333,0.265507,0.265745
0.333333,0.208333,0.875000,0.202880,0.203392
0.333333,0.208333,0.916667,0.136880,0.137560
0.333333,0.208333,0.958333,0.068796,0.069373
0.333333,0.208333,1.000000,-0.000000,-0.000000
0.333333,0.250000,0.000000,0.000000,0.000000
0.333333,0.250000,0.041667,0.078684,0.078582
0.333333,0.250000,0.083333,0.156284,0.155819
0.333333,0.250000,0.125000,0.231237,0.230389
0.333333,0.250000,0.166667,0.302121,0.301018
0.333333,0.250000,0.208333,0.367667,0.366497
0.333333,0.250000,0.250000,0.426756,0.425704
0.333333,0.250000,0.291667,0.478417,0.477628
0.333333,0.250000,0.333333,0.521825,0.521379
0.333333,0.250000,0.375000,0.556301,0.556209
0.333333,0.250000,0.416667,0.581310,0.581523
0.333333,0.250000,0.458333,0.596465,0.596886
0.333333,0.250000,0.500000,0.601527,0.602037
0.333333,0.250000,0.541667,0.596405,0.596886
0.333333,0.250000,0.583333,0.581163,0.581523
0.333333,0.250000,0.625000,0.556020,0.556209
0.333333,0.250000,0.666667,0.521359,0.521379
0.333333,0.250000,0.708333,0.477725,0.477628
0.333333,0.250000,0.750000,0.425829,0.425704
0.333333,0.250000,0.791667,0.366541,0.366497
0.333333,0.250000,0.833333,0.300888,0.301018
0.333333,0.250000,0.875000,0.230043,0.230389
0.333333,0.250000,0.916667,0.155314,0.155818
0.333333,0.250000,0.958333,0.078126,0.078581
0.333333,0.250000,1.000000,-0.000000,-0.000000
0.333333,0.291667,0.000000,0.000000,0.000000
0.333333,0.291667,0.041667,0.085668,0.085609
0.333333,0.291667,0.083333,0.170146,0.169752
0.333333,0.291667,0.125000,0.251749,0.250992
0.333333,0.291667,0.166667,0.328941,0.327936
0.333333,0.291667,0.208333,0.400347,0.399270
0.333333,0.291667,0.250000,0.464749,0.463772
0.333333,0.291667,0.291667,0.521086,0.520339
0.333333,0.291667,0.333333,0.568446,0.568003
0.333333,0.291667,0.375000,0.606071,0.605948
0.333333,0.291667,0.416667,0.633361,0.633525
0.333333,0.291667,0.458333,0.649877,0.650262
0.333333,0.291667,0.500000,0.655355,0.655873
0.333333,0.291667,0.541667,0.649705,0.650262
0.333333,0.291667,0.583333,0.633015,0.633525
0.333333,0.291667,0.625000,0.605550,0.605948
0.333333,0.291667,0.666667,0.567751,0.568003
0.333333,0.291667,0.708333,0.520224,0.520339
0.333333,0.291667,0.750000,0.463746,0.463772
0.333333,0.291667,0.791667,0.399255,0.399270
0.333333,0.291667,0.833333,0.327846,0.327937
0.333333,0.291667,0.875000,0.250767,0.250992
0.333333,0.291667,0.916667,0.169407,0.169752
0.333333,0.291667,0.958333,0.085279,0.085609
0.333333,0.291667,1.000000,-0.000000,-0.000000
0.333333,0.333333,0.000000,0.000000,0.000000
0.333333,0.333333,0.041667,0.090380,0.090363
0.333333,0.333333,0.083333,0.179495,0.179180
0.333333,0.333333,0.125000,0.265585,0.264931
0.333333,0.333333,0.166667,0.347043,0.346148
0.333333,0.333333,0.208333,0.422422,0.421444
0.333333,0.333333,0.250000,0.490439,0.489528
0.333333,0.333333,0.291667,0.549969,0.549236
0.333333,0.333333,0.333333,0.600041,0.599547
0.333333,0.333333,0.375000,0.639840,0.639599
0.333333,0.333333,0.416667,0.668713,0.668707
0.333333,0.333333,0.458333,0.686184,0.686374
0.333333,0.333333,0.500000,0.691960,0.692297
0.333333,0.333333,0.541667,0.685948,0.686374
0.333333,0.333333,0.583333,0.668250,0.668707
0.333333,0.333333,0.625000,0.639168,0.639599
0.333333,0.333333,0.666667,0.599187,0.599547
0.333333,0.333333,0.708333,0.548970,0.549236
0.333333,0.333333,0.750000,0.489347,0.489528
0.333333,0.333333,0.791667,0.421310,0.421443
0.333333,0.333333,0.833333,0.346005,0.346148
0.333333,0.333333,0.875000,0.264727,0.264930
0.333333,0.333333,0.916667,0.178911,0.179180
0.333333,0.333333,0.958333,0.090115,0.090363
0.333333,0.333333,1.000000,-0.000000,-0.000000
0.333333,0.375000,0.000000,0.000000,0.000000
0.333333,0.375000,0.041667,0.092865,0.092847
0.333333,0.375000,0.083333,0.184415,0.184104
0.333333,0.375000,0.125000,0.272864,0.272212
0.333333,0.375000,0.166667,0.356568,0.355662
0.333333,0.375000,0.208333,0.434040,0.433027
0.333333,0.375000,0.250000,0.503956,0.502983
0.333333,0.375000,0.291667,0.565155,0.564332
0.333333,0.375000,0.333333,0.616637,0.616025
0.333333,0.375000,0.375000,0.657564,0.657179
0.333333,0.375000,0.416667,0.687262,0.687087
0.333333,0.375000,0.458333,0.705237,0.705239
0.333333,0.375000,0.500000,0.711182,0.711325
0.333333,0.375000,0.541667,0.704994,0.705239
0.333333,0.375000,0.583333,0.686773,0.687087
0.333333,0.375000,0.625000,0.656830,0.657179
0.333333,0.375000,0.666667,0.615673,0.616025
0.333333,0.375000,0.708333,0.564000,0.564332
0.333333,0.375000,0.750000,0.502682,0.502983
0.333333,0.375000,0.791667,0.432753,0.433027
0.333333,0.375000,0.833333,0.355397,0.355662
0.333333,0.375000,0.875000,0.271938,0.272212
0.333333,0.375000,0.916667,0.183825,0.184104
0.333333,0.375000,0.958333,0.092626,0.092846
0.333333,0.375000,1.000000,-0.000000,-0.000000
0.333333,0.416667,0.000000,0.000000,0.000000
0.333333,0.416667,0.041667,0.093227,0.093150
0.333333,0.416667,0.083333,0.185104,0.184706
0.333333,0.416667,0.125000,0.273862,0.273102
0.333333,0.416667,0.166667,0.357863,0.356825
0.333333,0.416667,0.208333,0.435613,0.434443
0.333333,0.416667,0.250000,0.505776,0.504627
0.333333,0.416667,0.291667,0.567179,0.566177
0.333333,0.416667,0.333333,0.618819,0.618039
0.333333,0.416667,0.375000,0.659860,0.659327
0.333333,0.416667,0.416667,0.689635,0.689333
0.333333,0.416667,0.458333,0.707657,0.707545
0.333333,0.416667,0.500000,0.713619,0.713650
0.333333,0.416667,0.541667,0.707412,0.707545
0.333333,0.416667,0.583333,0.689127,0.689333
0.333333,0.416667,0.625000,0.659064,0.659327
0.333333,0.416667,0.666667,0.617730,0.618039
0.333333,0.416667,0.708333,0.565830,0.566177
0.333333,0.416667,0.750000,0.504255,0.504627
0.333333,0.416667,0.791667,0.434058,0.434443
0.333333,0.416667,0.833333,0.356441,0.356825
0.333333,0.416667,0.875000,0.272734,0.273102
0.333333,0.416667,0.916667,0.184382,0.184706
0.333333,0.416667,0.958333,0.092930,0.093150
0.333333,0.416667,1.000000,-0.000000,-0.000000
0.333333,0.458333,0.000000,0.000000,0.000000
0.333333,0.458333,0.041667,0.091608,0.091442
0.333333,0.458333,0.083333,0.181832,0.181318
0.333333,0.458333,0.125000,0.268974,0.268093
0.333333,0.458333,0.166667,0.351444,0.350280
0.333333,0.458333,0.208333,0.427781,0.426474
0.333333,0.458333,0.250000,0.496670,0.495371
0.333333,0.458333,0.291667,0.556953,0.555792
0.333333,0.458333,0.333333,0.607640,0.606703
0.333333,0.458333,0.375000,0.647907,0.647234
0.333333,0.458333,0.416667,0.677107,0.676690
0.333333,0.458333,0.458333,0.694768,0.694567
0.333333,0.458333,0.500000,0.700597,0.700561
0.333333,0.458333,0.541667,0.694490,0.694567
0.333333,0.458333,0.583333,0.676533,0.676690
0.333333,0.458333,0.625000,0.647015,0.647234
0.333333,0.458333,0.666667,0.606428,0.606703
0.333333,0.458333,0.708333,0.555459,0.555792
0.333333,0.458333,0.750000,0.494986,0.495371
0.333333,0.458333,0.791667,0.426052,0.426474
0.333333,0.458333,0.833333,0.349848,0.350280
0.333333,0.458333,0.875000,0.267687,0.268093
0.333333,0.458333,0.916667,0.180986,0.181318
0.333333,0.458333,0.958333,0.091238,0.091441
0.333333,0.458333,1.000000,-0.000000,-0.000000
0.333333,0.500000,0.000000,0.000000,0.000000
0.333333,0.500000,0.041667,0.088198,0.087952
0.333333,0.500000,0.083333,0.174989,0.174399
0.333333,0.500000,0.125000,0.258785,0.257862
0.333333,0.500000,0.166667,0.338085,0.336913
0.333333,0.500000,0.208333,0.411501,0.410199
0.333333,0.500000,0.250000,0.477769,0.476467
0.333333,0.500000,0.291667,0.535770,0.534582
0.333333,0.500000,0.333333,0.584542,0.583550
0.333333,0.500000,0.375000,0.623284,0.622534
0.333333,0.500000,0.416667,0.651367,0.650865
0.333333,0.500000,0.458333,0.668339,0.668061
0.333333,0.500000,0.500000,0.673924,0.673825
0.333333,0.500000,0.541667,0.668027,0.668061
0.333333,0.500000,0.583333,0.650740,0.650865
0.333333,0.500000,0.625000,0.622341,0.622534
0.333333,0.500000,0.666667,0.583299,0.583550
0.333333,0.500000,0.708333,0.534273,0.534582
0.333333,0.500000,0.750000,0.476105,0.476467
0.333333,0.500000,0.791667,0.409801,0.410199
0.333333,0.500000,0.833333,0.336511,0.336913
0.333333,0.500000,0.875000,0.257504,0.257862
0.333333,0.500000,0.916667,0.174133,0.174399
0.333333,0.500000,0.958333,0.087815,0.087952
0.333333,0.500000,1.000000,-0.000000,-0.000000
0.333333,0.541667,0.000000,0.000000,0.000000
0.333333,0.541667,0.041667,0.083254,0.082957
0.333333,0.541667,0.083333,0.165096,0.164495
0.333333,0.541667,0.125000,0.244082,0.243219
0.333333,0.541667,0.166667,0.318830,0.317780
0.333333,0.541667,0.208333,0.388049,0.386905
0.333333,0.541667,0.250000,0.450553,0.449409
0.333333,0.541667,0.291667,0.505284,0.504224
0.333333,0.541667,0.333333,0.551322,0.550412
0.333333,0.541667,0.375000,0.587901,0.587182
0.333333,0.541667,0.416667,0.614417,0.613905
0.333333,0.541667,0.458333,0.630436,0.630123
0.333333,0.541667,0.500000,0.635698,0.635561
0.333333,0.541667,0.541667,0.630118,0.630123
0.333333,0.541667,0.583333,0.613787,0.613905
0.333333,0.541667,0.625000,0.586977,0.587182
0.333333,0.541667,0.666667,0.550138,0.550412
0.333333,0.541667,0.708333,0.503894,0.504224
0.333333,0.541667,0.750000,0.449043,0.449409
0.333333,0.541667,0.791667,0.386535,0.386905
0.333333,0.541667,0.833333,0.317451,0.317780
0.333333,0.541667,0.875000,0.242977,0.243218
0.333333,0.541667,0.916667,0.164374,0.164495
0.333333,0.541667,0.958333,0.082942,0.082957
0.333333,0.541667,1.000000,-0.000000,-0.000000
0.333333,0.583333,0.000000,0.000000,0.000000
0.333333,0.583333,0.041667,0.077076,0.076760
0.333333,0.583333,0.083333,0.152762,0.152206
0.333333,0.583333,0.125000,0.225778,0.225049
0.333333,0.583333,0.166667,0.294883,0.294040
0.333333,0.583333,0.208333,0.358899,0.358001
0.333333,0.583333,0.250000,0.416734,0.415836
0.333333,0.583333,0.291667,0.467403,0.466556
0.333333,0.583333,0.333333,0.510045,0.509293
0.333333,0.583333,0.375000,0.543937,0.543315
0.333333,0.583333,0.416667,0.568508,0.568042
0.333333,0.583333,0.458333,0.583346,0.583049
0.333333,0.583333,0.500000,0.588206,0.588080
0.333333,0.583333,0.541667,0.583013,0.583049
0.333333,0.583333,0.583333,0.567862,0.568042
0.333333,0.583333,0.625000,0.543016,0.543315
0.333333,0.583333,0.666667,0.508907,0.509293
0.333333,0.583333,0.708333,0.466124,0.466556
0.333333,0.583333,0.750000,0.415408,0.415836
0.333333,0.583333,0.791667,0.357635,0.358001
0.333333,0.583333,0.833333,0.293794,0.294040
0.333333,0.583333,0.875000,0.224963,0.225049
0.333333,0.583333,0.916667,0.152275,0.152206
0.333333,0.583333,0.958333,0.076898,0.076760
0.333333,0.583333,1.000000,-0.000000,-0.000000
0.333333,0.625000,0.000000,0.000000,0.000000
0.333333,0.625000,0.041667,0.069982,0.069667
0.333333,0.625000,0.083333,0.138623,0.138143
0.333333,0.625000,0.125000,0.204821,0.204254
0.333333,0.625000,0.166667,0.267486,0.266871
0.333333,0.625000,0.208333,0.325563,0.324922
0.333333,0.625000,0.250000,0.378064,0.377413
0.333333,0.625000,0.291667,0.424085,0.423446
0.333333,0.625000,0.333333,0.462831,0.462234
0.333333,0.625000,0.375000,0.493631,0.493113
0.333333,0.625000,0.416667,0.515956,0.515555
0.333333,0.625000,0.458333,0.529423,0.529176
0.333333,0.625000,0.500000,0.533811,0.533742
0.333333,0.625000,0.541667,0.529057,0.529176
0.333333,0.625000,0.583333,0.515258,0.515555
0.333333,0.625000,0.625000,0.492669,0.493113
0.333333,0.625000,0.666667,0.461695,0.462234
0.333333,0.625000,0.708333,0.422883,0.423446
0.333333,0.625000,0.750000,0.376906,0.377413
0.333333,0.625000,0.791667,0.324555,0.324921
0.333333,0.625000,0.833333,0.266711,0.266871
0.333333,0.625000,0.875000,0.204329,0.204254
0.333333,0.625000,0.916667,0.138406,0.138143
0.333333,0.625000,0.958333,0.069960,0.069667
0.333333,0.625000,1.000000,-0.000000,-0.000000
0.333333,0.666667,0.000000,0.000000,0.000000
0.333333,0.666667,0.041667,0.062284,0.061974
0.333333,0.666667,0.083333,0.123295,0.122888
0.333333,0.666667,0.125000,0.182115,0.181699
0.333333,0.666667,0.166667,0.237808,0.237402
0.333333,0.666667,0.208333,0.289452,0.289042
0.333333,0.666667,0.250000,0.336166,0.335737
0.333333,0.666667,0.291667,0.377136,0.376687
0.333333,0.666667,0.333333,0.411642,0.411192
0.333333,0.666667,0.375000,0.439073,0.438661
0.333333,0.666667,0.416667,0.458948,0.458625
0.333333,0.666667,0.458333,0.470923,0.470741
0.333333,0.666667,0.500000,0.474801,0.474803
0.333333,0.666667,0.541667,0.470533,0.470741
0.333333,0.666667,0.583333,0.458216,0.458625
0.333333,0.666667,0.625000,0.438089,0.438661
0.333333,0.666667,0.666667,0.410526,0.411192
0.333333,0.666667,0.708333,0.376020,0.376687
0.333333,0.666667,0.750000,0.335176,0.335737
0.333333,0.666667,0.791667,0.288689,0.289042
0.333333,0.666667,0.833333,0.237332,0.237402
0.333333,0.666667,0.875000,0.181928,0.181699
0.333333,0.666667,0.916667,0.123333,0.122888
0.333333,0.666667,0.958333,0.062408,0.061974
0.333333,0.666667,1.000000,-0.000000,-0.000000
0.333333,0.708333,0.000000,0.000000,0.000000
0.333333,0.708333,0.041667,0.054262,0.053945
0.333333,0.708333,0.083333,0.107329,0.106967
0.333333,0.708333,0.125000,0.158462,0.158159
0.333333,0.708333,0.166667,0.206884,0.206645
0.333333,0.708333,0.208333,0.251810,0.251595
0.333333,0.708333,0.250000,0.292474,0.292240
0.333333,0.708333,0.291667,0.328160,0.327885
0.333333,0.708333,0.333333,0.358226,0.357920
0.333333,0.708333,0.375000,0.382129,0.381830
0.333333,0.708333,0.416667,0.399442,0.399208
0.333333,0.708333,0.458333,0.409859,0.409755
0.333333,0.708333,0.500000,0.413211,0.413290
0.333333,0.708333,0.541667,0.409460,0.409755
0.333333,0.708333,0.583333,0.398702,0.399208
0.333333,0.708333,0.625000,0.381156,0.381830
0.333333,0.708333,0.666667,0.357160,0.357920
0.333333,0.708333,0.708333,0.327152,0.327885
0.333333,0.708333,0.750000,0.291661,0.292240
0.333333,0.708333,0.791667,0.251287,0.251595
0.333333,0.708333,0.833333,0.206688,0.206645
0.333333,0.708333,0.875000,0.158555,0.158159
0.333333,0.708333,0.916667,0.107597,0.106967
0.333333,0.708333,0.958333,0.054517,0.053945
0.333333,0.708333,1.000000,-0.000000,-0.000000
0.333333,0.750000,0.000000,0.000000,0.000000
0.333333,0.750000,0.041667,0.046149,0.045801
0.333333,0.750000,0.083333,0.091186,0.090819
0.333333,0.750000,0.125000,0.134543,0.134282
0.333333,0.750000,0.166667,0.175601,0.175448
0.333333,0.750000,0.208333,0.213712,0.213612
0.333333,0.750000,0.250000,0.248231,0.248121
0.333333,0.750000,0.291667,0.278541,0.278385
0.333333,0.750000,0.333333,0.304088,0.303885
0.333333,0.750000,0.375000,0.324397,0.324186
0.333333,0.750000,0.416667,0.339097,0.338940
0.333333,0.750000,0.458333,0.347927,0.347895
0.333333,0.750000,0.500000,0.350742,0.350897
0.333333,0.750000,0.541667,0.347520,0.347895
0.333333,0.750000,0.583333,0.338353,0.338940
0.333333,0.750000,0.625000,0.323439,0.324186
0.333333,0.750000,0.666667,0.303075,0.303885
0.333333,0.750000,0.708333,0.277642,0.278385
0.333333,0.750000,0.750000,0.247586,0.248121
0.333333,0.750000,0.791667,0.213411,0.213612
0.333333,0.750000,0.833333,0.175656,0.175448
0.333333,0.750000,0.875000,0.134880,0.134282
0.333333,0.750000,0.916667,0.091647,0.090819
0.333333,0.750000,0.958333,0.046512,0.045801
0.333333,0.750000,1.000000,-0.000000,-0.000000
0.333333,0.791667,0.000000,0.000000,0.000000
0.333333,0.791667,0.041667,0.038114,0.037710
0.333333,0.791667,0.083333,0.075208,0.074775
0.333333,0.791667,0.125000,0.110873,0.110560
0.333333,0.791667,0.166667,0.144635,0.144454
0.333333,0.791667,0.208333,0.175984,0.175876
0.333333,0.791667,0.250000,0.204392,0.204288
0.333333,0.791667,0.291667,0.229350,0.229206
0.333333,0.791667,0.333333,0.250390,0.250201
0.333333,0.791667,0.375000,0.267114,0.266916
0.333333,0.791667,0.416667,0.279207,0.279063
0.333333,0.791667,0.458333,0.286453,0.286436
0.333333,0.791667,0.500000,0.288739,0.288908
0.333333,0.791667,0.541667,0.286053,0.286436
0.333333,0.791667,0.583333,0.278479,0.279063
0.333333,0.791667,0.625000,0.266193,0.266916
0.333333,0.791667,0.666667,0.249446,0.250201
0.333333,0.791667,0.708333,0.228554,0.229206
0.333333,0.791667,0.750000,0.203883,0.204288
0.333333,0.791667,0.791667,0.175836,0.175876
0.333333,0.791667,0.833333,0.144842,0.144454
0.333333,0.791667,0.875000,0.111337,0.110560
0.333333,0.791667,0.916667,0.075754,0.074775
0.333333,0.791667,0.958333,0.038511,0.037710
0.333333,0.791667,1.000000,-0.000000,-0.000000
0.333333,0.833333,0.000000,0.000000,0.000000
0.333333,0.833333,0.041667,0.030246,0.029782
0.333333,0.833333,0.083333,0.059582,0.059054
0.333333,0.833333,0.125000,0.087736,0.087315
0.333333,0.833333,0.166667,0.114369,0.114083
0.333333,0.833333,0.208333,0.139099,0.138899
0.333333,0.833333,0.250000,0.161517,0.161338
0.333333,0.833333,0.291667,0.181221,0.181016
0.333333,0.833333,0.333333,0.197836,0.197598
0.333333,0.833333,0.375000,0.211040,0.210798
0.333333,0.833333,0.416667,0.220580,0.220391
0.333333,0.833333,0.458333,0.226285,0.226214
0.333333,0.833333,0.500000,0.228065,0.228166
0.333333,0.833333,0.541667,0.225918,0.226214
0.333333,0.833333,0.583333,0.219915,0.220391
0.333333,0.833333,0.625000,0.210201,0.210798
0.333333,0.833333,0.666667,0.196979,0.197597
0.333333,0.833333,0.708333,0.180501,0.181016
0.333333,0.833333,0.750000,0.161056,0.161338
0.333333,0.833333,0.791667,0.138958,0.138899
0.333333,0.833333,0.833333,0.114534,0.114083
0.333333,0.833333,0.875000,0.088114,0.087315
0.333333,0.833333,0.916667,0.060020,0.059054
0.333333,0.833333,0.958333,0.030557,0.029782
0.333333,0.833333,1.000000,-0.000000,-0.000000
0.333333,0.875000,0.000000,0.000000,0.000000
0.333333,0.875000,0.041667,0.022551,0.022068
0.333333,0.875000,0.083333,0.044335,0.043759
0.333333,0.875000,0.125000,0.065188,0.064700
0.333333,0.875000,0.166667,0.084891,0.084535
0.333333,0.875000,0.208333,0.103180,0.102924
0.333333,0.875000,0.250000,0.119765,0.119551
0.333333,0.875000,0.291667,0.134350,0.134133
0.333333,0.875000,0.333333,0.146655,0.146419
0.333333,0.875000,0.375000,0.156438,0.156201
0.333333,0.875000,0.416667,0.163507,0.163309
0.333333,0.875000,0.458333,0.167730,0.167624
0.333333,0.875000,0.500000,0.169041,0.169070
0.333333,0.875000,0.541667,0.167435,0.167624
0.333333,0.875000,0.583333,0.162970,0.163309
0.333333,0.875000,0.625000,0.155755,0.156201
0.333333,0.875000,0.666667,0.145943,0.146419
0.333333,0.875000,0.708333,0.133726,0.134133
0.333333,0.875000,0.750000,0.119321,0.119551
0.333333,0.875000,0.791667,0.102960,0.102923
0.333333,0.875000,0.833333,0.084885,0.084535
0.333333,0.875000,0.875000,0.065334,0.064700
0.333333,0.875000,0.916667,0.044535,0.043759
0.333333,0.875000,0.958333,0.022695,0.022068
0.333333,0.875000,1.000000,-0.000000,-0.000000
0.333333,0.916667,0.000000,0.000000,0.000000
0.333333,0.916667,0.041667,0.014988,0.014569
0.333333,0.916667,0.083333,0.029396,0.028888
0.333333,0.916667,0.125000,0.043142,0.042713
0.333333,0.916667,0.166667,0.056108,0.055807
0.333333,0.916667,0.208333,0.068137,0.067946
0.333333,0.916667,0.250000,0.079050,0.078923
0.333333,0.916667,0.291667,0.088659,0.088549
0.333333,0.916667,0.333333,0.096779,0.096660
0.333333,0.916667,0.375000,0.103248,0.103118
0.333333,0.916667,0.416667,0.107932,0.107811
0.333333,0.916667,0.458333,0.110739,0.110659
0.333333,0.916667,0.500000,0.111619,0.111614
0.333333,0.916667,0.541667,0.110566,0.110659
0.333333,0.916667,0.583333,0.107614,0.107811
0.333333,0.916667,0.625000,0.102838,0.103118
0.333333,0.916667,0.666667,0.096342,0.096660
0.333333,0.916667,0.708333,0.088257,0.088549
0.333333,0.916667,0.750000,0.078731,0.078923
0.333333,0.916667,0.791667,0.067923,0.067946
0.333333,0.916667,0.833333,0.055994,0.055807
0.333333,0.916667,0.875000,0.043099,0.042713
0.333333,0.916667,0.916667,0.029386,0.028888
0.333333,0.916667,0.958333,0.014982,0.014569
0.333333,0.916667,1.000000,-0.000000,-0.000000
0.333333,0.958333,0.000000,0.000000,0.000000
0.333333,0.958333,0.041667,0.007493,0.007238
0.333333,0.958333,0.083333,0.014656,0.014352
0.333333,0.958333,0.125000,0.021464,0.021221
0.333333,0.958333,0.166667,0.027871,0.027726
0.333333,0.958333,0.208333,0.033813,0.033757
0.333333,0.958333,0.250000,0.039211,0.039210
0.333333,0.958333,0.291667,0.043974,0.043993
0.333333,0.958333,0.333333,0.048013,0.048023
0.333333,0.958333,0.375000,0.051244,0.051231
0.333333,0.958333,0.416667,0.053595,0.053562
0.333333,0.958333,0.458333,0.055015,0.054978
0.333333,0.958333,0.500000,0.055473,0.055452
0.333333,0.958333,0.541667,0.054963,0.054978
0.333333,0.958333,0.583333,0.053499,0.053562
0.333333,0.958333,0.625000,0.051120,0.051231
0.333333,0.958333,0.666667,0.047879,0.048023
0.333333,0.958333,0.708333,0.043845,0.043993
0.333333,0.958333,0.750000,0.039096,0.039210
0.333333,0.958333,0.791667,0.033715,0.033757
0.333333,0.958333,0.833333,0.027784,0.027726
0.333333,0.958333,0.875000,0.021381,0.021221
0.333333,0.958333,0.916667,0.014578,0.014352
0.333333,0.958333,0.958333,0.007435,0.007238
0.333333,0.958333,1.000000,-0.000000,-0.000000
0.333333,1.000000,0.000000,0.000000,0.000000
0.333333,1.000000,0.041667,0.000000,-0.000000
0.333333,1.000000,0.083333,0.000000,-0.000000
0.333333,1.000000,0.125000,0.000000,-0.000000
0.333333,1.000000,0.166667,0.000000,-0.000000
0.333333,1.000000,0.208333,0.000000,-0.000000
0.333333,1.000000,0.250000,0.000000,-0.000000
0.333333,1.000000,0.291667,0.000000,-0.000000
0.333333,1.000000,0.333333,0.000000,-0.000000
0.333333,1.000000,0.375000,0.000000,-0.000000
0.333333,1.000000,0.416667,0.000000,-0.000000
0.333333,1.000000,0.458333,0.000000,-0.000000
0.333333,1.000000,0.500000,0.000000,-0.000000
0.333333,1.000000,0.541667,0.000000,-0.000000
0.333333,1.000000,0.583333,0.000000,-0.000000
0.333333,1.000000,0.625000,0.000000,-0.000000
0.333333,1.000000,0.666667,0.000000,-0.000000
0.333333,1.000000,0.708333,0.000000,-0.000000
0.333333,1.000000,0.750000,0.000000,-0.000000
0.333333,1.000000,0.791667,0.000000,-0.000000
0.333333,1.000000,0.833333,0.000000,-0.000000
0.333333,1.000000,0.875000,0.000000,-0.000000
0.333333,1.000000,0.916667,0.000000,-0.000000
0.333333,1.000000,0.958333,0.000000,-0.000000
0.333333,1.000000,1.000000,0.000000,0.000000
0.375000,0.000000,0.000000,0.000000,0.000000
0.375000,0.000000,0.041667,0.000000,0.000000
0.375000,0.000000,0.083333,0.000000,0.000000
0.375000,0.000000,0.125000,0.000000,0.000000
0.375000,0.000000,0.166667,0.000000,0.000000
0.375000,0.000000,0.208333,0.000000,0.000000
0.375000,0.000000,0.250000,0.000000,0.000000
0.375000,0.000000,0.291667,0.000000,0.000000
0.375000,0.000000,0.333333,0.000000,0.000000
0.375000,0.000000,0.375000,0.000000,0.000000
0.375000,0.000000,0.416667,0.000000,0.000000
0.375000,0.000000,0.458333,0.000000,0.000000
0.375000,0.000000,0.500000,0.000000,0.000000
0.375000,0.000000,0.541667,0.000000,0.000000
0.375000,0.000000,0.583333,0.000000,0.000000
0.375000,0.000000,0.625000,0.000000,0.000000
0.375000,0.000000,0.666667,0.000000,0.000000
0.375000,0.000000,0.708333,0.000000,0.000000
0.375000,0.000000,0.750000,0.000000,0.000000
0.375000,0.000000,0.791667,0.000000,0.000000
0.375000,0.000000,0.833333,0.000000,0.000000
0.375000,0.000000,0.875000,0.000000,0.000000
0.375000,0.000000,0.916667,0.000000,0.000000
0.375000,0.000000,0.958333,0.000000,0.000000
0.375000,0.000000,1.000000,-0.000000,-0.000000
0.375000,0.041667,0.000000,0.000000,0.000000
0.375000,0.041667,0.041667,0.014560,0.014496
0.375000,0.041667,0.083333,0.028911,0.028745
0.375000,0.041667,0.125000,0.042754,0.042501
0.375000,0.041667,0.166667,0.055825,0.055531
0.375000,0.041667,0.208333,0.067893,0.067610
0.375000,0.041667,0.250000,0.078760,0.078532
0.375000,0.041667,0.291667,0.088258,0.088111
0.375000,0.041667,0.333333,0.096243,0.096182
0.375000,0.041667,0.375000,0.102597,0.102608
0.375000,0.041667,0.416667,0.107224,0.107277
0.375000,0.041667,0.458333,0.110051,0.110111
0.375000,0.041667,0.500000,0.111027,0.111062
0.375000,0.041667,0.541667,0.110129,0.110111
0.375000,0.041667,0.583333,0.107358,0.107277
0.375000,0.041667,0.625000,0.102746,0.102608
0.375000,0.041667,0.666667,0.096358,0.096182
0.375000,0.041667,0.708333,0.088291,0.088111
0.375000,0.041667,0.750000,0.078677,0.078532
0.375000,0.041667,0.791667,0.067682,0.067610
0.375000,0.041667,0.833333,0.055506,0.055531
0.375000,0.041667,0.875000,0.042380,0.042501
0.375000,0.041667,0.916667,0.028562,0.028745
0.375000,0.041667,0.958333,0.014335,0.014496
0.375000,0.041667,1.000000,-0.000000,-0.000000
0.375000,0.083333,0.000000,0.000000,0.000000
0.375000,0.083333,0.041667,0.028727,0.028563
0.375000,0.083333,0.083333,0.057021,0.056637
0.375000,0.083333,0.125000,0.084301,0.083742
0.375000,0.083333,0.166667,0.110052,0.109414
0.375000,0.083333,0.208333,0.133820,0.133214
0.375000,0.083333,0.250000,0.155218,0.154734
0.375000,0.083333,0.291667,0.173913,0.173607
0.375000,0.083333,0.333333,0.189625,0.189510
0.375000,0.083333,0.375000,0.202121,0.202170
0.375000,0.083333,0.416667,0.211214,0.211371
0.375000,0.083333,0.458333,0.216762,0.216955
0.375000,0.083333,0.500000,0.218669,0.218827
0.375000,0.083333,0.541667,0.216887,0.216955
0.375000,0.083333,0.583333,0.211421,0.211371
0.375000,0.083333,0.625000,0.202335,0.202170
0.375000,0.083333,0.666667,0.189755,0.189510
0.375000,0.083333,0.708333,0.173872,0.173607
0.375000,0.083333,0.750000,0.154944,0.154734
0.375000,0.083333,0.791667,0.133299,0.133214
0.375000,0.083333,0.833333,0.109326,0.109414
0.375000,0.083333,0.875000,0.083480,0.083742
0.375000,0.083333,0.916667,0.056267,0.056637
0.375000,0.083333,0.958333,0.028242,0.028563
0.375000,0.083333,1.000000,-0.000000,-0.000000
0.375000,0.125000,0.000000,0.000000,0.000000
0.375000,0.125000,0.041667,0.042079,0.041788
0.375000,0.125000,0.083333,0.083512,0.082862
0.375000,0.125000,0.125000,0.123451,0.122517
0.375000,0.125000,0.166667,0.161141,0.160076
0.375000,0.125000,0.208333,0.195920,0.194897
0.375000,0.125000,0.250000,0.227217,0.226382
0.375000,0.125000,0.291667,0.254546,0.253994
0.375000,0.125000,0.333333,0.277497,0.277260
0.375000,0.125000,0.375000,0.295734,0.295782
0.375000,0.125000,0.416667,0.308989,0.309244
0.375000,0.125000,0.458333,0.317058,0.317414
0.375000,0.125000,0.500000,0.319806,0.320153
0.375000,0.125000,0.541667,0.317166,0.317414
0.375000,0.125000,0.583333,0.309150,0.309244
0.375000,0.125000,0.625000,0.295851,0.295782
0.375000,0.125000,0.666667,0.277453,0.277260
0.375000,0.125000,0.708333,0.254234,0.253994
0.375000,0.125000,0.750000,0.226571,0.226382
0.375000,0.125000,0.791667,0.194938,0.194896
0.375000,0.125000,0.833333,0.159903,0.160076
0.375000,0.125000,0.875000,0.122122,0.122517
0.375000,0.125000,0.916667,0.082332,0.082862
0.375000,0.125000,0.958333,0.041337,0.041788
0.375000,0.125000,1.000000,-0.000000,-0.000000
0.375000,0.166667,0.000000,0.000000,0.000000
0.375000,0.166667,0.041667,0.054212,0.053801
0.375000,0.166667,0.083333,0.107589,0.106682
0.375000,0.166667,0.125000,0.159041,0.157737
0.375000,0.166667,0.166667,0.207591,0.206094
0.375000,0.166667,0.208333,0.252382,0.250924
0.375000,0.166667,0.250000,0.292674,0.291460
0.375000,0.166667,0.291667,0.327839,0.327010
0.375000,0.166667,0.333333,0.357350,0.356965
0.375000,0.166667,0.375000,0.380777,0.380811
0.375000,0.166667,0.416667,0.397781,0.398142
0.375000,0.166667,0.458333,0.408108,0.408661
0.375000,0.166667,0.500000,0.411591,0.412187
0.375000,0.166667,0.541667,0.408152,0.408661
0.375000,0.166667,0.583333,0.397809,0.398142
0.375000,0.166667,0.625000,0.380686,0.380811
0.375000,0.166667,0.666667,0.357020,0.356964
0.375000,0.166667,0.708333,0.327168,0.327010
0.375000,0.166667,0.750000,0.291609,0.291460
0.375000,0.166667,0.791667,0.250946,0.250924
0.375000,0.166667,0.833333,0.205902,0.206094
0.375000,0.166667,0.875000,0.157308,0.157737
0.375000,0.166667,0.916667,0.106100,0.106682
0.375000,0.166667,0.958333,0.053298,0.053801
0.375000,0.166667,1.000000,-0.000000,-0.000000
0.375000,0.208333,0.000000,0.000000,0.000000
0.375000,0.208333,0.041667,0.064766,0.064284
0.375000,0.208333,0.083333,0.128541,0.127468
0.375000,0.208333,0.125000,0.190024,0.188471
0.375000,0.208333,0.166667,0.248048,0.246250
0.375000,0.208333,0.208333,0.301583,0.299815
0.375000,0.208333,0.250000,0.349738,0.348250
0.375000,0.208333,0.291667,0.391753,0.390726
0.375000,0.208333,0.333333,0.426995,0.426517
0.375000,0.208333,0.375000,0.454949,0.455010
0.375000,0.208333,0.416667,0.475211,0.475718
0.375000,0.208333,0.458333,0.487487,0.488286
0.375000,0.208333,0.500000,0.491585,0.492499
0.375000,0.208333,0.541667,0.487423,0.488286
0.375000,0.208333,0.583333,0.475035,0.475718
0.375000,0.208333,0.625000,0.454574,0.455010
0.375000,0.208333,0.666667,0.426328,0.426517
0.375000,0.208333,0.708333,0.390722,0.390726
0.375000,0.208333,0.750000,0.348323,0.348250
0.375000,0.208333,0.791667,0.299837,0.299814
0.375000,0.208333,0.833333,0.246111,0.246250
0.375000,0.208333,0.875000,0.188120,0.188471
0.375000,0.208333,0.916667,0.126957,0.127468
0.375000,0.208333,0.958333,0.063822,0.064284
0.375000,0.208333,1.000000,-0.000000,-0.000000
0.375000,0.250000,0.000000,0.000000,0.000000
0.375000,0.250000,0.041667,0.073458,0.072987
0.375000,0.250000,0.083333,0.145808,0.144725
0.375000,0.250000,0.125000,0.215583,0.213987
0.375000,0.250000,0.166667,0.281460,0.279588
0.375000,0.250000,0.208333,0.342268,0.340405
0.375000,0.250000,0.250000,0.396985,0.395397
0.375000,0.250000,0.291667,0.444739,0.443624
0.375000,0.250000,0.333333,0.484794,0.484261
0.375000,0.250000,0.375000,0.516552,0.516611
0.375000,0.250000,0.416667,0.539548,0.540123
0.375000,0.250000,0.458333,0.553444,0.554392
0.375000,0.250000,0.500000,0.558032,0.559176
0.375000,0.250000,0.541667,0.553235,0.554392
0.375000,0.250000,0.583333,0.539106,0.540123
0.375000,0.250000,0.625000,0.515840,0.516611
0.375000,0.250000,0.666667,0.483774,0.484261
0.375000,0.250000,0.708333,0.443396,0.443624
0.375000,0.250000,0.750000,0.395342,0.395397
0.375000,0.250000,0.791667,0.340402,0.340405
0.375000,0.250000,0.833333,0.279515,0.279588
0.375000,0.250000,0.875000,0.213762,0.213987
0.375000,0.250000,0.916667,0.144354,0.144725
0.375000,0.250000,0.958333,0.072625,0.072987
0.375000,0.250000,1.000000,-0.000000,-0.000000
0.375000,0.291667,0.000000,0.000000,0.000000
0.375000,0.291667,0.041667,0.080117,0.079738
0.375000,0.291667,0.083333,0.159049,0.158111
0.375000,0.291667,0.125000,0.235207,0.233779
0.375000,0.291667,0.166667,0.307156,0.305446
0.375000,0.291667,0.208333,0.373618,0.371888
0.375000,0.291667,0.250000,0.433472,0.431966
0.375000,0.291667,0.291667,0.485748,0.484654
0.375000,0.291667,0.333333,0.529625,0.529049
0.375000,0.291667,0.375000,0.564422,0.564391
0.375000,0.291667,0.416667,0.589610,0.590077
0.375000,0.291667,0.458333,0.604806,0.605667
0.375000,0.291667,0.500000,0.609782,0.610893
0.375000,0.291667,0.541667,0.604464,0.605667
0.375000,0.291667,0.583333,0.588936,0.590077
0.375000,0.291667,0.625000,0.563433,0.564391
0.375000,0.291667,0.666667,0.528348,0.529049
0.375000,0.291667,0.708333,0.484226,0.484654
0.375000,0.291667,0.750000,0.431765,0.431966
0.375000,0.291667,0.791667,0.371819,0.371888
0.375000,0.291667,0.833333,0.305396,0.305446
0.375000,0.291667,0.875000,0.233649,0.233778
0.375000,0.291667,0.916667,0.157872,0.158111
0.375000,0.291667,0.958333,0.079482,0.079737
0.375000,0.291667,1.000000,-0.000000,-0.000000
0.375000,0.333333,0.000000,0.000000,0.000000
0.375000,0.333333,0.041667,0.084703,0.084444
0.375000,0.333333,0.083333,0.168174,0.167443
0.375000,0.333333,0.125000,0.248748,0.247577
0.375000,0.333333,0.166667,0.324914,0.323474
0.375000,0.333333,0.208333,0.395325,0.393837
0.375000,0.333333,0.250000,0.458789,0.457462
0.375000,0.333333,0.291667,0.514269,0.513259
0.375000,0.333333,0.333333,0.560875,0.560274
0.375000,0.333333,0.375000,0.597866,0.597703
0.375000,0.333333,0.416667,0.624656,0.624905
0.375000,0.333333,0.458333,0.640818,0.641414
0.375000,0.333333,0.500000,0.646101,0.646949
0.375000,0.333333,0.541667,0.640428,0.641414
0.375000,0.333333,0.583333,0.623898,0.624905
0.375000,0.333333,0.625000,0.596785,0.597703
0.375000,0.333333,0.666667,0.559528,0.560274
0.375000,0.333333,0.708333,0.512727,0.513259
0.375000,0.333333,0.750000,0.457137,0.457462
0.375000,0.333333,0.791667,0.393665,0.393837
0.375000,0.333333,0.833333,0.323372,0.323474
0.375000,0.333333,0.875000,0.247460,0.247576
0.375000,0.333333,0.916667,0.167270,0.167443
0.375000,0.333333,0.958333,0.084262,0.084444
0.375000,0.333333,1.000000,-0.000000,-0.000000
0.375000,0.375000,0.000000,0.000000,0.000000
0.375000,0.375000,0.041667,0.087282,0.087096
0.375000,0.375000,0.083333,0.173297,0.172701
0.375000,0.375000,0.125000,0.256351,0.255351
0.375000,0.375000,0.166667,0.334892,0.333633
0.375000,0.375000,0.208333,0.407531,0.406205
0.375000,0.375000,0.250000,0.473036,0.471828
0.375000,0.375000,0.291667,0.530333,0.529377
0.375000,0.375000,0.333333,0.578496,0.577869
0.375000,0.375000,0.375000,0.616753,0.616473
0.375000,0.375000,0.416667,0.644484,0.644529
0.375000,0.375000,0.458333,0.661238,0.661557
0.375000,0.375000,0.500000,0.666738,0.667265
0.375000,0.375000,0.541667,0.660893,0.661557
0.375000,0.375000,0.583333,0.643803,0.644529
0.375000,0.375000,0.625000,0.615757,0.616473
0.375000,0.375000,0.666667,0.577224,0.577869
0.375000,0.375000,0.708333,0.528845,0.529377
0.375000,0.375000,0.750000,0.471426,0.471828
0.375000,0.375000,0.791667,0.405919,0.406205
0.375000,0.375000,0.833333,0.333423,0.333633
0.375000,0.375000,0.875000,0.255171,0.255351
0.375000,0.375000,0.916667,0.172520,0.172701
0.375000,0.375000,0.958333,0.086942,0.087096
0.375000,0.375000,1.000000,-0.000000,-0.000000
0.375000,0.416667,0.000000,0.000000,0.000000
0.375000,0.416667,0.041667,0.087955,0.087760
0.375000,0.416667,0.083333,0.174612,0.174017
0.375000,0.416667,0.125000,0.258285,0.257298
0.375000,0.416667,0.166667,0.337424,0.336176
0.375000,0.416667,0.208333,0.410627,0.409302
0.375000,0.416667,0.250000,0.476651,0.475425
0.375000,0.416667,0.291667,0.534409,0.533413
0.375000,0.416667,0.333333,0.582969,0.582274
0.375000,0.416667,0.375000,0.621555,0.621172
0.375000,0.416667,0.416667,0.649545,0.649442
0.375000,0.416667,0.458333,0.666479,0.666600
0.375000,0.416667,0.500000,0.672068,0.672352
0.375000,0.416667,0.541667,0.666209,0.666600
0.375000,0.416667,0.583333,0.648988,0.649442
0.375000,0.416667,0.625000,0.620689,0.621172
0.375000,0.416667,0.666667,0.581792,0.582274
0.375000,0.416667,0.708333,0.532956,0.533413
0.375000,0.416667,0.750000,0.475012,0.475425
0.375000,0.416667,0.791667,0.408943,0.409302
0.375000,0.416667,0.833333,0.335871,0.336176
0.375000,0.416667,0.875000,0.257038,0.257298
0.375000,0.416667,0.916667,0.173800,0.174017
0.375000,0.416667,0.958333,0.087610,0.087759
0.375000,0.416667,1.000000,-0.000000,-0.000000
0.375000,0.458333,0.000000,0.000000,0.000000
0.375000,0.458333,0.041667,0.086832,0.086570
0.375000,0.458333,0.083333,0.172330,0.171659
0.375000,0.458333,0.125000,0.254869,0.253810
0.375000,0.458333,0.166667,0.332934,0.331619
0.375000,0.458333,0.208333,0.405149,0.403754
0.375000,0.458333,0.250000,0.470286,0.468980
0.375000,0.458333,0.291667,0.527269,0.526182
0.375000,0.458333,0.333333,0.575175,0.574381
0.375000,0.458333,0.375000,0.613241,0.612752
0.375000,0.458333,0.416667,0.640857,0.640639
0.375000,0.458333,0.458333,0.657572,0.657564
0.375000,0.458333,0.500000,0.663104,0.663238
0.375000,0.458333,0.541667,0.657343,0.657564
0.375000,0.458333,0.583333,0.640369,0.640639
0.375000,0.458333,0.625000,0.612452,0.612752
0.375000,0.458333,0.666667,0.574057,0.574381
0.375000,0.458333,0.708333,0.525839,0.526182
0.375000,0.458333,0.750000,0.468625,0.468980
0.375000,0.458333,0.791667,0.403400,0.403754
0.375000,0.458333,0.833333,0.331287,0.331619
0.375000,0.458333,0.875000,0.253521,0.253810
0.375000,0.458333,0.916667,0.171435,0.171659
0.375000,0.458333,0.958333,0.086439,0.086570
0.375000,0.458333,1.000000,-0.000000,-0.000000
0.375000,0.500000,0.000000,0.000000,0.000000
0.375000,0.500000,0.041667,0.084053,0.083717
0.375000,0.500000,0.083333,0.166742,0.166002
0.375000,0.500000,0.125000,0.246541,0.245446
0.375000,0.500000,0.166667,0.322014,0.320690
0.375000,0.500000,0.208333,0.391842,0.390448
0.375000,0.500000,0.250000,0.454839,0.453525
0.375000,0.500000,0.291667,0.509957,0.508841
0.375000,0.500000,0.333333,0.556298,0.555452
0.375000,0.500000,0.375000,0.593118,0.592558
0.375000,0.500000,0.416667,0.619825,0.619526
0.375000,0.500000,0.458333,0.635988,0.635894
0.375000,0.500000,0.500000,0.641336,0.641381
0.375000,0.500000,0.541667,0.635770,0.635893
0.375000,0.500000,0.583333,0.619361,0.619526
0.375000,0.500000,0.625000,0.592369,0.592558
0.375000,0.500000,0.666667,0.555237,0.555452
0.375000,0.500000,0.708333,0.508592,0.508841
0.375000,0.500000,0.750000,0.453241,0.453525
0.375000,0.500000,0.791667,0.390143,0.390448
0.375000,0.500000,0.833333,0.320395,0.320690
0.375000,0.500000,0.875000,0.245198,0.245446
0.375000,0.500000,0.916667,0.165836,0.166001
0.375000,0.500000,0.958333,0.083647,0.083717
0.375000,0.500000,1.000000,-0.000000,-0.000000
0.375000,0.541667,0.000000,0.000000,0.000000
0.375000,0.541667,0.041667,0.079818,0.079432
0.375000,0.541667,0.083333,0.158258,0.157504
0.375000,0.541667,0.125000,0.233925,0.232882
0.375000,0.541667,0.166667,0.305492,0.304274
0.375000,0.541667,0.208333,0.371726,0.370461
0.375000,0.541667,0.250000,0.431502,0.430309
0.375000,0.541667,0.291667,0.483821,0.482794
0.375000,0.541667,0.333333,0.527823,0.527019
0.375000,0.541667,0.375000,0.562788,0.562226
0.375000,0.541667,0.416667,0.588148,0.587813
0.375000,0.541667,0.458333,0.603489,0.603343
0.375000,0.541667,0.500000,0.608559,0.608549
0.375000,0.541667,0.541667,0.603262,0.603343
0.375000,0.541667,0.583333,0.587677,0.587813
0.375000,0.541667,0.625000,0.562051,0.562226
0.375000,0.541667,0.666667,0.526809,0.527019
0.375000,0.541667,0.708333,0.482549,0.482794
0.375000,0.541667,0.750000,0.430038,0.430309
0.375000,0.541667,0.791667,0.370190,0.370461
0.375000,0.541667,0.833333,0.304044,0.304274
0.375000,0.541667,0.875000,0.232736,0.232881
0.375000,0.541667,0.916667,0.157465,0.157504
0.375000,0.541667,0.958333,0.079469,0.079431
0.375000,0.541667,1.000000,-0.000000,-0.000000
0.375000,0.583333,0.000000,0.000000,0.000000
0.375000,0.583333,0.041667,0.074379,0.073969
0.375000,0.583333,0.083333,0.147389,0.146673
0.375000,0.583333,0.125000,0.217789,0.216867
0.375000,0.583333,0.166667,0.284384,0.283350
0.375000,0.583333,0.208333,0.346040,0.344985
0.375000,0.583333,0.250000,0.401715,0.400718
0.375000,0.583333,0.291667,0.450471,0.449594
0.375000,0.583333,0.333333,0.491492,0.490777
0.375000,0.583333,0.375000,0.524094,0.523563
0.375000,0.583333,0.416667,0.547735,0.547391
0.375000,0.583333,0.458333,0.562025,0.561852
0.375000,0.583333,0.500000,0.566724,0.566700
0.375000,0.583333,0.541667,0.561754,0.561852
0.375000,0.583333,0.583333,0.547197,0.547391
0.375000,0.583333,0.625000,0.523296,0.523563
0.375000,0.583333,0.666667,0.490459,0.490777
0.375000,0.583333,0.708333,0.449252,0.449594
0.375000,0.583333,0.750000,0.400388,0.400718
0.375000,0.583333,0.791667,0.344715,0.344985
0.375000,0.583333,0.833333,0.283191,0.283350
0.375000,0.583333,0.875000,0.216854,0.216867
0.375000,0.583333,0.916667,0.146799,0.146673
0.375000,0.583333,0.958333,0.074141,0.073969
0.375000,0.583333,1.000000,-0.000000,-0.000000
0.375000,0.625000,0.000000,0.000000,0.000000
0.375000,0.625000,0.041667,0.068010,0.067593
0.375000,0.625000,0.083333,0.134684,0.134030
0.375000,0.625000,0.125000,0.198954,0.198173
0.375000,0.625000,0.166667,0.259762,0.258926
0.375000,0.625000,0.208333,0.316089,0.315248
0.375000,0.625000,0.250000,0.366983,0.366176
0.375000,0.625000,0.291667,0.411576,0.410839
0.375000,0.625000,0.333333,0.449106,0.448473
0.375000,0.625000,0.375000,0.478935,0.478432
0.375000,0.625000,0.416667,0.500555,0.500206
0.375000,0.625000,0.458333,0.513602,0.513421
0.375000,0.625000,0.500000,0.517861,0.517852
0.375000,0.625000,0.541667,0.513268,0.513421
0.375000,0.625000,0.583333,0.499911,0.500206
0.375000,0.625000,0.625000,0.478028,0.478432
0.375000,0.625000,0.666667,0.448005,0.448473
0.375000,0.625000,0.708333,0.410365,0.410839
0.375000,0.625000,0.750000,0.365762,0.366176
0.375000,0.625000,0.791667,0.314965,0.315248
0.375000,0.625000,0.833333,0.258833,0.258926
0.375000,0.625000,0.875000,0.198296,0.198173
0.375000,0.625000,0.916667,0.134324,0.134030
0.375000,0.625000,0.958333,0.067900,0.067593
0.375000,0.625000,1.000000,-0.000000,-0.000000
0.375000,0.666667,0.000000,0.000000,0.000000
0.375000,0.666667,0.041667,0.060978,0.060558
0.375000,0.666667,0.083333,0.120673,0.120080
0.375000,0.666667,0.125000,0.178193,0.177548
0.375000,0.666667,0.166667,0.232626,0.231978
0.375000,0.666667,0.208333,0.283077,0.282438
0.375000,0.666667,0.250000,0.328689,0.328066
0.375000,0.666667,0.291667,0.368677,0.368080
0.375000,0.666667,0.333333,0.402342,0.401797
0.375000,0.666667,0.375000,0.429098,0.428639
0.375000,0.666667,0.416667,0.448480,0.448146
0.375000,0.666667,0.458333,0.460157,0.459986
0.375000,0.666667,0.500000,0.463939,0.463955
0.375000,0.666667,0.541667,0.459776,0.459986
0.375000,0.666667,0.583333,0.447758,0.448146
0.375000,0.666667,0.625000,0.428113,0.428639
0.375000,0.666667,0.666667,0.401198,0.401797
0.375000,0.666667,0.708333,0.367491,0.368080
0.375000,0.666667,0.750000,0.327580,0.328066
0.375000,0.666667,0.791667,0.282148,0.282438
0.375000,0.666667,0.833333,0.231953,0.231978
0.375000,0.666667,0.875000,0.177803,0.177548
0.375000,0.666667,0.916667,0.120537,0.120080
0.375000,0.666667,0.958333,0.060995,0.060558
0.375000,0.666667,1.000000,-0.000000,-0.000000
0.375000,0.708333,0.000000,0.000000,0.000000
0.375000,0.708333,0.041667,0.053520,0.053097
0.375000,0.708333,0.083333,0.105822,0.105285
0.375000,0.708333,0.125000,0.156188,0.155672
0.375000,0.708333,0.166667,0.203859,0.203395
0.375000,0.708333,0.208333,0.248069,0.247638
0.375000,0.708333,0.250000,0.288067,0.287644
0.375000,0.708333,0.291667,0.323156,0.322728
0.375000,0.708333,0.333333,0.352710,0.352291
0.375000,0.708333,0.375000,0.376199,0.375825
0.375000,0.708333,0.416667,0.393205,0.392929
0.375000,0.708333,0.458333,0.403435,0.403310
0.375000,0.708333,0.500000,0.406721,0.406790
0.375000,0.708333,0.541667,0.403027,0.403310
0.375000,0.708333,0.583333,0.392444,0.392929
0.375000,0.708333,0.625000,0.375185,0.375825
0.375000,0.708333,0.666667,0.351576,0.352290
0.375000,0.708333,0.708333,0.322045,0.322728
0.375000,0.708333,0.750000,0.287112,0.287644
0.375000,0.708333,0.791667,0.247369,0.247638
0.375000,0.708333,0.833333,0.203464,0.203395
0.375000,0.708333,0.875000,0.156081,0.155672
0.375000,0.708333,0.916667,0.105919,0.105285
0.375000,0.708333,0.958333,0.053669,0.053097
0.375000,0.708333,1.000000,-0.000000,-0.000000
0.375000,0.750000,0.000000,0.000000,0.000000
0.375000,0.750000,0.041667,0.045838,0.045407
0.375000,0.750000,0.083333,0.090535,0.090036
0.375000,0.750000,0.125000,0.133540,0.133125
0.375000,0.750000,0.166667,0.174246,0.173937
0.375000,0.750000,0.208333,0.212018,0.211772
0.375000,0.750000,0.250000,0.246220,0.245983
0.375000,0.750000,0.291667,0.276246,0.275986
0.375000,0.750000,0.333333,0.301546,0.301267
0.375000,0.750000,0.375000,0.321656,0.321393
0.375000,0.750000,0.416667,0.336206,0.336020
0.375000,0.750000,0.458333,0.344941,0.344897
0.375000,0.750000,0.500000,0.347720,0.347873
0.375000,0.750000,0.541667,0.344521,0.344897
0.375000,0.750000,0.583333,0.335434,0.336020
0.375000,0.750000,0.625000,0.320654,0.321393
0.375000,0.750000,0.666667,0.300473,0.301267
0.375000,0.750000,0.708333,0.275264,0.275986
0.375000,0.750000,0.750000,0.245471,0.245983
0.375000,0.750000,0.791667,0.211591,0.211772
0.375000,0.750000,0.833333,0.174160,0.173937
0.375000,0.750000,0.875000,0.133733,0.133125
0.375000,0.750000,0.916667,0.090871,0.090036
0.375000,0.750000,0.958333,0.046120,0.045407
0.375000,0.750000,1.000000,-0.000000,-0.000000
0.375000,0.791667,0.000000,0.000000,0.000000
0.375000,0.791667,0.041667,0.038095,0.037643
0.375000,0.791667,0.083333,0.075140,0.074642
0.375000,0.791667,0.125000,0.110739,0.110364
0.375000,0.791667,0.166667,0.144430,0.144198
0.375000,0.791667,0.208333,0.175708,0.175564
0.375000,0.791667,0.250000,0.204051,0.203927
0.375000,0.791667,0.291667,0.228951,0.228800
0.375000,0.791667,0.333333,0.249943,0.249758
0.375000,0.791667,0.375000,0.266627,0.266443
0.375000,0.791667,0.416667,0.278691,0.278569
0.375000,0.791667,0.458333,0.285919,0.285929
0.375000,0.791667,0.500000,0.288199,0.288396
0.375000,0.791667,0.541667,0.285519,0.285929
0.375000,0.791667,0.583333,0.277965,0.278569
0.375000,0.791667,0.625000,0.265708,0.266443
0.375000,0.791667,0.666667,0.248999,0.249758
0.375000,0.791667,0.708333,0.228151,0.228800
0.375000,0.791667,0.750000,0.203528,0.203927
0.375000,0.791667,0.791667,0.175534,0.175564
0.375000,0.791667,0.833333,0.144595,0.144198
0.375000,0.791667,0.875000,0.111149,0.110364
0.375000,0.791667,0.916667,0.075628,0.074642
0.375000,0.791667,0.958333,0.038449,0.037643
0.375000,0.791667,1.000000,-0.000000,-0.000000
0.375000,0.833333,0.000000,0.000000,0.000000
0.375000,0.833333,0.041667,0.030390,0.029916
0.375000,0.833333,0.083333,0.059844,0.059320
0.375000,0.833333,0.125000,0.088101,0.087709
0.375000,0.833333,0.166667,0.114829,0.114597
0.375000,0.833333,0.208333,0.139650,0.139524
0.375000,0.833333,0.250000,0.162158,0.162064
0.375000,0.833333,0.291667,0.181947,0.181831
0.375000,0.833333,0.333333,0.198640,0.198487
0.375000,0.833333,0.375000,0.211912,0.211747
0.375000,0.833333,0.416667,0.221506,0.221384
0.375000,0.833333,0.458333,0.227249,0.227233
0.375000,0.833333,0.500000,0.229050,0.229194
0.375000,0.833333,0.541667,0.226905,0.227233
0.375000,0.833333,0.583333,0.220887,0.221384
0.375000,0.833333,0.625000,0.211140,0.211747
0.375000,0.833333,0.666667,0.197866,0.198487
0.375000,0.833333,0.708333,0.181319,0.181831
0.375000,0.833333,0.750000,0.161788,0.162064
0.375000,0.833333,0.791667,0.139590,0.139524
0.375000,0.833333,0.833333,0.115054,0.114597
0.375000,0.833333,0.875000,0.088514,0.087709
0.375000,0.833333,0.916667,0.060292,0.059320
0.375000,0.833333,0.958333,0.030695,0.029916
0.375000,0.833333,1.000000,-0.000000,-0.000000
0.375000,0.875000,0.000000,0.000000,0.000000
0.375000,0.875000,0.041667,0.022756,0.022286
0.375000,0.875000,0.083333,0.044724,0.044190
0.375000,0.875000,0.125000,0.065748,0.065339
0.375000,0.875000,0.166667,0.085617,0.085369
0.375000,0.875000,0.208333,0.104069,0.103939
0.375000,0.875000,0.250000,0.120812,0.120731
0.375000,0.875000,0.291667,0.135547,0.135456
0.375000,0.875000,0.333333,0.147990,0.147864
0.375000,0.875000,0.375000,0.157891,0.157742
0.375000,0.875000,0.416667,0.165053,0.164921
0.375000,0.875000,0.458333,0.169341,0.169278
0.375000,0.875000,0.500000,0.170685,0.170739
0.375000,0.875000,0.541667,0.169080,0.169278
0.375000,0.875000,0.583333,0.164584,0.164921
0.375000,0.875000,0.625000,0.157305,0.157742
0.375000,0.875000,0.666667,0.147401,0.147864
0.375000,0.875000,0.708333,0.135064,0.135456
0.375000,0.875000,0.750000,0.120513,0.120731
0.375000,0.875000,0.791667,0.103987,0.103939
0.375000,0.875000,0.833333,0.085728,0.085369
0.375000,0.875000,0.875000,0.065980,0.065339
0.375000,0.875000,0.916667,0.044973,0.044190
0.375000,0.875000,0.958333,0.022918,0.022286
0.375000,0.875000,1.000000,-0.000000,-0.000000
0.375000,0.916667,0.000000,0.000000,0.000000
0.375000,0.916667,0.041667,0.015176,0.014772
0.375000,0.916667,0.083333,0.029757,0.029292
0.375000,0.916667,0.125000,0.043669,0.043310
0.375000,0.916667,0.166667,0.056796,0.056588
0.375000,0.916667,0.208333,0.068982,0.068897
0.375000,0.916667,0.250000,0.080048,0.080027
0.375000,0.916667,0.291667,0.089801,0.089788
0.375000,0.916667,0.333333,0.098051,0.098013
0.375000,0.916667,0.375000,0.104631,0.104561
0.375000,0.916667,0.416667,0.109402,0.109319
0.375000,0.916667,0.458333,0.112269,0.112208
0.375000,0.916667,0.500000,0.113179,0.113176
0.375000,0.916667,0.541667,0.112124,0.112208
0.375000,0.916667,0.583333,0.109141,0.109319
0.375000,0.916667,0.625000,0.104304,0.104561
0.375000,0.916667,0.666667,0.097719,0.098013
0.375000,0.916667,0.708333,0.089520,0.089788
0.375000,0.916667,0.750000,0.079857,0.080027
0.375000,0.916667,0.791667,0.068892,0.068897
0.375000,0.916667,0.833333,0.056790,0.056588
0.375000,0.916667,0.875000,0.043710,0.043310
0.375000,0.916667,0.916667,0.029800,0.029292
0.375000,0.916667,0.958333,0.015193,0.014772
0.375000,0.916667,1.000000,-0.000000,-0.000000
0.375000,0.958333,0.000000,0.000000,0.000000
0.375000,0.958333,0.041667,0.007607,0.007358
0.375000,0.958333,0.083333,0.014875,0.014590
0.375000,0.958333,0.125000,0.021784,0.021573
0.375000,0.958333,0.166667,0.028288,0.028186
0.375000,0.958333,0.208333,0.034323,0.034317
0.375000,0.958333,0.250000,0.039809,0.039861
0.375000,0.958333,0.291667,0.044655,0.044723
0.375000,0.958333,0.333333,0.048769,0.048820
0.375000,0.958333,0.375000,0.052063,0.052081
0.375000,0.958333,0.416667,0.054465,0.054451
0.375000,0.958333,0.458333,0.055921,0.055890
0.375000,0.958333,0.500000,0.056398,0.056372
0.375000,0.958333,0.541667,0.055888,0.055890
0.375000,0.958333,0.583333,0.054408,0.054451
0.375000,0.958333,0.625000,0.051995,0.052081
0.375000,0.958333,0.666667,0.048703,0.048820
0.375000,0.958333,0.708333,0.044602,0.044723
0.375000,0.958333,0.750000,0.039772,0.039861
0.375000,0.958333,0.791667,0.034298,0.034317
0.375000,0.958333,0.833333,0.028263,0.028186
0.375000,0.958333,0.875000,0.021748,0.021573
0.375000,0.958333,0.916667,0.014826,0.014590
0.375000,0.958333,0.958333,0.007560,0.007358
0.375000,0.958333,1.000000,-0.000000,-0.000000
0.375000,1.000000,0.000000,0.000000,0.000000
0.375000,1.000000,0.041667,0.000000,-0.000000
0.375000,1.000000,0.083333,0.000000,-0.000000
0.375000,1.000000,0.125000,0.000000,-0.000000
0.375000,1.000000,0.166667,0.000000,-0.000000
0.375000,1.000000,0.208333,0.000000,-0.000000
0.375000,1.000000,0.250000,0.000000,-0.000000
0.375000,1.000000,0.291667,0.000000,-0.000000
0.375000,1.000000,0.333333,0.000000,-0.000000
0.375000,1.000000,0.375000,0.000000,-0.000000
0.375000,1.000000,0.416667,0.000000,-0.000000
0.375000,1.000000,0.458333,0.000000,-0.000000
0.375000,1.000000,0.500000,0.000000,-0.000000
0.375000,1.000000,0.541667,0.000000,-0.000000
0.375000,1.000000,0.583333,0.000000,-0.000000
0.375000,1.000000,0.625000,0.000000,-0.000000
0.375000,1.000000,0.666667,0.000000,-0.000000
0.375000,1.000000,0.708333,0.000000,-0.000000
0.375000,1.000000,0.750000,0.000000,-0.000000
0.375000,1.000000,0.791667,0.000000,-0.000000
0.375000,1.000000,0.833333,0.000000,-0.000000
0.375000,1.000000,0.875000,0.000000,-0.000000
0.375000,1.000000,0.916667,0.000000,-0.000000
0.375000,1.000000,0.958333,0.000000,-0.000000
0.375000,1.000000,1.000000,0.000000,0.000000
0.416667,0.000000,0.000000,0.000000,0.000000
0.416667,0.000000,0.041667,0.000000,0.000000
0.416667,0.000000,0.083333,0.000000,0.000000
0.416667,0.000000,0.125000,0.000000,0.000000
0.416667,0.000000,0.166667,0.000000,0.000000
0.416667,0.000000,0.208333,0.000000,0.000000
0.416667,0.000000,0.250000,0.000000,0.000000
0.416667,0.000000,0.291667,0.000000,0.000000
0.416667,0.000000,0.333333,0.000000,0.000000
0.416667,0.000000,0.375000,0.000000,0.000000
0.416667,0.000000,0.416667,0.000000,0.000000
0.416667,0.000000,0.458333,0.000000,0.000000
0.416667,0.000000,0.500000,0.000000,0.000000
0.416667,0.000000,0.541667,0.000000,0.000000
0.416667,0.000000,0.583333,0.000000,0.000000
0.416667,0.000000,0.625000,0.000000,0.000000
0.416667,0.000000,0.666667,0.000000,0.000000
0.416667,0.000000,0.708333,0.000000,0.000000
0.416667,0.000000,0.750000,0.000000,0.000000
0.416667,0.000000,0.791667,0.000000,0.000000
0.416667,0.000000,0.833333,0.000000,0.000000
0.416667,0.000000,0.875000,0.000000,0.000000
0.416667,0.000000,0.916667,0.000000,0.000000
0.416667,0.000000,0.958333,0.000000,0.000000
0.416667,0.000000,1.000000,-0.000000,-0.000000
0.416667,0.041667,0.000000,0.000000,0.000000
0.416667,0.041667,0.041667,0.013538,0.013404
0.416667,0.041667,0.083333,0.026854,0.026579
0.416667,0.041667,0.125000,0.039676,0.039299
0.416667,0.041667,0.166667,0.051760,0.051347
0.416667,0.041667,0.208333,0.062899,0.062516
0.416667,0.041667,0.250000,0.072915,0.072615
0.416667,0.041667,0.291667,0.081655,0.081472
0.416667,0.041667,0.333333,0.088995,0.088935
0.416667,0.041667,0.375000,0.094829,0.094876
0.416667,0.041667,0.416667,0.099072,0.099194
0.416667,0.041667,0.458333,0.101660,0.101814
0.416667,0.041667,0.500000,0.102548,0.102693
0.416667,0.041667,0.541667,0.101715,0.101814
0.416667,0.041667,0.583333,0.099162,0.099194
0.416667,0.041667,0.625000,0.094916,0.094876
0.416667,0.041667,0.666667,0.089035,0.088935
0.416667,0.041667,0.708333,0.081606,0.081472
0.416667,0.041667,0.750000,0.072748,0.072615
0.416667,0.041667,0.791667,0.062609,0.062516
0.416667,0.041667,0.833333,0.051371,0.051347
0.416667,0.041667,0.875000,0.039244,0.039299
0.416667,0.041667,0.916667,0.026463,0.026579
0.416667,0.041667,0.958333,0.013288,0.013404
0.416667,0.041667,1.000000,-0.000000,-0.000000
0.416667,0.083333,0.000000,0.000000,0.000000
0.416667,0.083333,0.041667,0.026729,0.026426
0.416667,0.083333,0.083333,0.053006,0.052399
0.416667,0.083333,0.125000,0.078293,0.077476
0.416667,0.083333,0.166667,0.102119,0.101227
0.416667,0.083333,0.208333,0.124071,0.123247
0.416667,0.083333,0.250000,0.143801,0.143157
0.416667,0.083333,0.291667,0.161011,0.160618
0.416667,0.083333,0.333333,0.175453,0.175331
0.416667,0.083333,0.375000,0.186923,0.187044
0.416667,0.083333,0.416667,0.195257,0.195556
0.416667,0.083333,0.458333,0.200331,0.200723
0.416667,0.083333,0.500000,0.202059,0.202455
0.416667,0.083333,0.541667,0.200400,0.200723
0.416667,0.083333,0.583333,0.195358,0.195556
0.416667,0.083333,0.625000,0.186988,0.187044
0.416667,0.083333,0.666667,0.175402,0.175331
0.416667,0.083333,0.708333,0.160770,0.160618
0.416667,0.083333,0.750000,0.143323,0.143157
0.416667,0.083333,0.791667,0.123356,0.123247
0.416667,0.083333,0.833333,0.101221,0.101227
0.416667,0.083333,0.875000,0.077331,0.077476
0.416667,0.083333,0.916667,0.052150,0.052399
0.416667,0.083333,0.958333,0.026189,0.026426
0.416667,0.083333,1.000000,-0.000000,-0.000000
0.416667,0.125000,0.000000,0.000000,0.000000
0.416667,0.125000,0.041667,0.039187,0.038699
0.416667,0.125000,0.083333,0.077705,0.076736
0.416667,0.125000,0.125000,0.114768,0.113459
0.416667,0.125000,0.166667,0.149680,0.148242
0.416667,0.125000,0.208333,0.181838,0.180488
0.416667,0.125000,0.250000,0.210726,0.209646
0.416667,0.125000,0.291667,0.235909,0.235217
0.416667,0.125000,0.333333,0.257025,0.256763
0.416667,0.125000,0.375000,0.273779,0.273915
0.416667,0.125000,0.416667,0.285937,0.286381
0.416667,0.125000,0.458333,0.293321,0.293947
0.416667,0.125000,0.500000,0.295812,0.296484
0.416667,0.125000,0.541667,0.293351,0.293947
0.416667,0.125000,0.583333,0.285948,0.286381
0.416667,0.125000,0.625000,0.273684,0.273915
0.416667,0.125000,0.666667,0.256722,0.256763
0.416667,0.125000,0.708333,0.235309,0.235217
0.416667,0.125000,0.750000,0.209782,0.209646
0.416667,0.125000,0.791667,0.180569,0.180488
0.416667,0.125000,0.833333,0.148183,0.148242
0.416667,0.125000,0.875000,0.113224,0.113459
0.416667,0.125000,0.916667,0.076367,0.076736
0.416667,0.125000,0.958333,0.038358,0.038699
0.416667,0.125000,1.000000,-0.000000,-0.000000
0.416667,0.166667,0.000000,0.000000,0.000000
0.416667,0.166667,0.041667,0.050541,0.049891
0.416667,0.166667,0.083333,0.100226,0.098929
0.416667,0.166667,0.125000,0.148040,0.146274
0.416667,0.166667,0.166667,0.193079,0.191116
0.416667,0.166667,0.208333,0.234558,0.232688
0.416667,0.166667,0.250000,0.271807,0.270279
0.416667,0.166667,0.291667,0.304261,0.303245
0.416667,0.166667,0.333333,0.331453,0.331023
0.416667,0.166667,0.375000,0.353007,0.353136
0.416667,0.166667,0.416667,0.368626,0.369208
0.416667,0.166667,0.458333,0.378090,0.378962
0.416667,0.166667,0.500000,0.381251,0.382232
0.416667,0.166667,0.541667,0.378040,0.378962
0.416667,0.166667,0.583333,0.368473,0.369208
0.416667,0.166667,0.625000,0.352658,0.353136
0.416667,0.166667,0.666667,0.330803,0.331023
0.416667,0.166667,0.708333,0.303227,0.303245
0.416667,0.166667,0.750000,0.270361,0.270279
0.416667,0.166667,0.791667,0.232748,0.232688
0.416667,0.166667,0.833333,0.191044,0.191116
0.416667,0.166667,0.875000,0.146013,0.146274
0.416667,0.166667,0.916667,0.098515,0.098929
0.416667,0.166667,0.958333,0.049503,0.049891
0.416667,0.166667,1.000000,-0.000000,-0.000000
0.416667,0.208333,0.000000,0.000000,0.000000
0.416667,0.208333,0.041667,0.060457,0.059717
0.416667,0.208333,0.083333,0.119914,0.118413
0.416667,0.208333,0.125000,0.177153,0.175082
0.416667,0.208333,0.166667,0.231086,0.228756
0.416667,0.208333,0.208333,0.280766,0.278515
0.416667,0.208333,0.250000,0.325377,0.323509
0.416667,0.208333,0.291667,0.364235,0.362968
0.416667,0.208333,0.333333,0.396775,0.396216
0.416667,0.208333,0.375000,0.422545,0.422685
0.416667,0.208333,0.416667,0.441193,0.441922
0.416667,0.208333,0.458333,0.452460,0.453597
0.416667,0.208333,0.500000,0.456181,0.457511
0.416667,0.208333,0.541667,0.452284,0.453597
0.416667,0.208333,0.583333,0.440798,0.441922
0.416667,0.208333,0.625000,0.421857,0.422685
0.416667,0.208333,0.666667,0.395718,0.396216
0.416667,0.208333,0.708333,0.362758,0.362968
0.416667,0.208333,0.750000,0.323487,0.323509
0.416667,0.208333,0.791667,0.278546,0.278515
0.416667,0.208333,0.833333,0.228707,0.228756
0.416667,0.208333,0.875000,0.174868,0.175082
0.416667,0.208333,0.916667,0.118043,0.118413
0.416667,0.208333,0.958333,0.059352,0.059717
0.416667,0.208333,1.000000,-0.000000,-0.000000
0.416667,0.250000,0.000000,0.000000,0.000000
0.416667,0.250000,0.041667,0.068667,0.067949
0.416667,0.250000,0.083333,0.136239,0.134736
0.416667,0.250000,0.125000,0.201333,0.199217
0.416667,0.250000,0.166667,0.262712,0.260290
0.416667,0.250000,0.208333,0.319287,0.316909
0.416667,0.250000,0.250000,0.370116,0.368105
0.416667,0.250000,0.291667,0.414404,0.413004
0.416667,0.250000,0.333333,0.451492,0.450835
0.416667,0.250000,0.375000,0.480847,0.480953
0.416667,0.250000,0.416667,0.502063,0.502841
0.416667,0.250000,0.458333,0.514846,0.516126
0.416667,0.250000,0.500000,0.519017,0.520580
0.416667,0.250000,0.541667,0.514509,0.516126
0.416667,0.250000,0.583333,0.501373,0.502841
0.416667,0.250000,0.625000,0.479779,0.480953
0.416667,0.250000,0.666667,0.450028,0.450835
0.416667,0.250000,0.708333,0.412555,0.413004
0.416667,0.250000,0.750000,0.367934,0.368105
0.416667,0.250000,0.791667,0.316885,0.316909
0.416667,0.250000,0.833333,0.260269,0.260290
0.416667,0.250000,0.875000,0.199087,0.199217
0.416667,0.250000,0.916667,0.134469,0.134736
0.416667,0.250000,0.958333,0.067659,0.067949
0.416667,0.250000,1.000000,-0.000000,-0.000000
0.416667,0.291667,0.000000,0.000000,0.000000
0.416667,0.291667,0.041667,0.075008,0.074427
0.416667,0.291667,0.083333,0.148870,0.147580
0.416667,0.291667,0.125000,0.220085,0.218208
0.416667,0.291667,0.166667,0.287300,0.285102
0.416667,0.291667,0.208333,0.349320,0.347118
0.416667,0.291667,0.250000,0.405102,0.403195
0.416667,0.291667,0.291667,0.453751,0.452373
0.416667,0.291667,0.333333,0.494519,0.493811
0.416667,0.291667,0.375000,0.526796,0.526800
0.416667,0.291667,0.416667,0.550114,0.550775
0.416667,0.291667,0.458333,0.564139,0.565326
0.416667,0.291667,0.500000,0.568676,0.570204
0.416667,0.291667,0.541667,0.563667,0.565326
0.416667,0.291667,0.583333,0.549187,0.550775
0.416667,0.291667,0.625000,0.525448,0.526800
0.416667,0.291667,0.666667,0.492799,0.493811
0.416667,0.291667,0.708333,0.451730,0.452373
0.416667,0.291667,0.750000,0.402875,0.403195
0.416667,0.291667,0.791667,0.347016,0.347118
0.416667,0.291667,0.833333,0.285081,0.285102
0.416667,0.291667,0.875000,0.218146,0.218208
0.416667,0.291667,0.916667,0.147417,0.147580
0.416667,0.291667,0.958333,0.074225,0.074427
0.416667,0.291667,1.000000,-0.000000,-0.000000
0.416667,0.333333,0.000000,0.000000,0.000000
0.416667,0.333333,0.041667,0.079453,0.079058
0.416667,0.333333,0.083333,0.157737,0.156764
0.416667,0.333333,0.125000,0.233274,0.231788
0.416667,0.333333,0.166667,0.304636,0.302845
0.416667,0.333333,0.208333,0.370554,0.368721
0.416667,0.333333,0.250000,0.429913,0.428287
0.416667,0.333333,0.291667,0.481745,0.480526
0.416667,0.333333,0.333333,0.525231,0.524543
0.416667,0.333333,0.375000,0.559695,0.559584
0.416667,0.333333,0.416667,0.584609,0.585052
0.416667,0.333333,0.458333,0.599598,0.600508
0.416667,0.333333,0.500000,0.604444,0.605690
0.416667,0.333333,0.541667,0.599086,0.600508
0.416667,0.333333,0.583333,0.583619,0.585052
0.416667,0.333333,0.625000,0.558292,0.559584
0.416667,0.333333,0.666667,0.523502,0.524543
0.416667,0.333333,0.708333,0.479792,0.480526
0.416667,0.333333,0.750000,0.427851,0.428287
0.416667,0.333333,0.791667,0.368517,0.368721
0.416667,0.333333,0.833333,0.302771,0.302845
0.416667,0.333333,0.875000,0.231734,0.231787
0.416667,0.333333,0.916667,0.156661,0.156764
0.416667,0.333333,0.958333,0.078925,0.079058
0.416667,0.333333,1.000000,-0.000000,-0.000000
0.416667,0.375000,0.000000,0.000000,0.000000
0.416667,0.375000,0.041667,0.082082,0.081825
0.416667,0.375000,0.083333,0.162975,0.162249
0.416667,0.375000,0.125000,0.241065,0.239898
0.416667,0.375000,0.166667,0.314885,0.313442
0.416667,0.375000,0.208333,0.383124,0.381622
0.416667,0.375000,0.250000,0.444626,0.443273
0.416667,0.375000,0.291667,0.498382,0.497340
0.416667,0.375000,0.333333,0.543533,0.542897
0.416667,0.375000,0.375000,0.579362,0.579164
0.416667,0.375000,0.416667,0.605299,0.605523
0.416667,0.375000,0.458333,0.620935,0.621520
0.416667,0.375000,0.500000,0.626024,0.626883
0.416667,0.375000,0.541667,0.620490,0.621520
0.416667,0.375000,0.583333,0.604434,0.605523
0.416667,0.375000,0.625000,0.578124,0.579164
0.416667,0.375000,0.666667,0.541993,0.542897
0.416667,0.375000,0.708333,0.496634,0.497340
0.416667,0.375000,0.750000,0.442784,0.443273
0.416667,0.375000,0.791667,0.381326,0.381622
0.416667,0.375000,0.833333,0.313281,0.313442
0.416667,0.375000,0.875000,0.239798,0.239898
0.416667,0.375000,0.916667,0.162152,0.162249
0.416667,0.375000,0.958333,0.081727,0.081825
0.416667,0.375000,1.000000,-0.000000,-0.000000
0.416667,0.416667,0.000000,0.000000,0.000000
0.416667,0.416667,0.041667,0.082997,0.082772
0.416667,0.416667,0.083333,0.164774,0.164128
0.416667,0.416667,0.125000,0.243722,0.242676
0.416667,0.416667,0.166667,0.318369,0.317071
0.416667,0.416667,0.208333,0.387395,0.386041
0.416667,0.416667,0.250000,0.449630,0.448406
0.416667,0.416667,0.291667,0.504056,0.503099
0.416667,0.416667,0.333333,0.549802,0.549183
0.416667,0.416667,0.375000,0.586137,0.585871
0.416667,0.416667,0.416667,0.612480,0.612534
0.416667,0.416667,0.458333,0.628399,0.628717
0.416667,0.416667,0.500000,0.633628,0.634142
0.416667,0.416667,0.541667,0.628075,0.628717
0.416667,0.416667,0.583333,0.611829,0.612534
0.416667,0.416667,0.625000,0.585162,0.585871
0.416667,0.416667,0.666667,0.548523,0.549183
0.416667,0.416667,0.708333,0.502530,0.503099
0.416667,0.416667,0.750000,0.447955,0.448406
0.416667,0.416667,0.791667,0.385712,0.386041
0.416667,0.416667,0.833333,0.316847,0.317071
0.416667,0.416667,0.875000,0.242523,0.242676
0.416667,0.416667,0.916667,0.164015,0.164128
0.416667,0.416667,0.958333,0.082692,0.082772
0.416667,0.416667,1.000000,-0.000000,-0.000000
0.416667,0.458333,0.000000,0.000000,0.000000
0.416667,0.458333,0.041667,0.082283,0.082007
0.416667,0.458333,0.083333,0.163303,0.162611
0.416667,0.458333,0.125000,0.241502,0.240433
0.416667,0.458333,0.166667,0.315438,0.314141
0.416667,0.458333,0.208333,0.383812,0.382474
0.416667,0.458333,0.250000,0.445468,0.444263
0.416667,0.458333,0.291667,0.499399,0.498450
0.416667,0.458333,0.333333,0.544741,0.544108
0.416667,0.458333,0.375000,0.580774,0.580457
0.416667,0.458333,0.416667,0.606921,0.606874
0.416667,0.458333,0.458333,0.622751,0.622907
0.416667,0.458333,0.500000,0.627993,0.628282
0.416667,0.458333,0.541667,0.622542,0.622907
0.416667,0.458333,0.583333,0.606475,0.606874
0.416667,0.458333,0.625000,0.580049,0.580457
0.416667,0.458333,0.666667,0.543709,0.544108
0.416667,0.458333,0.708333,0.498073,0.498450
0.416667,0.458333,0.750000,0.443922,0.444263
0.416667,0.458333,0.791667,0.382182,0.382474
0.416667,0.458333,0.833333,0.313908,0.314141
0.416667,0.458333,0.875000,0.240262,0.240433
0.416667,0.458333,0.916667,0.162501,0.162611
0.416667,0.458333,0.958333,0.081952,0.082007
0.416667,0.458333,1.000000,-0.000000,-0.000000
0.416667,0.500000,0.000000,0.000000,0.000000
0.416667,0.500000,0.041667,0.080034,0.079686
0.416667,0.500000,0.083333,0.158766,0.158009
0.416667,0.500000,0.125000,0.234725,0.233627
0.416667,0.500000,0.166667,0.306539,0.305249
0.416667,0.500000,0.208333,0.372956,0.371648
0.416667,0.500000,0.250000,0.432857,0.431687
0.416667,0.500000,0.291667,0.485261,0.484341
0.416667,0.500000,0.333333,0.529327,0.528707
0.416667,0.500000,0.375000,0.564353,0.564027
0.416667,0.500000,0.416667,0.589780,0.589696
0.416667,0.500000,0.458333,0.605190,0.605275
0.416667,0.500000,0.500000,0.610318,0.610498
0.416667,0.500000,0.541667,0.605058,0.605275
0.416667,0.500000,0.583333,0.589474,0.589696
0.416667,0.500000,0.625000,0.563808,0.564027
0.416667,0.500000,0.666667,0.528485,0.528707
0.416667,0.500000,0.708333,0.484107,0.484341
0.416667,0.500000,0.750000,0.431443,0.431687
0.416667,0.500000,0.791667,0.371409,0.371648
0.416667,0.500000,0.833333,0.305043,0.305249
0.416667,0.500000,0.875000,0.233484,0.233627
0.416667,0.500000,0.916667,0.157943,0.158008
0.416667,0.500000,0.958333,0.079683,0.079686
0.416667,0.500000,1.000000,-0.000000,-0.000000
0.416667,0.541667,0.000000,0.000000,0.000000
0.416667,0.541667,0.041667,0.076404,0.076001
0.416667,0.541667,0.083333,0.151479,0.150702
0.416667,0.541667,0.125000,0.223878,0.222824
0.416667,0.541667,0.166667,0.292327,0.291134
0.416667,0.541667,0.208333,0.355647,0.354462
0.416667,0.541667,0.250000,0.412775,0.411726
0.416667,0.541667,0.291667,0.462770,0.461944
0.416667,0.541667,0.333333,0.504821,0.504259
0.416667,0.541667,0.375000,0.538252,0.537945
0.416667,0.541667,0.416667,0.562522,0.562428
0.416667,0.541667,0.458333,0.577232,0.577287
0.416667,0.541667,0.500000,0.582130,0.582268
0.416667,0.541667,0.541667,0.577114,0.577287
0.416667,0.541667,0.583333,0.562248,0.562428
0.416667,0.541667,0.625000,0.537763,0.537945
0.416667,0.541667,0.666667,0.504064,0.504259
0.416667,0.541667,0.708333,0.461729,0.461944
0.416667,0.541667,0.750000,0.411496,0.411726
0.416667,0.541667,0.791667,0.354243,0.354462
0.416667,0.541667,0.833333,0.290967,0.291134
0.416667,0.541667,0.875000,0.222749,0.222824
0.416667,0.541667,0.916667,0.150729,0.150702
0.416667,0.541667,0.958333,0.076084,0.076001
0.416667,0.541667,1.000000,-0.000000,-0.000000
0.416667,0.583333,0.000000,0.000000,0.000000
0.416667,0.583333,0.041667,0.071601,0.071169
0.416667,0.583333,0.083333,0.141870,0.141121
0.416667,0.583333,0.125000,0.209608,0.208658
0.416667,0.583333,0.166667,0.273660,0.272625
0.416667,0.583333,0.208333,0.332937,0.331927
0.416667,0.583333,0.250000,0.386446,0.385550
0.416667,0.583333,0.291667,0.433296,0.432576
0.416667,0.583333,0.333333,0.472713,0.472200
0.416667,0.583333,0.375000,0.504051,0.503745
0.416667,0.583333,0.416667,0.526794,0.526671
0.416667,0.583333,0.458333,0.540564,0.540585
0.416667,0.583333,0.500000,0.545126,0.545250
0.416667,0.583333,0.541667,0.540394,0.540585
0.416667,0.583333,0.583333,0.526435,0.526671
0.416667,0.583333,0.625000,0.503477,0.503745
0.416667,0.583333,0.666667,0.471908,0.472200
0.416667,0.583333,0.708333,0.432272,0.432576
0.416667,0.583333,0.750000,0.385261,0.385550
0.416667,0.583333,0.791667,0.331695,0.331927
0.416667,0.583333,0.833333,0.272500,0.272625
0.416667,0.583333,0.875000,0.208676,0.208658
0.416667,0.583333,0.916667,0.141272,0.141121
0.416667,0.583333,0.958333,0.071357,0.071169
0.416667,0.583333,1.000000,-0.000000,-0.000000
0.416667,0.625000,0.000000,0.000000,0.000000
0.416667,0.625000,0.041667,0.065866,0.065416
0.416667,0.625000,0.083333,0.130422,0.129712
0.416667,0.625000,0.125000,0.192630,0.191790
0.416667,0.625000,0.166667,0.251465,0.250585
0.416667,0.625000,0.208333,0.305945,0.305093
0.416667,0.625000,0.250000,0.355152,0.354381
0.416667,0.625000,0.291667,0.398257,0.397605
0.416667,0.625000,0.333333,0.434532,0.434026
0.416667,0.625000,0.375000,0.463367,0.463021
0.416667,0.625000,0.416667,0.484279,0.484093
0.416667,0.625000,0.458333,0.496917,0.496883
0.416667,0.625000,0.500000,0.501068,0.501170
0.416667,0.625000,0.541667,0.496665,0.496883
0.416667,0.625000,0.583333,0.483781,0.484093
0.416667,0.625000,0.625000,0.462639,0.463021
0.416667,0.625000,0.666667,0.433605,0.434026
0.416667,0.625000,0.708333,0.397186,0.397605
0.416667,0.625000,0.750000,0.354016,0.354381
0.416667,0.625000,0.791667,0.304844,0.305093
0.416667,0.625000,0.833333,0.250510,0.250585
0.416667,0.625000,0.875000,0.191916,0.191789
0.416667,0.625000,0.916667,0.130001,0.129712
0.416667,0.625000,0.958333,0.065717,0.065416
0.416667,0.625000,1.000000,-0.000000,-0.000000
0.416667,0.666667,0.000000,0.000000,0.000000
0.416667,0.666667,0.041667,0.059429,0.058962
0.416667,0.666667,0.083333,0.117587,0.116915
0.416667,0.666667,0.125000,0.173605,0.172867
0.416667,0.666667,0.166667,0.226598,0.225862
0.416667,0.666667,0.208333,0.275695,0.274992
0.416667,0.666667,0.250000,0.320070,0.319417
0.416667,0.666667,0.291667,0.358962,0.358376
0.416667,0.666667,0.333333,0.391701,0.391204
0.416667,0.666667,0.375000,0.417722,0.417338
0.416667,0.666667,0.416667,0.436580,0.436332
0.416667,0.666667,0.458333,0.447954,0.447859
0.416667,0.666667,0.500000,0.451657,0.451724
0.416667,0.666667,0.541667,0.447634,0.447859
0.416667,0.666667,0.583333,0.435966,0.436332
0.416667,0.666667,0.625000,0.416866,0.417338
0.416667,0.666667,0.666667,0.390677,0.391204
0.416667,0.666667,0.708333,0.357861,0.358376
0.416667,0.666667,0.750000,0.318993,0.319417
0.416667,0.666667,0.791667,0.274743,0.274992
0.416667,0.666667,0.833333,0.225854,0.225862
0.416667,0.666667,0.875000,0.173119,0.172867
0.416667,0.666667,0.916667,0.117357,0.116915
0.416667,0.666667,0.958333,0.059385,0.058962
0.416667,0.666667,1.000000,-0.000000,-0.000000
0.416667,0.708333,0.000000,0.000000,0.000000
0.416667,0.708333,0.041667,0.052490,0.052012
0.416667,0.708333,0.083333,0.103760,0.103133
0.416667,0.708333,0.125000,0.153113,0.152491
0.416667,0.708333,0.166667,0.199808,0.199239
0.416667,0.708333,0.208333,0.243099,0.242578
0.416667,0.708333,0.250000,0.282255,0.281766
0.416667,0.708333,0.291667,0.316598,0.316133
0.416667,0.708333,0.333333,0.345521,0.345091
0.416667,0.708333,0.375000,0.368508,0.368145
0.416667,0.708333,0.416667,0.385157,0.384899
0.416667,0.708333,0.458333,0.395179,0.395068
0.416667,0.708333,0.500000,0.398410,0.398477
0.416667,0.708333,0.541667,0.394812,0.395068
0.416667,0.708333,0.583333,0.384467,0.384899
0.416667,0.708333,0.625000,0.367578,0.368145
0.416667,0.708333,0.666667,0.344461,0.345091
0.416667,0.708333,0.708333,0.315534,0.316133
0.416667,0.708333,0.750000,0.281306,0.281766
0.416667,0.708333,0.791667,0.242360,0.242577
0.416667,0.708333,0.833333,0.199337,0.199239
0.416667,0.708333,0.875000,0.152909,0.152491
0.416667,0.708333,0.916667,0.103763,0.103133
0.416667,0.708333,0.958333,0.052576,0.052012
0.416667,0.708333,1.000000,-0.000000,-0.000000
0.416667,0.750000,0.000000,0.000000,0.000000
0.416667,0.750000,0.041667,0.045222,0.044744
0.416667,0.750000,0.083333,0.089293,0.088722
0.416667,0.750000,0.125000,0.131677,0.131182
0.416667,0.750000,0.166667,0.171784,0.171397
0.416667,0.750000,0.208333,0.208993,0.208680
0.416667,0.750000,0.250000,0.242679,0.242393
0.416667,0.750000,0.291667,0.272249,0.271957
0.416667,0.750000,0.333333,0.297164,0.296869
0.416667,0.750000,0.375000,0.316969,0.316701
0.416667,0.750000,0.416667,0.331302,0.331114
0.416667,0.750000,0.458333,0.339911,0.339862
0.416667,0.750000,0.500000,0.342660,0.342795
0.416667,0.750000,0.541667,0.339522,0.339862
0.416667,0.750000,0.583333,0.330584,0.331114
0.416667,0.750000,0.625000,0.316034,0.316701
0.416667,0.750000,0.666667,0.296156,0.296869
0.416667,0.750000,0.708333,0.271317,0.271957
0.416667,0.750000,0.750000,0.241954,0.242393
0.416667,0.750000,0.791667,0.208559,0.208680
0.416667,0.750000,0.833333,0.171661,0.171397
0.416667,0.750000,0.875000,0.131812,0.131182
0.416667,0.750000,0.916667,0.089564,0.088722
0.416667,0.750000,0.958333,0.045457,0.044744
0.416667,0.750000,1.000000,-0.000000,-0.000000
0.416667,0.791667,0.000000,0.000000,0.000000
0.416667,0.791667,0.041667,0.037777,0.037302
0.416667,0.791667,0.083333,0.074490,0.073966
0.416667,0.791667,0.125000,0.109756,0.109365
0.416667,0.791667,0.166667,0.143127,0.142892
0.416667,0.791667,0.208333,0.174105,0.173974
0.416667,0.791667,0.250000,0.202177,0.202080
0.416667,0.791667,0.291667,0.226841,0.226728
0.416667,0.791667,0.333333,0.247636,0.247496
0.416667,0.791667,0.375000,0.264169,0.264030
0.416667,0.791667,0.416667,0.276129,0.276046
0.416667,0.791667,0.458333,0.283303,0.283339
0.416667,0.791667,0.500000,0.285578,0.285784
0.416667,0.791667,0.541667,0.282940,0.283339
0.416667,0.791667,0.583333,0.275472,0.276046
0.416667,0.791667,0.625000,0.263342,0.264030
0.416667,0.791667,0.666667,0.246795,0.247496
0.416667,0.791667,0.708333,0.226139,0.226728
0.416667,0.791667,0.750000,0.201737,0.202080
0.416667,0.791667,0.791667,0.173990,0.173974
0.416667,0.791667,0.833333,0.143321,0.142892
0.416667,0.791667,0.875000,0.110167,0.109365
0.416667,0.791667,0.916667,0.074958,0.073966
0.416667,0.791667,0.958333,0.038108,0.037302
0.416667,0.791667,1.000000,-0.000000,-0.000000
0.416667,0.833333,0.000000,0.000000,0.000000
0.416667,0.833333,0.041667,0.030262,0.029795
0.416667,0.833333,0.083333,0.059574,0.059080
0.416667,0.833333,0.125000,0.087685,0.087354
0.416667,0.833333,0.166667,0.114275,0.114133
0.416667,0.833333,0.208333,0.138971,0.138959
0.416667,0.833333,0.250000,0.161372,0.161408
0.416667,0.833333,0.291667,0.181076,0.181096
0.416667,0.833333,0.333333,0.197705,0.197684
0.416667,0.833333,0.375000,0.210935,0.210890
0.416667,0.833333,0.416667,0.220509,0.220488
0.416667,0.833333,0.458333,0.226251,0.226313
0.416667,0.833333,0.500000,0.228070,0.228266
0.416667,0.833333,0.541667,0.225958,0.226313
0.416667,0.833333,0.583333,0.219986,0.220488
0.416667,0.833333,0.625000,0.210295,0.210890
0.416667,0.833333,0.666667,0.197086,0.197684
0.416667,0.833333,0.708333,0.180611,0.181096
0.416667,0.833333,0.750000,0.161158,0.161408
0.416667,0.833333,0.791667,0.139044,0.138959
0.416667,0.833333,0.833333,0.114600,0.114133
0.416667,0.833333,0.875000,0.088160,0.087354
0.416667,0.833333,0.916667,0.060049,0.059080
0.416667,0.833333,0.958333,0.030570,0.029795
0.416667,0.833333,1.000000,-0.000000,-0.000000
0.416667,0.875000,0.000000,0.000000,0.000000
0.416667,0.875000,0.041667,0.022733,0.022290
0.416667,0.875000,0.083333,0.044665,0.044199
0.416667,0.875000,0.125000,0.065652,0.065351
0.416667,0.875000,0.166667,0.085487,0.085385
0.416667,0.875000,0.208333,0.103914,0.103959
0.416667,0.875000,0.250000,0.120646,0.120753
0.416667,0.875000,0.291667,0.135383,0.135482
0.416667,0.875000,0.333333,0.147839,0.147892
0.416667,0.875000,0.375000,0.157763,0.157772
0.416667,0.875000,0.416667,0.164953,0.164952
0.416667,0.875000,0.458333,0.169271,0.169310
0.416667,0.875000,0.500000,0.170644,0.170771
0.416667,0.875000,0.541667,0.169065,0.169310
0.416667,0.875000,0.583333,0.164589,0.164952
0.416667,0.875000,0.625000,0.157324,0.157772
0.416667,0.875000,0.666667,0.147427,0.147892
0.416667,0.875000,0.708333,0.135090,0.135482
0.416667,0.875000,0.750000,0.120536,0.120753
0.416667,0.875000,0.791667,0.104002,0.103959
0.416667,0.875000,0.833333,0.085736,0.085385
0.416667,0.875000,0.875000,0.065981,0.065351
0.416667,0.875000,0.916667,0.044970,0.044199
0.416667,0.875000,0.958333,0.022915,0.022290
0.416667,0.875000,1.000000,-0.000000,-0.000000
0.416667,0.916667,0.000000,0.000000,0.000000
0.416667,0.916667,0.041667,0.015199,0.014823
0.416667,0.916667,0.083333,0.029793,0.029392
0.416667,0.916667,0.125000,0.043717,0.043458
0.416667,0.916667,0.166667,0.056857,0.056781
0.416667,0.916667,0.208333,0.069065,0.069132
0.416667,0.916667,0.250000,0.080159,0.080301
0.416667,0.916667,0.291667,0.089946,0.090095
0.416667,0.916667,0.333333,0.098235,0.098348
0.416667,0.916667,0.375000,0.104855,0.104918
0.416667,0.916667,0.416667,0.109665,0.109693
0.416667,0.916667,0.458333,0.112565,0.112591
0.416667,0.916667,0.500000,0.113500,0.113562
0.416667,0.916667,0.541667,0.112462,0.112591
0.416667,0.916667,0.583333,0.109484,0.109693
0.416667,0.916667,0.625000,0.104641,0.104918
0.416667,0.916667,0.666667,0.098041,0.098348
0.416667,0.916667,0.708333,0.089816,0.090095
0.416667,0.916667,0.750000,0.080120,0.080301
0.416667,0.916667,0.791667,0.069116,0.069132
0.416667,0.916667,0.833333,0.056971,0.056781
0.416667,0.916667,0.875000,0.043847,0.043458
0.416667,0.916667,0.916667,0.029891,0.029392
0.416667,0.916667,0.958333,0.015239,0.014823
0.416667,0.916667,1.000000,-0.000000,-0.000000
0.416667,0.958333,0.000000,0.000000,0.000000
0.416667,0.958333,0.041667,0.007633,0.007398
0.416667,0.958333,0.083333,0.014923,0.014670
0.416667,0.958333,0.125000,0.021851,0.021690
0.416667,0.958333,0.166667,0.028375,0.028339
0.416667,0.958333,0.208333,0.034432,0.034504
0.416667,0.958333,0.250000,0.039942,0.040078
0.416667,0.958333,0.291667,0.044813,0.044966
0.416667,0.958333,0.333333,0.048953,0.049085
0.416667,0.958333,0.375000,0.052273,0.052364
0.416667,0.958333,0.416667,0.054698,0.054748
0.416667,0.958333,0.458333,0.056173,0.056194
0.416667,0.958333,0.500000,0.056665,0.056679
0.416667,0.958333,0.541667,0.056164,0.056194
0.416667,0.958333,0.583333,0.054685,0.054748
0.416667,0.958333,0.625000,0.052266,0.052364
0.416667,0.958333,0.666667,0.048962,0.049085
0.416667,0.958333,0.708333,0.044843,0.044966
0.416667,0.958333,0.750000,0.039988,0.040078
0.416667,0.958333,0.791667,0.034484,0.034504
0.416667,0.958333,0.833333,0.028415,0.028339
0.416667,0.958333,0.875000,0.021864,0.021690
0.416667,0.958333,0.916667,0.014904,0.014670
0.416667,0.958333,0.958333,0.007599,0.007398
0.416667,0.958333,1.000000,-0.000000,-0.000000
0.416667,1.000000,0.000000,0.000000,0.000000
0.416667,1.000000,0.041667,0.000000,-0.000000
0.416667,1.000000,0.083333,0.000000,-0.000000
0.416667,1.000000,0.125000,0.000000,-0.000000
0.416667,1.000000,0.166667,0.000000,-0.000000
0.416667,1.000000,0.208333,0.000000,-0.000000
0.416667,1.000000,0.250000,0.000000,-0.000000
0.416667,1.000000,0.291667,0.000000,-0.000000
0.416667,1.000000,0.333333,0.000000,-0.000000
0.416667,1.000000,0.375000,0.000000,-0.000000
0.416667,1.000000,0.416667,0.000000,-0.000000
0.416667,1.000000,0.458333,0.000000,-0.000000
0.416667,1.000000,0.500000,0.000000,-0.000000
0.416667,1.000000,0.541667,0.000000,-0.000000
0.416667,1.000000,0.583333,0.000000,-0.000000
0.416667,1.000000,0.625000,0.000000,-0.000000
0.416667,1.000000,0.666667,0.000000,-0.000000
0.416667,1.000000,0.708333,0.000000,-0.000000
0.416667,1.000000,0.750000,0.000000,-0.000000
0.416667,1.000000,0.791667,0.000000,-0.000000
0.416667,1.000000,0.833333,0.000000,-0.000000
0.416667,1.000000,0.875000,0.000000,-0.000000
0.416667,1.000000,0.916667,0.000000,-0.000000
0.416667,1.000000,0.958333,0.000000,-0.000000
0.416667,1.000000,1.000000,0.000000,0.000000
0.458333,0.000000,0.000000,0.000000,0.000000
0.458333,0.000000,0.041667,0.000000,0.000000
0.458333,0.000000,0.083333,0.000000,0.000000
0.458333,0.000000,0.125000,0.000000,0.000000
0.458333,0.000000,0.166667,0.000000,0.000000
0.458333,0.000000,0.208333,0.000000,0.000000
0.458333,0.000000,0.250000,0.000000,0.000000
0.458333,0.000000,0.291667,0.000000,0.000000
0.458333,0.000000,0.333333,0.000000,0.000000
0.458333,0.000000,0.375000,0.000000,0.000000
0.458333,0.000000,0.416667,0.000000,0.000000
0.458333,0.000000,0.458333,0.000000,0.000000
0.458333,0.000000,0.500000,0.000000,0.000000
0.458333,0.000000,0.541667,0.000000,0.000000
0.458333,0.000000,0.583333,0.000000,0.000000
0.458333,0.000000,0.625000,0.000000,0.000000
0.458333,0.000000,0.666667,0.000000,0.000000
0.458333,0.000000,0.708333,0.000000,0.000000
0.458333,0.000000,0.750000,0.000000,0.000000
0.458333,0.000000,0.791667,0.000000,0.000000
0.458333,0.000000,0.833333,0.000000,0.000000
0.458333,0.000000,0.875000,0.000000,0.000000
0.458333,0.000000,0.916667,0.000000,0.000000
0.458333,0.000000,0.958333,0.000000,0.000000
0.458333,0.000000,1.000000,-0.000000,-0.000000
0.458333,0.041667,0.000000,0.000000,0.000000
0.458333,0.041667,0.041667,0.012599,0.012427
0.458333,0.041667,0.083333,0.024974,0.024641
0.458333,0.041667,0.125000,0.036873,0.036434
0.458333,0.041667,0.166667,0.048076,0.047603
0.458333,0.041667,0.208333,0.058391,0.057958
0.458333,0.041667,0.250000,0.067657,0.067321
0.458333,0.041667,0.291667,0.075738,0.075533
0.458333,0.041667,0.333333,0.082517,0.082451
0.458333,0.041667,0.375000,0.087901,0.087959
0.458333,0.041667,0.416667,0.091813,0.091963
0.458333,0.041667,0.458333,0.094195,0.094392
0.458333,0.041667,0.500000,0.095008,0.095207
0.458333,0.041667,0.541667,0.094231,0.094392
0.458333,0.041667,0.583333,0.091868,0.091963
0.458333,0.041667,0.625000,0.087943,0.087959
0.458333,0.041667,0.666667,0.082508,0.082451
0.458333,0.041667,0.708333,0.075642,0.075533
0.458333,0.041667,0.750000,0.067453,0.067321
0.458333,0.041667,0.791667,0.058075,0.057958
0.458333,0.041667,0.833333,0.047673,0.047603
0.458333,0.041667,0.875000,0.036436,0.036434
0.458333,0.041667,0.916667,0.024583,0.024641
0.458333,0.041667,0.958333,0.012351,0.012427
0.458333,0.041667,1.000000,-0.000000,-0.000000
0.458333,0.083333,0.000000,0.000000,0.000000
0.458333,0.083333,0.041667,0.024888,0.024512
0.458333,0.083333,0.083333,0.049323,0.048605
0.458333,0.083333,0.125000,0.072810,0.071867
0.458333,0.083333,0.166667,0.094912,0.093898
0.458333,0.083333,0.208333,0.115256,0.114323
0.458333,0.083333,0.250000,0.133521,0.132792
0.458333,0.083333,0.291667,0.149437,0.148989
0.458333,0.083333,0.333333,0.162779,0.162636
0.458333,0.083333,0.375000,0.173364,0.173501
0.458333,0.083333,0.416667,0.181044,0.181397
0.458333,0.083333,0.458333,0.185708,0.186190
0.458333,0.083333,0.500000,0.187283,0.187796
0.458333,0.083333,0.541667,0.185732,0.186190
0.458333,0.083333,0.583333,0.181059,0.181397
0.458333,0.083333,0.625000,0.173317,0.173501
0.458333,0.083333,0.666667,0.162605,0.162636
0.458333,0.083333,0.708333,0.149077,0.148989
0.458333,0.083333,0.750000,0.132942,0.132792
0.458333,0.083333,0.791667,0.114466,0.114323
0.458333,0.083333,0.833333,0.093968,0.093898
0.458333,0.083333,0.875000,0.071824,0.071866
0.458333,0.083333,0.916667,0.048460,0.048605
0.458333,0.083333,0.958333,0.024348,0.024512
0.458333,0.083333,1.000000,-0.000000,-0.000000
0.458333,0.125000,0.000000,0.000000,0.000000
0.458333,0.125000,0.041667,0.036514,0.035929
0.458333,0.125000,0.083333,0.072363,0.071244
0.458333,0.125000,0.125000,0.106820,0.105339
0.458333,0.125000,0.166667,0.139242,0.137632
0.458333,0.125000,0.208333,0.169075,0.167570
0.458333,0.125000,0.250000,0.195845,0.194641
0.458333,0.125000,0.291667,0.219157,0.218382
0.458333,0.125000,0.333333,0.238683,0.238386
0.458333,0.125000,0.375000,0.254158,0.254311
0.458333,0.125000,0.416667,0.265371,0.265885
0.458333,0.125000,0.458333,0.272165,0.272909
0.458333,0.125000,0.500000,0.274437,0.275264
0.458333,0.125000,0.541667,0.272135,0.272909
0.458333,0.125000,0.583333,0.265269,0.265885
0.458333,0.125000,0.625000,0.253915,0.254311
0.458333,0.125000,0.666667,0.238218,0.238386
0.458333,0.125000,0.708333,0.218402,0.218382
0.458333,0.125000,0.750000,0.194770,0.194641
0.458333,0.125000,0.791667,0.167709,0.167570
0.458333,0.125000,0.833333,0.137685,0.137632
0.458333,0.125000,0.875000,0.105246,0.105339
0.458333,0.125000,0.916667,0.071016,0.071244
0.458333,0.125000,0.958333,0.035684,0.035929
0.458333,0.125000,1.000000,-0.000000,-0.000000
0.458333,0.166667,0.000000,0.000000,0.000000
0.458333,0.166667,0.041667,0.047139,0.046379
0.458333,0.166667,0.083333,0.093436,0.091964
0.458333,0.166667,0.125000,0.137945,0.135976
0.458333,0.166667,0.166667,0.179829,0.177661
0.458333,0.166667,0.208333,0.218362,0.216307
0.458333,0.166667,0.250000,0.252928,0.251251
0.458333,0.166667,0.291667,0.283012,0.281897
0.458333,0.166667,0.333333,0.308191,0.307719
0.458333,0.166667,0.375000,0.328127,0.328276
0.458333,0.166667,0.416667,0.342554,0.343215
0.458333,0.166667,0.458333,0.351276,0.352283
0.458333,0.166667,0.500000,0.354166,0.355323
0.458333,0.166667,0.541667,0.351162,0.352283
0.458333,0.166667,0.583333,0.342281,0.343215
0.458333,0.166667,0.625000,0.327620,0.328276
0.458333,0.166667,0.666667,0.307368,0.307719
0.458333,0.166667,0.708333,0.281810,0.281897
0.458333,0.166667,0.750000,0.251336,0.251251
0.458333,0.166667,0.791667,0.216438,0.216307
0.458333,0.166667,0.833333,0.177715,0.177661
0.458333,0.166667,0.875000,0.135870,0.135976
0.458333,0.166667,0.916667,0.091700,0.091964
0.458333,0.166667,0.958333,0.046091,0.046379
0.458333,0.166667,1.000000,-0.000000,-0.000000
0.458333,0.208333,0.000000,0.000000,0.000000
0.458333,0.208333,0.041667,0.056458,0.055604
0.458333,0.208333,0.083333,0.111943,0.110256
0.458333,0.208333,0.125000,0.165315,0.163022
0.458333,0.208333,0.166667,0.215560,0.212998
0.458333,0.208333,0.208333,0.261796,0.259330
0.458333,0.208333,0.250000,0.303271,0.301225
0.458333,0.208333,0.291667,0.339357,0.337965
0.458333,0.208333,0.333333,0.369543,0.368923
0.458333,0.208333,0.375000,0.393420,0.393569
0.458333,0.208333,0.416667,0.410675,0.411481
0.458333,0.208333,0.458333,0.421080,0.422352
0.458333,0.208333,0.500000,0.424489,0.425996
0.458333,0.208333,0.541667,0.420840,0.422352
0.458333,0.208333,0.583333,0.410159,0.411481
0.458333,0.208333,0.625000,0.392570,0.393569
0.458333,0.208333,0.666667,0.368299,0.368923
0.458333,0.208333,0.708333,0.337689,0.337965
0.458333,0.208333,0.750000,0.301201,0.301225
0.458333,0.208333,0.791667,0.259420,0.259330
0.458333,0.208333,0.833333,0.213056,0.212998
0.458333,0.208333,0.875000,0.162938,0.163022
0.458333,0.208333,0.916667,0.110012,0.110256
0.458333,0.208333,0.958333,0.055322,0.055604
0.458333,0.208333,1.000000,-0.000000,-0.000000
0.458333,0.250000,0.000000,0.000000,0.000000
0.458333,0.250000,0.041667,0.064217,0.063396
0.458333,0.250000,0.083333,0.127387,0.125707
0.458333,0.250000,0.125000,0.188207,0.185867
0.458333,0.250000,0.166667,0.245513,0.242847
0.458333,0.250000,0.208333,0.298287,0.295671
0.458333,0.250000,0.250000,0.345654,0.343437
0.458333,0.250000,0.291667,0.386878,0.385326
0.458333,0.250000,0.333333,0.421360,0.420623
0.458333,0.250000,0.375000,0.448619,0.448722
0.458333,0.250000,0.416667,0.468293,0.469144
0.458333,0.250000,0.458333,0.480123,0.481538
0.458333,0.250000,0.500000,0.483953,0.485693
0.458333,0.250000,0.541667,0.479726,0.481538
0.458333,0.250000,0.583333,0.467487,0.469144
0.458333,0.250000,0.625000,0.447389,0.448722
0.458333,0.250000,0.666667,0.419701,0.420623
0.458333,0.250000,0.708333,0.384817,0.385326
0.458333,0.250000,0.750000,0.343259,0.343437
0.458333,0.250000,0.791667,0.295687,0.295671
0.458333,0.250000,0.833333,0.242901,0.242847
0.458333,0.250000,0.875000,0.185828,0.185867
0.458333,0.250000,0.916667,0.125527,0.125707
0.458333,0.250000,0.958333,0.063164,0.063396
0.458333,0.250000,1.000000,-0.000000,-0.000000
0.458333,0.291667,0.000000,0.000000,0.000000
0.458333,0.291667,0.041667,0.070263,0.069605
0.458333,0.291667,0.083333,0.139451,0.138019
0.458333,0.291667,0.125000,0.206140,0.204071
0.458333,0.291667,0.166667,0.269053,0.266631
0.458333,0.291667,0.208333,0.327061,0.324630
0.458333,0.291667,0.250000,0.379186,0.377074
0.458333,0.291667,0.291667,0.424596,0.423066
0.458333,0.291667,0.333333,0.462604,0.461819
0.458333,0.291667,0.375000,0.492658,0.492671
0.458333,0.291667,0.416667,0.514338,0.515092
0.458333,0.291667,0.458333,0.527352,0.528701
0.458333,0.291667,0.500000,0.531530,0.533263
0.458333,0.291667,0.541667,0.526824,0.528701
0.458333,0.291667,0.583333,0.513301,0.515092
0.458333,0.291667,0.625000,0.491152,0.492671
0.458333,0.291667,0.666667,0.460690,0.461819
0.458333,0.291667,0.708333,0.422359,0.423066
0.458333,0.291667,0.750000,0.376739,0.377074
0.458333,0.291667,0.791667,0.324552,0.324630
0.458333,0.291667,0.833333,0.266662,0.266631
0.458333,0.291667,0.875000,0.204073,0.204071
0.458333,0.291667,0.916667,0.137917,0.138019
0.458333,0.291667,0.958333,0.069444,0.069605
0.458333,0.291667,1.000000,-0.000000,-0.000000
0.458333,0.333333,0.000000,0.000000,0.000000
0.458333,0.333333,0.041667,0.074575,0.074142
0.458333,0.333333,0.083333,0.148071,0.147015
0.458333,0.333333,0.125000,0.218986,0.217372
0.458333,0.333333,0.166667,0.285964,0.284011
0.458333,0.333333,0.208333,0.347800,0.345789
0.458333,0.333333,0.250000,0.403442,0.401652
0.458333,0.333333,0.291667,0.451982,0.450641
0.458333,0.333333,0.333333,0.492661,0.491921
0.458333,0.333333,0.375000,0.524860,0.524783
0.458333,0.333333,0.416667,0.548103,0.548666
0.458333,0.333333,0.458333,0.562057,0.563162
0.458333,0.333333,0.500000,0.566534,0.568021
0.458333,0.333333,0.541667,0.561484,0.563162
0.458333,0.333333,0.583333,0.546996,0.548666
0.458333,0.333333,0.625000,0.523295,0.524783
0.458333,0.333333,0.666667,0.490741,0.491921
0.458333,0.333333,0.708333,0.449829,0.450641
0.458333,0.333333,0.750000,0.401194,0.401652
0.458333,0.333333,0.791667,0.345608,0.345789
0.458333,0.333333,0.833333,0.283988,0.284011
0.458333,0.333333,0.875000,0.217382,0.217372
0.458333,0.333333,0.916667,0.146970,0.147015
0.458333,0.333333,0.958333,0.074046,0.074142
0.458333,0.333333,1.000000,-0.000000,-0.000000
0.458333,0.375000,0.000000,0.000000,0.000000
0.458333,0.375000,0.041667,0.077236,0.076978
0.458333,0.375000,0.083333,0.153383,0.152640
0.458333,0.375000,0.125000,0.226903,0.225689
0.458333,0.375000,0.166667,0.296395,0.294877
0.458333,0.375000,0.208333,0.360615,0.359020
0.458333,0.375000,0.250000,0.418465,0.417019
0.458333,0.375000,0.291667,0.468997,0.467884
0.458333,0.375000,0.333333,0.511402,0.510742
0.458333,0.375000,0.375000,0.545016,0.544862
0.458333,0.375000,0.416667,0.569318,0.569659
0.458333,0.375000,0.458333,0.583937,0.584709
0.458333,0.375000,0.500000,0.588657,0.589754
0.458333,0.375000,0.541667,0.583420,0.584709
0.458333,0.375000,0.583333,0.568321,0.569659
0.458333,0.375000,0.625000,0.543611,0.544862
0.458333,0.375000,0.666667,0.509690,0.510742
0.458333,0.375000,0.708333,0.467098,0.467884
0.458333,0.375000,0.750000,0.416518,0.417019
0.458333,0.375000,0.791667,0.358765,0.359020
0.458333,0.375000,0.833333,0.294793,0.294877
0.458333,0.375000,0.875000,0.225679,0.225689
0.458333,0.375000,0.916667,0.152622,0.152640
0.458333,0.375000,0.958333,0.076931,0.076978
0.458333,0.375000,1.000000,-0.000000,-0.000000
0.458333,0.416667,0.000000,0.000000,0.000000
0.458333,0.416667,0.041667,0.078343,0.078146
0.458333,0.416667,0.083333,0.155567,0.154954
0.458333,0.416667,0.125000,0.230132,0.229112
0.458333,0.416667,0.166667,0.300635,0.299349
0.458333,0.416667,0.208333,0.365817,0.364464
0.458333,0.416667,0.250000,0.424573,0.423343
0.458333,0.416667,0.291667,0.475938,0.474979
0.458333,0.416667,0.333333,0.519089,0.518487
0.458333,0.416667,0.375000,0.553340,0.553125
0.458333,0.416667,0.416667,0.578148,0.578298
0.458333,0.416667,0.458333,0.593115,0.593576
0.458333,0.416667,0.500000,0.598001,0.598698
0.458333,0.416667,0.541667,0.592728,0.593576
0.458333,0.416667,0.583333,0.577389,0.578298
0.458333,0.416667,0.625000,0.552242,0.553125
0.458333,0.416667,0.666667,0.517706,0.518487
0.458333,0.416667,0.708333,0.474356,0.474979
0.458333,0.416667,0.750000,0.422905,0.423343
0.458333,0.416667,0.791667,0.364205,0.364464
0.458333,0.416667,0.833333,0.299231,0.299349
0.458333,0.416667,0.875000,0.229079,0.229112
0.458333,0.416667,0.916667,0.154948,0.154954
0.458333,0.416667,0.958333,0.078132,0.078146
0.458333,0.416667,1.000000,-0.000000,-0.000000
0.458333,0.458333,0.000000,0.000000,0.000000
0.458333,0.458333,0.041667,0.077960,0.077727
0.458333,0.458333,0.083333,0.154752,0.154124
0.458333,0.458333,0.125000,0.228877,0.227884
0.458333,0.458333,0.166667,0.298960,0.297744
0.458333,0.458333,0.208333,0.363763,0.362510
0.458333,0.458333,0.250000,0.422192,0.421074
0.458333,0.458333,0.291667,0.473295,0.472433
0.458333,0.458333,0.333333,0.516254,0.515708
0.458333,0.458333,0.375000,0.550387,0.550160
0.458333,0.458333,0.416667,0.575148,0.575198
0.458333,0.458333,0.458333,0.590131,0.590394
0.458333,0.458333,0.500000,0.595079,0.595489
0.458333,0.458333,0.541667,0.589902,0.590394
0.458333,0.458333,0.583333,0.574673,0.575198
0.458333,0.458333,0.625000,0.549645,0.550160
0.458333,0.458333,0.666667,0.515236,0.515708
0.458333,0.458333,0.708333,0.472030,0.472433
0.458333,0.458333,0.750000,0.420760,0.421074
0.458333,0.458333,0.791667,0.362295,0.362510
0.458333,0.458333,0.833333,0.297623,0.297744
0.458333,0.458333,0.875000,0.227840,0.227884
0.458333,0.458333,0.916667,0.154129,0.154124
0.458333,0.458333,0.958333,0.077746,0.077727
0.458333,0.458333,1.000000,-0.000000,-0.000000
0.458333,0.500000,0.000000,0.000000,0.000000
0.458333,0.500000,0.041667,0.076149,0.075849
0.458333,0.500000,0.083333,0.151078,0.150400
0.458333,0.500000,0.125000,0.223370,0.222378
0.458333,0.500000,0.166667,0.291712,0.290551
0.458333,0.500000,0.208333,0.354909,0.353753
0.458333,0.500000,0.250000,0.411902,0.410901
0.458333,0.500000,0.291667,0.461764,0.461019
0.458333,0.500000,0.333333,0.503698,0.503249
0.458333,0.500000,0.375000,0.537040,0.536869
0.458333,0.500000,0.416667,0.561252,0.561302
0.458333,0.500000,0.458333,0.575936,0.576131
0.458333,0.500000,0.500000,0.580832,0.581102
0.458333,0.500000,0.541667,0.575837,0.576131
0.458333,0.500000,0.583333,0.561012,0.561302
0.458333,0.500000,0.625000,0.536592,0.536869
0.458333,0.500000,0.666667,0.502986,0.503249
0.458333,0.500000,0.708333,0.460769,0.461019
0.458333,0.500000,0.750000,0.410673,0.410901
0.458333,0.500000,0.791667,0.353566,0.353753
0.458333,0.500000,0.833333,0.290429,0.290551
0.458333,0.500000,0.875000,0.222336,0.222378
0.458333,0.500000,0.916667,0.150432,0.150400
0.458333,0.500000,0.958333,0.075911,0.075849
0.458333,0.500000,1.000000,-0.000000,-0.000000
0.458333,0.541667,0.000000,0.000000,0.000000
0.458333,0.541667,0.041667,0.073024,0.072674
0.458333,0.541667,0.083333,0.144791,0.144104
0.458333,0.541667,0.125000,0.214000,0.213068
0.458333,0.541667,0.166667,0.279426,0.278387
0.458333,0.541667,0.208333,0.339942,0.338942
0.458333,0.541667,0.250000,0.394537,0.393698
0.458333,0.541667,0.291667,0.442318,0.441718
0.458333,0.541667,0.333333,0.482518,0.482180
0.458333,0.541667,0.375000,0.514492,0.514391
0.458333,0.541667,0.416667,0.537723,0.537802
0.458333,0.541667,0.458333,0.551823,0.552010
0.458333,0.541667,0.500000,0.556540,0.556773
0.458333,0.541667,0.541667,0.551773,0.552010
0.458333,0.541667,0.583333,0.537576,0.537802
0.458333,0.541667,0.625000,0.514173,0.514391
0.458333,0.541667,0.666667,0.481956,0.482180
0.458333,0.541667,0.708333,0.441483,0.441718
0.458333,0.541667,0.750000,0.393464,0.393698
0.458333,0.541667,0.791667,0.338739,0.338942
0.458333,0.541667,0.833333,0.278256,0.278387
0.458333,0.541667,0.875000,0.213044,0.213068
0.458333,0.541667,0.916667,0.144184,0.144103
0.458333,0.541667,0.958333,0.072793,0.072673
0.458333,0.541667,1.000000,-0.000000,-0.000000
0.458333,0.583333,0.000000,0.000000,0.000000
0.458333,0.583333,0.041667,0.068763,0.068383
0.458333,0.583333,0.083333,0.136258,0.135597
0.458333,0.583333,0.125000,0.201322,0.200490
0.458333,0.583333,0.166667,0.262839,0.261953
0.458333,0.583333,0.208333,0.319765,0.318934
0.458333,0.583333,0.250000,0.371148,0.370457
0.458333,0.583333,0.291667,0.416139,0.415642
0.458333,0.583333,0.333333,0.454002,0.453716
0.458333,0.583333,0.375000,0.484119,0.484026
0.458333,0.583333,0.416667,0.505995,0.506054
0.458333,0.583333,0.458333,0.519261,0.519424
0.458333,0.583333,0.500000,0.523685,0.523906
0.458333,0.583333,0.541667,0.519175,0.519424
0.458333,0.583333,0.583333,0.505789,0.506054
0.458333,0.583333,0.625000,0.483745,0.484026
0.458333,0.583333,0.666667,0.453415,0.453716
0.458333,0.583333,0.708333,0.415330,0.415642
0.458333,0.583333,0.750000,0.370158,0.370457
0.458333,0.583333,0.791667,0.318691,0.318934
0.458333,0.583333,0.833333,0.261821,0.261953
0.458333,0.583333,0.875000,0.200506,0.200490
0.458333,0.583333,0.916667,0.135750,0.135597
0.458333,0.583333,0.958333,0.068574,0.068383
0.458333,0.583333,1.000000,-0.000000,-0.000000
0.458333,0.625000,0.000000,0.000000,0.000000
0.458333,0.625000,0.041667,0.063578,0.063172
0.458333,0.625000,0.083333,0.125899,0.125264
0.458333,0.625000,0.125000,0.185954,0.185212
0.458333,0.625000,0.166667,0.242750,0.241991
0.458333,0.625000,0.208333,0.295335,0.294630
0.458333,0.625000,0.250000,0.342828,0.342227
0.458333,0.625000,0.291667,0.384432,0.383969
0.458333,0.625000,0.333333,0.419452,0.419141
0.458333,0.625000,0.375000,0.447302,0.447142
0.458333,0.625000,0.416667,0.467517,0.467491
0.458333,0.625000,0.458333,0.479755,0.479842
0.458333,0.625000,0.500000,0.483805,0.483983
0.458333,0.625000,0.541667,0.479592,0.479842
0.458333,0.625000,0.583333,0.467181,0.467491
0.458333,0.625000,0.625000,0.446781,0.447142
0.458333,0.625000,0.666667,0.418745,0.419141
0.458333,0.625000,0.708333,0.383566,0.383969
0.458333,0.625000,0.750000,0.341863,0.342227
0.458333,0.625000,0.791667,0.294364,0.294630
0.458333,0.625000,0.833333,0.241886,0.241991
0.458333,0.625000,0.875000,0.185301,0.185212
0.458333,0.625000,0.916667,0.125518,0.125264
0.458333,0.625000,0.958333,0.063451,0.063172
0.458333,0.625000,1.000000,-0.000000,-0.000000
0.458333,0.666667,0.000000,0.000000,0.000000
0.458333,0.666667,0.041667,0.057670,0.057233
0.458333,0.666667,0.083333,0.114107,0.113486
0.458333,0.666667,0.125000,0.168467,0.167798
0.458333,0.666667,0.166667,0.219888,0.219239
0.458333,0.666667,0.208333,0.267526,0.266928
0.458333,0.666667,0.250000,0.310580,0.310051
0.458333,0.666667,0.291667,0.348315,0.347868
0.458333,0.666667,0.333333,0.380088,0.379733
0.458333,0.666667,0.375000,0.405352,0.405101
0.458333,0.666667,0.416667,0.423676,0.423537
0.458333,0.666667,0.458333,0.434747,0.434727
0.458333,0.666667,0.500000,0.438378,0.438478
0.458333,0.666667,0.541667,0.434509,0.434726
0.458333,0.666667,0.583333,0.423211,0.423537
0.458333,0.666667,0.625000,0.404687,0.405101
0.458333,0.666667,0.666667,0.379265,0.379733
0.458333,0.666667,0.708333,0.347399,0.347868
0.458333,0.666667,0.750000,0.309651,0.310051
0.458333,0.666667,0.791667,0.266677,0.266928
0.458333,0.666667,0.833333,0.219206,0.219239
0.458333,0.666667,0.875000,0.168010,0.167798
0.458333,0.666667,0.916667,0.113886,0.113486
0.458333,0.666667,0.958333,0.057626,0.057233
0.458333,0.666667,1.000000,-0.000000,-0.000000
0.458333,0.708333,0.000000,0.000000,0.000000
0.458333,0.708333,0.041667,0.051207,0.050745
0.458333,0.708333,0.083333,0.101220,0.100623
0.458333,0.708333,0.125000,0.149359,0.148778
0.458333,0.708333,0.166667,0.194905,0.194388
0.458333,0.708333,0.208333,0.237129,0.236672
0.458333,0.708333,0.250000,0.275322,0.274906
0.458333,0.708333,0.291667,0.308822,0.308437
0.458333,0.708333,0.333333,0.337041,0.336690
0.458333,0.708333,0.375000,0.359478,0.359182
0.458333,0.708333,0.416667,0.375740,0.375529
0.458333,0.708333,0.458333,0.385544,0.385450
0.458333,0.708333,0.500000,0.388727,0.388776
0.458333,0.708333,0.541667,0.385245,0.385450
0.458333,0.708333,0.583333,0.375174,0.375529
0.458333,0.708333,0.625000,0.358707,0.359182
0.458333,0.708333,0.666667,0.336152,0.336690
0.458333,0.708333,0.708333,0.307918,0.308437
0.458333,0.708333,0.750000,0.274504,0.274906
0.458333,0.708333,0.791667,0.236486,0.236672
0.458333,0.708333,0.833333,0.194491,0.194388
0.458333,0.708333,0.875000,0.149182,0.148778
0.458333,0.708333,0.916667,0.101228,0.100623
0.458333,0.708333,0.958333,0.051289,0.050745
0.458333,0.708333,1.000000,-0.000000,-0.000000
0.458333,0.750000,0.000000,0.000000,0.000000
0.458333,0.750000,0.041667,0.044342,0.043871
0.458333,0.750000,0.083333,0.087546,0.086992
0.458333,0.750000,0.125000,0.129093,0.128624
0.458333,0.750000,0.166667,0.168409,0.168055
0.458333,0.750000,0.208333,0.204885,0.204611
0.458333,0.750000,0.250000,0.237911,0.237665
0.458333,0.750000,0.291667,0.266905,0.266654
0.458333,0.750000,0.333333,0.291342,0.291079
0.458333,0.750000,0.375000,0.310773,0.310525
0.458333,0.750000,0.416667,0.324845,0.324657
0.458333,0.750000,0.458333,0.333310,0.333234
0.458333,0.750000,0.500000,0.336029,0.336110
0.458333,0.750000,0.541667,0.332976,0.333234
0.458333,0.750000,0.583333,0.324231,0.324657
0.458333,0.750000,0.625000,0.309975,0.310525
0.458333,0.750000,0.666667,0.290485,0.291079
0.458333,0.750000,0.708333,0.266122,0.266654
0.458333,0.750000,0.750000,0.237316,0.237665
0.458333,0.750000,0.791667,0.204552,0.204610
0.458333,0.750000,0.833333,0.168354,0.168055
0.458333,0.750000,0.875000,0.129265,0.128624
0.458333,0.750000,0.916667,0.087829,0.086992
0.458333,0.750000,0.958333,0.044574,0.043871
0.458333,0.750000,1.000000,-0.000000,-0.000000
0.458333,0.791667,0.000000,0.000000,0.000000
0.458333,0.791667,0.041667,0.037211,0.036744
0.458333,0.791667,0.083333,0.073363,0.072860
0.458333,0.791667,0.125000,0.108086,0.107729
0.458333,0.791667,0.166667,0.140944,0.140755
0.458333,0.791667,0.208333,0.171451,0.171372
0.458333,0.791667,0.250000,0.199101,0.199057
0.458333,0.791667,0.291667,0.223400,0.223336
0.458333,0.791667,0.333333,0.243895,0.243794
0.458333,0.791667,0.375000,0.260197,0.260081
0.458333,0.791667,0.416667,0.272000,0.271917
0.458333,0.791667,0.458333,0.279092,0.279101
0.458333,0.791667,0.500000,0.281358,0.281509
0.458333,0.791667,0.541667,0.278784,0.279101
0.458333,0.791667,0.583333,0.271446,0.271917
0.458333,0.791667,0.625000,0.259507,0.260081
0.458333,0.791667,0.666667,0.243208,0.243794
0.458333,0.791667,0.708333,0.222854,0.223336
0.458333,0.791667,0.750000,0.198802,0.199057
0.458333,0.791667,0.791667,0.171450,0.171372
0.458333,0.791667,0.833333,0.141221,0.140755
0.458333,0.791667,0.875000,0.108545,0.107729
0.458333,0.791667,0.916667,0.073849,0.072860
0.458333,0.791667,0.958333,0.037542,0.036744
0.458333,0.791667,1.000000,-0.000000,-0.000000
0.458333,0.833333,0.000000,0.000000,0.000000
0.458333,0.833333,0.041667,0.029922,0.029470
0.458333,0.833333,0.083333,0.058892,0.058436
0.458333,0.833333,0.125000,0.086671,0.086402
0.458333,0.833333,0.166667,0.112948,0.112890
0.458333,0.833333,0.208333,0.137359,0.137446
0.458333,0.833333,0.250000,0.159510,0.159650
0.458333,0.833333,0.291667,0.179002,0.179123
0.458333,0.833333,0.333333,0.195463,0.195531
0.458333,0.833333,0.375000,0.208569,0.208593
0.458333,0.833333,0.416667,0.218065,0.218086
0.458333,0.833333,0.458333,0.223774,0.223848
0.458333,0.833333,0.500000,0.225601,0.225780
0.458333,0.833333,0.541667,0.223537,0.223848
0.458333,0.833333,0.583333,0.217649,0.218086
0.458333,0.833333,0.625000,0.208073,0.208593
0.458333,0.833333,0.666667,0.195009,0.195531
0.458333,0.833333,0.708333,0.178706,0.179123
0.458333,0.833333,0.750000,0.159451,0.159650
0.458333,0.833333,0.791667,0.137562,0.137446
0.458333,0.833333,0.833333,0.113368,0.112890
0.458333,0.833333,0.875000,0.087203,0.086402
0.458333,0.833333,0.916667,0.059391,0.058436
0.458333,0.833333,0.958333,0.030232,0.029470
0.458333,0.833333,1.000000,-0.000000,-0.000000
0.458333,0.875000,0.000000,0.000000,0.000000
0.458333,0.875000,0.041667,0.022543,0.022123
0.458333,0.875000,0.083333,0.044281,0.043868
0.458333,0.875000,0.125000,0.065076,0.064862
0.458333,0.875000,0.166667,0.084733,0.084746
0.458333,0.875000,0.208333,0.103001,0.103180
0.458333,0.875000,0.250000,0.119597,0.119849
0.458333,0.875000,0.291667,0.134225,0.134467
0.458333,0.875000,0.333333,0.146600,0.146785
0.458333,0.875000,0.375000,0.156470,0.156591
0.458333,0.875000,0.416667,0.163632,0.163717
0.458333,0.875000,0.458333,0.167946,0.168042
0.458333,0.875000,0.500000,0.169336,0.169492
0.458333,0.875000,0.541667,0.167792,0.168042
0.458333,0.875000,0.583333,0.163365,0.163717
0.458333,0.875000,0.625000,0.156164,0.156591
0.458333,0.875000,0.666667,0.146342,0.146785
0.458333,0.875000,0.708333,0.134093,0.134467
0.458333,0.875000,0.750000,0.119639,0.119849
0.458333,0.875000,0.791667,0.103218,0.103180
0.458333,0.875000,0.833333,0.085080,0.084746
0.458333,0.875000,0.875000,0.065468,0.064862
0.458333,0.875000,0.916667,0.044615,0.043868
0.458333,0.875000,0.958333,0.022731,0.022123
0.458333,0.875000,1.000000,-0.000000,-0.000000
0.458333,0.916667,0.000000,0.000000,0.000000
0.458333,0.916667,0.041667,0.015105,0.014750
0.458333,0.916667,0.083333,0.029600,0.029248
0.458333,0.916667,0.125000,0.043426,0.043245
0.458333,0.916667,0.166667,0.056476,0.056502
0.458333,0.916667,0.208333,0.068604,0.068793
0.458333,0.916667,0.250000,0.079632,0.079906
0.458333,0.916667,0.291667,0.089370,0.089652
0.458333,0.916667,0.333333,0.097627,0.097865
0.458333,0.916667,0.375000,0.104228,0.104402
0.458333,0.916667,0.416667,0.109033,0.109154
0.458333,0.916667,0.458333,0.111939,0.112038
0.458333,0.916667,0.500000,0.112888,0.113004
0.458333,0.916667,0.541667,0.111870,0.112038
0.458333,0.916667,0.583333,0.108919,0.109154
0.458333,0.916667,0.625000,0.104106,0.104402
0.458333,0.916667,0.666667,0.097540,0.097865
0.458333,0.916667,0.708333,0.089355,0.089652
0.458333,0.916667,0.750000,0.079704,0.079906
0.458333,0.916667,0.791667,0.068751,0.068793
0.458333,0.916667,0.833333,0.056664,0.056502
0.458333,0.916667,0.875000,0.043605,0.043245
0.458333,0.916667,0.916667,0.029723,0.029248
0.458333,0.916667,0.958333,0.015151,0.014750
0.458333,0.916667,1.000000,-0.000000,-0.000000
0.458333,0.958333,0.000000,0.000000,0.000000
0.458333,0.958333,0.041667,0.007599,0.007374
0.458333,0.958333,0.083333,0.014851,0.014621
0.458333,0.958333,0.125000,0.021741,0.021618
0.458333,0.958333,0.166667,0.028230,0.028246
0.458333,0.958333,0.208333,0.034256,0.034390
0.458333,0.958333,0.250000,0.039740,0.039946
0.458333,0.958333,0.291667,0.044592,0.044818
0.458333,0.958333,0.333333,0.048718,0.048923
0.458333,0.958333,0.375000,0.052031,0.052191
0.458333,0.958333,0.416667,0.054454,0.054567
0.458333,0.958333,0.458333,0.055932,0.056008
0.458333,0.958333,0.500000,0.056430,0.056491
0.458333,0.958333,0.541667,0.055938,0.056008
0.458333,0.958333,0.583333,0.054472,0.054567
0.458333,0.958333,0.625000,0.052066,0.052191
0.458333,0.958333,0.666667,0.048776,0.048923
0.458333,0.958333,0.708333,0.044672,0.044818
0.458333,0.958333,0.750000,0.039835,0.039946
0.458333,0.958333,0.791667,0.034351,0.034390
0.458333,0.958333,0.833333,0.028304,0.028246
0.458333,0.958333,0.875000,0.021776,0.021618
0.458333,0.958333,0.916667,0.014843,0.014621
0.458333,0.958333,0.958333,0.007567,0.007374
0.458333,0.958333,1.000000,-0.000000,-0.000000
0.458333,1.000000,0.000000,0.000000,0.000000
0.458333,1.000000,0.041667,0.000000,-0.000000
0.458333,1.000000,0.083333,0.000000,-0.000000
0.458333,1.000000,0.125000,0.000000,-0.000000
0.458333,1.000000,0.166667,0.000000,-0.000000
0.458333,1.000000,0.208333,0.000000,-0.000000
0.458333,1.000000,0.250000,0.000000,-0.000000
0.458333,1.000000,0.291667,0.000000,-0.000000
0.458333,1.000000,0.333333,0.000000,-0.000000
0.458333,1.000000,0.375000,0.000000,-0.000000
0.458333,1.000000,0.416667,0.000000,-0.000000
0.458333,1.000000,0.458333,0.000000,-0.000000
0.458333,1.000000,0.500000,0.000000,-0.000000
0.458333,1.000000,0.541667,0.000000,-0.000000
0.458333,1.000000,0.583333,0.000000,-0.000000
0.458333,1.000000,0.625000,0.000000,-0.000000
0.458333,1.000000,0.666667,0.000000,-0.000000
0.458333,1.000000,0.708333,0.000000,-0.000000
0.458333,1.000000,0.750000,0.000000,-0.000000
0.458333,1.000000,0.791667,0.000000,-0.000000
0.458333,1.000000,0.833333,0.000000,-0.000000
0.458333,1.000000,0.875000,0.000000,-0.000000
0.458333,1.000000,0.916667,0.000000,-0.000000
0.458333,1.000000,0.958333,0.000000,-0.000000
0.458333,1.000000,1.000000,0.000000,0.000000
0.500000,0.000000,0.000000,0.000000,0.000000
0.500000,0.000000,0.041667,0.000000,0.000000
0.500000,0.000000,0.083333,0.000000,0.000000
0.500000,0.000000,0.125000,0.000000,0.000000
0.500000,0.000000,0.166667,0.000000,0.000000
0.500000,0.000000,0.208333,0.000000,0.000000
0.500000,0.000000,0.250000,0.000000,0.000000
0.500000,0.000000,0.291667,0.000000,0.000000
0.500000,0.000000,0.333333,0.000000,0.000000
0.500000,0.000000,0.375000,0.000000,0.000000
0.500000,0.000000,0.416667,0.000000,0.000000
0.500000,0.000000,0.458333,0.000000,0.000000
0.500000,0.000000,0.500000,0.000000,0.000000
0.500000,0.000000,0.541667,0.000000,0.000000
0.500000,0.000000,0.583333,0.000000,0.000000
0.500000,0.000000,0.625000,0.000000,0.000000
0.500000,0.000000,0.666667,0.000000,0.000000
0.500000,0.000000,0.708333,0.000000,0.000000
0.500000,0.000000,0.750000,0.000000,0.000000
0.500000,0.000000,0.791667,0.000000,0.000000
0.500000,0.000000,0.833333,0.000000,0.000000
0.500000,0.000000,0.875000,0.000000,0.000000
0.500000,0.000000,0.916667,0.000000,0.000000
0.500000,0.000000,0.958333,0.000000,0.000000
0.500000,0.000000,1.000000,-0.000000,-0.000000
0.500000,0.041667,0.000000,0.000000,0.000000
0.500000,0.041667,0.041667,0.011733,0.011549
0.500000,0.041667,0.083333,0.023246,0.022901
0.500000,0.041667,0.125000,0.034310,0.033861
0.500000,0.041667,0.166667,0.044722,0.044242
0.500000,0.041667,0.208333,0.054306,0.053866
0.500000,0.041667,0.250000,0.062912,0.062568
0.500000,0.041667,0.291667,0.070415,0.070199
0.500000,0.041667,0.333333,0.076708,0.076629
0.500000,0.041667,0.375000,0.081703,0.081748
0.500000,0.041667,0.416667,0.085329,0.085469
0.500000,0.041667,0.458333,0.087533,0.087727
0.500000,0.041667,0.500000,0.088280,0.088484
0.500000,0.041667,0.541667,0.087553,0.087727
0.500000,0.041667,0.583333,0.085354,0.085469
0.500000,0.041667,0.625000,0.081709,0.081748
0.500000,0.041667,0.666667,0.076666,0.076629
0.500000,0.041667,0.708333,0.070297,0.070199
0.500000,0.041667,0.750000,0.062700,0.062568
0.500000,0.041667,0.791667,0.053998,0.053866
0.500000,0.041667,0.833333,0.044341,0.044242
0.500000,0.041667,0.875000,0.033904,0.033861
0.500000,0.041667,0.916667,0.022884,0.022901
0.500000,0.041667,0.958333,0.011503,0.011549
0.500000,0.041667,1.000000,-0.000000,-0.000000
0.500000,0.083333,0.000000,0.000000,0.000000
0.500000,0.083333,0.041667,0.023179,0.022793
0.500000,0.083333,0.083333,0.045921,0.045196
0.500000,0.083333,0.125000,0.067770,0.066825
0.500000,0.083333,0.166667,0.088325,0.087311
0.500000,0.083333,0.208333,0.107238,0.106303
0.500000,0.083333,0.250000,0.124214,0.123477
0.500000,0.083333,0.291667,0.139002,0.138537
0.500000,0.083333,0.333333,0.151394,0.151228
0.500000,0.083333,0.375000,0.161218,0.161330
0.500000,0.083333,0.416667,0.168339,0.168672
0.500000,0.083333,0.458333,0.172656,0.173129
0.500000,0.083333,0.500000,0.174103,0.174623
0.500000,0.083333,0.541667,0.172648,0.173129
0.500000,0.083333,0.583333,0.168299,0.168672
0.500000,0.083333,0.625000,0.161106,0.161330
0.500000,0.083333,0.666667,0.151162,0.151228
0.500000,0.083333,0.708333,0.138607,0.138537
0.500000,0.083333,0.750000,0.123632,0.123477
0.500000,0.083333,0.791667,0.106478,0.106303
0.500000,0.083333,0.833333,0.087439,0.087311
0.500000,0.083333,0.875000,0.066858,0.066825
0.500000,0.083333,0.916667,0.045127,0.045196
0.500000,0.083333,0.958333,0.022683,0.022793
0.500000,0.083333,1.000000,-0.000000,-0.000000
0.500000,0.125000,0.000000,0.000000,0.000000
0.500000,0.125000,0.041667,0.034021,0.033437
0.500000,0.125000,0.083333,0.067408,0.066301
0.500000,0.125000,0.125000,0.099487,0.098031
0.500000,0.125000,0.166667,0.129663,0.128084
0.500000,0.125000,0.208333,0.157424,0.155945
0.500000,0.125000,0.250000,0.182329,0.181138
0.500000,0.125000,0.291667,0.204011,0.203231
0.500000,0.125000,0.333333,0.222164,0.221848
0.500000,0.125000,0.375000,0.236542,0.236668
0.500000,0.125000,0.416667,0.246953,0.247439
0.500000,0.125000,0.458333,0.253251,0.253976
0.500000,0.125000,0.500000,0.255345,0.256168
0.500000,0.125000,0.541667,0.253191,0.253976
0.500000,0.125000,0.583333,0.246801,0.247439
0.500000,0.125000,0.625000,0.236247,0.236668
0.500000,0.125000,0.666667,0.221664,0.221848
0.500000,0.125000,0.708333,0.203257,0.203231
0.500000,0.125000,0.750000,0.181302,0.181138
0.500000,0.125000,0.791667,0.156151,0.155945
0.500000,0.125000,0.833333,0.128233,0.128084
0.500000,0.125000,0.875000,0.098052,0.098031
0.500000,0.125000,0.916667,0.066183,0.066301
0.500000,0.125000,0.958333,0.033267,0.033437
0.500000,0.125000,1.000000,-0.000000,-0.000000
0.500000,0.166667,0.000000,0.000000,0.000000
0.500000,0.166667,0.041667,0.043958,0.043212
0.500000,0.166667,0.083333,0.087120,0.085684
0.500000,0.166667,0.125000,0.128604,0.126691
0.500000,0.166667,0.166667,0.167633,0.165529
0.500000,0.166667,0.208333,0.203533,0.201536
0.500000,0.166667,0.250000,0.235729,0.234094
0.500000,0.166667,0.291667,0.263742,0.262646
0.500000,0.166667,0.333333,0.287180,0.286705
0.500000,0.166667,0.375000,0.305729,0.305858
0.500000,0.166667,0.416667,0.319144,0.319778
0.500000,0.166667,0.458333,0.327247,0.328226
0.500000,0.166667,0.500000,0.329922,0.331058
0.500000,0.166667,0.541667,0.327117,0.328226
0.500000,0.166667,0.583333,0.318849,0.319778
0.500000,0.166667,0.625000,0.305210,0.305858
0.500000,0.166667,0.666667,0.286373,0.286705
0.500000,0.166667,0.708333,0.262600,0.262646
0.500000,0.166667,0.750000,0.234245,0.234094
0.500000,0.166667,0.791667,0.201762,0.201535
0.500000,0.166667,0.833333,0.165702,0.165529
0.500000,0.166667,0.875000,0.126714,0.126690
0.500000,0.166667,0.916667,0.085540,0.085684
0.500000,0.166667,0.958333,0.043004,0.043212
0.500000,0.166667,1.000000,-0.000000,-0.000000
0.500000,0.208333,0.000000,0.000000,0.000000
0.500000,0.208333,0.041667,0.052717,0.051885
0.500000,0.208333,0.083333,0.104521,0.102881
0.500000,0.208333,0.125000,0.154345,0.152118
0.500000,0.208333,0.166667,0.201242,0.198752
0.500000,0.208333,0.208333,0.244386,0.241985
0.500000,0.208333,0.250000,0.283077,0.281077
0.500000,0.208333,0.291667,0.316729,0.315361
0.500000,0.208333,0.333333,0.344869,0.344248
0.500000,0.208333,0.375000,0.367118,0.367245
0.500000,0.208333,0.416667,0.383189,0.383959
0.500000,0.208333,0.458333,0.392874,0.394103
0.500000,0.208333,0.500000,0.396041,0.397503
0.500000,0.208333,0.541667,0.392635,0.394103
0.500000,0.208333,0.583333,0.382682,0.383959
0.500000,0.208333,0.625000,0.366295,0.367245
0.500000,0.208333,0.666667,0.343682,0.344248
0.500000,0.208333,0.708333,0.315156,0.315361
0.500000,0.208333,0.750000,0.281141,0.281077
0.500000,0.208333,0.791667,0.242177,0.241985
0.500000,0.208333,0.833333,0.198922,0.198752
0.500000,0.208333,0.875000,0.152149,0.152118
0.500000,0.208333,0.916667,0.102739,0.102881
0.500000,0.208333,0.958333,0.051669,0.051885
0.500000,0.208333,1.000000,-0.000000,-0.000000
0.500000,0.250000,0.000000,0.000000,0.000000
0.500000,0.250000,0.041667,0.060062,0.059265
0.500000,0.250000,0.083333,0.119152,0.117515
0.500000,0.250000,0.125000,0.176043,0.173755
0.500000,0.250000,0.166667,0.229639,0.227022
0.500000,0.250000,0.208333,0.278983,0.276405
0.500000,0.250000,0.250000,0.323254,0.321058
0.500000,0.250000,0.291667,0.361767,0.360218
0.500000,0.250000,0.333333,0.393965,0.393214
0.500000,0.250000,0.375000,0.419406,0.419482
0.500000,0.250000,0.416667,0.437760,0.438573
0.500000,0.250000,0.458333,0.448791,0.450160
0.500000,0.250000,0.500000,0.452358,0.454044
0.500000,0.250000,0.541667,0.448410,0.450160
0.500000,0.250000,0.583333,0.436987,0.438573
0.500000,0.250000,0.625000,0.418229,0.419482
0.500000,0.250000,0.666667,0.392379,0.393214
0.500000,0.250000,0.708333,0.359800,0.360218
0.500000,0.250000,0.750000,0.320974,0.321058
0.500000,0.250000,0.791667,0.276515,0.276405
0.500000,0.250000,0.833333,0.227167,0.227022
0.500000,0.250000,0.875000,0.173801,0.173755
0.500000,0.250000,0.916667,0.117405,0.117515
0.500000,0.250000,0.958333,0.059077,0.059265
0.500000,0.250000,1.000000,-0.000000,-0.000000
0.500000,0.291667,0.000000,0.000000,0.000000
0.500000,0.291667,0.041667,0.065845,0.065212
0.500000,0.291667,0.083333,0.130706,0.129307
0.500000,0.291667,0.125000,0.193233,0.191191
0.500000,0.291667,0.166667,0.252214,0.249803
0.500000,0.291667,0.208333,0.306580,0.304140
0.500000,0.291667,0.250000,0.355409,0.353274
0.500000,0.291667,0.291667,0.397922,0.396363
0.500000,0.291667,0.333333,0.433482,0.432671
0.500000,0.291667,0.375000,0.461581,0.461575
0.500000,0.291667,0.416667,0.481838,0.482581
0.500000,0.291667,0.458333,0.493992,0.495331
0.500000,0.291667,0.500000,0.497888,0.499605
0.500000,0.291667,0.541667,0.493484,0.495331
0.500000,0.291667,0.583333,0.480838,0.482581
0.500000,0.291667,0.625000,0.460123,0.461575
0.500000,0.291667,0.666667,0.431623,0.432671
0.500000,0.291667,0.708333,0.395745,0.396363
0.500000,0.291667,0.750000,0.353029,0.353274
0.500000,0.291667,0.791667,0.304147,0.304140
0.500000,0.291667,0.833333,0.249909,0.249803
0.500000,0.291667,0.875000,0.191255,0.191191
0.500000,0.291667,0.916667,0.129253,0.129307
0.500000,0.291667,0.958333,0.065079,0.065211
0.500000,0.291667,1.000000,-0.000000,-0.000000
0.500000,0.333333,0.000000,0.000000,0.000000
0.500000,0.333333,0.041667,0.070043,0.069638
0.500000,0.333333,0.083333,0.139112,0.138084
0.500000,0.333333,0.125000,0.205774,0.204167
0.500000,0.333333,0.166667,0.268734,0.266758
0.500000,0.333333,0.208333,0.326844,0.324783
0.500000,0.333333,0.250000,0.379106,0.377252
0.500000,0.333333,0.291667,0.424667,0.423266
0.500000,0.333333,0.333333,0.462816,0.462038
0.500000,0.333333,0.375000,0.492987,0.492904
0.500000,0.333333,0.416667,0.514746,0.515336
0.500000,0.333333,0.458333,0.527797,0.528951
0.500000,0.333333,0.500000,0.531971,0.533515
0.500000,0.333333,0.541667,0.527226,0.528951
0.500000,0.333333,0.583333,0.513643,0.515336
0.500000,0.333333,0.625000,0.491425,0.492904
0.500000,0.333333,0.666667,0.460899,0.462038
0.500000,0.333333,0.708333,0.422521,0.423266
0.500000,0.333333,0.750000,0.376878,0.377252
0.500000,0.333333,0.791667,0.324690,0.324783
0.500000,0.333333,0.833333,0.266816,0.266758
0.500000,0.333333,0.875000,0.204245,0.204167
0.500000,0.333333,0.916667,0.138089,0.138084
0.500000,0.333333,0.958333,0.069570,0.069638
0.500000,0.333333,1.000000,-0.000000,-0.000000
0.500000,0.375000,0.000000,0.000000,0.000000
0.500000,0.375000,0.041667,0.072732,0.072509
0.500000,0.375000,0.083333,0.144488,0.143778
0.500000,0.375000,0.125000,0.213793,0.212586
0.500000,0.375000,0.166667,0.279307,0.277758
0.500000,0.375000,0.208333,0.339838,0.338176
0.500000,0.375000,0.250000,0.394340,0.392808
0.500000,0.375000,0.291667,0.441915,0.440720
0.500000,0.375000,0.333333,0.481804,0.481090
0.500000,0.375000,0.375000,0.513392,0.513229
0.500000,0.375000,0.416667,0.536203,0.536586
0.500000,0.375000,0.458333,0.549904,0.550763
0.500000,0.375000,0.500000,0.554304,0.555515
0.500000,0.375000,0.541667,0.549357,0.550763
0.500000,0.375000,0.583333,0.535154,0.536586
0.500000,0.375000,0.625000,0.511926,0.513229
0.500000,0.375000,0.666667,0.480035,0.481090
0.500000,0.375000,0.708333,0.439980,0.440720
0.500000,0.375000,0.750000,0.392390,0.392808
0.500000,0.375000,0.791667,0.338027,0.338176
0.500000,0.375000,0.833333,0.277782,0.277758
0.500000,0.375000,0.875000,0.212672,0.212586
0.500000,0.375000,0.916667,0.143834,0.143778
0.500000,0.375000,0.958333,0.072503,0.072509
0.500000,0.375000,1.000000,-0.000000,-0.000000
0.500000,0.416667,0.000000,0.000000,0.000000
0.500000,0.416667,0.041667,0.073994,0.073844
0.500000,0.416667,0.083333,0.146984,0.146424
0.500000,0.416667,0.125000,0.217489,0.216499
0.500000,0.416667,0.166667,0.284161,0.282870
0.500000,0.416667,0.208333,0.345796,0.344400
0.500000,0.416667,0.250000,0.401336,0.400038
0.500000,0.416667,0.291667,0.449864,0.448831
0.500000,0.416667,0.333333,0.490602,0.489944
0.500000,0.416667,0.375000,0.522909,0.522675
0.500000,0.416667,0.416667,0.546281,0.546462
0.500000,0.416667,0.458333,0.560356,0.560899
0.500000,0.416667,0.500000,0.564922,0.565739
0.500000,0.416667,0.541667,0.559917,0.560899
0.500000,0.416667,0.583333,0.545432,0.546462
0.500000,0.416667,0.625000,0.521708,0.522675
0.500000,0.416667,0.666667,0.489134,0.489944
0.500000,0.416667,0.708333,0.448237,0.448831
0.500000,0.416667,0.750000,0.399681,0.400038
0.500000,0.416667,0.791667,0.344258,0.344400
0.500000,0.416667,0.833333,0.282884,0.282870
0.500000,0.416667,0.875000,0.216593,0.216499
0.500000,0.416667,0.916667,0.146520,0.146424
0.500000,0.416667,0.958333,0.073890,0.073844
0.500000,0.416667,1.000000,-0.000000,-0.000000
0.500000,0.458333,0.000000,0.000000,0.000000
0.500000,0.458333,0.041667,0.073877,0.073705
0.500000,0.458333,0.083333,0.146696,0.146149
0.500000,0.458333,0.125000,0.217012,0.216093
0.500000,0.458333,0.166667,0.283503,0.282339
0.500000,0.458333,0.208333,0.344985,0.343754
0.500000,0.458333,0.250000,0.400410,0.399287
0.500000,0.458333,0.291667,0.448871,0.447989
0.500000,0.458333,0.333333,0.489592,0.489025
0.500000,0.458333,0.375000,0.521928,0.521694
0.500000,0.458333,0.416667,0.545366,0.545436
0.500000,0.458333,0.458333,0.559527,0.559846
0.500000,0.458333,0.500000,0.564181,0.564677
0.500000,0.458333,0.541667,0.559247,0.559846
0.500000,0.458333,0.583333,0.544804,0.545436
0.500000,0.458333,0.625000,0.521091,0.521694
0.500000,0.458333,0.666667,0.488504,0.489025
0.500000,0.458333,0.708333,0.447588,0.447989
0.500000,0.458333,0.750000,0.399027,0.399287
0.500000,0.458333,0.791667,0.343636,0.343754
0.500000,0.458333,0.833333,0.282343,0.282339
0.500000,0.458333,0.875000,0.216180,0.216092
0.500000,0.458333,0.916667,0.146268,0.146149
0.500000,0.458333,0.958333,0.073794,0.073705
0.500000,0.458333,1.000000,-0.000000,-0.000000
0.500000,0.500000,0.000000,0.000000,0.000000
0.500000,0.500000,0.041667,0.072419,0.072197
0.500000,0.500000,0.083333,0.143721,0.143159
0.500000,0.500000,0.125000,0.212537,0.211671
0.500000,0.500000,0.166667,0.277603,0.276561
0.500000,0.500000,0.208333,0.337775,0.336719
0.500000,0.500000,0.250000,0.392039,0.391116
0.500000,0.500000,0.291667,0.439510,0.438821
0.500000,0.500000,0.333333,0.479430,0.479018
0.500000,0.500000,0.375000,0.511164,0.511018
0.500000,0.500000,0.416667,0.534201,0.534275
0.500000,0.500000,0.458333,0.548161,0.548390
0.500000,0.500000,0.500000,0.552801,0.553122
0.500000,0.500000,0.541667,0.548027,0.548390
0.500000,0.500000,0.583333,0.533904,0.534275
0.500000,0.500000,0.625000,0.510660,0.511018
0.500000,0.500000,0.666667,0.478688,0.479018
0.500000,0.500000,0.708333,0.438536,0.438821
0.500000,0.500000,0.750000,0.390895,0.391116
0.500000,0.500000,0.791667,0.336582,0.336719
0.500000,0.500000,0.833333,0.276523,0.276561
0.500000,0.500000,0.875000,0.211729,0.211671
0.500000,0.500000,0.916667,0.143283,0.143158
0.500000,0.500000,0.958333,0.072318,0.072197
0.500000,0.500000,1.000000,-0.000000,-0.000000
0.500000,0.541667,0.000000,0.000000,0.000000
0.500000,0.541667,0.041667,0.069712,0.069453
0.500000,0.541667,0.083333,0.138263,0.137718
0.500000,0.541667,0.125000,0.204394,0.203627
0.500000,0.541667,0.166667,0.266922,0.266052
0.500000,0.541667,0.208333,0.324766,0.323924
0.500000,0.541667,0.250000,0.376953,0.376254
0.500000,0.541667,0.291667,0.422633,0.422146
0.500000,0.541667,0.333333,0.461070,0.460815
0.500000,0.541667,0.375000,0.491645,0.491599
0.500000,0.541667,0.416667,0.513860,0.513972
0.500000,0.541667,0.458333,0.527341,0.527551
0.500000,0.541667,0.500000,0.531847,0.532103
0.500000,0.541667,0.541667,0.527279,0.527551
0.500000,0.541667,0.583333,0.513696,0.513972
0.500000,0.541667,0.625000,0.491318,0.491599
0.500000,0.541667,0.666667,0.460526,0.460815
0.500000,0.541667,0.708333,0.421857,0.422146
0.500000,0.541667,0.750000,0.375988,0.376254
0.500000,0.541667,0.791667,0.323718,0.323924
0.500000,0.541667,0.833333,0.265946,0.266052
0.500000,0.541667,0.875000,0.203645,0.203627
0.500000,0.541667,0.916667,0.137844,0.137718
0.500000,0.541667,0.958333,0.069603,0.069453
0.500000,0.541667,1.000000,-0.000000,-0.000000
0.500000,0.583333,0.000000,0.000000,0.000000
0.500000,0.583333,0.041667,0.065912,0.065630
0.500000,0.583333,0.083333,0.130644,0.130137
0.500000,0.583333,0.125000,0.193068,0.192417
0.500000,0.583333,0.166667,0.252103,0.251406
0.500000,0.583333,0.208333,0.306743,0.306092
0.500000,0.583333,0.250000,0.356069,0.355541
0.500000,0.583333,0.291667,0.399266,0.398907
0.500000,0.583333,0.333333,0.435627,0.435447
0.500000,0.583333,0.375000,0.464558,0.464537
0.500000,0.583333,0.416667,0.485579,0.485678
0.500000,0.583333,0.458333,0.498332,0.498509
0.500000,0.583333,0.500000,0.502589,0.502811
0.500000,0.583333,0.541667,0.498261,0.498509
0.500000,0.583333,0.583333,0.485405,0.485678
0.500000,0.583333,0.625000,0.464233,0.464537
0.500000,0.583333,0.666667,0.435110,0.435447
0.500000,0.583333,0.708333,0.398549,0.398907
0.500000,0.583333,0.750000,0.355196,0.355541
0.500000,0.583333,0.791667,0.305811,0.306092
0.500000,0.583333,0.833333,0.251246,0.251406
0.500000,0.583333,0.875000,0.192416,0.192417
0.500000,0.583333,0.916667,0.130280,0.130137
0.500000,0.583333,0.958333,0.065815,0.065630
0.500000,0.583333,1.000000,-0.000000,-0.000000
0.500000,0.625000,0.000000,0.000000,0.000000
0.500000,0.625000,0.041667,0.061205,0.060893
0.500000,0.625000,0.083333,0.121229,0.120745
0.500000,0.625000,0.125000,0.179093,0.178530
0.500000,0.625000,0.166667,0.233831,0.233261
0.500000,0.625000,0.208333,0.284523,0.284000
0.500000,0.625000,0.250000,0.330313,0.329880
0.500000,0.625000,0.291667,0.370435,0.370116
0.500000,0.625000,0.333333,0.404216,0.404019
0.500000,0.625000,0.375000,0.431092,0.431010
0.500000,0.625000,0.416667,0.450611,0.450625
0.500000,0.625000,0.458333,0.462437,0.462530
0.500000,0.625000,0.500000,0.466364,0.466521
0.500000,0.625000,0.541667,0.462314,0.462530
0.500000,0.625000,0.583333,0.450348,0.450625
0.500000,0.625000,0.625000,0.430671,0.431010
0.500000,0.625000,0.666667,0.403626,0.404019
0.500000,0.625000,0.708333,0.369693,0.370116
0.500000,0.625000,0.750000,0.329477,0.329880
0.500000,0.625000,0.791667,0.283682,0.284000
0.500000,0.625000,0.833333,0.233097,0.233261
0.500000,0.625000,0.875000,0.178562,0.178530
0.500000,0.625000,0.916667,0.120950,0.120745
0.500000,0.625000,0.958333,0.061140,0.060893
0.500000,0.625000,1.000000,-0.000000,-0.000000
0.500000,0.666667,0.000000,0.000000,0.000000
0.500000,0.666667,0.041667,0.055764,0.055411
0.500000,0.666667,0.083333,0.110358,0.109874
0.500000,0.666667,0.125000,0.162960,0.162457
0.500000,0.666667,0.166667,0.212734,0.212260
0.500000,0.666667,0.208333,0.258857,0.258432
0.500000,0.666667,0.250000,0.300551,0.300181
0.500000,0.666667,0.291667,0.337106,0.336795
0.500000,0.666667,0.333333,0.367894,0.367646
0.500000,0.666667,0.375000,0.392387,0.392206
0.500000,0.666667,0.416667,0.410163,0.410055
0.500000,0.666667,0.458333,0.420916,0.420889
0.500000,0.666667,0.500000,0.424459,0.424521
0.500000,0.666667,0.541667,0.420730,0.420889
0.500000,0.666667,0.583333,0.409793,0.410055
0.500000,0.666667,0.625000,0.391847,0.392206
0.500000,0.666667,0.666667,0.367212,0.367646
0.500000,0.666667,0.708333,0.336333,0.336795
0.500000,0.666667,0.750000,0.299761,0.300181
0.500000,0.666667,0.791667,0.258137,0.258432
0.500000,0.666667,0.833333,0.212168,0.212260
0.500000,0.666667,0.875000,0.162604,0.162457
0.500000,0.666667,0.916667,0.110214,0.109874
0.500000,0.666667,0.958333,0.055765,0.055411
0.500000,0.666667,1.000000,-0.000000,-0.000000
0.500000,0.708333,0.000000,0.000000,0.000000
0.500000,0.708333,0.041667,0.049737,0.049344
0.500000,0.708333,0.083333,0.098327,0.097843
0.500000,0.708333,0.125000,0.145112,0.144669
0.500000,0.708333,0.166667,0.189390,0.189019
0.500000,0.708333,0.208333,0.230450,0.230135
0.500000,0.708333,0.250000,0.267602,0.267313
0.500000,0.708333,0.291667,0.300199,0.299917
0.500000,0.708333,0.333333,0.327667,0.327390
0.500000,0.708333,0.375000,0.349518,0.349261
0.500000,0.708333,0.416667,0.365365,0.365156
0.500000,0.708333,0.458333,0.374930,0.374803
0.500000,0.708333,0.500000,0.378051,0.378038
0.500000,0.708333,0.541667,0.374680,0.374803
0.500000,0.708333,0.583333,0.364890,0.365156
0.500000,0.708333,0.625000,0.348870,0.349261
0.500000,0.708333,0.666667,0.326919,0.327390
0.500000,0.708333,0.708333,0.299441,0.299917
0.500000,0.708333,0.750000,0.266926,0.267313
0.500000,0.708333,0.791667,0.229938,0.230135
0.500000,0.708333,0.833333,0.189090,0.189019
0.500000,0.708333,0.875000,0.145028,0.144669
0.500000,0.708333,0.916667,0.098402,0.097843
0.500000,0.708333,0.958333,0.049854,0.049344
0.500000,0.708333,1.000000,-0.000000,-0.000000
0.500000,0.750000,0.000000,0.000000,0.000000
0.500000,0.750000,0.041667,0.043260,0.042837
0.500000,0.750000,0.083333,0.085415,0.084941
0.500000,0.750000,0.125000,0.125965,0.125592
0.500000,0.750000,0.166667,0.164348,0.164094
0.500000,0.750000,0.208333,0.199970,0.199788
0.500000,0.750000,0.250000,0.232233,0.232064
0.500000,0.750000,0.291667,0.260566,0.260369
0.500000,0.750000,0.333333,0.284455,0.284220
0.500000,0.750000,0.375000,0.303459,0.303207
0.500000,0.750000,0.416667,0.317231,0.317006
0.500000,0.750000,0.458333,0.325525,0.325381
0.500000,0.750000,0.500000,0.328203,0.328188
0.500000,0.750000,0.541667,0.325237,0.325381
0.500000,0.750000,0.583333,0.316702,0.317006
0.500000,0.750000,0.625000,0.302776,0.303207
0.500000,0.750000,0.666667,0.283732,0.284220
0.500000,0.750000,0.708333,0.259922,0.260369
0.500000,0.750000,0.750000,0.231772,0.232064
0.500000,0.750000,0.791667,0.199758,0.199788
0.500000,0.750000,0.833333,0.164395,0.164094
0.500000,0.750000,0.875000,0.126215,0.125592
0.500000,0.750000,0.916667,0.085749,0.084941
0.500000,0.750000,0.958333,0.043515,0.042837
0.500000,0.750000,1.000000,-0.000000,-0.000000
0.500000,0.791667,0.000000,0.000000,0.000000
0.500000,0.791667,0.041667,0.036456,0.036017
0.500000,0.791667,0.083333,0.071873,0.071417
0.500000,0.791667,0.125000,0.105896,0.105596
0.500000,0.791667,0.166667,0.138098,0.137968
0.500000,0.791667,0.208333,0.168005,0.167979
0.500000,0.791667,0.250000,0.195121,0.195116
0.500000,0.791667,0.291667,0.218959,0.218914
0.500000,0.791667,0.333333,0.239074,0.238967
0.500000,0.791667,0.375000,0.255083,0.254931
0.500000,0.791667,0.416667,0.266681,0.266533
0.500000,0.791667,0.458333,0.273660,0.273575
0.500000,0.791667,0.500000,0.275904,0.275936
0.500000,0.791667,0.541667,0.273395,0.273575
0.500000,0.791667,0.583333,0.266207,0.266533
0.500000,0.791667,0.625000,0.254500,0.254931
0.500000,0.791667,0.666667,0.238510,0.238967
0.500000,0.791667,0.708333,0.218538,0.218914
0.500000,0.791667,0.750000,0.194936,0.195116
0.500000,0.791667,0.791667,0.168100,0.167979
0.500000,0.791667,0.833333,0.138445,0.137968
0.500000,0.791667,0.875000,0.106399,0.105596
0.500000,0.791667,0.916667,0.072380,0.071417
0.500000,0.791667,0.958333,0.036790,0.036017
0.500000,0.791667,1.000000,-0.000000,-0.000000
0.500000,0.833333,0.000000,0.000000,0.000000
0.500000,0.833333,0.041667,0.029424,0.028985
0.500000,0.833333,0.083333,0.057906,0.057474
0.500000,0.833333,0.125000,0.085215,0.084980
0.500000,0.833333,0.166667,0.111051,0.111032
0.500000,0.833333,0.208333,0.135059,0.135184
0.500000,0.833333,0.250000,0.156852,0.157023
0.500000,0.833333,0.291667,0.176038,0.176175
0.500000,0.833333,0.333333,0.192249,0.192313
0.500000,0.833333,0.375000,0.205166,0.205160
0.500000,0.833333,0.416667,0.214533,0.214497
0.500000,0.833333,0.458333,0.220174,0.220164
0.500000,0.833333,0.500000,0.221992,0.222064
0.500000,0.833333,0.541667,0.219976,0.220164
0.500000,0.833333,0.583333,0.214188,0.214497
0.500000,0.833333,0.625000,0.204765,0.205160
0.500000,0.833333,0.666667,0.191901,0.192313
0.500000,0.833333,0.708333,0.175844,0.176175
0.500000,0.833333,0.750000,0.156881,0.157023
0.500000,0.833333,0.791667,0.135326,0.135184
0.500000,0.833333,0.833333,0.111509,0.111032
0.500000,0.833333,0.875000,0.085759,0.084980
0.500000,0.833333,0.916667,0.058397,0.057474
0.500000,0.833333,0.958333,0.029721,0.028985
0.500000,0.833333,1.000000,-0.000000,-0.000000
0.500000,0.875000,0.000000,0.000000,0.000000
0.500000,0.875000,0.041667,0.022236,0.021821
0.500000,0.875000,0.083333,0.043667,0.043268
0.500000,0.875000,0.125000,0.064165,0.063975
0.500000,0.875000,0.166667,0.083539,0.083587
0.500000,0.875000,0.208333,0.101550,0.101769
0.500000,0.875000,0.250000,0.117918,0.118210
0.500000,0.875000,0.291667,0.132353,0.132628
0.500000,0.875000,0.333333,0.144573,0.144777
0.500000,0.875000,0.375000,0.154328,0.154448
0.500000,0.875000,0.416667,0.161414,0.161478
0.500000,0.875000,0.458333,0.165690,0.165744
0.500000,0.875000,0.500000,0.167078,0.167174
0.500000,0.875000,0.541667,0.165565,0.165744
0.500000,0.875000,0.583333,0.161202,0.161478
0.500000,0.875000,0.625000,0.154094,0.154448
0.500000,0.875000,0.666667,0.144394,0.144777
0.500000,0.875000,0.708333,0.132296,0.132628
0.500000,0.875000,0.750000,0.118019,0.118210
0.500000,0.875000,0.791667,0.101805,0.101769
0.500000,0.875000,0.833333,0.083900,0.083587
0.500000,0.875000,0.875000,0.064548,0.063975
0.500000,0.875000,0.916667,0.043980,0.043268
0.500000,0.875000,0.958333,0.022403,0.021821
0.500000,0.875000,1.000000,-0.000000,-0.000000
0.500000,0.916667,0.000000,0.000000,0.000000
0.500000,0.916667,0.041667,0.014933,0.014579
0.500000,0.916667,0.083333,0.029255,0.028909
0.500000,0.916667,0.125000,0.042910,0.042744
0.500000,0.916667,0.166667,0.055796,0.055847
0.500000,0.916667,0.208333,0.067773,0.067995
0.500000,0.916667,0.250000,0.078669,0.078980
0.500000,0.916667,0.291667,0.088294,0.088613
0.500000,0.916667,0.333333,0.096460,0.096730
0.500000,0.916667,0.375000,0.102995,0.103192
0.500000,0.916667,0.416667,0.107756,0.107889
0.500000,0.916667,0.458333,0.110639,0.110739
0.500000,0.916667,0.500000,0.111587,0.111695
0.500000,0.916667,0.541667,0.110586,0.110739
0.500000,0.916667,0.583333,0.107670,0.107889
0.500000,0.916667,0.625000,0.102910,0.103192
0.500000,0.916667,0.666667,0.096413,0.096730
0.500000,0.916667,0.708333,0.088314,0.088613
0.500000,0.916667,0.750000,0.078764,0.078980
0.500000,0.916667,0.791667,0.067930,0.067995
0.500000,0.916667,0.833333,0.055977,0.055847
0.500000,0.916667,0.875000,0.043069,0.042744
0.500000,0.916667,0.916667,0.029352,0.028909
0.500000,0.916667,0.958333,0.014960,0.014579
0.500000,0.916667,1.000000,-0.000000,-0.000000
0.500000,0.958333,0.000000,0.000000,0.000000
0.500000,0.958333,0.041667,0.007525,0.007298
0.500000,0.958333,0.083333,0.014702,0.014471
0.500000,0.958333,0.125000,0.021516,0.021396
0.500000,0.958333,0.166667,0.027931,0.027955
0.500000,0.958333,0.208333,0.033888,0.034036
0.500000,0.958333,0.250000,0.039310,0.039534
0.500000,0.958333,0.291667,0.044108,0.044356
0.500000,0.958333,0.333333,0.048190,0.048419
0.500000,0.958333,0.375000,0.051469,0.051654
0.500000,0.958333,0.416667,0.053869,0.054005
0.500000,0.958333,0.458333,0.055334,0.055432
0.500000,0.958333,0.500000,0.055829,0.055910
0.500000,0.958333,0.541667,0.055344,0.055432
0.500000,0.958333,0.583333,0.053892,0.054005
0.500000,0.958333,0.625000,0.051511,0.051654
0.500000,0.958333,0.666667,0.048253,0.048419
0.500000,0.958333,0.708333,0.044190,0.044356
0.500000,0.958333,0.750000,0.039402,0.039534
0.500000,0.958333,0.791667,0.033973,0.034036
0.500000,0.958333,0.833333,0.027989,0.027955
0.500000,0.958333,0.875000,0.021531,0.021396
0.500000,0.958333,0.916667,0.014673,0.014471
0.500000,0.958333,0.958333,0.007479,0.007298
0.500000,0.958333,1.000000,-0.000000,-0.000000
0.500000,1.000000,0.000000,0.000000,0.000000
0.500000,1.000000,0.041667,0.000000,-0.000000
0.500000,1.000000,0.083333,0.000000,-0.000000
0.500000,1.000000,0.125000,0.000000,-0.000000
0.500000,1.000000,0.166667,0.000000,-0.000000
0.500000,1.000000,0.208333,0.000000,-0.000000
0.500000,1.000000,0.250000,0.000000,-0.000000
0.500000,1.000000,0.291667,0.000000,-0.000000
0.500000,1.000000,0.333333,0.000000,-0.000000
0.500000,1.000000,0.375000,0.000000,-0.000000
0.500000,1.000000,0.416667,0.000000,-0.000000
0.500000,1.000000,0.458333,0.000000,-0.000000
0.500000,1.000000,0.500000,0.000000,-0.000000
0.500000,1.000000,0.541667,0.000000,-0.000000
0.500000,1.000000,0.583333,0.000000,-0.000000
0.500000,1.000000,0.625000,0.000000,-0.000000
0.500000,1.000000,0.666667,0.000000,-0.000000
0.500000,1.000000,0.708333,0.000000,-0.000000
0.500000,1.000000,0.750000,0.000000,-0.000000
0.500000,1.000000,0.791667,0.000000,-0.000000
0.500000,1.000000,0.833333,0.000000,-0.000000
0.500000,1.000000,0.875000,0.000000,-0.000000
0.500000,1.000000,0.916667,0.000000,-0.000000
0.500000,1.000000,0.958333,0.000000,-0.000000
0.500000,1.000000,1.000000,0.000000,0.000000
0.541667,0.000000,0.000000,0.000000,0.000000
0.541667,0.000000,0.041667,0.000000,0.000000
0.541667,0.000000,0.083333,0.000000,0.000000
0.541667,0.000000,0.125000,0.000000,0.000000
0.541667,0.000000,0.166667,0.000000,0.000000
0.541667,0.000000,0.208333,0.000000,0.000000
0.541667,0.000000,0.250000,0.000000,0.000000
0.541667,0.000000,0.291667,0.000000,0.000000
0.541667,0.000000,0.333333,0.000000,0.000000
0.541667,0.000000,0.375000,0.000000,0.000000
0.541667,0.000000,0.416667,0.000000,0.000000
0.541667,0.000000,0.458333,0.000000,0.000000
0.541667,0.000000,0.500000,0.000000,0.000000
0.541667,0.000000,0.541667,0.000000,0.000000
0.541667,0.000000,0.583333,0.000000,0.000000
0.541667,0.000000,0.625000,0.000000,0.000000
0.541667,0.000000,0.666667,0.000000,0.000000
0.541667,0.000000,0.708333,0.000000,0.000000
0.541667,0.000000,0.750000,0.000000,0.000000
0.541667,0.000000,0.791667,0.000000,0.000000
0.541667,0.000000,0.833333,0.000000,0.000000
0.541667,0.000000,0.875000,0.000000,0.000000
0.541667,0.000000,0.916667,0.000000,0.000000
0.541667,0.000000,0.958333,0.000000,0.000000
0.541667,0.000000,1.000000,-0.000000,-0.000000
0.541667,0.041667,0.000000,0.000000,0.000000
0.541667,0.041667,0.041667,0.010935,0.010759
0.541667,0.041667,0.083333,0.021663,0.021333
0.541667,0.041667,0.125000,0.031972,0.031542
0.541667,0.041667,0.166667,0.041673,0.041212
0.541667,0.041667,0.208333,0.050605,0.050177
0.541667,0.041667,0.250000,0.058628,0.058283
0.541667,0.041667,0.291667,0.065622,0.065391
0.541667,0.041667,0.333333,0.071488,0.071381
0.541667,0.041667,0.375000,0.076141,0.076150
0.541667,0.041667,0.416667,0.079515,0.079616
0.541667,0.041667,0.458333,0.081561,0.081719
0.541667,0.041667,0.500000,0.082248,0.082424
0.541667,0.041667,0.541667,0.081559,0.081719
0.541667,0.041667,0.583333,0.079502,0.079616
0.541667,0.041667,0.625000,0.076101,0.076150
0.541667,0.041667,0.666667,0.071401,0.071381
0.541667,0.041667,0.708333,0.065471,0.065391
0.541667,0.041667,0.750000,0.058400,0.058283
0.541667,0.041667,0.791667,0.050302,0.050177
0.541667,0.041667,0.833333,0.041315,0.041212
0.541667,0.041667,0.875000,0.031599,0.031542
0.541667,0.041667,0.916667,0.021336,0.021333
0.541667,0.041667,0.958333,0.010730,0.010758
0.541667,0.041667,1.000000,-0.000000,-0.000000
0.541667,0.083333,0.000000,0.000000,0.000000
0.541667,0.083333,0.041667,0.021596,0.021242
0.541667,0.083333,0.083333,0.042784,0.042120
0.541667,0.083333,0.125000,0.063144,0.062277
0.541667,0.083333,0.166667,0.082304,0.081369
0.541667,0.083333,0.208333,0.099940,0.099069
0.541667,0.083333,0.250000,0.115776,0.115073
0.541667,0.083333,0.291667,0.129575,0.129109
0.541667,0.083333,0.333333,0.141138,0.140936
0.541667,0.083333,0.375000,0.150302,0.150351
0.541667,0.083333,0.416667,0.156940,0.157193
0.541667,0.083333,0.458333,0.160957,0.161346
0.541667,0.083333,0.500000,0.162293,0.162738
0.541667,0.083333,0.541667,0.160922,0.161346
0.541667,0.083333,0.583333,0.156855,0.157193
0.541667,0.083333,0.625000,0.150140,0.150351
0.541667,0.083333,0.666667,0.140868,0.140936
0.541667,0.083333,0.708333,0.129170,0.129109
0.541667,0.083333,0.750000,0.115221,0.115073
0.541667,0.083333,0.791667,0.099246,0.099069
0.541667,0.083333,0.833333,0.081514,0.081369
0.541667,0.083333,0.875000,0.062342,0.062277
0.541667,0.083333,0.916667,0.042092,0.042120
0.541667,0.083333,0.958333,0.021165,0.021242
0.541667,0.083333,1.000000,-0.000000,-0.000000
0.541667,0.125000,0.000000,0.000000,0.000000
0.541667,0.125000,0.041667,0.031701,0.031185
0.541667,0.125000,0.083333,0.062816,0.061836
0.541667,0.125000,0.125000,0.092723,0.091430
0.541667,0.125000,0.166667,0.120869,0.119459
0.541667,0.125000,0.208333,0.146774,0.145444
0.541667,0.125000,0.250000,0.170026,0.168940
0.541667,0.125000,0.291667,0.190278,0.189546
0.541667,0.125000,0.333333,0.207238,0.206908
0.541667,0.125000,0.375000,0.220671,0.220731
0.541667,0.125000,0.416667,0.230395,0.230776
0.541667,0.125000,0.458333,0.236273,0.236873
0.541667,0.125000,0.500000,0.238222,0.238917
0.541667,0.125000,0.541667,0.236203,0.236873
0.541667,0.125000,0.583333,0.230233,0.230776
0.541667,0.125000,0.625000,0.220382,0.220731
0.541667,0.125000,0.666667,0.206778,0.206908
0.541667,0.125000,0.708333,0.189611,0.189546
0.541667,0.125000,0.750000,0.169140,0.168940
0.541667,0.125000,0.791667,0.145691,0.145444
0.541667,0.125000,0.833333,0.119659,0.119459
0.541667,0.125000,0.875000,0.091512,0.091430
0.541667,0.125000,0.916667,0.061783,0.061836
0.541667,0.125000,0.958333,0.031064,0.031185
0.541667,0.125000,1.000000,-0.000000,-0.000000
0.541667,0.166667,0.000000,0.000000,0.000000
0.541667,0.166667,0.041667,0.040990,0.040345
0.541667,0.166667,0.083333,0.081249,0.080000
0.541667,0.166667,0.125000,0.119961,0.118286
0.541667,0.166667,0.166667,0.156398,0.154549
0.541667,0.166667,0.208333,0.189932,0.188166
0.541667,0.166667,0.250000,0.220021,0.218565
0.541667,0.166667,0.291667,0.246214,0.245223
0.541667,0.166667,0.333333,0.268138,0.267686
0.541667,0.166667,0.375000,0.285492,0.285569
0.541667,0.166667,0.416667,0.298045,0.298565
0.541667,0.166667,0.458333,0.305628,0.306453
0.541667,0.166667,0.500000,0.308134,0.309097
0.541667,0.166667,0.541667,0.305518,0.306453
0.541667,0.166667,0.583333,0.297797,0.298565
0.541667,0.166667,0.625000,0.285060,0.285569
0.541667,0.166667,0.666667,0.267472,0.267686
0.541667,0.166667,0.708333,0.245275,0.245223
0.541667,0.166667,0.750000,0.218801,0.218565
0.541667,0.166667,0.791667,0.188472,0.188166
0.541667,0.166667,0.833333,0.154800,0.154549
0.541667,0.166667,0.875000,0.118390,0.118286
0.541667,0.166667,0.916667,0.079931,0.080000
0.541667,0.166667,0.958333,0.040190,0.040345
0.541667,0.166667,1.000000,-0.000000,-0.000000
0.541667,0.208333,0.000000,0.000000,0.000000
0.541667,0.208333,0.041667,0.049224,0.048510
0.541667,0.208333,0.083333,0.097617,0.096190
0.541667,0.208333,0.125000,0.144180,0.142224
0.541667,0.208333,0.166667,0.188026,0.185824
0.541667,0.208333,0.208333,0.228381,0.226245
0.541667,0.208333,0.250000,0.264586,0.262795
0.541667,0.208333,0.291667,0.296089,0.294848
0.541667,0.208333,0.333333,0.322440,0.321857
0.541667,0.208333,0.375000,0.343282,0.343358
0.541667,0.208333,0.416667,0.358342,0.358985
0.541667,0.208333,0.458333,0.367424,0.368469
0.541667,0.208333,0.500000,0.370405,0.371648
0.541667,0.208333,0.541667,0.367233,0.368469
0.541667,0.208333,0.583333,0.357935,0.358985
0.541667,0.208333,0.625000,0.342615,0.343358
0.541667,0.208333,0.666667,0.321471,0.321857
0.541667,0.208333,0.708333,0.294794,0.294848
0.541667,0.208333,0.750000,0.262981,0.262795
0.541667,0.208333,0.791667,0.226538,0.226245
0.541667,0.208333,0.833333,0.186080,0.185824
0.541667,0.208333,0.875000,0.142329,0.142224
0.541667,0.208333,0.916667,0.096110,0.096190
0.541667,0.208333,0.958333,0.048337,0.048510
0.541667,0.208333,1.000000,-0.000000,-0.000000
0.541667,0.250000,0.000000,0.000000,0.000000
0.541667,0.250000,0.041667,0.056189,0.055504
0.541667,0.250000,0.083333,0.111498,0.110058
0.541667,0.250000,0.125000,0.164772,0.162729
0.541667,0.250000,0.166667,0.214978,0.212615
0.541667,0.250000,0.208333,0.261213,0.258864
0.541667,0.250000,0.250000,0.302704,0.300683
0.541667,0.250000,0.291667,0.338804,0.337358
0.541667,0.250000,0.333333,0.368990,0.368260
0.541667,0.250000,0.375000,0.392847,0.392861
0.541667,0.250000,0.416667,0.410065,0.410741
0.541667,0.250000,0.458333,0.420423,0.421592
0.541667,0.250000,0.500000,0.423788,0.425230
0.541667,0.250000,0.541667,0.420109,0.421592
0.541667,0.250000,0.583333,0.409425,0.410741
0.541667,0.250000,0.625000,0.391862,0.392861
0.541667,0.250000,0.666667,0.367650,0.368260
0.541667,0.250000,0.708333,0.337127,0.337358
0.541667,0.250000,0.750000,0.300746,0.300683
0.541667,0.250000,0.791667,0.259083,0.258864
0.541667,0.250000,0.833333,0.212839,0.212615
0.541667,0.250000,0.875000,0.162830,0.162728
0.541667,0.250000,0.916667,0.109989,0.110058
0.541667,0.250000,0.958333,0.055342,0.055504
0.541667,0.250000,1.000000,-0.000000,-0.000000
0.541667,0.291667,0.000000,0.000000,0.000000
0.541667,0.291667,0.041667,0.061739,0.061195
0.541667,0.291667,0.083333,0.122596,0.121343
0.541667,0.291667,0.125000,0.181288,0.179415
0.541667,0.291667,0.166667,0.236665,0.234417
0.541667,0.291667,0.208333,0.287712,0.285408
0.541667,0.291667,0.250000,0.333558,0.331516
0.541667,0.291667,0.291667,0.373468,0.371951
0.541667,0.291667,0.333333,0.406846,0.406022
0.541667,0.291667,0.375000,0.433219,0.433146
0.541667,0.291667,0.416667,0.452236,0.452859
0.541667,0.291667,0.458333,0.463653,0.464823
0.541667,0.291667,0.500000,0.467327,0.468834
0.541667,0.291667,0.541667,0.463214,0.464823
0.541667,0.291667,0.583333,0.451368,0.452859
0.541667,0.291667,0.625000,0.431943,0.433146
0.541667,0.291667,0.666667,0.405204,0.406022
0.541667,0.291667,0.708333,0.371530,0.371951
0.541667,0.291667,0.750000,0.331428,0.331516
0.541667,0.291667,0.791667,0.285530,0.285408
0.541667,0.291667,0.833333,0.234600,0.234417
0.541667,0.291667,0.875000,0.179526,0.179415
0.541667,0.291667,0.916667,0.121316,0.121343
0.541667,0.291667,0.958333,0.061076,0.061195
0.541667,0.291667,1.000000,-0.000000,-0.000000
0.541667,0.333333,0.000000,0.000000,0.000000
0.541667,0.333333,0.041667,0.065844,0.065499
0.541667,0.333333,0.083333,0.130820,0.129877
0.541667,0.333333,0.125000,0.193560,0.192033
0.541667,0.333333,0.166667,0.252826,0.250903
0.541667,0.333333,0.208333,0.307520,0.305480
0.541667,0.333333,0.250000,0.356695,0.354830
0.541667,0.333333,0.291667,0.399545,0.398109
0.541667,0.333333,0.333333,0.435407,0.434576
0.541667,0.333333,0.375000,0.463755,0.463608
0.541667,0.333333,0.416667,0.484195,0.484707
0.541667,0.333333,0.458333,0.496454,0.497513
0.541667,0.333333,0.500000,0.500380,0.501806
0.541667,0.333333,0.541667,0.495932,0.497513
0.541667,0.333333,0.583333,0.483183,0.484707
0.541667,0.333333,0.625000,0.462316,0.463608
0.541667,0.333333,0.666667,0.433630,0.434576
0.541667,0.333333,0.708333,0.397547,0.398109
0.541667,0.333333,0.750000,0.354615,0.354830
0.541667,0.333333,0.791667,0.305514,0.305480
0.541667,0.333333,0.833333,0.251053,0.250903
0.541667,0.333333,0.875000,0.192169,0.192033
0.541667,0.333333,0.916667,0.129915,0.129877
0.541667,0.333333,0.958333,0.065446,0.065499
0.541667,0.333333,1.000000,-0.000000,-0.000000
0.541667,0.375000,0.000000,0.000000,0.000000
0.541667,0.375000,0.041667,0.068558,0.068376
0.541667,0.375000,0.083333,0.136253,0.135583
0.541667,0.375000,0.125000,0.201664,0.200469
0.541667,0.375000,0.166667,0.263506,0.261926
0.541667,0.375000,0.208333,0.320632,0.318900
0.541667,0.375000,0.250000,0.372046,0.370419
0.541667,0.375000,0.291667,0.416895,0.415599
0.541667,0.375000,0.333333,0.454470,0.453668
0.541667,0.375000,0.375000,0.484201,0.483975
0.541667,0.375000,0.416667,0.505653,0.506001
0.541667,0.375000,0.458333,0.518527,0.519369
0.541667,0.375000,0.500000,0.522655,0.523851
0.541667,0.375000,0.541667,0.517994,0.519369
0.541667,0.375000,0.583333,0.504629,0.506001
0.541667,0.375000,0.625000,0.482768,0.483975
0.541667,0.375000,0.666667,0.452743,0.453668
0.541667,0.375000,0.708333,0.415010,0.415599
0.541667,0.375000,0.750000,0.370156,0.370419
0.541667,0.375000,0.791667,0.318894,0.318900
0.541667,0.375000,0.833333,0.262069,0.261926
0.541667,0.375000,0.875000,0.200644,0.200469
0.541667,0.375000,0.916667,0.135697,0.135583
0.541667,0.375000,0.958333,0.068399,0.068376
0.541667,0.375000,1.000000,-0.000000,-0.000000
0.541667,0.416667,0.000000,0.000000,0.000000
0.541667,0.416667,0.041667,0.069947,0.069834
0.541667,0.416667,0.083333,0.139004,0.138474
0.541667,0.416667,0.125000,0.205741,0.204744
0.541667,0.416667,0.166667,0.268859,0.267511
0.541667,0.416667,0.208333,0.327198,0.325701
0.541667,0.416667,0.250000,0.379745,0.378318
0.541667,0.416667,0.291667,0.425626,0.424462
0.541667,0.416667,0.333333,0.464109,0.463343
0.541667,0.416667,0.375000,0.494596,0.494296
0.541667,0.416667,0.416667,0.516627,0.516792
0.541667,0.416667,0.458333,0.529875,0.530445
0.541667,0.416667,0.500000,0.534153,0.535023
0.541667,0.416667,0.541667,0.529409,0.530445
0.541667,0.416667,0.583333,0.515731,0.516792
0.541667,0.416667,0.625000,0.493340,0.494296
0.541667,0.416667,0.666667,0.462590,0.463343
0.541667,0.416667,0.708333,0.423969,0.424462
0.541667,0.416667,0.750000,0.378092,0.378318
0.541667,0.416667,0.791667,0.325702,0.325701
0.541667,0.416667,0.833333,0.267664,0.267511
0.541667,0.416667,0.875000,0.204956,0.204744
0.541667,0.416667,0.916667,0.138656,0.138474
0.541667,0.416667,0.958333,0.069929,0.069834
0.541667,0.416667,1.000000,-0.000000,-0.000000
0.541667,0.458333,0.000000,0.000000,0.000000
0.541667,0.458333,0.041667,0.070042,0.069921
0.541667,0.458333,0.083333,0.139139,0.138646
0.541667,0.458333,0.125000,0.205895,0.204999
0.541667,0.458333,0.166667,0.269033,0.267844
0.541667,0.458333,0.208333,0.327409,0.326106
0.541667,0.458333,0.250000,0.380018,0.378789
0.541667,0.458333,0.291667,0.425992,0.424990
0.541667,0.458333,0.333333,0.464595,0.463920
0.541667,0.458333,0.375000,0.495220,0.494912
0.541667,0.458333,0.416667,0.517391,0.517435
0.541667,0.458333,0.458333,0.530762,0.531106
0.541667,0.458333,0.500000,0.535127,0.535688
0.541667,0.458333,0.541667,0.530419,0.531106
0.541667,0.458333,0.583333,0.516719,0.517435
0.541667,0.458333,0.625000,0.494250,0.494912
0.541667,0.458333,0.666667,0.463383,0.463920
0.541667,0.458333,0.708333,0.424622,0.424990
0.541667,0.458333,0.750000,0.378607,0.378789
0.541667,0.458333,0.791667,0.326100,0.326106
0.541667,0.458333,0.833333,0.267975,0.267844
0.541667,0.458333,0.875000,0.205209,0.204999
0.541667,0.458333,0.916667,0.138863,0.138646
0.541667,0.458333,0.958333,0.070067,0.069921
0.541667,0.458333,1.000000,-0.000000,-0.000000
0.541667,0.500000,0.000000,0.000000,0.000000
0.541667,0.500000,0.041667,0.068870,0.068721
0.541667,0.500000,0.083333,0.136734,0.136265
0.541667,0.500000,0.125000,0.202268,0.201479
0.541667,0.500000,0.166667,0.264249,0.263245
0.541667,0.500000,0.208333,0.321573,0.320506
0.541667,0.500000,0.250000,0.373262,0.372284
0.541667,0.500000,0.291667,0.418467,0.417692
0.541667,0.500000,0.333333,0.456463,0.455953
0.541667,0.500000,0.375000,0.486645,0.486413
0.541667,0.500000,0.416667,0.508532,0.508550
0.541667,0.500000,0.458333,0.521769,0.521985
0.541667,0.500000,0.500000,0.526133,0.526489
0.541667,0.500000,0.541667,0.521548,0.521985
0.541667,0.500000,0.583333,0.508082,0.508550
0.541667,0.500000,0.625000,0.485958,0.486413
0.541667,0.500000,0.666667,0.455550,0.455953
0.541667,0.500000,0.708333,0.417373,0.417692
0.541667,0.500000,0.750000,0.372076,0.372284
0.541667,0.500000,0.791667,0.320425,0.320506
0.541667,0.500000,0.833333,0.263291,0.263245
0.541667,0.500000,0.875000,0.201631,0.201479
0.541667,0.500000,0.916667,0.136470,0.136265
0.541667,0.500000,0.958333,0.068889,0.068721
0.541667,0.500000,1.000000,-0.000000,-0.000000
0.541667,0.541667,0.000000,0.000000,0.000000
0.541667,0.541667,0.041667,0.066510,0.066344
0.541667,0.541667,0.083333,0.131968,0.131553
0.541667,0.541667,0.125000,0.195154,0.194511
0.541667,0.541667,0.166667,0.254922,0.254141
0.541667,0.541667,0.208333,0.310224,0.309422
0.541667,0.541667,0.250000,0.360122,0.359409
0.541667,0.541667,0.291667,0.403794,0.403247
0.541667,0.541667,0.333333,0.440530,0.440185
0.541667,0.541667,0.375000,0.469738,0.469591
0.541667,0.541667,0.416667,0.490941,0.490962
0.541667,0.541667,0.458333,0.503783,0.503933
0.541667,0.541667,0.500000,0.508042,0.508282
0.541667,0.541667,0.541667,0.503632,0.503933
0.541667,0.541667,0.583333,0.490620,0.490962
0.541667,0.541667,0.625000,0.469223,0.469591
0.541667,0.541667,0.666667,0.439809,0.440185
0.541667,0.541667,0.708333,0.402891,0.403247
0.541667,0.541667,0.750000,0.359108,0.359409
0.541667,0.541667,0.791667,0.309216,0.309422
0.541667,0.541667,0.833333,0.254063,0.254141
0.541667,0.541667,0.875000,0.194571,0.194511
0.541667,0.541667,0.916667,0.131716,0.131553
0.541667,0.541667,0.958333,0.066515,0.066344
0.541667,0.541667,1.000000,-0.000000,-0.000000
0.541667,0.583333,0.000000,0.000000,0.000000
0.541667,0.583333,0.041667,0.063104,0.062924
0.541667,0.583333,0.083333,0.125130,0.124771
0.541667,0.583333,0.125000,0.184985,0.184483
0.541667,0.583333,0.166667,0.241618,0.241038
0.541667,0.583333,0.208333,0.294050,0.293470
0.541667,0.583333,0.250000,0.341392,0.340880
0.541667,0.583333,0.291667,0.382854,0.382457
0.541667,0.583333,0.333333,0.417751,0.417491
0.541667,0.583333,0.375000,0.445509,0.445381
0.541667,0.583333,0.416667,0.465665,0.465650
0.541667,0.583333,0.458333,0.477876,0.477952
0.541667,0.583333,0.500000,0.481926,0.482077
0.541667,0.583333,0.541667,0.477737,0.477952
0.541667,0.583333,0.583333,0.465370,0.465650
0.541667,0.583333,0.625000,0.445037,0.445381
0.541667,0.583333,0.666667,0.417094,0.417491
0.541667,0.583333,0.708333,0.382036,0.382457
0.541667,0.583333,0.750000,0.340479,0.340880
0.541667,0.583333,0.791667,0.293149,0.293470
0.541667,0.583333,0.833333,0.240854,0.241038
0.541667,0.583333,0.875000,0.184468,0.184483
0.541667,0.583333,0.916667,0.124904,0.124771
0.541667,0.583333,0.958333,0.063101,0.062924
0.541667,0.583333,1.000000,-0.000000,-0.000000
0.541667,0.625000,0.000000,0.000000,0.000000
0.541667,0.625000,0.041667,0.058814,0.058603
0.541667,0.625000,0.083333,0.116539,0.116203
0.541667,0.625000,0.125000,0.172222,0.171815
0.541667,0.625000,0.166667,0.224925,0.224487
0.541667,0.625000,0.208333,0.273750,0.273318
0.541667,0.625000,0.250000,0.317866,0.317473
0.541667,0.625000,0.291667,0.356527,0.356195
0.541667,0.625000,0.333333,0.389080,0.388823
0.541667,0.625000,0.375000,0.414977,0.414798
0.541667,0.625000,0.416667,0.433779,0.433676
0.541667,0.625000,0.458333,0.445162,0.445133
0.541667,0.625000,0.500000,0.448925,0.448974
0.541667,0.625000,0.541667,0.444999,0.445133
0.541667,0.625000,0.583333,0.433446,0.433676
0.541667,0.625000,0.625000,0.414469,0.414798
0.541667,0.625000,0.666667,0.388407,0.388823
0.541667,0.625000,0.708333,0.355727,0.356195
0.541667,0.625000,0.750000,0.317012,0.317473
0.541667,0.625000,0.791667,0.272939,0.273318
0.541667,0.625000,0.833333,0.224264,0.224487
0.541667,0.625000,0.875000,0.171793,0.171815
0.541667,0.625000,0.916667,0.116363,0.116203
0.541667,0.625000,0.958333,0.058819,0.058603
0.541667,0.625000,1.000000,-0.000000,-0.000000
0.541667,0.666667,0.000000,0.000000,0.000000
0.541667,0.666667,0.041667,0.053789,0.053529
0.541667,0.666667,0.083333,0.106484,0.106142
0.541667,0.666667,0.125000,0.157288,0.156939
0.541667,0.666667,0.166667,0.205385,0.205050
0.541667,0.666667,0.208333,0.249974,0.249653
0.541667,0.666667,0.250000,0.290295,0.289985
0.541667,0.666667,0.291667,0.325655,0.325355
0.541667,0.666667,0.333333,0.355442,0.355157
0.541667,0.666667,0.375000,0.379140,0.378883
0.541667,0.666667,0.416667,0.396339,0.396127
0.541667,0.666667,0.458333,0.406738,0.406592
0.541667,0.666667,0.500000,0.410155,0.410100
0.541667,0.666667,0.541667,0.406532,0.406592
0.541667,0.666667,0.583333,0.395935,0.396127
0.541667,0.666667,0.625000,0.378559,0.378883
0.541667,0.666667,0.666667,0.354724,0.355157
0.541667,0.666667,0.708333,0.324863,0.325355
0.541667,0.666667,0.750000,0.289512,0.289985
0.541667,0.666667,0.791667,0.249293,0.249653
0.541667,0.666667,0.833333,0.204887,0.205050
0.541667,0.666667,0.875000,0.157016,0.156939
0.541667,0.666667,0.916667,0.106421,0.106142
0.541667,0.666667,0.958333,0.053842,0.053529
0.541667,0.666667,1.000000,-0.000000,-0.000000
0.541667,0.708333,0.000000,0.000000,0.000000
0.541667,0.708333,0.041667,0.048159,0.047844
0.541667,0.708333,0.083333,0.095233,0.094870
0.541667,0.708333,0.125000,0.140581,0.140273
0.541667,0.708333,0.166667,0.183522,0.183275
0.541667,0.708333,0.208333,0.223361,0.223142
0.541667,0.708333,0.250000,0.259421,0.259190
0.541667,0.708333,0.291667,0.291070,0.290804
0.541667,0.708333,0.333333,0.317745,0.317442
0.541667,0.708333,0.375000,0.338968,0.338648
0.541667,0.708333,0.416667,0.354360,0.354060
0.541667,0.708333,0.458333,0.363647,0.363414
0.541667,0.708333,0.500000,0.366672,0.366550
0.541667,0.708333,0.541667,0.363388,0.363414
0.541667,0.708333,0.583333,0.353870,0.354060
0.541667,0.708333,0.625000,0.338305,0.338648
0.541667,0.708333,0.666667,0.316988,0.317442
0.541667,0.708333,0.708333,0.290317,0.290804
0.541667,0.708333,0.750000,0.258769,0.259190
0.541667,0.708333,0.791667,0.222893,0.223141
0.541667,0.708333,0.833333,0.183285,0.183275
0.541667,0.708333,0.875000,0.140566,0.140273
0.541667,0.708333,0.916667,0.095369,0.094870
0.541667,0.708333,0.958333,0.048314,0.047844
0.541667,0.708333,1.000000,-0.000000,-0.000000
0.541667,0.750000,0.000000,0.000000,0.000000
0.541667,0.750000,0.041667,0.042050,0.041682
0.541667,0.750000,0.083333,0.083041,0.082651
0.541667,0.750000,0.125000,0.122487,0.122205
0.541667,0.750000,0.166667,0.159842,0.159669
0.541667,0.750000,0.208333,0.194524,0.194401
0.541667,0.750000,0.250000,0.225948,0.225806
0.541667,0.750000,0.291667,0.253553,0.253348
0.541667,0.750000,0.333333,0.276832,0.276555
0.541667,0.750000,0.375000,0.295354,0.295030
0.541667,0.750000,0.416667,0.308777,0.308457
0.541667,0.750000,0.458333,0.316860,0.316606
0.541667,0.750000,0.500000,0.319468,0.319338
0.541667,0.750000,0.541667,0.316573,0.316606
0.541667,0.750000,0.583333,0.308250,0.308457
0.541667,0.750000,0.625000,0.294675,0.295030
0.541667,0.750000,0.666667,0.276117,0.276555
0.541667,0.750000,0.708333,0.252923,0.253348
0.541667,0.750000,0.750000,0.225510,0.225806
0.541667,0.750000,0.791667,0.194343,0.194401
0.541667,0.750000,0.833333,0.159924,0.159669
0.541667,0.750000,0.875000,0.122770,0.122205
0.541667,0.750000,0.916667,0.083401,0.082651
0.541667,0.750000,0.958333,0.042318,0.041682
0.541667,0.750000,1.000000,-0.000000,-0.000000
0.541667,0.791667,0.000000,0.000000,0.000000
0.541667,0.791667,0.041667,0.035574,0.035159
0.541667,0.791667,0.083333,0.070138,0.069717
0.541667,0.791667,0.125000,0.103349,0.103081
0.541667,0.791667,0.166667,0.134791,0.134682
0.541667,0.791667,0.208333,0.164002,0.163979
0.541667,0.791667,0.250000,0.190495,0.190469
0.541667,0.791667,0.291667,0.213793,0.213701
0.541667,0.791667,0.333333,0.233457,0.233276
0.541667,0.791667,0.375000,0.249110,0.248860
0.541667,0.791667,0.416667,0.260453,0.260186
0.541667,0.791667,0.458333,0.267279,0.267060
0.541667,0.791667,0.500000,0.269473,0.269364
0.541667,0.791667,0.541667,0.267019,0.267060
0.541667,0.791667,0.583333,0.259988,0.260186
0.541667,0.791667,0.625000,0.248538,0.248860
0.541667,0.791667,0.666667,0.232902,0.233276
0.541667,0.791667,0.708333,0.213376,0.213701
0.541667,0.791667,0.750000,0.190309,0.190469
0.541667,0.791667,0.791667,0.164088,0.163979
0.541667,0.791667,0.833333,0.135122,0.134682
0.541667,0.791667,0.875000,0.103828,0.103081
0.541667,0.791667,0.916667,0.070620,0.069717
0.541667,0.791667,0.958333,0.035889,0.035159
0.541667,0.791667,1.000000,-0.000000,-0.000000
0.541667,0.833333,0.000000,0.000000,0.000000
0.541667,0.833333,0.041667,0.028818,0.028375
0.541667,0.833333,0.083333,0.056707,0.056265
0.541667,0.833333,0.125000,0.083447,0.083192
0.541667,0.833333,0.166667,0.108746,0.108696
0.541667,0.833333,0.208333,0.132260,0.132340
0.541667,0.833333,0.250000,0.153609,0.153719
0.541667,0.833333,0.291667,0.172410,0.172469
0.541667,0.833333,0.333333,0.188302,0.188267
0.541667,0.833333,0.375000,0.200967,0.200844
0.541667,0.833333,0.416667,0.210155,0.209985
0.541667,0.833333,0.458333,0.215689,0.215532
0.541667,0.833333,0.500000,0.217474,0.217392
0.541667,0.833333,0.541667,0.215495,0.215532
0.541667,0.833333,0.583333,0.209816,0.209985
0.541667,0.833333,0.625000,0.200569,0.200844
0.541667,0.833333,0.666667,0.187948,0.188267
0.541667,0.833333,0.708333,0.172198,0.172469
0.541667,0.833333,0.750000,0.153603,0.153719
0.541667,0.833333,0.791667,0.132475,0.132340
0.541667,0.833333,0.833333,0.109137,0.108696
0.541667,0.833333,0.875000,0.083918,0.083192
0.541667,0.833333,0.916667,0.057131,0.056265
0.541667,0.833333,0.958333,0.029070,0.028375
0.541667,0.833333,1.000000,-0.000000,-0.000000
0.541667,0.875000,0.000000,0.000000,0.000000
0.541667,0.875000,0.041667,0.021848,0.021412
0.541667,0.875000,0.083333,0.042894,0.042457
0.541667,0.875000,0.125000,0.063016,0.062775
0.541667,0.875000,0.166667,0.082033,0.082020
0.541667,0.875000,0.208333,0.099710,0.099861
0.541667,0.875000,0.250000,0.115779,0.115994
0.541667,0.875000,0.291667,0.129954,0.130142
0.541667,0.875000,0.333333,0.141957,0.142063
0.541667,0.875000,0.375000,0.151542,0.151553
0.541667,0.875000,0.416667,0.158508,0.158451
0.541667,0.875000,0.458333,0.162711,0.162637
0.541667,0.875000,0.500000,0.164075,0.164040
0.541667,0.875000,0.541667,0.162585,0.162637
0.541667,0.875000,0.583333,0.158291,0.158451
0.541667,0.875000,0.625000,0.151296,0.151553
0.541667,0.875000,0.666667,0.141754,0.142063
0.541667,0.875000,0.708333,0.129856,0.130142
0.541667,0.875000,0.750000,0.115821,0.115994
0.541667,0.875000,0.791667,0.099888,0.099861
0.541667,0.875000,0.833333,0.082302,0.082020
0.541667,0.875000,0.875000,0.063304,0.062775
0.541667,0.875000,0.916667,0.043122,0.042457
0.541667,0.875000,0.958333,0.021961,0.021412
0.541667,0.875000,1.000000,-0.000000,-0.000000
0.541667,0.916667,0.000000,0.000000,0.000000
0.541667,0.916667,0.041667,0.014710,0.014331
0.541667,0.916667,0.083333,0.028806,0.028416
0.541667,0.916667,0.125000,0.042238,0.042016
0.541667,0.916667,0.166667,0.054908,0.054896
0.541667,0.916667,0.208333,0.066682,0.066837
0.541667,0.916667,0.250000,0.077393,0.077635
0.541667,0.916667,0.291667,0.086857,0.087104
0.541667,0.916667,0.333333,0.094887,0.095083
0.541667,0.916667,0.375000,0.101315,0.101435
0.541667,0.916667,0.416667,0.105998,0.106051
0.541667,0.916667,0.458333,0.108833,0.108853
0.541667,0.916667,0.500000,0.109763,0.109792
0.541667,0.916667,0.541667,0.108774,0.108853
0.541667,0.916667,0.583333,0.105897,0.106051
0.541667,0.916667,0.625000,0.101204,0.101435
0.541667,0.916667,0.666667,0.094802,0.095083
0.541667,0.916667,0.708333,0.086823,0.087104
0.541667,0.916667,0.750000,0.077421,0.077635
0.541667,0.916667,0.791667,0.066758,0.066837
0.541667,0.916667,0.833333,0.055000,0.054896
0.541667,0.916667,0.875000,0.042307,0.042016
0.541667,0.916667,0.916667,0.028827,0.028416
0.541667,0.916667,0.958333,0.014688,0.014331
0.541667,0.916667,1.000000,-0.000000,-0.000000
0.541667,0.958333,0.000000,0.000000,0.000000
0.541667,0.958333,0.041667,0.007426,0.007181
0.541667,0.958333,0.083333,0.014501,0.014239
0.541667,0.958333,0.125000,0.021214,0.021054
0.541667,0.958333,0.166667,0.027529,0.027509
0.541667,0.958333,0.208333,0.033390,0.033492
0.541667,0.958333,0.250000,0.038723,0.038903
0.541667,0.958333,0.291667,0.043442,0.043648
0.541667,0.958333,0.333333,0.047456,0.047646
0.541667,0.958333,0.375000,0.050679,0.050829
0.541667,0.958333,0.416667,0.053038,0.053142
0.541667,0.958333,0.458333,0.054476,0.054546
0.541667,0.958333,0.500000,0.054959,0.055017
0.541667,0.958333,0.541667,0.054477,0.054546
0.541667,0.958333,0.583333,0.053043,0.053142
0.541667,0.958333,0.625000,0.050693,0.050829
0.541667,0.958333,0.666667,0.047481,0.047646
0.541667,0.958333,0.708333,0.043477,0.043648
0.541667,0.958333,0.750000,0.038760,0.038903
0.541667,0.958333,0.791667,0.033413,0.033492
0.541667,0.958333,0.833333,0.027522,0.027509
0.541667,0.958333,0.875000,0.021168,0.021054
0.541667,0.958333,0.916667,0.014423,0.014239
0.541667,0.958333,0.958333,0.007350,0.007181
0.541667,0.958333,1.000000,-0.000000,-0.000000
0.541667,1.000000,0.000000,0.000000,0.000000
0.541667,1.000000,0.041667,0.000000,-0.000000
0.541667,1.000000,0.083333,0.000000,-0.000000
0.541667,1.000000,0.125000,0.000000,-0.000000
0.541667,1.000000,0.166667,0.000000,-0.000000
0.541667,1.000000,0.208333,0.000000,-0.000000
0.541667,1.000000,0.250000,0.000000,-0.000000
0.541667,1.000000,0.291667,0.000000,-0.000000
0.541667,1.000000,0.333333,0.000000,-0.000000
0.541667,1.000000,0.375000,0.000000,-0.000000
0.541667,1.000000,0.416667,0.000000,-0.000000
0.541667,1.000000,0.458333,0.000000,-0.000000
0.541667,1.000000,0.500000,0.000000,-0.000000
0.541667,1.000000,0.541667,0.000000,-0.000000
0.541667,1.000000,0.583333,0.000000,-0.000000
0.541667,1.000000,0.625000,0.000000,-0.000000
0.541667,1.000000,0.666667,0.000000,-0.000000
0.541667,1.000000,0.708333,0.000000,-0.000000
0.541667,1.000000,0.750000,0.000000,-0.000000
0.541667,1.000000,0.791667,0.000000,-0.000000
0.541667,1.000000,0.833333,0.000000,-0.000000
0.541667,1.000000,0.875000,0.000000,-0.000000
0.541667,1.000000,0.916667,0.000000,-0.000000
0.541667,1.000000,0.958333,0.000000,-0.000000
0.541667,1.000000,1.000000,0.000000,0.000000
0.583333,0.000000,0.000000,0.000000,0.000000
0.583333,0.000000,0.041667,0.000000,0.000000
0.583333,0.000000,0.083333,0.000000,0.000000
0.583333,0.000000,0.125000,0.000000,0.000000
0.583333,0.000000,0.166667,0.000000,0.000000
0.583333,0.000000,0.208333,0.000000,0.000000
0.583333,0.000000,0.250000,0.000000,0.000000
0.583333,0.000000,0.291667,0.000000,0.000000
0.583333,0.000000,0.333333,0.000000,0.000000
0.583333,0.000000,0.375000,0.000000,0.000000
0.583333,0.000000,0.416667,0.000000,0.000000
0.583333,0.000000,0.458333,0.000000,0.000000
0.583333,0.000000,0.500000,0.000000,0.000000
0.583333,0.000000,0.541667,0.000000,0.000000
0.583333,0.000000,0.583333,0.000000,0.000000
0.583333,0.000000,0.625000,0.000000,0.000000
0.583333,0.000000,0.666667,0.000000,0.000000
0.583333,0.000000,0.708333,0.000000,0.000000
0.583333,0.000000,0.750000,0.000000,0.000000
0.583333,0.000000,0.791667,0.000000,0.000000
0.583333,0.000000,0.833333,0.000000,0.000000
0.583333,0.000000,0.875000,0.000000,0.000000
0.583333,0.000000,0.916667,0.000000,0.000000
0.583333,0.000000,0.958333,0.000000,0.000000
0.583333,0.000000,1.000000,-0.000000,-0.000000
0.583333,0.041667,0.000000,0.000000,0.000000
0.583333,0.041667,0.041667,0.010207,0.010043
0.583333,0.041667,0.083333,0.020222,0.019914
0.583333,0.041667,0.125000,0.029848,0.029444
0.583333,0.041667,0.166667,0.038911,0.038471
0.583333,0.041667,0.208333,0.047259,0.046839
0.583333,0.041667,0.250000,0.054759,0.054406
0.583333,0.041667,0.291667,0.061299,0.061042
0.583333,0.041667,0.333333,0.066782,0.066633
0.583333,0.041667,0.375000,0.071128,0.071085
0.583333,0.041667,0.416667,0.074274,0.074320
0.583333,0.041667,0.458333,0.076175,0.076283
0.583333,0.041667,0.500000,0.076801,0.076941
0.583333,0.041667,0.541667,0.076142,0.076283
0.583333,0.041667,0.583333,0.074205,0.074320
0.583333,0.041667,0.625000,0.071015,0.071085
0.583333,0.041667,0.666667,0.066618,0.066633
0.583333,0.041667,0.708333,0.061077,0.061042
0.583333,0.041667,0.750000,0.054478,0.054406
0.583333,0.041667,0.791667,0.046925,0.046839
0.583333,0.041667,0.833333,0.038545,0.038471
0.583333,0.041667,0.875000,0.029486,0.029444
0.583333,0.041667,0.916667,0.019916,0.019914
0.583333,0.041667,0.958333,0.010020,0.010043
0.583333,0.041667,1.000000,-0.000000,-0.000000
0.583333,0.083333,0.000000,0.000000,0.000000
0.583333,0.083333,0.041667,0.020142,0.019837
0.583333,0.083333,0.083333,0.039913,0.039335
0.583333,0.083333,0.125000,0.058922,0.058159
0.583333,0.083333,0.166667,0.076824,0.075989
0.583333,0.083333,0.208333,0.093316,0.092518
0.583333,0.083333,0.250000,0.108133,0.107465
0.583333,0.083333,0.291667,0.121050,0.120572
0.583333,0.083333,0.333333,0.131875,0.131617
0.583333,0.083333,0.375000,0.140453,0.140409
0.583333,0.083333,0.416667,0.146661,0.146799
0.583333,0.083333,0.458333,0.150408,0.150678
0.583333,0.083333,0.500000,0.151641,0.151978
0.583333,0.083333,0.541667,0.150337,0.150678
0.583333,0.083333,0.583333,0.146512,0.146799
0.583333,0.083333,0.625000,0.140216,0.140409
0.583333,0.083333,0.666667,0.131534,0.131617
0.583333,0.083333,0.708333,0.120594,0.120572
0.583333,0.083333,0.750000,0.107562,0.107465
0.583333,0.083333,0.791667,0.092645,0.092518
0.583333,0.083333,0.833333,0.076095,0.075989
0.583333,0.083333,0.875000,0.058204,0.058159
0.583333,0.083333,0.916667,0.039306,0.039335
0.583333,0.083333,0.958333,0.019770,0.019837
0.583333,0.083333,1.000000,-0.000000,-0.000000
0.583333,0.125000,0.000000,0.000000,0.000000
0.583333,0.125000,0.041667,0.029560,0.029144
0.583333,0.125000,0.083333,0.058594,0.057788
0.583333,0.125000,0.125000,0.086523,0.085445
0.583333,0.125000,0.166667,0.112831,0.111639
0.583333,0.125000,0.208333,0.137067,0.135923
0.583333,0.125000,0.250000,0.158841,0.157881
0.583333,0.125000,0.291667,0.177819,0.177138
0.583333,0.125000,0.333333,0.193722,0.193364
0.583333,0.125000,0.375000,0.206322,0.206281
0.583333,0.125000,0.416667,0.215441,0.215669
0.583333,0.125000,0.458333,0.220951,0.221367
0.583333,0.125000,0.500000,0.222770,0.223277
0.583333,0.125000,0.541667,0.220868,0.221367
0.583333,0.125000,0.583333,0.215264,0.215669
0.583333,0.125000,0.625000,0.206027,0.206281
0.583333,0.125000,0.666667,0.193284,0.193364
0.583333,0.125000,0.708333,0.177217,0.177138
0.583333,0.125000,0.750000,0.158069,0.157881
0.583333,0.125000,0.791667,0.136146,0.135923
0.583333,0.125000,0.833333,0.111818,0.111639
0.583333,0.125000,0.875000,0.085520,0.085444
0.583333,0.125000,0.916667,0.057745,0.057788
0.583333,0.125000,0.958333,0.029040,0.029144
0.583333,0.125000,1.000000,-0.000000,-0.000000
0.583333,0.166667,0.000000,0.000000,0.000000
0.583333,0.166667,0.041667,0.038244,0.037741
0.583333,0.166667,0.083333,0.075835,0.074837
0.583333,0.166667,0.125000,0.112011,0.110652
0.583333,0.166667,0.166667,0.146095,0.144574
0.583333,0.166667,0.208333,0.177493,0.176022
0.583333,0.166667,0.250000,0.205694,0.204459
0.583333,0.166667,0.291667,0.230264,0.229397
0.583333,0.166667,0.333333,0.250846,0.250410
0.583333,0.166667,0.375000,0.267149,0.267138
0.583333,0.166667,0.416667,0.278948,0.279296
0.583333,0.166667,0.458333,0.286079,0.286675
0.583333,0.166667,0.500000,0.288441,0.289149
0.583333,0.166667,0.541667,0.285992,0.286675
0.583333,0.166667,0.583333,0.278752,0.279296
0.583333,0.166667,0.625000,0.266810,0.267138
0.583333,0.166667,0.666667,0.250324,0.250410
0.583333,0.166667,0.708333,0.229527,0.229397
0.583333,0.166667,0.750000,0.204733,0.204459
0.583333,0.166667,0.791667,0.176340,0.176022
0.583333,0.166667,0.833333,0.144828,0.144574
0.583333,0.166667,0.875000,0.110762,0.110652
0.583333,0.166667,0.916667,0.074785,0.074837
0.583333,0.166667,0.958333,0.037607,0.037741
0.583333,0.166667,1.000000,-0.000000,-0.000000
0.583333,0.208333,0.000000,0.000000,0.000000
0.583333,0.208333,0.041667,0.045988,0.045437
0.583333,0.208333,0.083333,0.091235,0.090096
0.583333,0.208333,0.125000,0.134809,0.133213
0.583333,0.208333,0.166667,0.175875,0.174052
0.583333,0.208333,0.208333,0.213704,0.211912
0.583333,0.208333,0.250000,0.247672,0.246146
0.583333,0.208333,0.291667,0.277253,0.276169
0.583333,0.208333,0.333333,0.302017,0.301466
0.583333,0.208333,0.375000,0.321619,0.321606
0.583333,0.208333,0.416667,0.335794,0.336242
0.583333,0.208333,0.458333,0.344354,0.345125
0.583333,0.208333,0.500000,0.347177,0.348103
0.583333,0.208333,0.541667,0.344217,0.345125
0.583333,0.208333,0.583333,0.335499,0.336242
0.583333,0.208333,0.625000,0.321125,0.321606
0.583333,0.208333,0.666667,0.301285,0.301466
0.583333,0.208333,0.708333,0.276256,0.276169
0.583333,0.208333,0.750000,0.246418,0.246146
0.583333,0.208333,0.791667,0.212247,0.211912
0.583333,0.208333,0.833333,0.174324,0.174052
0.583333,0.208333,0.875000,0.133328,0.133213
0.583333,0.208333,0.916667,0.090028,0.090096
0.583333,0.208333,0.958333,0.045279,0.045437
0.583333,0.208333,1.000000,-0.000000,-0.000000
0.583333,0.250000,0.000000,0.000000,0.000000
0.583333,0.250000,0.041667,0.052600,0.052068
0.583333,0.250000,0.083333,0.104419,0.103244
0.583333,0.250000,0.125000,0.154369,0.152655
0.583333,0.250000,0.166667,0.201475,0.199453
0.583333,0.250000,0.208333,0.244881,0.242839
0.583333,0.250000,0.250000,0.283857,0.282069
0.583333,0.250000,0.291667,0.317790,0.316473
0.583333,0.250000,0.333333,0.346181,0.345463
0.583333,0.250000,0.375000,0.368635,0.368541
0.583333,0.250000,0.416667,0.384854,0.385314
0.583333,0.250000,0.458333,0.394625,0.395493
0.583333,0.250000,0.500000,0.397819,0.398906
0.583333,0.250000,0.541667,0.394387,0.395493
0.583333,0.250000,0.583333,0.384363,0.385314
0.583333,0.250000,0.625000,0.367867,0.368541
0.583333,0.250000,0.666667,0.345118,0.345463
0.583333,0.250000,0.708333,0.316438,0.316473
0.583333,0.250000,0.750000,0.282259,0.282069
0.583333,0.250000,0.791667,0.243127,0.242839
0.583333,0.250000,0.833333,0.199705,0.199453
0.583333,0.250000,0.875000,0.152763,0.152655
0.583333,0.250000,0.916667,0.103177,0.103244
0.583333,0.250000,0.958333,0.051910,0.052068
0.583333,0.250000,1.000000,-0.000000,-0.000000
0.583333,0.291667,0.000000,0.000000,0.000000
0.583333,0.291667,0.041667,0.057939,0.057511
0.583333,0.291667,0.083333,0.115096,0.114038
0.583333,0.291667,0.125000,0.170256,0.168614
0.583333,0.291667,0.166667,0.222324,0.220305
0.583333,0.291667,0.208333,0.270336,0.268226
0.583333,0.291667,0.250000,0.313466,0.311558
0.583333,0.291667,0.291667,0.351020,0.349559
0.583333,0.291667,0.333333,0.382435,0.381579
0.583333,0.291667,0.375000,0.407266,0.407070
0.583333,0.291667,0.416667,0.425182,0.425596
0.583333,0.291667,0.458333,0.435951,0.436840
0.583333,0.291667,0.500000,0.439437,0.440610
0.583333,0.291667,0.541667,0.435594,0.436840
0.583333,0.291667,0.583333,0.424468,0.425596
0.583333,0.291667,0.625000,0.406205,0.407070
0.583333,0.291667,0.666667,0.381050,0.381579
0.583333,0.291667,0.708333,0.349365,0.349559
0.583333,0.291667,0.750000,0.311628,0.311558
0.583333,0.291667,0.791667,0.268442,0.268226
0.583333,0.291667,0.833333,0.220531,0.220305
0.583333,0.291667,0.875000,0.168736,0.168614
0.583333,0.291667,0.916667,0.114008,0.114038
0.583333,0.291667,0.958333,0.057390,0.057511
0.583333,0.291667,1.000000,-0.000000,-0.000000
0.583333,0.333333,0.000000,0.000000,0.000000
0.583333,0.333333,0.041667,0.061958,0.061684
0.583333,0.333333,0.083333,0.123152,0.122312
0.583333,0.333333,0.125000,0.182269,0.180848
0.583333,0.333333,0.166667,0.238126,0.236289
0.583333,0.333333,0.208333,0.289677,0.287687
0.583333,0.333333,0.250000,0.336018,0.334163
0.583333,0.333333,0.291667,0.376389,0.374921
0.583333,0.333333,0.333333,0.410170,0.409265
0.583333,0.333333,0.375000,0.436870,0.436605
0.583333,0.333333,0.416667,0.456123,0.456475
0.583333,0.333333,0.458333,0.467679,0.468535
0.583333,0.333333,0.500000,0.471394,0.472578
0.583333,0.333333,0.541667,0.467227,0.468535
0.583333,0.333333,0.583333,0.455240,0.456475
0.583333,0.333333,0.625000,0.435600,0.436605
0.583333,0.333333,0.666667,0.408583,0.409265
0.583333,0.333333,0.708333,0.374585,0.374921
0.583333,0.333333,0.750000,0.334122,0.334163
0.583333,0.333333,0.791667,0.287840,0.287687
0.583333,0.333333,0.833333,0.236507,0.236289
0.583333,0.333333,0.875000,0.181014,0.180848
0.583333,0.333333,0.916667,0.122358,0.122312
0.583333,0.333333,0.958333,0.061632,0.061684
0.583333,0.333333,1.000000,-0.000000,-0.000000
0.583333,0.375000,0.000000,0.000000,0.000000
0.583333,0.375000,0.041667,0.064691,0.064544
0.583333,0.375000,0.083333,0.128621,0.127984
0.583333,0.375000,0.125000,0.190423,0.189234
0.583333,0.375000,0.166667,0.248858,0.247246
0.583333,0.375000,0.208333,0.302827,0.301027
0.583333,0.375000,0.250000,0.351379,0.349658
0.583333,0.375000,0.291667,0.393707,0.392307
0.583333,0.375000,0.333333,0.429147,0.428242
0.583333,0.375000,0.375000,0.457172,0.456851
0.583333,0.375000,0.416667,0.477385,0.477642
0.583333,0.375000,0.458333,0.489515,0.490261
0.583333,0.375000,0.500000,0.493408,0.494492
0.583333,0.375000,0.541667,0.489024,0.490261
0.583333,0.375000,0.583333,0.476437,0.477642
0.583333,0.375000,0.625000,0.455833,0.456851
0.583333,0.375000,0.666667,0.427517,0.428242
0.583333,0.375000,0.708333,0.391911,0.392307
0.583333,0.375000,0.750000,0.349566,0.349658
0.583333,0.375000,0.791667,0.301157,0.301027
0.583333,0.375000,0.833333,0.247485,0.247246
0.583333,0.375000,0.875000,0.189469,0.189234
0.583333,0.375000,0.916667,0.128131,0.127984
0.583333,0.375000,0.958333,0.064581,0.064544
0.583333,0.375000,1.000000,-0.000000,-0.000000
0.583333,0.416667,0.000000,0.000000,0.000000
0.583333,0.416667,0.041667,0.066182,0.066090
0.583333,0.416667,0.083333,0.131576,0.131050
0.583333,0.416667,0.125000,0.194802,0.193767
0.583333,0.416667,0.166667,0.254603,0.253168
0.583333,0.416667,0.208333,0.309864,0.308238
0.583333,0.416667,0.250000,0.359610,0.358034
0.583333,0.416667,0.291667,0.403014,0.401704
0.583333,0.416667,0.333333,0.439387,0.438500
0.583333,0.416667,0.375000,0.468176,0.467794
0.583333,0.416667,0.416667,0.488961,0.489084
0.583333,0.416667,0.458333,0.501449,0.502005
0.583333,0.416667,0.500000,0.505470,0.506337
0.583333,0.416667,0.541667,0.500982,0.502005
0.583333,0.416667,0.583333,0.488063,0.489084
0.583333,0.416667,0.625000,0.466912,0.467794
0.583333,0.416667,0.666667,0.437855,0.438500
0.583333,0.416667,0.708333,0.401342,0.401704
0.583333,0.416667,0.750000,0.357947,0.358034
0.583333,0.416667,0.791667,0.308372,0.308238
0.583333,0.416667,0.833333,0.253435,0.253168
0.583333,0.416667,0.875000,0.194066,0.193767
0.583333,0.416667,0.916667,0.131291,0.131049
0.583333,0.416667,0.958333,0.066214,0.066090
0.583333,0.416667,1.000000,-0.000000,-0.000000
0.583333,0.458333,0.000000,0.000000,0.000000
0.583333,0.458333,0.041667,0.066447,0.066357
0.583333,0.458333,0.083333,0.132054,0.131579
0.583333,0.458333,0.125000,0.195471,0.194549
0.583333,0.458333,0.166667,0.255461,0.254191
0.583333,0.458333,0.208333,0.310916,0.309483
0.583333,0.458333,0.250000,0.360870,0.359480
0.583333,0.458333,0.291667,0.404493,0.403326
0.583333,0.458333,0.333333,0.441088,0.440271
0.583333,0.458333,0.375000,0.470089,0.469683
0.583333,0.458333,0.416667,0.491057,0.491058
0.583333,0.458333,0.458333,0.503679,0.504032
0.583333,0.458333,0.500000,0.507773,0.508381
0.583333,0.458333,0.541667,0.503283,0.504032
0.583333,0.458333,0.583333,0.490287,0.491058
0.583333,0.458333,0.625000,0.468994,0.469683
0.583333,0.458333,0.666667,0.439745,0.440271
0.583333,0.458333,0.708333,0.403010,0.403326
0.583333,0.458333,0.750000,0.359384,0.359480
0.583333,0.458333,0.791667,0.309582,0.309483
0.583333,0.458333,0.833333,0.254431,0.254191
0.583333,0.458333,0.875000,0.194856,0.194549
0.583333,0.458333,0.916667,0.131866,0.131579
0.583333,0.458333,0.958333,0.066539,0.066357
0.583333,0.458333,1.000000,-0.000000,-0.000000
0.583333,0.500000,0.000000,0.000000,0.000000
0.583333,0.500000,0.041667,0.065510,0.065412
0.583333,0.500000,0.083333,0.130122,0.129704
0.583333,0.500000,0.125000,0.192555,0.191777
0.583333,0.500000,0.166667,0.251621,0.250569
0.583333,0.500000,0.208333,0.306249,0.305074
0.583333,0.500000,0.250000,0.355493,0.354359
0.583333,0.500000,0.291667,0.398536,0.397580
0.583333,0.500000,0.333333,0.434683,0.433999
0.583333,0.500000,0.375000,0.463365,0.462992
0.583333,0.500000,0.416667,0.484131,0.484063
0.583333,0.500000,0.458333,0.496657,0.496851
0.583333,0.500000,0.500000,0.500745,0.501139
0.583333,0.500000,0.541667,0.496334,0.496851
0.583333,0.500000,0.583333,0.483497,0.484063
0.583333,0.500000,0.625000,0.462447,0.462992
0.583333,0.500000,0.666667,0.433536,0.433999
0.583333,0.500000,0.708333,0.397245,0.397580
0.583333,0.500000,0.750000,0.354178,0.354359
0.583333,0.500000,0.791667,0.305056,0.305074
0.583333,0.500000,0.833333,0.250697,0.250569
0.583333,0.500000,0.875000,0.192008,0.191777
0.583333,0.500000,0.916667,0.129968,0.129704
0.583333,0.500000,0.958333,0.065609,0.065412
0.583333,0.500000,1.000000,-0.000000,-0.000000
0.583333,0.541667,0.000000,0.000000,0.000000
0.583333,0.541667,0.041667,0.063445,0.063347
0.583333,0.541667,0.083333,0.125946,0.125610
0.583333,0.541667,0.125000,0.186322,0.185725
0.583333,0.541667,0.166667,0.243457,0.242661
0.583333,0.541667,0.208333,0.296333,0.295445
0.583333,0.541667,0.250000,0.344036,0.343174
0.583333,0.541667,0.291667,0.385770,0.385031
0.583333,0.541667,0.333333,0.420852,0.420301
0.583333,0.541667,0.375000,0.448714,0.448379
0.583333,0.541667,0.416667,0.468906,0.468785
0.583333,0.541667,0.458333,0.481100,0.481170
0.583333,0.541667,0.500000,0.485095,0.485322
0.583333,0.541667,0.541667,0.480824,0.481170
0.583333,0.541667,0.583333,0.468359,0.468785
0.583333,0.541667,0.625000,0.447914,0.448379
0.583333,0.541667,0.666667,0.419841,0.420301
0.583333,0.541667,0.708333,0.384621,0.385031
0.583333,0.541667,0.750000,0.342857,0.343174
0.583333,0.541667,0.791667,0.295257,0.295445
0.583333,0.541667,0.833333,0.242621,0.242661
0.583333,0.541667,0.875000,0.185825,0.185724
0.583333,0.541667,0.916667,0.125803,0.125610
0.583333,0.541667,0.958333,0.063529,0.063347
0.583333,0.541667,1.000000,-0.000000,-0.000000
0.583333,0.583333,0.000000,0.000000,0.000000
0.583333,0.583333,0.041667,0.060382,0.060276
0.583333,0.583333,0.083333,0.119788,0.119520
0.583333,0.583333,0.125000,0.177159,0.176719
0.583333,0.583333,0.166667,0.231471,0.230895
0.583333,0.583333,0.208333,0.281769,0.281119
0.583333,0.583333,0.250000,0.327185,0.326534
0.583333,0.583333,0.291667,0.366951,0.366362
0.583333,0.583333,0.333333,0.400403,0.399921
0.583333,0.583333,0.375000,0.426986,0.426637
0.583333,0.583333,0.416667,0.446260,0.446054
0.583333,0.583333,0.458333,0.457903,0.457838
0.583333,0.583333,0.500000,0.461719,0.461789
0.583333,0.583333,0.541667,0.457642,0.457838
0.583333,0.583333,0.583333,0.445744,0.446054
0.583333,0.583333,0.625000,0.426234,0.426637
0.583333,0.583333,0.666667,0.399456,0.399921
0.583333,0.583333,0.708333,0.365881,0.366362
0.583333,0.583333,0.750000,0.326095,0.326534
0.583333,0.583333,0.791667,0.280781,0.281119
0.583333,0.583333,0.833333,0.230707,0.230895
0.583333,0.583333,0.875000,0.176704,0.176719
0.583333,0.583333,0.916667,0.119649,0.119520
0.583333,0.583333,0.958333,0.060443,0.060276
0.583333,0.583333,1.000000,-0.000000,-0.000000
0.583333,0.625000,0.000000,0.000000,0.000000
0.583333,0.625000,0.041667,0.056461,0.056321
0.583333,0.625000,0.083333,0.111924,0.111678
0.583333,0.625000,0.125000,0.165464,0.165125
0.583333,0.625000,0.166667,0.216168,0.215746
0.583333,0.625000,0.208333,0.263159,0.262676
0.583333,0.625000,0.250000,0.305624,0.305111
0.583333,0.625000,0.291667,0.342834,0.342326
0.583333,0.625000,0.333333,0.374155,0.373683
0.583333,0.625000,0.375000,0.399054,0.398647
0.583333,0.625000,0.416667,0.417109,0.416789
0.583333,0.625000,0.458333,0.428012,0.427801
0.583333,0.625000,0.500000,0.431576,0.431492
0.583333,0.625000,0.541667,0.427743,0.427800
0.583333,0.625000,0.583333,0.416584,0.416789
0.583333,0.625000,0.625000,0.398301,0.398647
0.583333,0.625000,0.666667,0.373224,0.373683
0.583333,0.625000,0.708333,0.341805,0.342326
0.583333,0.625000,0.750000,0.304600,0.305111
0.583333,0.625000,0.791667,0.262255,0.262676
0.583333,0.625000,0.833333,0.215489,0.215746
0.583333,0.625000,0.875000,0.165072,0.165125
0.583333,0.625000,0.916667,0.111808,0.111678
0.583333,0.625000,0.958333,0.056513,0.056321
0.583333,0.625000,1.000000,-0.000000,-0.000000
0.583333,0.666667,0.000000,0.000000,0.000000
0.583333,0.666667,0.041667,0.051809,0.051613
0.583333,0.666667,0.083333,0.102602,0.102342
0.583333,0.666667,0.125000,0.151605,0.151321
0.583333,0.666667,0.166667,0.198022,0.197710
0.583333,0.666667,0.208333,0.241072,0.240716
0.583333,0.666667,0.250000,0.280011,0.279604
0.583333,0.666667,0.291667,0.314160,0.313707
0.583333,0.666667,0.333333,0.342920,0.342443
0.583333,0.666667,0.375000,0.365789,0.365320
0.583333,0.666667,0.416667,0.382368,0.381946
0.583333,0.666667,0.458333,0.392369,0.392037
0.583333,0.666667,0.500000,0.395620,0.395420
0.583333,0.666667,0.541667,0.392072,0.392037
0.583333,0.666667,0.583333,0.381799,0.381946
0.583333,0.666667,0.625000,0.364996,0.365320
0.583333,0.666667,0.666667,0.341976,0.342443
0.583333,0.666667,0.708333,0.313163,0.313707
0.583333,0.666667,0.750000,0.279072,0.279604
0.583333,0.666667,0.791667,0.240297,0.240716
0.583333,0.666667,0.833333,0.197491,0.197710
0.583333,0.666667,0.875000,0.151346,0.151320
0.583333,0.666667,0.916667,0.102575,0.102342
0.583333,0.666667,0.958333,0.051892,0.051613
0.583333,0.666667,1.000000,-0.000000,-0.000000
0.583333,0.708333,0.000000,0.000000,0.000000
0.583333,0.708333,0.041667,0.046544,0.046278
0.583333,0.708333,0.083333,0.092063,0.091764
0.583333,0.708333,0.125000,0.135938,0.135681
0.583333,0.708333,0.166667,0.177506,0.177275
0.583333,0.708333,0.208333,0.216086,0.215837
0.583333,0.708333,0.250000,0.251016,0.250705
0.583333,0.708333,0.291667,0.281675,0.281284
0.583333,0.708333,0.333333,0.307511,0.307050
0.583333,0.708333,0.375000,0.328057,0.327562
0.583333,0.708333,0.416667,0.342943,0.342469
0.583333,0.708333,0.458333,0.351905,0.351517
0.583333,0.708333,0.500000,0.354794,0.354550
0.583333,0.708333,0.541667,0.351572,0.351517
0.583333,0.708333,0.583333,0.342316,0.342469
0.583333,0.708333,0.625000,0.327216,0.327562
0.583333,0.708333,0.666667,0.306563,0.307050
0.583333,0.708333,0.708333,0.280742,0.281284
0.583333,0.708333,0.750000,0.250219,0.250705
0.583333,0.708333,0.791667,0.215519,0.215837
0.583333,0.708333,0.833333,0.177215,0.177275
0.583333,0.708333,0.875000,0.135906,0.135681
0.583333,0.708333,0.916667,0.092202,0.091764
0.583333,0.708333,0.958333,0.046706,0.046278
0.583333,0.708333,1.000000,-0.000000,-0.000000
0.583333,0.750000,0.000000,0.000000,0.000000
0.583333,0.750000,0.041667,0.040779,0.040438
0.583333,0.750000,0.083333,0.080544,0.080185
0.583333,0.750000,0.125000,0.118823,0.118560
0.583333,0.750000,0.166667,0.155088,0.154906
0.583333,0.750000,0.208333,0.188768,0.188601
0.583333,0.750000,0.250000,0.219289,0.219070
0.583333,0.750000,0.291667,0.246104,0.245790
0.583333,0.750000,0.333333,0.268713,0.268304
0.583333,0.750000,0.375000,0.286694,0.286228
0.583333,0.750000,0.416667,0.299715,0.299255
0.583333,0.750000,0.458333,0.307540,0.307161
0.583333,0.750000,0.500000,0.310042,0.309811
0.583333,0.750000,0.541667,0.307197,0.307161
0.583333,0.750000,0.583333,0.299084,0.299255
0.583333,0.750000,0.625000,0.285878,0.286228
0.583333,0.750000,0.666667,0.267842,0.268304
0.583333,0.750000,0.708333,0.245318,0.245790
0.583333,0.750000,0.750000,0.218709,0.219070
0.583333,0.750000,0.791667,0.188467,0.188601
0.583333,0.750000,0.833333,0.155076,0.154906
0.583333,0.750000,0.875000,0.119038,0.118560
0.583333,0.750000,0.916667,0.080856,0.080185
0.583333,0.750000,0.958333,0.041021,0.040438
0.583333,0.750000,1.000000,-0.000000,-0.000000
0.583333,0.791667,0.000000,0.000000,0.000000
0.583333,0.791667,0.041667,0.034619,0.034204
0.583333,0.791667,0.083333,0.068255,0.067822
0.583333,0.791667,0.125000,0.100578,0.100280
0.583333,0.791667,0.166667,0.131184,0.131022
0.583333,0.791667,0.208333,0.159623,0.159522
0.583333,0.791667,0.250000,0.185418,0.185293
0.583333,0.791667,0.291667,0.208103,0.207894
0.583333,0.791667,0.333333,0.227249,0.226937
0.583333,0.791667,0.375000,0.242484,0.242097
0.583333,0.791667,0.416667,0.253518,0.253115
0.583333,0.791667,0.458333,0.260147,0.259802
0.583333,0.791667,0.500000,0.262263,0.262044
0.583333,0.791667,0.541667,0.259848,0.259802
0.583333,0.791667,0.583333,0.252977,0.253115
0.583333,0.791667,0.625000,0.241805,0.242097
0.583333,0.791667,0.666667,0.226562,0.226937
0.583333,0.791667,0.708333,0.207539,0.207894
0.583333,0.791667,0.750000,0.185078,0.185293
0.583333,0.791667,0.791667,0.159554,0.159522
0.583333,0.791667,0.833333,0.131368,0.131022
0.583333,0.791667,0.875000,0.100927,0.100280
0.583333,0.791667,0.916667,0.068633,0.067822
0.583333,0.791667,0.958333,0.034872,0.034204
0.583333,0.791667,1.000000,-0.000000,-0.000000
0.583333,0.833333,0.000000,0.000000,0.000000
0.583333,0.833333,0.041667,0.028140,0.027670
0.583333,0.833333,0.083333,0.055364,0.054867
0.583333,0.833333,0.125000,0.081460,0.081125
0.583333,0.833333,0.166667,0.106148,0.105995
0.583333,0.833333,0.208333,0.129091,0.129051
0.583333,0.833333,0.250000,0.149924,0.149900
0.583333,0.833333,0.291667,0.168270,0.168183
0.583333,0.833333,0.333333,0.183776,0.183589
0.583333,0.833333,0.375000,0.196132,0.195853
0.583333,0.833333,0.416667,0.205091,0.204767
0.583333,0.833333,0.458333,0.210480,0.210177
0.583333,0.833333,0.500000,0.212205,0.211990
0.583333,0.833333,0.541667,0.210253,0.210177
0.583333,0.833333,0.583333,0.204687,0.204767
0.583333,0.833333,0.625000,0.195638,0.195853
0.583333,0.833333,0.666667,0.183298,0.183589
0.583333,0.833333,0.708333,0.167909,0.168183
0.583333,0.833333,0.750000,0.149749,0.149900
0.583333,0.833333,0.791667,0.129125,0.129051
0.583333,0.833333,0.833333,0.106355,0.105995
0.583333,0.833333,0.875000,0.081759,0.081125
0.583333,0.833333,0.916667,0.055647,0.054867
0.583333,0.833333,0.958333,0.028308,0.027670
0.583333,0.833333,1.000000,-0.000000,-0.000000
0.583333,0.875000,0.000000,0.000000,0.000000
0.583333,0.875000,0.041667,0.021401,0.020920
0.583333,0.875000,0.083333,0.042002,0.041483
0.583333,0.875000,0.125000,0.061689,0.061336
0.583333,0.875000,0.166667,0.080286,0.080139
0.583333,0.875000,0.208333,0.097569,0.097571
0.583333,0.875000,0.250000,0.113277,0.113333
0.583333,0.875000,0.291667,0.127132,0.127157
0.583333,0.875000,0.333333,0.138865,0.138804
0.583333,0.875000,0.375000,0.148231,0.148077
0.583333,0.875000,0.416667,0.155034,0.154816
0.583333,0.875000,0.458333,0.159134,0.158906
0.583333,0.875000,0.500000,0.160453,0.160278
0.583333,0.875000,0.541667,0.158979,0.158906
0.583333,0.875000,0.583333,0.154759,0.154816
0.583333,0.875000,0.625000,0.147898,0.148077
0.583333,0.875000,0.666667,0.138546,0.138804
0.583333,0.875000,0.708333,0.126892,0.127157
0.583333,0.875000,0.750000,0.113154,0.113333
0.583333,0.875000,0.791667,0.097566,0.097571
0.583333,0.875000,0.833333,0.080369,0.080139
0.583333,0.875000,0.875000,0.061802,0.061336
0.583333,0.875000,0.916667,0.042087,0.041483
0.583333,0.875000,0.958333,0.021428,0.020920
0.583333,0.875000,1.000000,-0.000000,-0.000000
0.583333,0.916667,0.000000,0.000000,0.000000
0.583333,0.916667,0.041667,0.014446,0.014022
0.583333,0.916667,0.083333,0.028278,0.027805
0.583333,0.916667,0.125000,0.041445,0.041112
0.583333,0.916667,0.166667,0.053858,0.053715
0.583333,0.916667,0.208333,0.065386,0.065400
0.583333,0.916667,0.250000,0.075870,0.075965
0.583333,0.916667,0.291667,0.085130,0.085230
0.583333,0.916667,0.333333,0.092987,0.093038
0.583333,0.916667,0.375000,0.099273,0.099253
0.583333,0.916667,0.416667,0.103850,0.103770
0.583333,0.916667,0.458333,0.106617,0.106511
0.583333,0.916667,0.500000,0.107515,0.107430
0.583333,0.916667,0.541667,0.106533,0.106511
0.583333,0.916667,0.583333,0.103701,0.103770
0.583333,0.916667,0.625000,0.099090,0.099253
0.583333,0.916667,0.666667,0.092805,0.093038
0.583333,0.916667,0.708333,0.084978,0.085230
0.583333,0.916667,0.750000,0.075760,0.075965
0.583333,0.916667,0.791667,0.065311,0.065400
0.583333,0.916667,0.833333,0.053796,0.053715
0.583333,0.916667,0.875000,0.041370,0.041112
0.583333,0.916667,0.916667,0.028181,0.027805
0.583333,0.916667,0.958333,0.014355,0.014022
0.583333,0.916667,1.000000,-0.000000,-0.000000
0.583333,0.958333,0.000000,0.000000,0.000000
0.583333,0.958333,0.041667,0.007307,0.007033
0.583333,0.958333,0.083333,0.014261,0.013946
0.583333,0.958333,0.125000,0.020852,0.020620
0.583333,0.958333,0.166667,0.027046,0.026941
0.583333,0.958333,0.208333,0.032790,0.032801
0.583333,0.958333,0.250000,0.038013,0.038100
0.583333,0.958333,0.291667,0.042632,0.042747
0.583333,0.958333,0.333333,0.046559,0.046663
0.583333,0.958333,0.375000,0.049711,0.049780
0.583333,0.958333,0.416667,0.052015,0.052046
0.583333,0.958333,0.458333,0.053416,0.053421
0.583333,0.958333,0.500000,0.053881,0.053882
0.583333,0.958333,0.541667,0.053400,0.053421
0.583333,0.958333,0.583333,0.051986,0.052046
0.583333,0.958333,0.625000,0.049675,0.049780
0.583333,0.958333,0.666667,0.046521,0.046663
0.583333,0.958333,0.708333,0.042590,0.042747
0.583333,0.958333,0.750000,0.037962,0.038100
0.583333,0.958333,0.791667,0.032719,0.032801
0.583333,0.958333,0.833333,0.026945,0.026941
0.583333,0.958333,0.875000,0.020719,0.020620
0.583333,0.958333,0.916667,0.014113,0.013946
0.583333,0.958333,0.958333,0.007189,0.007033
0.583333,0.958333,1.000000,-0.000000,-0.000000
0.583333,1.000000,0.000000,0.000000,0.000000
0.583333,1.000000,0.041667,0.000000,-0.000000
0.583333,1.000000,0.083333,0.000000,-0.000000
0.583333,1.000000,0.125000,0.000000,-0.000000
0.583333,1.000000,0.166667,0.000000,-0.000000
0.583333,1.000000,0.208333,0.000000,-0.000000
0.583333,1.000000,0.250000,0.000000,-0.000000
0.583333,1.000000,0.291667,0.000000,-0.000000
0.583333,1.000000,0.333333,0.000000,-0.000000
0.583333,1.000000,0.375000,0.000000,-0.000000
0.583333,1.000000,0.416667,0.000000,-0.000000
0.583333,1.000000,0.458333,0.000000,-0.000000
0.583333,1.000000,0.500000,0.000000,-0.000000
0.583333,1.000000,0.541667,0.000000,-0.000000
0.583333,1.000000,0.583333,0.000000,-0.000000
0.583333,1.000000,0.625000,0.000000,-0.000000
0.583333,1.000000,0.666667,0.000000,-0.000000
0.583333,1.000000,0.708333,0.000000,-0.000000
0.583333,1.000000,0.750000,0.000000,-0.000000
0.583333,1.000000,0.791667,0.000000,-0.000000
0.583333,1.000000,0.833333,0.000000,-0.000000
0.583333,1.000000,0.875000,0.000000,-0.000000
0.583333,1.000000,0.916667,0.000000,-0.000000
0.583333,1.000000,0.958333,0.000000,-0.000000
0.583333,1.000000,1.000000,0.000000,0.000000
0.625000,0.000000,0.000000,0.000000,0.000000
0.625000,0.000000,0.041667,0.000000,0.000000
0.625000,0.000000,0.083333,0.000000,0.000000
0.625000,0.000000,0.125000,0.000000,0.000000
0.625000,0.000000,0.166667,0.000000,0.000000
0.625000,0.000000,0.208333,0.000000,0.000000
0.625000,0.000000,0.250000,0.000000,0.000000
0.625000,0.000000,0.291667,0.000000,0.000000
0.625000,0.000000,0.333333,0.000000,0.000000
0.625000,0.000000,0.375000,0.000000,0.000000
0.625000,0.000000,0.416667,0.000000,0.000000
0.625000,0.000000,0.458333,0.000000,0.000000
0.625000,0.000000,0.500000,0.000000,0.000000
0.625000,0.000000,0.541667,0.000000,0.000000
0.625000,0.000000,0.583333,0.000000,0.000000
0.625000,0.000000,0.625000,0.000000,0.000000
0.625000,0.000000,0.666667,0.000000,0.000000
0.625000,0.000000,0.708333,0.000000,0.000000
0.625000,0.000000,0.750000,0.000000,0.000000
0.625000,0.000000,0.791667,0.000000,0.000000
0.625000,0.000000,0.833333,0.000000,0.000000
0.625000,0.000000,0.875000,0.000000,0.000000
0.625000,0.000000,0.916667,0.000000,0.000000
0.625000,0.000000,0.958333,0.000000,0.000000
0.625000,0.000000,1.000000,-0.000000,-0.000000
0.625000,0.041667,0.000000,0.000000,0.000000
0.625000,0.041667,0.041667,0.009547,0.009393
0.625000,0.041667,0.083333,0.018917,0.018625
0.625000,0.041667,0.125000,0.027928,0.027539
0.625000,0.041667,0.166667,0.036415,0.035981
0.625000,0.041667,0.208333,0.044234,0.043808
0.625000,0.041667,0.250000,0.051261,0.050885
0.625000,0.041667,0.291667,0.057387,0.057092
0.625000,0.041667,0.333333,0.062520,0.062322
0.625000,0.041667,0.375000,0.066584,0.066485
0.625000,0.041667,0.416667,0.069518,0.069511
0.625000,0.041667,0.458333,0.071281,0.071347
0.625000,0.041667,0.500000,0.071847,0.071963
0.625000,0.041667,0.541667,0.071209,0.071347
0.625000,0.041667,0.583333,0.069375,0.069511
0.625000,0.041667,0.625000,0.066372,0.066485
0.625000,0.041667,0.666667,0.062245,0.062322
0.625000,0.041667,0.708333,0.057055,0.057092
0.625000,0.041667,0.750000,0.050882,0.050885
0.625000,0.041667,0.791667,0.043824,0.043808
0.625000,0.041667,0.833333,0.035999,0.035981
0.625000,0.041667,0.875000,0.027543,0.027539
0.625000,0.041667,0.916667,0.018609,0.018625
0.625000,0.041667,0.958333,0.009366,0.009393
0.625000,0.041667,1.000000,-0.000000,-0.000000
0.625000,0.083333,0.000000,0.000000,0.000000
0.625000,0.083333,0.041667,0.018819,0.018561
0.625000,0.083333,0.083333,0.037305,0.036804
0.625000,0.083333,0.125000,0.055093,0.054417
0.625000,0.083333,0.166667,0.071858,0.071100
0.625000,0.083333,0.208333,0.087313,0.086566
0.625000,0.083333,0.250000,0.101207,0.100550
0.625000,0.083333,0.291667,0.113324,0.112814
0.625000,0.083333,0.333333,0.123480,0.123148
0.625000,0.083333,0.375000,0.131522,0.131375
0.625000,0.083333,0.416667,0.137333,0.137354
0.625000,0.083333,0.458333,0.140829,0.140983
0.625000,0.083333,0.500000,0.141959,0.142200
0.625000,0.083333,0.541667,0.140706,0.140983
0.625000,0.083333,0.583333,0.137090,0.137354
0.625000,0.083333,0.625000,0.131160,0.131375
0.625000,0.083333,0.666667,0.123004,0.123148
0.625000,0.083333,0.708333,0.112744,0.112814
0.625000,0.083333,0.750000,0.100538,0.100550
0.625000,0.083333,0.791667,0.086582,0.086566
0.625000,0.083333,0.833333,0.071109,0.071100
0.625000,0.083333,0.875000,0.054392,0.054417
0.625000,0.083333,0.916667,0.036738,0.036804
0.625000,0.083333,0.958333,0.018485,0.018561
0.625000,0.083333,1.000000,-0.000000,-0.000000
0.625000,0.125000,0.000000,0.000000,0.000000
0.625000,0.125000,0.041667,0.027607,0.027286
0.625000,0.125000,0.083333,0.054748,0.054105
0.625000,0.125000,0.125000,0.080881,0.079999
0.625000,0.125000,0.166667,0.105523,0.104523
0.625000,0.125000,0.208333,0.128247,0.127259
0.625000,0.125000,0.250000,0.148682,0.147818
0.625000,0.125000,0.291667,0.166507,0.165848
0.625000,0.125000,0.333333,0.181450,0.181040
0.625000,0.125000,0.375000,0.193292,0.193134
0.625000,0.125000,0.416667,0.201858,0.201923
0.625000,0.125000,0.458333,0.207026,0.207258
0.625000,0.125000,0.500000,0.208718,0.209047
0.625000,0.125000,0.541667,0.206909,0.207258
0.625000,0.125000,0.583333,0.201621,0.201923
0.625000,0.125000,0.625000,0.192926,0.193134
0.625000,0.125000,0.666667,0.180949,0.181040
0.625000,0.125000,0.708333,0.165866,0.165848
0.625000,0.125000,0.750000,0.147910,0.147818
0.625000,0.125000,0.791667,0.127373,0.127259
0.625000,0.125000,0.833333,0.104601,0.104523
0.625000,0.125000,0.875000,0.079997,0.079999
0.625000,0.125000,0.916667,0.054020,0.054105
0.625000,0.125000,0.958333,0.027173,0.027286
0.625000,0.125000,1.000000,-0.000000,-0.000000
0.625000,0.166667,0.000000,0.000000,0.000000
0.625000,0.166667,0.041667,0.035729,0.035368
0.625000,0.166667,0.083333,0.070884,0.070131
0.625000,0.166667,0.125000,0.104753,0.103693
0.625000,0.166667,0.166667,0.136697,0.135482
0.625000,0.166667,0.208333,0.166157,0.164952
0.625000,0.166667,0.250000,0.192645,0.191600
0.625000,0.166667,0.291667,0.215745,0.214970
0.625000,0.166667,0.333333,0.235111,0.234662
0.625000,0.166667,0.375000,0.250459,0.250338
0.625000,0.166667,0.416667,0.261571,0.261731
0.625000,0.166667,0.458333,0.268286,0.268646
0.625000,0.166667,0.500000,0.270506,0.270964
0.625000,0.166667,0.541667,0.268195,0.268646
0.625000,0.166667,0.583333,0.261375,0.261731
0.625000,0.166667,0.625000,0.250135,0.250338
0.625000,0.166667,0.666667,0.234631,0.234662
0.625000,0.166667,0.708333,0.215090,0.214970
0.625000,0.166667,0.750000,0.191814,0.191600
0.625000,0.166667,0.791667,0.165181,0.164952
0.625000,0.166667,0.833333,0.135643,0.135482
0.625000,0.166667,0.875000,0.103730,0.103693
0.625000,0.166667,0.916667,0.070038,0.070131
0.625000,0.166667,0.958333,0.035225,0.035368
0.625000,0.166667,1.000000,-0.000000,-0.000000
0.625000,0.208333,0.000000,0.000000,0.000000
0.625000,0.208333,0.041667,0.043015,0.042628
0.625000,0.208333,0.083333,0.085382,0.084527
0.625000,0.208333,0.125000,0.126223,0.124980
0.625000,0.208333,0.166667,0.164753,0.163294
0.625000,0.208333,0.208333,0.200283,0.198814
0.625000,0.208333,0.250000,0.232218,0.230933
0.625000,0.208333,0.291667,0.260055,0.259100
0.625000,0.208333,0.333333,0.283379,0.282834
0.625000,0.208333,0.375000,0.301856,0.301728
0.625000,0.208333,0.416667,0.315227,0.315460
0.625000,0.208333,0.458333,0.323306,0.323795
0.625000,0.208333,0.500000,0.325978,0.326589
0.625000,0.208333,0.541667,0.323196,0.323794
0.625000,0.208333,0.583333,0.314987,0.315460
0.625000,0.208333,0.625000,0.301454,0.301728
0.625000,0.208333,0.666667,0.282781,0.282834
0.625000,0.208333,0.708333,0.259239,0.259100
0.625000,0.208333,0.750000,0.231191,0.230933
0.625000,0.208333,0.791667,0.199092,0.198814
0.625000,0.208333,0.833333,0.163491,0.163294
0.625000,0.208333,0.875000,0.125026,0.124980
0.625000,0.208333,0.916667,0.084418,0.084527
0.625000,0.208333,0.958333,0.042459,0.042628
0.625000,0.208333,1.000000,-0.000000,-0.000000
0.625000,0.250000,0.000000,0.000000,0.000000
0.625000,0.250000,0.041667,0.049295,0.048918
0.625000,0.250000,0.083333,0.097906,0.096999
0.625000,0.250000,0.125000,0.144805,0.143421
0.625000,0.250000,0.166667,0.189071,0.187389
0.625000,0.250000,0.208333,0.229893,0.228150
0.625000,0.250000,0.250000,0.266576,0.265008
0.625000,0.250000,0.291667,0.298537,0.297331
0.625000,0.250000,0.333333,0.325297,0.324567
0.625000,0.250000,0.375000,0.346477,0.346249
0.625000,0.250000,0.416667,0.361787,0.362007
0.625000,0.250000,0.458333,0.371021,0.371571
0.625000,0.250000,0.500000,0.374053,0.374777
0.625000,0.250000,0.541667,0.370832,0.371571
0.625000,0.250000,0.583333,0.361393,0.362007
0.625000,0.250000,0.625000,0.345852,0.346249
0.625000,0.250000,0.666667,0.324421,0.324567
0.625000,0.250000,0.708333,0.297411,0.297331
0.625000,0.250000,0.750000,0.265237,0.265008
0.625000,0.250000,0.791667,0.228420,0.228150
0.625000,0.250000,0.833333,0.187588,0.187389
0.625000,0.250000,0.875000,0.143471,0.143421
0.625000,0.250000,0.916667,0.096890,0.096999
0.625000,0.250000,0.958333,0.048745,0.048918
0.625000,0.250000,1.000000,-0.000000,-0.000000
0.625000,0.291667,0.000000,0.000000,0.000000
0.625000,0.291667,0.041667,0.054430,0.054121
0.625000,0.291667,0.083333,0.108175,0.107317
0.625000,0.291667,0.125000,0.160078,0.158676
0.625000,0.291667,0.166667,0.209099,0.207320
0.625000,0.291667,0.208333,0.254323,0.252417
0.625000,0.291667,0.250000,0.294965,0.293195
0.625000,0.291667,0.291667,0.330366,0.328956
0.625000,0.291667,0.333333,0.359991,0.359089
0.625000,0.291667,0.375000,0.383419,0.383078
0.625000,0.291667,0.416667,0.400334,0.400512
0.625000,0.291667,0.458333,0.410513,0.411093
0.625000,0.291667,0.500000,0.413822,0.414640
0.625000,0.291667,0.541667,0.410217,0.411093
0.625000,0.291667,0.583333,0.399738,0.400512
0.625000,0.291667,0.625000,0.382521,0.383078
0.625000,0.291667,0.666667,0.358803,0.359089
0.625000,0.291667,0.708333,0.328928,0.328956
0.625000,0.291667,0.750000,0.293354,0.293195
0.625000,0.291667,0.791667,0.252656,0.252417
0.625000,0.291667,0.833333,0.207525,0.207320
0.625000,0.291667,0.875000,0.158757,0.158676
0.625000,0.291667,0.916667,0.107250,0.107317
0.625000,0.291667,0.958333,0.053983,0.054121
0.625000,0.291667,1.000000,-0.000000,-0.000000
0.625000,0.333333,0.000000,0.000000,0.000000
0.625000,0.333333,0.041667,0.058362,0.058157
0.625000,0.333333,0.083333,0.116050,0.115320
0.625000,0.333333,0.125000,0.171810,0.170509
0.625000,0.333333,0.166667,0.224511,0.222781
0.625000,0.333333,0.208333,0.273155,0.271241
0.625000,0.333333,0.250000,0.316882,0.315059
0.625000,0.333333,0.291667,0.354974,0.353488
0.625000,0.333333,0.333333,0.386846,0.385867
0.625000,0.333333,0.375000,0.412041,0.411645
0.625000,0.333333,0.416667,0.430214,0.430379
0.625000,0.333333,0.458333,0.441131,0.441749
0.625000,0.333333,0.500000,0.444654,0.445561
0.625000,0.333333,0.541667,0.440742,0.441749
0.625000,0.333333,0.583333,0.429446,0.430379
0.625000,0.333333,0.625000,0.410922,0.411645
0.625000,0.333333,0.666667,0.385426,0.385867
0.625000,0.333333,0.708333,0.353334,0.353488
0.625000,0.333333,0.750000,0.315138,0.315059
0.625000,0.333333,0.791667,0.271452,0.271240
0.625000,0.333333,0.833333,0.223011,0.222781
0.625000,0.333333,0.875000,0.170659,0.170509
0.625000,0.333333,0.916667,0.115344,0.115320
0.625000,0.333333,0.958333,0.058093,0.058157
0.625000,0.333333,1.000000,-0.000000,-0.000000
0.625000,0.375000,0.000000,0.000000,0.000000
0.625000,0.375000,0.041667,0.061099,0.060982
0.625000,0.375000,0.083333,0.121524,0.120921
0.625000,0.375000,0.125000,0.179961,0.178790
0.625000,0.375000,0.166667,0.235221,0.233601
0.625000,0.375000,0.208333,0.286249,0.284414
0.625000,0.375000,0.250000,0.332140,0.330362
0.625000,0.375000,0.291667,0.372130,0.370656
0.625000,0.375000,0.333333,0.405599,0.404609
0.625000,0.375000,0.375000,0.432056,0.431638
0.625000,0.375000,0.416667,0.451136,0.451282
0.625000,0.375000,0.458333,0.462590,0.463205
0.625000,0.375000,0.500000,0.466273,0.467202
0.625000,0.375000,0.541667,0.462147,0.463205
0.625000,0.375000,0.583333,0.450274,0.451282
0.625000,0.375000,0.625000,0.430823,0.431638
0.625000,0.375000,0.666667,0.404074,0.404609
0.625000,0.375000,0.708333,0.370424,0.370656
0.625000,0.375000,0.750000,0.330394,0.330362
0.625000,0.375000,0.791667,0.284626,0.284414
0.625000,0.375000,0.833333,0.233884,0.233601
0.625000,0.375000,0.875000,0.179040,0.178790
0.625000,0.375000,0.916667,0.121068,0.120921
0.625000,0.375000,0.958333,0.061017,0.060982
0.625000,0.375000,1.000000,-0.000000,-0.000000
0.625000,0.416667,0.000000,0.000000,0.000000
0.625000,0.416667,0.041667,0.062664,0.062587
0.625000,0.416667,0.083333,0.124629,0.124103
0.625000,0.416667,0.125000,0.184562,0.183495
0.625000,0.416667,0.166667,0.241252,0.239748
0.625000,0.416667,0.208333,0.293624,0.291898
0.625000,0.416667,0.250000,0.340745,0.339055
0.625000,0.416667,0.291667,0.381832,0.380409
0.625000,0.416667,0.333333,0.416237,0.415255
0.625000,0.416667,0.375000,0.443450,0.442996
0.625000,0.416667,0.416667,0.463085,0.463157
0.625000,0.416667,0.458333,0.474876,0.475394
0.625000,0.416667,0.500000,0.478670,0.479496
0.625000,0.416667,0.541667,0.474425,0.475393
0.625000,0.416667,0.583333,0.462211,0.463157
0.625000,0.416667,0.625000,0.442211,0.442996
0.625000,0.416667,0.666667,0.414722,0.415255
0.625000,0.416667,0.708333,0.380162,0.380409
0.625000,0.416667,0.750000,0.339074,0.339055
0.625000,0.416667,0.791667,0.292120,0.291898
0.625000,0.416667,0.833333,0.240079,0.239748
0.625000,0.416667,0.875000,0.183835,0.183495
0.625000,0.416667,0.916667,0.124365,0.124103
0.625000,0.416667,0.958333,0.062719,0.062587
0.625000,0.416667,1.000000,-0.000000,-0.000000
0.625000,0.458333,0.000000,0.000000,0.000000
0.625000,0.458333,0.041667,0.063067,0.062996
0.625000,0.458333,0.083333,0.125386,0.124914
0.625000,0.458333,0.125000,0.185653,0.184694
0.625000,0.458333,0.166667,0.242669,0.241314
0.625000,0.458333,0.208333,0.295366,0.293806
0.625000,0.458333,0.250000,0.342811,0.341270
0.625000,0.458333,0.291667,0.384212,0.382895
0.625000,0.458333,0.333333,0.418912,0.417969
0.625000,0.458333,0.375000,0.446383,0.445891
0.625000,0.458333,0.416667,0.466222,0.466184
0.625000,0.458333,0.458333,0.478146,0.478500
0.625000,0.458333,0.500000,0.481993,0.482629
0.625000,0.458333,0.541667,0.477715,0.478500
0.625000,0.458333,0.583333,0.465387,0.466184
0.625000,0.458333,0.625000,0.445202,0.445891
0.625000,0.458333,0.666667,0.417473,0.417969
0.625000,0.458333,0.708333,0.382636,0.382895
0.625000,0.458333,0.750000,0.341249,0.341270
0.625000,0.458333,0.791667,0.293986,0.293806
0.625000,0.458333,0.833333,0.241628,0.241314
0.625000,0.458333,0.875000,0.185056,0.184694
0.625000,0.458333,0.916667,0.125233,0.124913
0.625000,0.458333,0.958333,0.063190,0.062996
0.625000,0.458333,1.000000,-0.000000,-0.000000
0.625000,0.500000,0.000000,0.000000,0.000000
0.625000,0.500000,0.041667,0.062328,0.062262
0.625000,0.500000,0.083333,0.123855,0.123459
0.625000,0.500000,0.125000,0.183343,0.182543
0.625000,0.500000,0.166667,0.239637,0.238504
0.625000,0.500000,0.208333,0.291697,0.290385
0.625000,0.500000,0.250000,0.338608,0.337296
0.625000,0.500000,0.291667,0.379583,0.378436
0.625000,0.500000,0.333333,0.413960,0.413102
0.625000,0.500000,0.375000,0.441203,0.440699
0.625000,0.500000,0.416667,0.460895,0.460755
0.625000,0.500000,0.458333,0.472743,0.472928
0.625000,0.500000,0.500000,0.476574,0.477009
0.625000,0.500000,0.541667,0.472337,0.472928
0.625000,0.500000,0.583333,0.460110,0.460755
0.625000,0.500000,0.625000,0.440092,0.440699
0.625000,0.500000,0.666667,0.412609,0.413102
0.625000,0.500000,0.708333,0.378110,0.378436
0.625000,0.500000,0.750000,0.337158,0.337296
0.625000,0.500000,0.791667,0.290429,0.290384
0.625000,0.500000,0.833333,0.238697,0.238504
0.625000,0.500000,0.875000,0.182825,0.182543
0.625000,0.500000,0.916667,0.123751,0.123459
0.625000,0.500000,0.958333,0.062466,0.062262
0.625000,0.500000,1.000000,-0.000000,-0.000000
0.625000,0.541667,0.000000,0.000000,0.000000
0.625000,0.541667,0.041667,0.060519,0.060463
0.625000,0.541667,0.083333,0.120193,0.119892
0.625000,0.541667,0.125000,0.177876,0.177269
0.625000,0.541667,0.166667,0.232485,0.231614
0.625000,0.541667,0.208333,0.283026,0.281995
0.625000,0.541667,0.250000,0.328610,0.327551
0.625000,0.541667,0.291667,0.368465,0.367503
0.625000,0.541667,0.333333,0.401935,0.401166
0.625000,0.541667,0.375000,0.428481,0.427966
0.625000,0.541667,0.416667,0.447684,0.447443
0.625000,0.541667,0.458333,0.459244,0.459264
0.625000,0.541667,0.500000,0.462984,0.463227
0.625000,0.541667,0.541667,0.458854,0.459264
0.625000,0.541667,0.583333,0.446930,0.447443
0.625000,0.541667,0.625000,0.427419,0.427966
0.625000,0.541667,0.666667,0.400649,0.401166
0.625000,0.541667,0.708333,0.367072,0.367503
0.625000,0.541667,0.750000,0.327249,0.327551
0.625000,0.541667,0.791667,0.281846,0.281995
0.625000,0.541667,0.833333,0.231620,0.231614
0.625000,0.541667,0.875000,0.177405,0.177269
0.625000,0.541667,0.916667,0.120099,0.119892
0.625000,0.541667,0.958333,0.060642,0.060463
0.625000,0.541667,1.000000,-0.000000,-0.000000
0.625000,0.583333,0.000000,0.000000,0.000000
0.625000,0.583333,0.041667,0.057759,0.057694
0.625000,0.583333,0.083333,0.114634,0.114402
0.625000,0.583333,0.125000,0.169599,0.169152
0.625000,0.583333,0.166667,0.221657,0.221007
0.625000,0.583333,0.208333,0.269876,0.269081
0.625000,0.583333,0.250000,0.313408,0.312551
0.625000,0.583333,0.291667,0.351504,0.350674
0.625000,0.583333,0.333333,0.383523,0.382796
0.625000,0.583333,0.375000,0.408936,0.408368
0.625000,0.583333,0.416667,0.427326,0.426953
0.625000,0.583333,0.458333,0.438399,0.438233
0.625000,0.583333,0.500000,0.441978,0.442015
0.625000,0.583333,0.541667,0.438014,0.438233
0.625000,0.583333,0.583333,0.426585,0.426953
0.625000,0.583333,0.625000,0.407896,0.408368
0.625000,0.583333,0.666667,0.382273,0.382796
0.625000,0.583333,0.708333,0.350160,0.350674
0.625000,0.583333,0.750000,0.312108,0.312551
0.625000,0.583333,0.791667,0.268760,0.269081
0.625000,0.583333,0.833333,0.220844,0.221007
0.625000,0.583333,0.875000,0.169153,0.169152
0.625000,0.583333,0.916667,0.114530,0.114402
0.625000,0.583333,0.958333,0.057850,0.057694
0.625000,0.583333,1.000000,-0.000000,-0.000000
0.625000,0.625000,0.000000,0.000000,0.000000
0.625000,0.625000,0.041667,0.054169,0.054063
0.625000,0.625000,0.083333,0.107421,0.107202
0.625000,0.625000,0.125000,0.158861,0.158506
0.625000,0.625000,0.166667,0.207597,0.207098
0.625000,0.625000,0.208333,0.252775,0.252146
0.625000,0.625000,0.250000,0.293600,0.292880
0.625000,0.625000,0.291667,0.329360,0.328603
0.625000,0.625000,0.333333,0.359438,0.358704
0.625000,0.625000,0.375000,0.383322,0.382667
0.625000,0.625000,0.416667,0.400609,0.400082
0.625000,0.625000,0.458333,0.411012,0.410652
0.625000,0.625000,0.500000,0.414364,0.414195
0.625000,0.625000,0.541667,0.410620,0.410652
0.625000,0.625000,0.583333,0.399856,0.400082
0.625000,0.625000,0.625000,0.382276,0.382667
0.625000,0.625000,0.666667,0.358196,0.358704
0.625000,0.625000,0.708333,0.328045,0.328603
0.625000,0.625000,0.750000,0.292349,0.292880
0.625000,0.625000,0.791667,0.251721,0.252146
0.625000,0.625000,0.833333,0.206844,0.207098
0.625000,0.625000,0.875000,0.158452,0.158506
0.625000,0.625000,0.916667,0.107319,0.107202
0.625000,0.625000,0.958333,0.054237,0.054063
0.625000,0.625000,1.000000,-0.000000,-0.000000
0.625000,0.666667,0.000000,0.000000,0.000000
0.625000,0.666667,0.041667,0.049859,0.049684
0.625000,0.666667,0.083333,0.098769,0.098517
0.625000,0.666667,0.125000,0.145980,0.145665
0.625000,0.666667,0.166667,0.190721,0.190321
0.625000,0.666667,0.208333,0.232226,0.231720
0.625000,0.666667,0.250000,0.269768,0.269155
0.625000,0.666667,0.291667,0.302682,0.301984
0.625000,0.666667,0.333333,0.330385,0.329646
0.625000,0.666667,0.375000,0.352390,0.351667
0.625000,0.666667,0.416667,0.368314,0.367672
0.625000,0.666667,0.458333,0.377885,0.377386
0.625000,0.666667,0.500000,0.380949,0.380642
0.625000,0.666667,0.541667,0.377467,0.377386
0.625000,0.666667,0.583333,0.367520,0.367672
0.625000,0.666667,0.625000,0.351305,0.351667
0.625000,0.666667,0.666667,0.329127,0.329646
0.625000,0.666667,0.708333,0.301389,0.301984
0.625000,0.666667,0.750000,0.268584,0.269155
0.625000,0.666667,0.791667,0.231275,0.231720
0.625000,0.666667,0.833333,0.190084,0.190321
0.625000,0.666667,0.875000,0.145672,0.145665
0.625000,0.666667,0.916667,0.098726,0.098517
0.625000,0.666667,0.958333,0.049940,0.049684
0.625000,0.666667,1.000000,-0.000000,-0.000000
0.625000,0.708333,0.000000,0.000000,0.000000
0.625000,0.708333,0.041667,0.044930,0.044670
0.625000,0.708333,0.083333,0.088888,0.088576
0.625000,0.708333,0.125000,0.131275,0.130967
0.625000,0.708333,0.166667,0.171446,0.171116
0.625000,0.708333,0.208333,0.208738,0.208338
0.625000,0.708333,0.250000,0.242500,0.241995
0.625000,0.708333,0.291667,0.272127,0.271511
0.625000,0.708333,0.333333,0.297078,0.296382
0.625000,0.708333,0.375000,0.316900,0.316182
0.625000,0.708333,0.416667,0.331235,0.330571
0.625000,0.708333,0.458333,0.339835,0.339305
0.625000,0.708333,0.500000,0.342562,0.342233
0.625000,0.708333,0.541667,0.339390,0.339305
0.625000,0.708333,0.583333,0.330402,0.330571
0.625000,0.708333,0.625000,0.315787,0.316182
0.625000,0.708333,0.666667,0.295829,0.296382
0.625000,0.708333,0.708333,0.270901,0.271511
0.625000,0.708333,0.750000,0.241444,0.241995
0.625000,0.708333,0.791667,0.207963,0.208338
0.625000,0.708333,0.833333,0.171004,0.171116
0.625000,0.708333,0.875000,0.131141,0.130967
0.625000,0.708333,0.916667,0.088964,0.088576
0.625000,0.708333,0.958333,0.045060,0.044670
0.625000,0.708333,1.000000,-0.000000,-0.000000
0.625000,0.750000,0.000000,0.000000,0.000000
0.625000,0.750000,0.041667,0.039487,0.039134
0.625000,0.750000,0.083333,0.077995,0.077598
0.625000,0.750000,0.125000,0.115071,0.114734
0.625000,0.750000,0.166667,0.150200,0.149908
0.625000,0.750000,0.208333,0.182828,0.182516
0.625000,0.750000,0.250000,0.212394,0.212001
0.625000,0.750000,0.291667,0.238360,0.237859
0.625000,0.750000,0.333333,0.260242,0.259647
0.625000,0.750000,0.375000,0.277629,0.276993
0.625000,0.750000,0.416667,0.290198,0.289599
0.625000,0.750000,0.458333,0.297727,0.297250
0.625000,0.750000,0.500000,0.300098,0.299815
0.625000,0.750000,0.541667,0.297293,0.297250
0.625000,0.750000,0.583333,0.289396,0.289599
0.625000,0.750000,0.625000,0.276581,0.276993
0.625000,0.750000,0.666667,0.259104,0.259647
0.625000,0.750000,0.708333,0.237296,0.237859
0.625000,0.750000,0.750000,0.211545,0.212001
0.625000,0.750000,0.791667,0.182284,0.182516
0.625000,0.750000,0.833333,0.149979,0.149908
0.625000,0.750000,0.875000,0.115116,0.114734
0.625000,0.750000,0.916667,0.078182,0.077598
0.625000,0.750000,0.958333,0.039658,0.039134
0.625000,0.750000,1.000000,-0.000000,-0.000000
0.625000,0.791667,0.000000,0.000000,0.000000
0.625000,0.791667,0.041667,0.033623,0.033177
0.625000,0.791667,0.083333,0.066286,0.065787
0.625000,0.791667,0.125000,0.097667,0.097271
0.625000,0.791667,0.166667,0.127379,0.127090
0.625000,0.791667,0.208333,0.154982,0.154735
0.625000,0.791667,0.250000,0.180016,0.179733
0.625000,0.791667,0.291667,0.202025,0.201655
0.625000,0.791667,0.333333,0.220590,0.220127
0.625000,0.791667,0.375000,0.235353,0.234832
0.625000,0.791667,0.416667,0.246030,0.245519
0.625000,0.791667,0.458333,0.252426,0.252006
0.625000,0.791667,0.500000,0.254438,0.254180
0.625000,0.791667,0.541667,0.252055,0.252006
0.625000,0.791667,0.583333,0.245352,0.245519
0.625000,0.791667,0.625000,0.234482,0.234832
0.625000,0.791667,0.666667,0.219671,0.220127
0.625000,0.791667,0.708333,0.201200,0.201655
0.625000,0.791667,0.750000,0.179402,0.179733
0.625000,0.791667,0.791667,0.154641,0.154735
0.625000,0.791667,0.833333,0.127304,0.127090
0.625000,0.791667,0.875000,0.097788,0.097271
0.625000,0.791667,0.916667,0.066485,0.065787
0.625000,0.791667,0.958333,0.033772,0.033177
0.625000,0.791667,1.000000,-0.000000,-0.000000
0.625000,0.833333,0.000000,0.000000,0.000000
0.625000,0.833333,0.041667,0.027412,0.026894
0.625000,0.833333,0.083333,0.053917,0.053328
0.625000,0.833333,0.125000,0.079311,0.078850
0.625000,0.833333,0.166667,0.103325,0.103022
0.625000,0.833333,0.208333,0.125636,0.125432
0.625000,0.833333,0.250000,0.145887,0.145696
0.625000,0.833333,0.291667,0.163716,0.163466
0.625000,0.833333,0.333333,0.178779,0.178440
0.625000,0.833333,0.375000,0.190774,0.190361
0.625000,0.833333,0.416667,0.199461,0.199024
0.625000,0.833333,0.458333,0.204673,0.204282
0.625000,0.833333,0.500000,0.206319,0.206045
0.625000,0.833333,0.541667,0.204389,0.204282
0.625000,0.833333,0.583333,0.198946,0.199024
0.625000,0.833333,0.625000,0.190119,0.190361
0.625000,0.833333,0.666667,0.178097,0.178440
0.625000,0.833333,0.708333,0.163116,0.163466
0.625000,0.833333,0.750000,0.145449,0.145696
0.625000,0.833333,0.791667,0.125392,0.125432
0.625000,0.833333,0.833333,0.103259,0.103022
0.625000,0.833333,0.875000,0.079360,0.078850
0.625000,0.833333,0.916667,0.054001,0.053328
0.625000,0.833333,0.958333,0.027462,0.026894
0.625000,0.833333,1.000000,-0.000000,-0.000000
0.625000,0.875000,0.000000,0.000000,0.000000
0.625000,0.875000,0.041667,0.020905,0.020367
0.625000,0.875000,0.083333,0.041013,0.040386
0.625000,0.875000,0.125000,0.060212,0.059714
0.625000,0.875000,0.166667,0.078337,0.078020
0.625000,0.875000,0.208333,0.095171,0.094991
0.625000,0.875000,0.250000,0.110465,0.110337
0.625000,0.875000,0.291667,0.123949,0.123795
0.625000,0.875000,0.333333,0.135362,0.135135
0.625000,0.875000,0.375000,0.144468,0.144162
0.625000,0.875000,0.416667,0.151075,0.150723
0.625000,0.875000,0.458333,0.155047,0.154705
0.625000,0.875000,0.500000,0.156308,0.156040
0.625000,0.875000,0.541667,0.154847,0.154705
0.625000,0.875000,0.583333,0.150712,0.150723
0.625000,0.875000,0.625000,0.144006,0.144162
0.625000,0.875000,0.666667,0.134876,0.135135
0.625000,0.875000,0.708333,0.123508,0.123795
0.625000,0.875000,0.750000,0.110114,0.110337
0.625000,0.875000,0.791667,0.094924,0.094991
0.625000,0.875000,0.833333,0.078176,0.078020
0.625000,0.875000,0.875000,0.060100,0.059714
0.625000,0.875000,0.916667,0.040917,0.040386
0.625000,0.875000,0.958333,0.020826,0.020367
0.625000,0.875000,1.000000,-0.000000,-0.000000
0.625000,0.916667,0.000000,0.000000,0.000000
0.625000,0.916667,0.041667,0.014147,0.013668
0.625000,0.916667,0.083333,0.027676,0.027103
0.625000,0.916667,0.125000,0.040543,0.040074
0.625000,0.916667,0.166667,0.052660,0.052359
0.625000,0.916667,0.208333,0.063906,0.063748
0.625000,0.916667,0.250000,0.074126,0.074047
0.625000,0.916667,0.291667,0.083148,0.083079
0.625000,0.916667,0.333333,0.090799,0.090689
0.625000,0.916667,0.375000,0.096916,0.096747
0.625000,0.916667,0.416667,0.101365,0.101150
0.625000,0.916667,0.458333,0.104048,0.103822
0.625000,0.916667,0.500000,0.104907,0.104718
0.625000,0.916667,0.541667,0.103932,0.103822
0.625000,0.916667,0.583333,0.101153,0.101150
0.625000,0.916667,0.625000,0.096640,0.096747
0.625000,0.916667,0.666667,0.090495,0.090689
0.625000,0.916667,0.708333,0.082849,0.083079
0.625000,0.916667,0.750000,0.073848,0.074047
0.625000,0.916667,0.791667,0.063650,0.063748
0.625000,0.916667,0.833333,0.052416,0.052359
0.625000,0.916667,0.875000,0.040299,0.040074
0.625000,0.916667,0.916667,0.027443,0.027103
0.625000,0.916667,0.958333,0.013974,0.013668
0.625000,0.916667,1.000000,-0.000000,-0.000000
0.625000,0.958333,0.000000,0.000000,0.000000
0.625000,0.958333,0.041667,0.007169,0.006861
0.625000,0.958333,0.083333,0.013983,0.013604
0.625000,0.958333,0.125000,0.020433,0.020114
0.625000,0.958333,0.166667,0.026487,0.026281
0.625000,0.958333,0.208333,0.032096,0.031997
0.625000,0.958333,0.250000,0.037192,0.037166
0.625000,0.958333,0.291667,0.041695,0.041700
0.625000,0.958333,0.333333,0.045521,0.045519
0.625000,0.958333,0.375000,0.048588,0.048560
0.625000,0.958333,0.416667,0.050828,0.050770
0.625000,0.958333,0.458333,0.052186,0.052112
0.625000,0.958333,0.500000,0.052630,0.052561
0.625000,0.958333,0.541667,0.052152,0.052112
0.625000,0.958333,0.583333,0.050763,0.050770
0.625000,0.958333,0.625000,0.048499,0.048560
0.625000,0.958333,0.666667,0.045413,0.045519
0.625000,0.958333,0.708333,0.041569,0.041700
0.625000,0.958333,0.750000,0.037046,0.037166
0.625000,0.958333,0.791667,0.031924,0.031997
0.625000,0.958333,0.833333,0.026284,0.026281
0.625000,0.958333,0.875000,0.020205,0.020114
0.625000,0.958333,0.916667,0.013758,0.013604
0.625000,0.958333,0.958333,0.007006,0.006861
0.625000,0.958333,1.000000,-0.000000,-0.000000
0.625000,1.000000,0.000000,0.000000,0.000000
0.625000,1.000000,0.041667,0.000000,-0.000000
0.625000,1.000000,0.083333,0.000000,-0.000000
0.625000,1.000000,0.125000,0.000000,-0.000000
0.625000,1.000000,0.166667,0.000000,-0.000000
0.625000,1.000000,0.208333,0.000000,-0.000000
0.625000,1.000000,0.250000,0.000000,-0.000000
0.625000,1.000000,0.291667,0.000000,-0.000000
0.625000,1.000000,0.333333,0.000000,-0.000000
0.625000,1.000000,0.375000,0.000000,-0.000000
0.625000,1.000000,0.416667,0.000000,-0.000000
0.625000,1.000000,0.458333,0.000000,-0.000000
0.625000,1.000000,0.500000,0.000000,-0.000000
0.625000,1.000000,0.541667,0.000000,-0.000000
0.625000,1.000000,0.583333,0.000000,-0.000000
0.625000,1.000000,0.625000,0.000000,-0.000000
0.625000,1.000000,0.666667,0.000000,-0.000000
0.625000,1.000000,0.708333,0.000000,-0.000000
0.625000,1.000000,0.750000,0.000000,-0.000000
0.625000,1.000000,0.791667,0.000000,-0.000000
0.625000,1.000000,0.833333,0.000000,-0.000000
0.625000,1.000000,0.875000,0.000000,-0.000000
0.625000,1.000000,0.916667,0.000000,-0.000000
0.625000,1.000000,0.958333,0.000000,-0.000000
0.625000,1.000000,1.000000,0.000000,0.000000
0.666667,0.000000,0.000000,0.000000,0.000000
0.666667,0.000000,0.041667,0.000000,0.000000
0.666667,0.000000,0.083333,0.000000,0.000000
0.666667,0.000000,0.125000,0.000000,0.000000
0.666667,0.000000,0.166667,0.000000,0.000000
0.666667,0.000000,0.208333,0.000000,0.000000
0.666667,0.000000,0.250000,0.000000,0.000000
0.666667,0.000000,0.291667,0.000000,0.000000
0.666667,0.000000,0.333333,0.000000,0.000000
0.666667,0.000000,0.375000,0.000000,0.000000
0.666667,0.000000,0.416667,0.000000,0.000000
0.666667,0.000000,0.458333,0.000000,0.000000
0.666667,0.000000,0.500000,0.000000,0.000000
0.666667,0.000000,0.541667,0.000000,0.000000
0.666667,0.000000,0.583333,0.000000,0.000000
0.666667,0.000000,0.625000,0.000000,0.000000
0.666667,0.000000,0.666667,0.000000,0.000000
0.666667,0.000000,0.708333,0.000000,0.000000
0.666667,0.000000,0.750000,0.000000,0.000000
0.666667,0.000000,0.791667,0.000000,0.000000
0.666667,0.000000,0.833333,0.000000,0.000000
0.666667,0.000000,0.875000,0.000000,0.000000
0.666667,0.000000,0.916667,0.000000,0.000000
0.666667,0.000000,0.958333,0.000000,0.000000
0.666667,0.000000,1.000000,-0.000000,-0.000000
0.666667,0.041667,0.000000,0.000000,0.000000
0.666667,0.041667,0.041667,0.008949,0.008801
0.666667,0.041667,0.083333,0.017736,0.017451
0.666667,0.041667,0.125000,0.026188,0.025803
0.666667,0.041667,0.166667,0.034151,0.033713
0.666667,0.041667,0.208333,0.041489,0.041046
0.666667,0.041667,0.250000,0.048082,0.047678
0.666667,0.041667,0.291667,0.053828,0.053493
0.666667,0.041667,0.333333,0.058637,0.058393
0.666667,0.041667,0.375000,0.062438,0.062294
0.666667,0.041667,0.416667,0.065174,0.065129
0.666667,0.041667,0.458333,0.066808,0.066849
0.666667,0.041667,0.500000,0.067316,0.067426
0.666667,0.041667,0.541667,0.066693,0.066849
0.666667,0.041667,0.583333,0.064950,0.065129
0.666667,0.041667,0.625000,0.062116,0.062294
0.666667,0.041667,0.666667,0.058234,0.058393
0.666667,0.041667,0.708333,0.053363,0.053493
0.666667,0.041667,0.750000,0.047580,0.047678
0.666667,0.041667,0.791667,0.040975,0.041046
0.666667,0.041667,0.833333,0.033659,0.033713
0.666667,0.041667,0.875000,0.025756,0.025803
0.666667,0.041667,0.916667,0.017407,0.017451
0.666667,0.041667,0.958333,0.008766,0.008801
0.666667,0.041667,1.000000,-0.000000,-0.000000
0.666667,0.083333,0.000000,0.000000,0.000000
0.666667,0.083333,0.041667,0.017622,0.017397
0.666667,0.083333,0.083333,0.034945,0.034496
0.666667,0.083333,0.125000,0.051625,0.051005
0.666667,0.083333,0.166667,0.067356,0.066641
0.666667,0.083333,0.208333,0.081865,0.081137
0.666667,0.083333,0.250000,0.094914,0.094245
0.666667,0.083333,0.291667,0.106294,0.105740
0.666667,0.083333,0.333333,0.115829,0.115426
0.666667,0.083333,0.375000,0.123372,0.123137
0.666667,0.083333,0.416667,0.128812,0.128741
0.666667,0.083333,0.458333,0.132068,0.132142
0.666667,0.083333,0.500000,0.133096,0.133282
0.666667,0.083333,0.541667,0.131883,0.132142
0.666667,0.083333,0.583333,0.128450,0.128741
0.666667,0.083333,0.625000,0.122850,0.123137
0.666667,0.083333,0.666667,0.115170,0.115426
0.666667,0.083333,0.708333,0.105527,0.105740
0.666667,0.083333,0.750000,0.094075,0.094245
0.666667,0.083333,0.791667,0.080998,0.081137
0.666667,0.083333,0.833333,0.066516,0.066641
0.666667,0.083333,0.875000,0.050879,0.051005
0.666667,0.083333,0.916667,0.034371,0.034496
0.666667,0.083333,0.958333,0.017300,0.017397
0.666667,0.083333,1.000000,-0.000000,-0.000000
0.666667,0.125000,0.000000,0.000000,0.000000
0.666667,0.125000,0.041667,0.025837,0.025590
0.666667,0.125000,0.083333,0.051262,0.050742
0.666667,0.125000,0.125000,0.075766,0.075026
0.666667,0.125000,0.166667,0.098892,0.098026
0.666667,0.125000,0.208333,0.120237,0.119349
0.666667,0.125000,0.250000,0.139444,0.138630
0.666667,0.125000,0.291667,0.156204,0.155539
0.666667,0.125000,0.333333,0.170259,0.169787
0.666667,0.125000,0.375000,0.181392,0.181129
0.666667,0.125000,0.416667,0.189438,0.189373
0.666667,0.125000,0.458333,0.194278,0.194376
0.666667,0.125000,0.500000,0.195840,0.196053
0.666667,0.125000,0.541667,0.194103,0.194376
0.666667,0.125000,0.583333,0.189092,0.189373
0.666667,0.125000,0.625000,0.180882,0.181129
0.666667,0.125000,0.666667,0.169597,0.169787
0.666667,0.125000,0.708333,0.155409,0.155539
0.666667,0.125000,0.750000,0.138544,0.138630
0.666667,0.125000,0.791667,0.119277,0.119349
0.666667,0.125000,0.833333,0.097936,0.098026
0.666667,0.125000,0.875000,0.074896,0.075026
0.666667,0.125000,0.916667,0.050580,0.050742
0.666667,0.125000,0.958333,0.025449,0.025590
0.666667,0.125000,1.000000,-0.000000,-0.000000
0.666667,0.166667,0.000000,0.000000,0.000000
0.666667,0.166667,0.041667,0.033444,0.033197
0.666667,0.166667,0.083333,0.066386,0.065826
0.666667,0.166667,0.125000,0.098156,0.097328
0.666667,0.166667,0.166667,0.128150,0.127166
0.666667,0.166667,0.208333,0.155838,0.154827
0.666667,0.166667,0.250000,0.180754,0.179839
0.666667,0.166667,0.291667,0.202499,0.201774
0.666667,0.166667,0.333333,0.220736,0.220257
0.666667,0.166667,0.375000,0.235193,0.234971
0.666667,0.166667,0.416667,0.245656,0.245665
0.666667,0.166667,0.458333,0.251970,0.252155
0.666667,0.166667,0.500000,0.254042,0.254331
0.666667,0.166667,0.541667,0.251838,0.252155
0.666667,0.166667,0.583333,0.245385,0.245665
0.666667,0.166667,0.625000,0.234774,0.234971
0.666667,0.166667,0.666667,0.220160,0.220257
0.666667,0.166667,0.708333,0.201764,0.201774
0.666667,0.166667,0.750000,0.179879,0.179839
0.666667,0.166667,0.791667,0.154864,0.154827
0.666667,0.166667,0.833333,0.127148,0.127166
0.666667,0.166667,0.875000,0.097225,0.097328
0.666667,0.166667,0.916667,0.065648,0.065826
0.666667,0.166667,0.958333,0.033023,0.033197
0.666667,0.166667,1.000000,-0.000000,-0.000000
0.666667,0.208333,0.000000,0.000000,0.000000
0.666667,0.208333,0.041667,0.040303,0.040054
0.666667,0.208333,0.083333,0.080041,0.079422
0.666667,0.208333,0.125000,0.118386,0.117432
0.666667,0.208333,0.166667,0.154597,0.153432
0.666667,0.208333,0.208333,0.188020,0.186807
0.666667,0.208333,0.250000,0.218087,0.216985
0.666667,0.208333,0.291667,0.244316,0.243451
0.666667,0.208333,0.333333,0.266306,0.265752
0.666667,0.208333,0.375000,0.283733,0.283505
0.666667,0.208333,0.416667,0.296346,0.296407
0.666667,0.208333,0.458333,0.303963,0.304238
0.666667,0.208333,0.500000,0.306474,0.306864
0.666667,0.208333,0.541667,0.303834,0.304238
0.666667,0.208333,0.583333,0.296074,0.296407
0.666667,0.208333,0.625000,0.283296,0.283505
0.666667,0.208333,0.666667,0.265684,0.265752
0.666667,0.208333,0.708333,0.243502,0.243451
0.666667,0.208333,0.750000,0.217099,0.216985
0.666667,0.208333,0.791667,0.186912,0.186807
0.666667,0.208333,0.833333,0.153459,0.153432
0.666667,0.208333,0.875000,0.117341,0.117432
0.666667,0.208333,0.916667,0.079228,0.079422
0.666667,0.208333,0.958333,0.039853,0.040054
0.666667,0.208333,1.000000,-0.000000,-0.000000
0.666667,0.250000,0.000000,0.000000,0.000000
0.666667,0.250000,0.041667,0.046262,0.046022
0.666667,0.250000,0.083333,0.091928,0.091257
0.666667,0.250000,0.125000,0.136026,0.134931
0.666667,0.250000,0.166667,0.177682,0.176295
0.666667,0.250000,0.208333,0.216127,0.214644
0.666667,0.250000,0.250000,0.250700,0.249319
0.666667,0.250000,0.291667,0.280841,0.279729
0.666667,0.250000,0.333333,0.306093,0.305353
0.666667,0.250000,0.375000,0.326088,0.325752
0.666667,0.250000,0.416667,0.340547,0.340577
0.666667,0.250000,0.458333,0.349268,0.349574
0.666667,0.250000,0.500000,0.352130,0.352591
0.666667,0.250000,0.541667,0.349084,0.349574
0.666667,0.250000,0.583333,0.340164,0.340577
0.666667,0.250000,0.625000,0.325487,0.325752
0.666667,0.250000,0.666667,0.305260,0.305353
0.666667,0.250000,0.708333,0.279784,0.279729
0.666667,0.250000,0.750000,0.249459,0.249319
0.666667,0.250000,0.791667,0.214784,0.214644
0.666667,0.250000,0.833333,0.176356,0.176295
0.666667,0.250000,0.875000,0.134861,0.134931
0.666667,0.250000,0.916667,0.091070,0.091257
0.666667,0.250000,0.958333,0.045819,0.046022
0.666667,0.250000,1.000000,-0.000000,-0.000000
0.666667,0.291667,0.000000,0.000000,0.000000
0.666667,0.291667,0.041667,0.051192,0.050993
0.666667,0.291667,0.083333,0.101783,0.101114
0.666667,0.291667,0.125000,0.150676,0.149505
0.666667,0.291667,0.166667,0.196882,0.195338
0.666667,0.291667,0.208333,0.239530,0.237828
0.666667,0.291667,0.250000,0.277874,0.276249
0.666667,0.291667,0.291667,0.311287,0.309944
0.666667,0.291667,0.333333,0.339259,0.338335
0.666667,0.291667,0.375000,0.361389,0.360937
0.666667,0.291667,0.416667,0.377373,0.377364
0.666667,0.291667,0.458333,0.386995,0.387334
0.666667,0.291667,0.500000,0.390128,0.390676
0.666667,0.291667,0.541667,0.386726,0.387334
0.666667,0.291667,0.583333,0.376827,0.377364
0.666667,0.291667,0.625000,0.360562,0.360937
0.666667,0.291667,0.666667,0.338160,0.338335
0.666667,0.291667,0.708333,0.309952,0.309944
0.666667,0.291667,0.750000,0.276379,0.276249
0.666667,0.291667,0.791667,0.237991,0.237828
0.666667,0.291667,0.833333,0.195444,0.195338
0.666667,0.291667,0.875000,0.149493,0.149505
0.666667,0.291667,0.916667,0.100983,0.101114
0.666667,0.291667,0.958333,0.050828,0.050993
0.666667,0.291667,1.000000,-0.000000,-0.000000
0.666667,0.333333,0.000000,0.000000,0.000000
0.666667,0.333333,0.041667,0.055022,0.054889
0.666667,0.333333,0.083333,0.109449,0.108839
0.666667,0.333333,0.125000,0.162086,0.160927
0.666667,0.333333,0.166667,0.211851,0.210261
0.666667,0.333333,0.208333,0.257794,0.255997
0.666667,0.333333,0.250000,0.299098,0.297354
0.666667,0.333333,0.291667,0.335082,0.333622
0.666667,0.333333,0.333333,0.365193,0.364182
0.666667,0.333333,0.375000,0.388999,0.388511
0.666667,0.333333,0.416667,0.406177,0.406193
0.666667,0.333333,0.458333,0.416501,0.416924
0.666667,0.333333,0.500000,0.419840,0.420521
0.666667,0.333333,0.541667,0.416151,0.416924
0.666667,0.333333,0.583333,0.405482,0.406193
0.666667,0.333333,0.625000,0.387975,0.388511
0.666667,0.333333,0.666667,0.363877,0.364182
0.666667,0.333333,0.708333,0.333545,0.333622
0.666667,0.333333,0.750000,0.297450,0.297354
0.666667,0.333333,0.791667,0.256180,0.255997
0.666667,0.333333,0.833333,0.210433,0.210261
0.666667,0.333333,0.875000,0.161014,0.160927
0.666667,0.333333,0.916667,0.108815,0.108839
0.666667,0.333333,0.958333,0.054803,0.054889
0.666667,0.333333,1.000000,-0.000000,-0.000000
0.666667,0.375000,0.000000,0.000000,0.000000
0.666667,0.375000,0.041667,0.057742,0.057664
0.666667,0.375000,0.083333,0.114884,0.114341
0.666667,0.375000,0.125000,0.170169,0.169061
0.666667,0.375000,0.166667,0.222455,0.220889
0.666667,0.375000,0.208333,0.270735,0.268937
0.666667,0.375000,0.250000,0.314147,0.312384
0.666667,0.375000,0.291667,0.351969,0.350486
0.666667,0.375000,0.333333,0.383615,0.382591
0.666667,0.375000,0.375000,0.408628,0.408150
0.666667,0.375000,0.416667,0.426668,0.426725
0.666667,0.375000,0.458333,0.437501,0.437999
0.666667,0.375000,0.500000,0.440991,0.441778
0.666667,0.375000,0.541667,0.437098,0.437998
0.666667,0.375000,0.583333,0.425875,0.426725
0.666667,0.375000,0.625000,0.407480,0.408150
0.666667,0.375000,0.666667,0.382174,0.382591
0.666667,0.375000,0.708333,0.350335,0.350486
0.666667,0.375000,0.750000,0.312456,0.312384
0.666667,0.375000,0.791667,0.269151,0.268937
0.666667,0.375000,0.833333,0.221147,0.220889
0.666667,0.375000,0.875000,0.169275,0.169061
0.666667,0.375000,0.916667,0.114456,0.114340
0.666667,0.375000,0.958333,0.057682,0.057664
0.666667,0.375000,1.000000,-0.000000,-0.000000
0.666667,0.416667,0.000000,0.000000,0.000000
0.666667,0.416667,0.041667,0.059357,0.059303
0.666667,0.416667,0.083333,0.118089,0.117591
0.666667,0.416667,0.125000,0.174916,0.173867
0.666667,0.416667,0.166667,0.228673,0.227169
0.666667,0.416667,0.208333,0.278327,0.276583
0.666667,0.416667,0.250000,0.322989,0.321265
0.666667,0.416667,0.291667,0.361913,0.360450
0.666667,0.416667,0.333333,0.394492,0.393468
0.666667,0.416667,0.375000,0.420248,0.419753
0.666667,0.416667,0.416667,0.438826,0.438856
0.666667,0.416667,0.458333,0.449979,0.450451
0.666667,0.416667,0.500000,0.453566,0.454337
0.666667,0.416667,0.541667,0.449548,0.450451
0.666667,0.416667,0.583333,0.437986,0.438856
0.666667,0.416667,0.625000,0.419047,0.419753
0.666667,0.416667,0.666667,0.393010,0.393468
0.666667,0.416667,0.708333,0.360267,0.360450
0.666667,0.416667,0.750000,0.321330,0.321265
0.666667,0.416667,0.791667,0.276828,0.276583
0.666667,0.416667,0.833333,0.227502,0.227169
0.666667,0.416667,0.875000,0.174195,0.173867
0.666667,0.416667,0.916667,0.117835,0.117591
0.666667,0.416667,0.958333,0.059421,0.059303
0.666667,0.416667,1.000000,-0.000000,-0.000000
0.666667,0.458333,0.000000,0.000000,0.000000
0.666667,0.458333,0.041667,0.059869,0.059823
0.666667,0.458333,0.083333,0.119070,0.118622
0.666667,0.458333,0.125000,0.176346,0.175391
0.666667,0.458333,0.166667,0.230541,0.229159
0.666667,0.458333,0.208333,0.280623,0.279007
0.666667,0.458333,0.250000,0.325697,0.324080
0.666667,0.458333,0.291667,0.365006,0.363608
0.666667,0.458333,0.333333,0.397929,0.396915
0.666667,0.458333,0.375000,0.423973,0.423431
0.666667,0.458333,0.416667,0.442766,0.442702
0.666667,0.458333,0.458333,0.454049,0.454397
0.666667,0.458333,0.500000,0.457677,0.458318
0.666667,0.458333,0.541667,0.453607,0.454397
0.666667,0.458333,0.583333,0.441909,0.442702
0.666667,0.458333,0.625000,0.422761,0.423431
0.666667,0.458333,0.666667,0.396453,0.396915
0.666667,0.458333,0.708333,0.363394,0.363608
0.666667,0.458333,0.750000,0.324106,0.324080
0.666667,0.458333,0.791667,0.279225,0.279006
0.666667,0.458333,0.833333,0.229496,0.229159
0.666667,0.458333,0.875000,0.175757,0.175391
0.666667,0.458333,0.916667,0.118930,0.118621
0.666667,0.458333,0.958333,0.060001,0.059822
0.666667,0.458333,1.000000,-0.000000,-0.000000
0.666667,0.500000,0.000000,0.000000,0.000000
0.666667,0.500000,0.041667,0.059299,0.059264
0.666667,0.500000,0.083333,0.117883,0.117514
0.666667,0.500000,0.125000,0.174553,0.173754
0.666667,0.500000,0.166667,0.228195,0.227020
0.666667,0.500000,0.208333,0.277800,0.276402
0.666667,0.500000,0.250000,0.322482,0.321055
0.666667,0.500000,0.291667,0.361485,0.360215
0.666667,0.500000,0.333333,0.394179,0.393211
0.666667,0.500000,0.375000,0.420060,0.419479
0.666667,0.500000,0.416667,0.438745,0.438570
0.666667,0.500000,0.458333,0.449966,0.450156
0.666667,0.500000,0.500000,0.453570,0.454041
0.666667,0.500000,0.541667,0.449517,0.450156
0.666667,0.500000,0.583333,0.437882,0.438570
0.666667,0.500000,0.625000,0.418850,0.419479
0.666667,0.500000,0.666667,0.392724,0.393211
0.666667,0.500000,0.708333,0.359920,0.360215
0.666667,0.500000,0.750000,0.320966,0.321055
0.666667,0.500000,0.791667,0.276497,0.276402
0.666667,0.500000,0.833333,0.227251,0.227020
0.666667,0.500000,0.875000,0.174052,0.173754
0.666667,0.500000,0.916667,0.117799,0.117514
0.666667,0.500000,0.958333,0.059451,0.059264
0.666667,0.500000,1.000000,-0.000000,-0.000000
0.666667,0.541667,0.000000,0.000000,0.000000
0.666667,0.541667,0.041667,0.057716,0.057692
0.666667,0.541667,0.083333,0.114670,0.114397
0.666667,0.541667,0.125000,0.169756,0.169144
0.666667,0.541667,0.166667,0.221923,0.220997
0.666667,0.541667,0.208333,0.270203,0.269069
0.666667,0.541667,0.250000,0.313735,0.312537
0.666667,0.541667,0.291667,0.351772,0.350658
0.666667,0.541667,0.333333,0.383684,0.382778
0.666667,0.541667,0.375000,0.408965,0.408349
0.666667,0.541667,0.416667,0.427225,0.426934
0.666667,0.541667,0.458333,0.438191,0.438213
0.666667,0.541667,0.500000,0.441708,0.441994
0.666667,0.541667,0.541667,0.437737,0.438213
0.666667,0.541667,0.583333,0.426356,0.426934
0.666667,0.541667,0.625000,0.407757,0.408349
0.666667,0.541667,0.666667,0.382248,0.382778
0.666667,0.541667,0.708333,0.350248,0.350658
0.666667,0.541667,0.750000,0.312281,0.312537
0.666667,0.541667,0.791667,0.268975,0.269069
0.666667,0.541667,0.833333,0.221049,0.220997
0.666667,0.541667,0.875000,0.169302,0.169144
0.666667,0.541667,0.916667,0.114598,0.114396
0.666667,0.541667,0.958333,0.057851,0.057692
0.666667,0.541667,1.000000,-0.000000,-0.000000
0.666667,0.583333,0.000000,0.000000,0.000000
0.666667,0.583333,0.041667,0.055225,0.055187
0.666667,0.583333,0.083333,0.109643,0.109429
0.666667,0.583333,0.125000,0.162262,0.161799
0.666667,0.583333,0.166667,0.212115,0.211401
0.666667,0.583333,0.208333,0.258295,0.257385
0.666667,0.583333,0.250000,0.299975,0.298966
0.666667,0.583333,0.291667,0.336429,0.335431
0.666667,0.583333,0.333333,0.367042,0.366157
0.666667,0.583333,0.375000,0.391308,0.390618
0.666667,0.583333,0.416667,0.408840,0.408395
0.666667,0.583333,0.458333,0.419366,0.419185
0.666667,0.583333,0.500000,0.422733,0.422802
0.666667,0.583333,0.541667,0.418904,0.419185
0.666667,0.583333,0.583333,0.407959,0.408395
0.666667,0.583333,0.625000,0.390091,0.390618
0.666667,0.583333,0.666667,0.365609,0.366157
0.666667,0.583333,0.708333,0.334927,0.335431
0.666667,0.583333,0.750000,0.298559,0.298966
0.666667,0.583333,0.791667,0.257114,0.257385
0.666667,0.583333,0.833333,0.211283,0.211401
0.666667,0.583333,0.875000,0.161825,0.161799
0.666667,0.583333,0.916667,0.109556,0.109429
0.666667,0.583333,0.958333,0.055325,0.055187
0.666667,0.583333,1.000000,-0.000000,-0.000000
0.666667,0.625000,0.000000,0.000000,0.000000
0.666667,0.625000,0.041667,0.051935,0.051842
0.666667,0.625000,0.083333,0.103017,0.102798
0.666667,0.625000,0.125000,0.152385,0.151994
0.666667,0.625000,0.166667,0.199174,0.198590
0.666667,0.625000,0.208333,0.242551,0.241788
0.666667,0.625000,0.250000,0.281741,0.280849
0.666667,0.625000,0.291667,0.316052,0.315104
0.666667,0.625000,0.333333,0.344887,0.343968
0.666667,0.625000,0.375000,0.367756,0.366946
0.666667,0.625000,0.416667,0.384279,0.383646
0.666667,0.625000,0.458333,0.394192,0.393782
0.666667,0.625000,0.500000,0.397347,0.397180
0.666667,0.625000,0.541667,0.393709,0.393782
0.666667,0.625000,0.583333,0.383362,0.383646
0.666667,0.625000,0.625000,0.366500,0.366946
0.666667,0.625000,0.666667,0.343425,0.343968
0.666667,0.625000,0.708333,0.314540,0.315104
0.666667,0.625000,0.750000,0.280341,0.280849
0.666667,0.625000,0.791667,0.241403,0.241788
0.666667,0.625000,0.833333,0.198377,0.198590
0.666667,0.625000,0.875000,0.151966,0.151994
0.666667,0.625000,0.916667,0.102917,0.102798
0.666667,0.625000,0.958333,0.052003,0.051842
0.666667,0.625000,1.000000,-0.000000,-0.000000
0.666667,0.666667,0.000000,0.000000,0.000000
0.666667,0.666667,0.041667,0.047940,0.047760
0.666667,0.666667,0.083333,0.094982,0.094702
0.666667,0.666667,0.125000,0.140408,0.140024
0.666667,0.666667,0.166667,0.183468,0.182950
0.666667,0.666667,0.208333,0.223417,0.222746
0.666667,0.666667,0.250000,0.259546,0.258730
0.666667,0.666667,0.291667,0.291207,0.290288
0.666667,0.666667,0.333333,0.317832,0.316879
0.666667,0.666667,0.375000,0.338955,0.338048
0.666667,0.666667,0.416667,0.354210,0.353432
0.666667,0.666667,0.458333,0.363348,0.362770
0.666667,0.666667,0.500000,0.366229,0.365900
0.666667,0.666667,0.541667,0.362827,0.362770
0.666667,0.666667,0.583333,0.353230,0.353432
0.666667,0.666667,0.625000,0.337629,0.338048
0.666667,0.666667,0.666667,0.316316,0.316879
0.666667,0.666667,0.708333,0.289673,0.290288
0.666667,0.666667,0.750000,0.258164,0.258730
0.666667,0.666667,0.791667,0.222322,0.222746
0.666667,0.666667,0.833333,0.182738,0.182950
0.666667,0.666667,0.875000,0.140045,0.140024
0.666667,0.666667,0.916667,0.094907,0.094702
0.666667,0.666667,0.958333,0.048002,0.047760
0.666667,0.666667,1.000000,-0.000000,-0.000000
0.666667,0.708333,0.000000,0.000000,0.000000
0.666667,0.708333,0.041667,0.043326,0.043041
0.666667,0.708333,0.083333,0.085720,0.085347
0.666667,0.708333,0.125000,0.126606,0.126191
0.666667,0.708333,0.166667,0.165358,0.164877
0.666667,0.708333,0.208333,0.201332,0.200741
0.666667,0.708333,0.250000,0.233895,0.233171
0.666667,0.708333,0.291667,0.262454,0.261611
0.666667,0.708333,0.333333,0.286485,0.285575
0.666667,0.708333,0.375000,0.305551,0.304653
0.666667,0.708333,0.416667,0.319312,0.318518
0.666667,0.708333,0.458333,0.327536,0.326933
0.666667,0.708333,0.500000,0.330101,0.329754
0.666667,0.708333,0.541667,0.326990,0.326932
0.666667,0.708333,0.583333,0.318291,0.318518
0.666667,0.708333,0.625000,0.304190,0.304653
0.666667,0.708333,0.666667,0.284959,0.285575
0.666667,0.708333,0.708333,0.260952,0.261611
0.666667,0.708333,0.750000,0.232590,0.233171
0.666667,0.708333,0.791667,0.200347,0.200741
0.666667,0.708333,0.833333,0.164747,0.164877
0.666667,0.708333,0.875000,0.126342,0.126191
0.666667,0.708333,0.916667,0.085703,0.085346
0.666667,0.708333,0.958333,0.043402,0.043041
0.666667,0.708333,1.000000,-0.000000,-0.000000
0.666667,0.750000,0.000000,0.000000,0.000000
0.666667,0.750000,0.041667,0.038185,0.037790
0.666667,0.750000,0.083333,0.075417,0.074933
0.666667,0.750000,0.125000,0.111261,0.110794
0.666667,0.750000,0.166667,0.145218,0.144760
0.666667,0.750000,0.208333,0.176752,0.176248
0.666667,0.750000,0.250000,0.205316,0.204721
0.666667,0.750000,0.291667,0.230389,0.229691
0.666667,0.750000,0.333333,0.251500,0.250731
0.666667,0.750000,0.375000,0.268254,0.267481
0.666667,0.750000,0.416667,0.280343,0.279654
0.666667,0.750000,0.458333,0.287559,0.287043
0.666667,0.750000,0.500000,0.289793,0.289520
0.666667,0.750000,0.541667,0.287037,0.287043
0.666667,0.750000,0.583333,0.279375,0.279654
0.666667,0.750000,0.625000,0.266977,0.267481
0.666667,0.750000,0.666667,0.250093,0.250731
0.666667,0.750000,0.708333,0.229037,0.229691
0.666667,0.750000,0.750000,0.204178,0.204721
0.666667,0.750000,0.791667,0.175933,0.176248
0.666667,0.750000,0.833333,0.144748,0.144760
0.666667,0.750000,0.875000,0.111091,0.110794
0.666667,0.750000,0.916667,0.075438,0.074933
0.666667,0.750000,0.958333,0.038258,0.037790
0.666667,0.750000,1.000000,-0.000000,-0.000000
0.666667,0.791667,0.000000,0.000000,0.000000
0.666667,0.791667,0.041667,0.032600,0.032102
0.666667,0.791667,0.083333,0.064253,0.063654
0.666667,0.791667,0.125000,0.094652,0.094118
0.666667,0.791667,0.166667,0.123422,0.122971
0.666667,0.791667,0.208333,0.150140,0.149720
0.666667,0.791667,0.250000,0.174360,0.173907
0.666667,0.791667,0.291667,0.195642,0.195118
0.666667,0.791667,0.333333,0.213581,0.212991
0.666667,0.791667,0.375000,0.227830,0.227220
0.666667,0.791667,0.416667,0.238119,0.237561
0.666667,0.791667,0.458333,0.244263,0.243837
0.666667,0.791667,0.500000,0.246165,0.245941
0.666667,0.791667,0.541667,0.243819,0.243837
0.666667,0.791667,0.583333,0.237300,0.237561
0.666667,0.791667,0.625000,0.226759,0.227220
0.666667,0.791667,0.666667,0.212413,0.212991
0.666667,0.791667,0.708333,0.194535,0.195118
0.666667,0.791667,0.750000,0.173443,0.173907
0.666667,0.791667,0.791667,0.149488,0.149720
0.666667,0.791667,0.833333,0.123046,0.122971
0.666667,0.791667,0.875000,0.094500,0.094118
0.666667,0.791667,0.916667,0.064236,0.063654
0.666667,0.791667,0.958333,0.032621,0.032102
0.666667,0.791667,1.000000,-0.000000,-0.000000
0.666667,0.833333,0.000000,0.000000,0.000000
0.666667,0.833333,0.041667,0.026643,0.026067
0.666667,0.833333,0.083333,0.052383,0.051689
0.666667,0.833333,0.125000,0.077028,0.076426
0.666667,0.833333,0.166667,0.100317,0.099855
0.666667,0.833333,0.208333,0.121942,0.121576
0.666667,0.833333,0.250000,0.141561,0.141216
0.666667,0.833333,0.291667,0.158824,0.158440
0.666667,0.833333,0.333333,0.173399,0.172954
0.666667,0.833333,0.375000,0.184995,0.184508
0.666667,0.833333,0.416667,0.193381,0.192905
0.666667,0.833333,0.458333,0.198396,0.198001
0.666667,0.833333,0.500000,0.199957,0.199710
0.666667,0.833333,0.541667,0.198054,0.198001
0.666667,0.833333,0.583333,0.192749,0.192905
0.666667,0.833333,0.625000,0.184171,0.184508
0.666667,0.833333,0.666667,0.172502,0.172954
0.666667,0.833333,0.708333,0.157969,0.158440
0.666667,0.833333,0.750000,0.140838,0.141216
0.666667,0.833333,0.791667,0.121398,0.121576
0.666667,0.833333,0.833333,0.099950,0.099855
0.666667,0.833333,0.875000,0.076800,0.076426
0.666667,0.833333,0.916667,0.052244,0.051689
0.666667,0.833333,0.958333,0.026561,0.026067
0.666667,0.833333,1.000000,-0.000000,-0.000000
0.666667,0.875000,0.000000,0.000000,0.000000
0.666667,0.875000,0.041667,0.020365,0.019769
0.666667,0.875000,0.083333,0.039933,0.039199
0.666667,0.875000,0.125000,0.058598,0.057959
0.666667,0.875000,0.166667,0.076204,0.075727
0.666667,0.875000,0.208333,0.092544,0.092200
0.666667,0.875000,0.250000,0.107378,0.107095
0.666667,0.875000,0.291667,0.120450,0.120157
0.666667,0.875000,0.333333,0.131507,0.131164
0.666667,0.875000,0.375000,0.140322,0.139926
0.666667,0.875000,0.416667,0.146710,0.146294
0.666667,0.875000,0.458333,0.150539,0.150159
0.666667,0.875000,0.500000,0.151738,0.151455
0.666667,0.875000,0.541667,0.150296,0.150159
0.666667,0.875000,0.583333,0.146261,0.146294
0.666667,0.875000,0.625000,0.139733,0.139926
0.666667,0.875000,0.666667,0.130855,0.131164
0.666667,0.875000,0.708333,0.119809,0.120157
0.666667,0.875000,0.750000,0.106799,0.107095
0.666667,0.875000,0.791667,0.092051,0.092200
0.666667,0.875000,0.833333,0.075793,0.075727
0.666667,0.875000,0.875000,0.058254,0.057959
0.666667,0.875000,0.916667,0.039648,0.039199
0.666667,0.875000,0.958333,0.020173,0.019769
0.666667,0.875000,1.000000,-0.000000,-0.000000
0.666667,0.916667,0.000000,0.000000,0.000000
0.666667,0.916667,0.041667,0.013810,0.013281
0.666667,0.916667,0.083333,0.027002,0.026334
0.666667,0.916667,0.125000,0.039531,0.038937
0.666667,0.916667,0.166667,0.051320,0.050873
0.666667,0.916667,0.208333,0.062250,0.061939
0.666667,0.916667,0.250000,0.072175,0.071946
0.666667,0.916667,0.291667,0.080931,0.080721
0.666667,0.916667,0.333333,0.088351,0.088115
0.666667,0.916667,0.375000,0.094279,0.094002
0.666667,0.916667,0.416667,0.098586,0.098280
0.666667,0.916667,0.458333,0.101176,0.100876
0.666667,0.916667,0.500000,0.101996,0.101747
0.666667,0.916667,0.541667,0.101034,0.100876
0.666667,0.916667,0.583333,0.098320,0.098280
0.666667,0.916667,0.625000,0.093922,0.094002
0.666667,0.916667,0.666667,0.087940,0.088115
0.666667,0.916667,0.708333,0.080499,0.080721
0.666667,0.916667,0.750000,0.071744,0.071946
0.666667,0.916667,0.791667,0.061826,0.061939
0.666667,0.916667,0.833333,0.050903,0.050873
0.666667,0.916667,0.875000,0.039126,0.038937
0.666667,0.916667,0.916667,0.026635,0.026334
0.666667,0.916667,0.958333,0.013557,0.013281
0.666667,0.916667,1.000000,-0.000000,-0.000000
0.666667,0.958333,0.000000,0.000000,0.000000
0.666667,0.958333,0.041667,0.007011,0.006670
0.666667,0.958333,0.083333,0.013665,0.013226
0.666667,0.958333,0.125000,0.019955,0.019556
0.666667,0.958333,0.166667,0.025853,0.025551
0.666667,0.958333,0.208333,0.031311,0.031109
0.666667,0.958333,0.250000,0.036264,0.036135
0.666667,0.958333,0.291667,0.040638,0.040542
0.666667,0.958333,0.333333,0.044351,0.044256
0.666667,0.958333,0.375000,0.047326,0.047212
0.666667,0.958333,0.416667,0.049495,0.049361
0.666667,0.958333,0.458333,0.050808,0.050665
0.666667,0.958333,0.500000,0.051233,0.051102
0.666667,0.958333,0.541667,0.050760,0.050665
0.666667,0.958333,0.583333,0.049403,0.049361
0.666667,0.958333,0.625000,0.047196,0.047212
0.666667,0.958333,0.666667,0.044188,0.044256
0.666667,0.958333,0.708333,0.040444,0.040542
0.666667,0.958333,0.750000,0.036039,0.036135
0.666667,0.958333,0.791667,0.031050,0.031109
0.666667,0.958333,0.833333,0.025559,0.025551
0.666667,0.958333,0.875000,0.019642,0.019556
0.666667,0.958333,0.916667,0.013369,0.013226
0.666667,0.958333,0.958333,0.006805,0.006670
0.666667,0.958333,1.000000,-0.000000,-0.000000
0.666667,1.000000,0.000000,0.000000,0.000000
0.666667,1.000000,0.041667,0.000000,-0.000000
0.666667,1.000000,0.083333,0.000000,-0.000000
0.666667,1.000000,0.125000,0.000000,-0.000000
0.666667,1.000000,0.166667,0.000000,-0.000000
0.666667,1.000000,0.208333,0.000000,-0.000000
0.666667,1.000000,0.250000,0.000000,-0.000000
0.666667,1.000000,0.291667,0.000000,-0.000000
0.666667,1.000000,0.333333,0.000000,-0.000000
0.666667,1.000000,0.375000,0.000000,-0.000000
0.666667,1.000000,0.416667,0.000000,-0.000000
0.666667,1.000000,0.458333,0.000000,-0.000000
0.666667,1.000000,0.500000,0.000000,-0.000000
0.666667,1.000000,0.541667,0.000000,-0.000000
0.666667,1.000000,0.583333,0.000000,-0.000000
0.666667,1.000000,0.625000,0.000000,-0.000000
0.666667,1.000000,0.666667,0.000000,-0.000000
0.666667,1.000000,0.708333,0.000000,-0.000000
0.666667,1.000000,0.750000,0.000000,-0.000000
0.666667,1.000000,0.791667,0.000000,-0.000000
0.666667,1.000000,0.833333,0.000000,-0.000000
0.666667,1.000000,0.875000,0.000000,-0.000000
0.666667,1.000000,0.916667,0.000000,-0.000000
0.666667,1.000000,0.958333,0.000000,-0.000000
0.666667,1.000000,1.000000,0.000000,0.000000
0.708333,0.000000,0.000000,0.000000,0.000000
0.708333,0.000000,0.041667,0.000000,0.000000
0.708333,0.000000,0.083333,0.000000,0.000000
0.708333,0.000000,0.125000,0.000000,0.000000
0.708333,0.000000,0.166667,0.000000,0.000000
0.708333,0.000000,0.208333,0.000000,0.000000
0.708333,0.000000,0.250000,0.000000,0.000000
0.708333,0.000000,0.291667,0.000000,0.000000
0.708333,0.000000,0.333333,0.000000,0.000000
0.708333,0.000000,0.375000,0.000000,0.000000
0.708333,0.000000,0.416667,0.000000,0.000000
0.708333,0.000000,0.458333,0.000000,0.000000
0.708333,0.000000,0.500000,0.000000,0.000000
0.708333,0.000000,0.541667,0.000000,0.000000
0.708333,0.000000,0.583333,0.000000,0.000000
0.708333,0.000000,0.625000,0.000000,0.000000
0.708333,0.000000,0.666667,0.000000,0.000000
0.708333,0.000000,0.708333,0.000000,0.000000
0.708333,0.000000,0.750000,0.000000,0.000000
0.708333,0.000000,0.791667,0.000000,0.000000
0.708333,0.000000,0.833333,0.000000,0.000000
0.708333,0.000000,0.875000,0.000000,0.000000
0.708333,0.000000,0.916667,0.000000,0.000000
0.708333,0.000000,0.958333,0.000000,0.000000
0.708333,0.000000,1.000000,-0.000000,-0.000000
0.708333,0.041667,0.000000,0.000000,0.000000
0.708333,0.041667,0.041667,0.008407,0.008259
0.708333,0.041667,0.083333,0.016662,0.016378
0.708333,0.041667,0.125000,0.024604,0.024215
0.708333,0.041667,0.166667,0.032086,0.031639
0.708333,0.041667,0.208333,0.038980,0.038521
0.708333,0.041667,0.250000,0.045173,0.044744
0.708333,0.041667,0.291667,0.050565,0.050202
0.708333,0.041667,0.333333,0.055074,0.054800
0.708333,0.041667,0.375000,0.058632,0.058461
0.708333,0.041667,0.416667,0.061185,0.061122
0.708333,0.041667,0.458333,0.062699,0.062737
0.708333,0.041667,0.500000,0.063154,0.063278
0.708333,0.041667,0.541667,0.062547,0.062737
0.708333,0.041667,0.583333,0.060890,0.061122
0.708333,0.041667,0.625000,0.058212,0.058461
0.708333,0.041667,0.666667,0.054556,0.054800
0.708333,0.041667,0.708333,0.049978,0.050202
0.708333,0.041667,0.750000,0.044552,0.044744
0.708333,0.041667,0.791667,0.038364,0.038521
0.708333,0.041667,0.833333,0.031515,0.031639
0.708333,0.041667,0.875000,0.024120,0.024215
0.708333,0.041667,0.916667,0.016308,0.016378
0.708333,0.041667,0.958333,0.008218,0.008259
0.708333,0.041667,1.000000,-0.000000,-0.000000
0.708333,0.083333,0.000000,0.000000,0.000000
0.708333,0.083333,0.041667,0.016539,0.016332
0.708333,0.083333,0.083333,0.032805,0.032384
0.708333,0.083333,0.125000,0.048475,0.047882
0.708333,0.083333,0.166667,0.063259,0.062561
0.708333,0.083333,0.208333,0.076899,0.076170
0.708333,0.083333,0.250000,0.089165,0.088475
0.708333,0.083333,0.291667,0.099861,0.099267
0.708333,0.083333,0.333333,0.108816,0.108359
0.708333,0.083333,0.375000,0.115893,0.115598
0.708333,0.083333,0.416667,0.120984,0.120859
0.708333,0.083333,0.458333,0.124016,0.124052
0.708333,0.083333,0.500000,0.124947,0.125123
0.708333,0.083333,0.541667,0.123768,0.124052
0.708333,0.083333,0.583333,0.120503,0.120859
0.708333,0.083333,0.625000,0.115206,0.115598
0.708333,0.083333,0.666667,0.107963,0.108359
0.708333,0.083333,0.708333,0.098890,0.099267
0.708333,0.083333,0.750000,0.088132,0.088475
0.708333,0.083333,0.791667,0.075864,0.076170
0.708333,0.083333,0.833333,0.062294,0.062561
0.708333,0.083333,0.875000,0.047652,0.047882
0.708333,0.083333,0.916667,0.032198,0.032384
0.708333,0.083333,0.958333,0.016214,0.016332
0.708333,0.083333,1.000000,-0.000000,-0.000000
0.708333,0.125000,0.000000,0.000000,0.000000
0.708333,0.125000,0.041667,0.024237,0.024036
0.708333,0.125000,0.083333,0.048106,0.047661
0.708333,0.125000,0.125000,0.071126,0.070471
0.708333,0.125000,0.166667,0.092866,0.092075
0.708333,0.125000,0.208333,0.112940,0.112103
0.708333,0.125000,0.250000,0.131010,0.130213
0.708333,0.125000,0.291667,0.146780,0.146096
0.708333,0.125000,0.333333,0.160000,0.159478
0.708333,0.125000,0.375000,0.170466,0.170132
0.708333,0.125000,0.416667,0.178017,0.177875
0.708333,0.125000,0.458333,0.182542,0.182574
0.708333,0.125000,0.500000,0.183974,0.184149
0.708333,0.125000,0.541667,0.182295,0.182574
0.708333,0.125000,0.583333,0.177535,0.177875
0.708333,0.125000,0.625000,0.169768,0.170132
0.708333,0.125000,0.666667,0.159119,0.159478
0.708333,0.125000,0.708333,0.145757,0.146096
0.708333,0.125000,0.750000,0.129899,0.130213
0.708333,0.125000,0.791667,0.111806,0.112103
0.708333,0.125000,0.833333,0.091788,0.092075
0.708333,0.125000,0.875000,0.070194,0.070471
0.708333,0.125000,0.916667,0.047412,0.047661
0.708333,0.125000,0.958333,0.023864,0.024036
0.708333,0.125000,1.000000,-0.000000,-0.000000
0.708333,0.166667,0.000000,0.000000,0.000000
0.708333,0.166667,0.041667,0.031375,0.031205
0.708333,0.166667,0.083333,0.062307,0.061875
0.708333,0.166667,0.125000,0.092162,0.091487
0.708333,0.166667,0.166667,0.120370,0.119534
0.708333,0.166667,0.208333,0.146426,0.145535
0.708333,0.166667,0.250000,0.169885,0.169046
0.708333,0.166667,0.291667,0.190365,0.189665
0.708333,0.166667,0.333333,0.207543,0.207039
0.708333,0.166667,0.375000,0.221155,0.220870
0.708333,0.166667,0.416667,0.230996,0.230922
0.708333,0.166667,0.458333,0.236919,0.237023
0.708333,0.166667,0.500000,0.238835,0.239068
0.708333,0.166667,0.541667,0.236716,0.237023
0.708333,0.166667,0.583333,0.230592,0.230922
0.708333,0.166667,0.625000,0.220555,0.220870
0.708333,0.166667,0.666667,0.206759,0.207039
0.708333,0.166667,0.708333,0.189423,0.189665
0.708333,0.166667,0.750000,0.168826,0.169046
0.708333,0.166667,0.791667,0.145313,0.145535
0.708333,0.166667,0.833333,0.119287,0.119534
0.708333,0.166667,0.875000,0.091211,0.091487
0.708333,0.166667,0.916667,0.061595,0.061875
0.708333,0.166667,0.958333,0.030995,0.031205
0.708333,0.166667,1.000000,-0.000000,-0.000000
0.708333,0.208333,0.000000,0.000000,0.000000
0.708333,0.208333,0.041667,0.037834,0.037686
0.708333,0.208333,0.083333,0.075172,0.074727
0.708333,0.208333,0.125000,0.111233,0.110489
0.708333,0.208333,0.166667,0.145314,0.144361
0.708333,0.208333,0.208333,0.176792,0.175763
0.708333,0.208333,0.250000,0.205127,0.204158
0.708333,0.208333,0.291667,0.229855,0.229059
0.708333,0.208333,0.333333,0.250592,0.250041
0.708333,0.208333,0.375000,0.267024,0.266745
0.708333,0.208333,0.416667,0.278910,0.278885
0.708333,0.208333,0.458333,0.286075,0.286253
0.708333,0.208333,0.500000,0.288413,0.288723
0.708333,0.208333,0.541667,0.285887,0.286253
0.708333,0.208333,0.583333,0.278528,0.278885
0.708333,0.208333,0.625000,0.266442,0.266745
0.708333,0.208333,0.666667,0.249809,0.250041
0.708333,0.208333,0.708333,0.228887,0.229059
0.708333,0.208333,0.750000,0.204015,0.204158
0.708333,0.208333,0.791667,0.175608,0.175763
0.708333,0.208333,0.833333,0.144157,0.144361
0.708333,0.208333,0.875000,0.110222,0.110489
0.708333,0.208333,0.916667,0.074428,0.074727
0.708333,0.208333,0.958333,0.037449,0.037686
0.708333,0.208333,1.000000,-0.000000,-0.000000
0.708333,0.250000,0.000000,0.000000,0.000000
0.708333,0.250000,0.041667,0.043482,0.043352
0.708333,0.250000,0.083333,0.086441,0.085961
0.708333,0.250000,0.125000,0.127959,0.127101
0.708333,0.250000,0.166667,0.167205,0.166065
0.708333,0.250000,0.208333,0.203451,0.202188
0.708333,0.250000,0.250000,0.236063,0.234851
0.708333,0.250000,0.291667,0.264509,0.263496
0.708333,0.250000,0.333333,0.288347,0.287633
0.708333,0.250000,0.375000,0.307225,0.306848
0.708333,0.250000,0.416667,0.320872,0.320813
0.708333,0.250000,0.458333,0.329096,0.329288
0.708333,0.250000,0.500000,0.331777,0.332130
0.708333,0.250000,0.541667,0.328875,0.329288
0.708333,0.250000,0.583333,0.320424,0.320813
0.708333,0.250000,0.625000,0.306540,0.306848
0.708333,0.250000,0.666667,0.287427,0.287633
0.708333,0.250000,0.708333,0.263377,0.263496
0.708333,0.250000,0.750000,0.234777,0.234851
0.708333,0.250000,0.791667,0.202103,0.202188
0.708333,0.250000,0.833333,0.165920,0.166065
0.708333,0.250000,0.875000,0.126874,0.127100
0.708333,0.250000,0.916667,0.085681,0.085961
0.708333,0.250000,0.958333,0.043116,0.043352
0.708333,0.250000,1.000000,-0.000000,-0.000000
0.708333,0.291667,0.000000,0.000000,0.000000
0.708333,0.291667,0.041667,0.048198,0.048099
0.708333,0.291667,0.083333,0.095867,0.095375
0.708333,0.291667,0.125000,0.141967,0.141019
0.708333,0.291667,0.166667,0.185558,0.184250
0.708333,0.291667,0.208333,0.225813,0.224328
0.708333,0.291667,0.250000,0.262022,0.260568
0.708333,0.291667,0.291667,0.293585,0.292350
0.708333,0.291667,0.333333,0.320017,0.319130
0.708333,0.291667,0.375000,0.340932,0.340449
0.708333,0.291667,0.416667,0.356038,0.355943
0.708333,0.291667,0.458333,0.365129,0.365347
0.708333,0.291667,0.500000,0.368081,0.368500
0.708333,0.291667,0.541667,0.364851,0.365347
0.708333,0.291667,0.583333,0.355477,0.355943
0.708333,0.291667,0.625000,0.340089,0.340449
0.708333,0.291667,0.666667,0.318907,0.319130
0.708333,0.291667,0.708333,0.292252,0.292350
0.708333,0.291667,0.750000,0.260549,0.260568
0.708333,0.291667,0.791667,0.224323,0.224328
0.708333,0.291667,0.833333,0.184196,0.184250
0.708333,0.291667,0.875000,0.140881,0.141019
0.708333,0.291667,0.916667,0.095167,0.095375
0.708333,0.291667,0.958333,0.047908,0.048099
0.708333,0.291667,1.000000,-0.000000,-0.000000
0.708333,0.333333,0.000000,0.000000,0.000000
0.708333,0.333333,0.041667,0.051909,0.051852
0.708333,0.333333,0.083333,0.103288,0.102817
0.708333,0.333333,0.125000,0.153003,0.152023
0.708333,0.333333,0.166667,0.200025,0.198628
0.708333,0.333333,0.208333,0.243450,0.241834
0.708333,0.333333,0.250000,0.282500,0.280903
0.708333,0.333333,0.291667,0.316526,0.315164
0.708333,0.333333,0.333333,0.345005,0.344034
0.708333,0.333333,0.375000,0.367523,0.367017
0.708333,0.333333,0.416667,0.383774,0.383720
0.708333,0.333333,0.458333,0.393542,0.393858
0.708333,0.333333,0.500000,0.396700,0.397256
0.708333,0.333333,0.541667,0.393205,0.393858
0.708333,0.333333,0.583333,0.383104,0.383720
0.708333,0.333333,0.625000,0.366533,0.367017
0.708333,0.333333,0.666667,0.343730,0.344034
0.708333,0.333333,0.708333,0.315038,0.315164
0.708333,0.333333,0.750000,0.280908,0.280903
0.708333,0.333333,0.791667,0.241902,0.241834
0.708333,0.333333,0.833333,0.198684,0.198628
0.708333,0.333333,0.875000,0.152014,0.152023
0.708333,0.333333,0.916667,0.102732,0.102817
0.708333,0.333333,0.958333,0.051743,0.051852
0.708333,0.333333,1.000000,-0.000000,-0.000000
0.708333,0.375000,0.000000,0.000000,0.000000
0.708333,0.375000,0.041667,0.054588,0.054566
0.708333,0.375000,0.083333,0.108638,0.108197
0.708333,0.375000,0.125000,0.160953,0.159978
0.708333,0.375000,0.166667,0.210444,0.209021
0.708333,0.375000,0.208333,0.256152,0.254488
0.708333,0.375000,0.250000,0.297252,0.295601
0.708333,0.375000,0.291667,0.333061,0.331656
0.708333,0.375000,0.333333,0.363022,0.362036
0.708333,0.375000,0.375000,0.386705,0.386221
0.708333,0.375000,0.416667,0.403786,0.403798
0.708333,0.375000,0.458333,0.414045,0.414466
0.708333,0.375000,0.500000,0.417350,0.418043
0.708333,0.375000,0.541667,0.413663,0.414466
0.708333,0.375000,0.583333,0.403034,0.403798
0.708333,0.375000,0.625000,0.385609,0.386221
0.708333,0.375000,0.666667,0.361641,0.362036
0.708333,0.375000,0.708333,0.331487,0.331656
0.708333,0.375000,0.750000,0.295621,0.295601
0.708333,0.375000,0.791667,0.254627,0.254488
0.708333,0.375000,0.833333,0.209195,0.209021
0.708333,0.375000,0.875000,0.160115,0.159978
0.708333,0.375000,0.916667,0.108257,0.108197
0.708333,0.375000,0.958333,0.054558,0.054565
0.708333,0.375000,1.000000,-0.000000,-0.000000
0.708333,0.416667,0.000000,0.000000,0.000000
0.708333,0.416667,0.041667,0.056227,0.056220
0.708333,0.416667,0.083333,0.111893,0.111478
0.708333,0.416667,0.125000,0.165776,0.164829
0.708333,0.416667,0.166667,0.216760,0.215360
0.708333,0.416667,0.208333,0.263856,0.262205
0.708333,0.416667,0.250000,0.306215,0.304564
0.708333,0.416667,0.291667,0.343125,0.341712
0.708333,0.416667,0.333333,0.374013,0.373014
0.708333,0.416667,0.375000,0.398427,0.397933
0.708333,0.416667,0.416667,0.416034,0.416043
0.708333,0.416667,0.458333,0.426603,0.427034
0.708333,0.416667,0.500000,0.430000,0.430719
0.708333,0.416667,0.541667,0.426189,0.427034
0.708333,0.416667,0.583333,0.415227,0.416043
0.708333,0.416667,0.625000,0.397269,0.397933
0.708333,0.416667,0.666667,0.372579,0.373014
0.708333,0.416667,0.708333,0.341529,0.341712
0.708333,0.416667,0.750000,0.304604,0.304564
0.708333,0.416667,0.791667,0.262404,0.262205
0.708333,0.416667,0.833333,0.215633,0.215360
0.708333,0.416667,0.875000,0.165093,0.164829
0.708333,0.416667,0.916667,0.111668,0.111478
0.708333,0.416667,0.958333,0.056305,0.056220
0.708333,0.416667,1.000000,-0.000000,-0.000000
0.708333,0.458333,0.000000,0.000000,0.000000
0.708333,0.458333,0.041667,0.056824,0.056824
0.708333,0.458333,0.083333,0.113049,0.112676
0.708333,0.458333,0.125000,0.167472,0.166601
0.708333,0.458333,0.166667,0.218980,0.217674
0.708333,0.458333,0.208333,0.266583,0.265023
0.708333,0.458333,0.250000,0.309420,0.307838
0.708333,0.458333,0.291667,0.346767,0.345385
0.708333,0.458333,0.333333,0.378034,0.377023
0.708333,0.458333,0.375000,0.402757,0.402210
0.708333,0.458333,0.416667,0.420587,0.420514
0.708333,0.458333,0.458333,0.431288,0.431624
0.708333,0.458333,0.500000,0.434722,0.435349
0.708333,0.458333,0.541667,0.430853,0.431624
0.708333,0.458333,0.583333,0.419746,0.420514
0.708333,0.458333,0.625000,0.401567,0.402210
0.708333,0.458333,0.666667,0.376587,0.377023
0.708333,0.458333,0.708333,0.345190,0.345385
0.708333,0.458333,0.750000,0.307870,0.307838
0.708333,0.458333,0.791667,0.265230,0.265023
0.708333,0.458333,0.833333,0.217979,0.217674
0.708333,0.458333,0.875000,0.166920,0.166601
0.708333,0.458333,0.916667,0.112933,0.112676
0.708333,0.458333,0.958333,0.056965,0.056824
0.708333,0.458333,1.000000,-0.000000,-0.000000
0.708333,0.500000,0.000000,0.000000,0.000000
0.708333,0.500000,0.041667,0.056398,0.056411
0.708333,0.500000,0.083333,0.112153,0.111856
0.708333,0.500000,0.125000,0.166115,0.165388
0.708333,0.500000,0.166667,0.217210,0.216089
0.708333,0.500000,0.208333,0.264463,0.263094
0.708333,0.500000,0.250000,0.307019,0.305596
0.708333,0.500000,0.291667,0.344151,0.342870
0.708333,0.500000,0.333333,0.375260,0.374278
0.708333,0.500000,0.375000,0.399870,0.399281
0.708333,0.500000,0.416667,0.417625,0.417452
0.708333,0.500000,0.458333,0.428277,0.428481
0.708333,0.500000,0.500000,0.431691,0.432179
0.708333,0.500000,0.541667,0.427830,0.428481
0.708333,0.500000,0.583333,0.416765,0.417452
0.708333,0.500000,0.625000,0.398669,0.399281
0.708333,0.500000,0.666667,0.373824,0.374278
0.708333,0.500000,0.708333,0.342618,0.342870
0.708333,0.500000,0.750000,0.305547,0.305596
0.708333,0.500000,0.791667,0.263214,0.263094
0.708333,0.500000,0.833333,0.216322,0.216089
0.708333,0.500000,0.875000,0.165661,0.165388
0.708333,0.500000,0.916667,0.112098,0.111856
0.708333,0.500000,0.958333,0.056558,0.056411
0.708333,0.500000,1.000000,-0.000000,-0.000000
0.708333,0.541667,0.000000,0.000000,0.000000
0.708333,0.541667,0.041667,0.055012,0.055032
0.708333,0.541667,0.083333,0.109332,0.109122
0.708333,0.541667,0.125000,0.161897,0.161345
0.708333,0.541667,0.166667,0.211693,0.210807
0.708333,0.541667,0.208333,0.257783,0.256662
0.708333,0.541667,0.250000,0.299333,0.298126
0.708333,0.541667,0.291667,0.335622,0.334489
0.708333,0.541667,0.333333,0.366050,0.365128
0.708333,0.541667,0.375000,0.390135,0.389520
0.708333,0.541667,0.416667,0.407517,0.407248
0.708333,0.541667,0.458333,0.417944,0.418007
0.708333,0.541667,0.500000,0.421279,0.421614
0.708333,0.541667,0.541667,0.417488,0.418007
0.708333,0.541667,0.583333,0.406646,0.407248
0.708333,0.541667,0.625000,0.388932,0.389520
0.708333,0.541667,0.666667,0.364632,0.365128
0.708333,0.541667,0.708333,0.334135,0.334489
0.708333,0.541667,0.750000,0.297935,0.298126
0.708333,0.541667,0.791667,0.256625,0.256662
0.708333,0.541667,0.833333,0.210892,0.210807
0.708333,0.541667,0.875000,0.161503,0.161345
0.708333,0.541667,0.916667,0.109296,0.109122
0.708333,0.541667,0.958333,0.055157,0.055032
0.708333,0.541667,1.000000,-0.000000,-0.000000
0.708333,0.583333,0.000000,0.000000,0.000000
0.708333,0.583333,0.041667,0.052760,0.052757
0.708333,0.583333,0.083333,0.104774,0.104611
0.708333,0.583333,0.125000,0.155092,0.154675
0.708333,0.583333,0.166667,0.202781,0.202093
0.708333,0.583333,0.208333,0.246959,0.246053
0.708333,0.583333,0.250000,0.286827,0.285803
0.708333,0.583333,0.291667,0.321682,0.320662
0.708333,0.583333,0.333333,0.350932,0.350035
0.708333,0.583333,0.375000,0.374100,0.373419
0.708333,0.583333,0.416667,0.390823,0.390413
0.708333,0.583333,0.458333,0.400851,0.400728
0.708333,0.583333,0.500000,0.404045,0.404186
0.708333,0.583333,0.541667,0.400378,0.400728
0.708333,0.583333,0.583333,0.389927,0.390413
0.708333,0.583333,0.625000,0.372875,0.373419
0.708333,0.583333,0.666667,0.349507,0.350035
0.708333,0.583333,0.708333,0.320210,0.320662
0.708333,0.583333,0.750000,0.285468,0.285803
0.708333,0.583333,0.791667,0.245855,0.246053
0.708333,0.583333,0.833333,0.202030,0.202093
0.708333,0.583333,0.875000,0.154725,0.154675
0.708333,0.583333,0.916667,0.104729,0.104611
0.708333,0.583333,0.958333,0.052872,0.052757
0.708333,0.583333,1.000000,-0.000000,-0.000000
0.708333,0.625000,0.000000,0.000000,0.000000
0.708333,0.625000,0.041667,0.049740,0.049668
0.708333,0.625000,0.083333,0.098679,0.098486
0.708333,0.625000,0.125000,0.145993,0.145618
0.708333,0.625000,0.166667,0.190847,0.190260
0.708333,0.625000,0.208333,0.232434,0.231645
0.708333,0.625000,0.250000,0.270002,0.269068
0.708333,0.625000,0.291667,0.302880,0.301886
0.708333,0.625000,0.333333,0.330493,0.329539
0.708333,0.625000,0.375000,0.352373,0.351554
0.708333,0.625000,0.416667,0.368164,0.367553
0.708333,0.625000,0.458333,0.377621,0.377264
0.708333,0.625000,0.500000,0.380611,0.380519
0.708333,0.625000,0.541667,0.377111,0.377264
0.708333,0.625000,0.583333,0.367202,0.367553
0.708333,0.625000,0.625000,0.351071,0.351554
0.708333,0.625000,0.666667,0.328998,0.329539
0.708333,0.625000,0.708333,0.301362,0.301886
0.708333,0.625000,0.750000,0.268627,0.269068
0.708333,0.625000,0.791667,0.231338,0.231645
0.708333,0.625000,0.833333,0.190113,0.190260
0.708333,0.625000,0.875000,0.145630,0.145618
0.708333,0.625000,0.916667,0.098614,0.098486
0.708333,0.625000,0.958333,0.049817,0.049668
0.708333,0.625000,1.000000,-0.000000,-0.000000
0.708333,0.666667,0.000000,0.000000,0.000000
0.708333,0.666667,0.041667,0.046036,0.045854
0.708333,0.666667,0.083333,0.091217,0.090923
0.708333,0.666667,0.125000,0.134854,0.134436
0.708333,0.666667,0.166667,0.176226,0.175650
0.708333,0.666667,0.208333,0.214611,0.213857
0.708333,0.666667,0.250000,0.249318,0.248406
0.708333,0.666667,0.291667,0.279718,0.278704
0.708333,0.666667,0.333333,0.305267,0.304234
0.708333,0.666667,0.375000,0.325514,0.324558
0.708333,0.666667,0.416667,0.340117,0.339329
0.708333,0.666667,0.458333,0.348843,0.348294
0.708333,0.666667,0.500000,0.351569,0.351299
0.708333,0.666667,0.541667,0.348279,0.348294
0.708333,0.666667,0.583333,0.339060,0.339329
0.708333,0.666667,0.625000,0.324095,0.324558
0.708333,0.666667,0.666667,0.303661,0.304234
0.708333,0.666667,0.708333,0.278115,0.278704
0.708333,0.666667,0.750000,0.247894,0.248406
0.708333,0.666667,0.791667,0.213500,0.213857
0.708333,0.666667,0.833333,0.175498,0.175650
0.708333,0.666667,0.875000,0.134496,0.134436
0.708333,0.666667,0.916667,0.091138,0.090923
0.708333,0.666667,0.958333,0.046087,0.045854
0.708333,0.666667,1.000000,-0.000000,-0.000000
0.708333,0.708333,0.000000,0.000000,0.000000
0.708333,0.708333,0.041667,0.041721,0.041408
0.708333,0.708333,0.083333,0.082540,0.082108
0.708333,0.708333,0.125000,0.121907,0.121403
0.708333,0.708333,0.166667,0.159220,0.158621
0.708333,0.708333,0.208333,0.193853,0.193124
0.708333,0.708333,0.250000,0.225192,0.224323
0.708333,0.708333,0.291667,0.252663,0.251684
0.708333,0.708333,0.333333,0.275761,0.274739
0.708333,0.708333,0.375000,0.294066,0.293093
0.708333,0.708333,0.416667,0.307257,0.306431
0.708333,0.708333,0.458333,0.315120,0.314527
0.708333,0.708333,0.500000,0.317545,0.317241
0.708333,0.708333,0.541667,0.314522,0.314527
0.708333,0.708333,0.583333,0.306142,0.306431
0.708333,0.708333,0.625000,0.292581,0.293093
0.708333,0.708333,0.666667,0.274099,0.274739
0.708333,0.708333,0.708333,0.251027,0.251684
0.708333,0.708333,0.750000,0.223763,0.224323
0.708333,0.708333,0.791667,0.192759,0.193124
0.708333,0.708333,0.833333,0.158512,0.158621
0.708333,0.708333,0.875000,0.121558,0.121403
0.708333,0.708333,0.916667,0.082448,0.082108
0.708333,0.708333,0.958333,0.041746,0.041408
0.708333,0.708333,1.000000,-0.000000,-0.000000
0.708333,0.750000,0.000000,0.000000,0.000000
0.708333,0.750000,0.041667,0.036867,0.036425
0.708333,0.750000,0.083333,0.072801,0.072227
0.708333,0.750000,0.125000,0.107386,0.106793
0.708333,0.750000,0.166667,0.140140,0.139532
0.708333,0.750000,0.208333,0.170547,0.169883
0.708333,0.750000,0.250000,0.198078,0.197327
0.708333,0.750000,0.291667,0.222230,0.221396
0.708333,0.750000,0.333333,0.242550,0.241676
0.708333,0.750000,0.375000,0.258658,0.257821
0.708333,0.750000,0.416667,0.270265,0.269554
0.708333,0.750000,0.458333,0.277173,0.276676
0.708333,0.750000,0.500000,0.279286,0.279063
0.708333,0.750000,0.541667,0.276600,0.276676
0.708333,0.750000,0.583333,0.269198,0.269554
0.708333,0.750000,0.625000,0.257246,0.257821
0.708333,0.750000,0.666667,0.240978,0.241676
0.708333,0.750000,0.708333,0.220694,0.221396
0.708333,0.750000,0.750000,0.196745,0.197327
0.708333,0.750000,0.791667,0.169527,0.169883
0.708333,0.750000,0.833333,0.139471,0.139532
0.708333,0.750000,0.875000,0.107031,0.106793
0.708333,0.750000,0.916667,0.072670,0.072227
0.708333,0.750000,0.958333,0.036845,0.036425
0.708333,0.750000,1.000000,-0.000000,-0.000000
0.708333,0.791667,0.000000,0.000000,0.000000
0.708333,0.791667,0.041667,0.031548,0.030995
0.708333,0.791667,0.083333,0.062159,0.061460
0.708333,0.791667,0.125000,0.091540,0.090874
0.708333,0.791667,0.166667,0.119331,0.118732
0.708333,0.791667,0.208333,0.145127,0.144559
0.708333,0.791667,0.250000,0.168498,0.167913
0.708333,0.791667,0.291667,0.189022,0.188393
0.708333,0.791667,0.333333,0.206310,0.205650
0.708333,0.791667,0.375000,0.220029,0.219388
0.708333,0.791667,0.416667,0.229922,0.229373
0.708333,0.791667,0.458333,0.235814,0.235433
0.708333,0.791667,0.500000,0.237615,0.237464
0.708333,0.791667,0.541667,0.235323,0.235433
0.708333,0.791667,0.583333,0.229010,0.229373
0.708333,0.791667,0.625000,0.218823,0.219388
0.708333,0.791667,0.666667,0.204969,0.205650
0.708333,0.791667,0.708333,0.187708,0.188393
0.708333,0.791667,0.750000,0.167347,0.167913
0.708333,0.791667,0.791667,0.144222,0.144559
0.708333,0.791667,0.833333,0.118696,0.118732
0.708333,0.791667,0.875000,0.091144,0.090874
0.708333,0.791667,0.916667,0.061940,0.061460
0.708333,0.791667,0.958333,0.031446,0.030995
0.708333,0.791667,1.000000,-0.000000,-0.000000
0.708333,0.833333,0.000000,0.000000,0.000000
0.708333,0.833333,0.041667,0.025833,0.025206
0.708333,0.833333,0.083333,0.050769,0.049981
0.708333,0.833333,0.125000,0.074623,0.073900
0.708333,0.833333,0.166667,0.097148,0.096555
0.708333,0.833333,0.208333,0.118050,0.117558
0.708333,0.833333,0.250000,0.137001,0.136550
0.708333,0.833333,0.291667,0.153666,0.153205
0.708333,0.833333,0.333333,0.167726,0.167239
0.708333,0.833333,0.375000,0.178905,0.178411
0.708333,0.833333,0.416667,0.186979,0.186531
0.708333,0.833333,0.458333,0.191796,0.191459
0.708333,0.833333,0.500000,0.193277,0.193111
0.708333,0.833333,0.541667,0.191414,0.191459
0.708333,0.833333,0.583333,0.186269,0.186531
0.708333,0.833333,0.625000,0.177963,0.178411
0.708333,0.833333,0.666667,0.166673,0.167239
0.708333,0.833333,0.708333,0.152618,0.153205
0.708333,0.833333,0.750000,0.136053,0.136550
0.708333,0.833333,0.791667,0.117258,0.117558
0.708333,0.833333,0.833333,0.096525,0.096555
0.708333,0.833333,0.875000,0.074152,0.073900
0.708333,0.833333,0.916667,0.050429,0.049981
0.708333,0.833333,0.958333,0.025629,0.025206
0.708333,0.833333,1.000000,-0.000000,-0.000000
0.708333,0.875000,0.000000,0.000000,0.000000
0.708333,0.875000,0.041667,0.019780,0.019138
0.708333,0.875000,0.083333,0.038766,0.037950
0.708333,0.875000,0.125000,0.056857,0.056111
0.708333,0.875000,0.166667,0.073906,0.073313
0.708333,0.875000,0.208333,0.089716,0.089260
0.708333,0.875000,0.250000,0.104060,0.103680
0.708333,0.875000,0.291667,0.116691,0.116326
0.708333,0.875000,0.333333,0.127369,0.126982
0.708333,0.875000,0.375000,0.135877,0.135464
0.708333,0.875000,0.416667,0.142035,0.141629
0.708333,0.875000,0.458333,0.145719,0.145371
0.708333,0.875000,0.500000,0.146861,0.146626
0.708333,0.875000,0.541667,0.145450,0.145371
0.708333,0.875000,0.583333,0.141533,0.141629
0.708333,0.875000,0.625000,0.135205,0.135464
0.708333,0.875000,0.666667,0.126605,0.126982
0.708333,0.875000,0.708333,0.115907,0.116326
0.708333,0.875000,0.750000,0.103310,0.103680
0.708333,0.875000,0.791667,0.089031,0.089260
0.708333,0.875000,0.833333,0.073293,0.073313
0.708333,0.875000,0.875000,0.056318,0.056111
0.708333,0.875000,0.916667,0.038319,0.037949
0.708333,0.875000,0.958333,0.019488,0.019138
0.708333,0.875000,1.000000,-0.000000,-0.000000
0.708333,0.916667,0.000000,0.000000,0.000000
0.708333,0.916667,0.041667,0.013435,0.012868
0.708333,0.916667,0.083333,0.026253,0.025517
0.708333,0.916667,0.125000,0.038414,0.037729
0.708333,0.916667,0.166667,0.049843,0.049295
0.708333,0.916667,0.208333,0.060431,0.060017
0.708333,0.916667,0.250000,0.070037,0.069713
0.708333,0.916667,0.291667,0.078507,0.078216
0.708333,0.916667,0.333333,0.085680,0.085381
0.708333,0.916667,0.375000,0.091408,0.091085
0.708333,0.916667,0.416667,0.095567,0.095230
0.708333,0.916667,0.458333,0.098065,0.097746
0.708333,0.916667,0.500000,0.098849,0.098589
0.708333,0.916667,0.541667,0.097909,0.097746
0.708333,0.916667,0.583333,0.095273,0.095230
0.708333,0.916667,0.625000,0.091007,0.091085
0.708333,0.916667,0.666667,0.085207,0.085381
0.708333,0.916667,0.708333,0.077993,0.078216
0.708333,0.916667,0.750000,0.069504,0.069713
0.708333,0.916667,0.791667,0.059888,0.060017
0.708333,0.916667,0.833333,0.049298,0.049295
0.708333,0.916667,0.875000,0.037881,0.037728
0.708333,0.916667,0.916667,0.025778,0.025517
0.708333,0.916667,0.958333,0.013114,0.012868
0.708333,0.916667,1.000000,-0.000000,-0.000000
0.708333,0.958333,0.000000,0.000000,0.000000
0.708333,0.958333,0.041667,0.006830,0.006467
0.708333,0.958333,0.083333,0.013305,0.012823
0.708333,0.958333,0.125000,0.019418,0.018959
0.708333,0.958333,0.166667,0.025143,0.024772
0.708333,0.958333,0.208333,0.030435,0.030160
0.708333,0.958333,0.250000,0.035235,0.035032
0.708333,0.958333,0.291667,0.039470,0.039305
0.708333,0.958333,0.333333,0.043063,0.042906
0.708333,0.958333,0.375000,0.045940,0.045772
0.708333,0.958333,0.416667,0.048038,0.047855
0.708333,0.958333,0.458333,0.049305,0.049119
0.708333,0.958333,0.500000,0.049713,0.049543
0.708333,0.958333,0.541667,0.049252,0.049119
0.708333,0.958333,0.583333,0.047935,0.047855
0.708333,0.958333,0.625000,0.045792,0.045772
0.708333,0.958333,0.666667,0.042873,0.042906
0.708333,0.958333,0.708333,0.039239,0.039305
0.708333,0.958333,0.750000,0.034962,0.035032
0.708333,0.958333,0.791667,0.030118,0.030160
0.708333,0.958333,0.833333,0.024786,0.024772
0.708333,0.958333,0.875000,0.019041,0.018959
0.708333,0.958333,0.916667,0.012954,0.012823
0.708333,0.958333,0.958333,0.006589,0.006467
0.708333,0.958333,1.000000,-0.000000,-0.000000
0.708333,1.000000,0.000000,0.000000,0.000000
0.708333,1.000000,0.041667,0.000000,-0.000000
0.708333,1.000000,0.083333,0.000000,-0.000000
0.708333,1.000000,0.125000,0.000000,-0.000000
0.708333,1.000000,0.166667,0.000000,-0.000000
0.708333,1.000000,0.208333,0.000000,-0.000000
0.708333,1.000000,0.250000,0.000000,-0.000000
0.708333,1.000000,0.291667,0.000000,-0.000000
0.708333,1.000000,0.333333,0.000000,-0.000000
0.708333,1.000000,0.375000,0.000000,-0.000000
0.708333,1.000000,0.416667,0.000000,-0.000000
0.708333,1.000000,0.458333,0.000000,-0.000000
0.708333,1.000000,0.500000,0.000000,-0.000000
0.708333,1.000000,0.541667,0.000000,-0.000000
0.708333,1.000000,0.583333,0.000000,-0.000000
0.708333,1.000000,0.625000,0.000000,-0.000000
0.708333,1.000000,0.666667,0.000000,-0.000000
0.708333,1.000000,0.708333,0.000000,-0.000000
0.708333,1.000000,0.750000,0.000000,-0.000000
0.708333,1.000000,0.791667,0.000000,-0.000000
0.708333,1.000000,0.833333,0.000000,-0.000000
0.708333,1.000000,0.875000,0.000000,-0.000000
0.708333,1.000000,0.916667,0.000000,-0.000000
0.708333,1.000000,0.958333,0.000000,-0.000000
0.708333,1.000000,1.000000,0.000000,0.000000
0.750000,0.000000,0.000000,0.000000,0.000000
0.750000,0.000000,0.041667,0.000000,0.000000
0.750000,0.000000,0.083333,0.000000,0.000000
0.750000,0.000000,0.125000,0.000000,0.000000
0.750000,0.000000,0.166667,0.000000,0.000000
0.750000,0.000000,0.208333,0.000000,0.000000
0.750000,0.000000,0.250000,0.000000,0.000000
0.750000,0.000000,0.291667,0.000000,0.000000
0.750000,0.000000,0.333333,0.000000,0.000000
0.750000,0.000000,0.375000,0.000000,0.000000
0.750000,0.000000,0.416667,0.000000,0.000000
0.750000,0.000000,0.458333,0.000000,0.000000
0.750000,0.000000,0.500000,0.000000,0.000000
0.750000,0.000000,0.541667,0.000000,0.000000
0.750000,0.000000,0.583333,0.000000,0.000000
0.750000,0.000000,0.625000,0.000000,0.000000
0.750000,0.000000,0.666667,0.000000,0.000000
0.750000,0.000000,0.708333,0.000000,0.000000
0.750000,0.000000,0.750000,0.000000,0.000000
0.750000,0.000000,0.791667,0.000000,0.000000
0.750000,0.000000,0.833333,0.000000,0.000000
0.750000,0.000000,0.875000,0.000000,0.000000
0.750000,0.000000,0.916667,0.000000,0.000000
0.750000,0.000000,0.958333,0.000000,0.000000
0.750000,0.000000,1.000000,-0.000000,-0.000000
0.750000,0.041667,0.000000,0.000000,0.000000
0.750000,0.041667,0.041667,0.007910,0.007763
0.750000,0.041667,0.083333,0.015677,0.015393
0.750000,0.041667,0.125000,0.023147,0.022759
0.750000,0.041667,0.166667,0.030185,0.029736
0.750000,0.041667,0.208333,0.036667,0.036205
0.750000,0.041667,0.250000,0.042488,0.042053
0.750000,0.041667,0.291667,0.047553,0.047183
0.750000,0.041667,0.333333,0.051785,0.051505
0.750000,0.041667,0.375000,0.055119,0.054945
0.750000,0.041667,0.416667,0.057506,0.057446
0.750000,0.041667,0.458333,0.058914,0.058964
0.750000,0.041667,0.500000,0.059324,0.059472
0.750000,0.041667,0.541667,0.058736,0.058964
0.750000,0.041667,0.583333,0.057163,0.057446
0.750000,0.041667,0.625000,0.054633,0.054945
0.750000,0.041667,0.666667,0.051188,0.051505
0.750000,0.041667,0.708333,0.046883,0.047183
0.750000,0.041667,0.750000,0.041787,0.042053
0.750000,0.041667,0.791667,0.035981,0.036205
0.750000,0.041667,0.833333,0.029561,0.029736
0.750000,0.041667,0.875000,0.022631,0.022759
0.750000,0.041667,0.916667,0.015309,0.015393
0.750000,0.041667,0.958333,0.007721,0.007763
0.750000,0.041667,1.000000,-0.000000,-0.000000
0.750000,0.083333,0.000000,0.000000,0.000000
0.750000,0.083333,0.041667,0.015554,0.015354
0.750000,0.083333,0.083333,0.030854,0.030445
0.750000,0.083333,0.125000,0.045597,0.045016
0.750000,0.083333,0.166667,0.059507,0.058816
0.750000,0.083333,0.208333,0.072340,0.071610
0.750000,0.083333,0.250000,0.083881,0.083179
0.750000,0.083333,0.291667,0.093939,0.093324
0.750000,0.083333,0.333333,0.102356,0.101873
0.750000,0.083333,0.375000,0.108999,0.108678
0.750000,0.083333,0.416667,0.113768,0.113624
0.750000,0.083333,0.458333,0.116594,0.116626
0.750000,0.083333,0.500000,0.117439,0.117632
0.750000,0.083333,0.541667,0.116298,0.116626
0.750000,0.083333,0.583333,0.113194,0.113624
0.750000,0.083333,0.625000,0.108182,0.108678
0.750000,0.083333,0.666667,0.101348,0.101873
0.750000,0.083333,0.708333,0.092803,0.093324
0.750000,0.083333,0.750000,0.082686,0.083179
0.750000,0.083333,0.791667,0.071166,0.071610
0.750000,0.083333,0.833333,0.058435,0.058816
0.750000,0.083333,0.875000,0.044707,0.045016
0.750000,0.083333,0.916667,0.030219,0.030445
0.750000,0.083333,0.958333,0.015228,0.015354
0.750000,0.083333,1.000000,-0.000000,-0.000000
0.750000,0.125000,0.000000,0.000000,0.000000
0.750000,0.125000,0.041667,0.022789,0.022608
0.750000,0.125000,0.083333,0.045240,0.044830
0.750000,0.125000,0.125000,0.066902,0.066285
0.750000,0.125000,0.166667,0.087364,0.086605
0.750000,0.125000,0.208333,0.106263,0.105444
0.750000,0.125000,0.250000,0.123275,0.122478
0.750000,0.125000,0.291667,0.138120,0.137417
0.750000,0.125000,0.333333,0.150560,0.150004
0.750000,0.125000,0.375000,0.160398,0.160025
0.750000,0.125000,0.416667,0.167484,0.167308
0.750000,0.125000,0.458333,0.171711,0.171728
0.750000,0.125000,0.500000,0.173020,0.173210
0.750000,0.125000,0.541667,0.171395,0.171728
0.750000,0.125000,0.583333,0.166869,0.167308
0.750000,0.125000,0.625000,0.159518,0.160025
0.750000,0.125000,0.666667,0.149462,0.150004
0.750000,0.125000,0.708333,0.136868,0.137417
0.750000,0.125000,0.750000,0.121944,0.122478
0.750000,0.125000,0.791667,0.104940,0.105443
0.750000,0.125000,0.833333,0.086145,0.086605
0.750000,0.125000,0.875000,0.065884,0.066285
0.750000,0.125000,0.916667,0.044514,0.044830
0.750000,0.125000,0.958333,0.022419,0.022608
0.750000,0.125000,1.000000,-0.000000,-0.000000
0.750000,0.166667,0.000000,0.000000,0.000000
0.750000,0.166667,0.041667,0.029501,0.029371
0.750000,0.166667,0.083333,0.058601,0.058239
0.750000,0.166667,0.125000,0.086704,0.086111
0.750000,0.166667,0.166667,0.113268,0.112509
0.750000,0.166667,0.208333,0.137813,0.136982
0.750000,0.166667,0.250000,0.159916,0.159112
0.750000,0.166667,0.291667,0.179213,0.178519
0.750000,0.166667,0.333333,0.195393,0.194871
0.750000,0.166667,0.375000,0.208206,0.207890
0.750000,0.166667,0.416667,0.217454,0.217351
0.750000,0.166667,0.458333,0.223000,0.223093
0.750000,0.166667,0.500000,0.224761,0.225018
0.750000,0.166667,0.541667,0.222714,0.223093
0.750000,0.166667,0.583333,0.216892,0.217351
0.750000,0.166667,0.625000,0.207389,0.207890
0.750000,0.166667,0.666667,0.194357,0.194871
0.750000,0.166667,0.708333,0.178007,0.178519
0.750000,0.166667,0.750000,0.158612,0.159112
0.750000,0.166667,0.791667,0.136496,0.136982
0.750000,0.166667,0.833333,0.112042,0.112509
0.750000,0.166667,0.875000,0.085678,0.086111
0.750000,0.166667,0.916667,0.057874,0.058239
0.750000,0.166667,0.958333,0.029137,0.029371
0.750000,0.166667,1.000000,-0.000000,-0.000000
0.750000,0.208333,0.000000,0.000000,0.000000
0.750000,0.208333,0.041667,0.035587,0.035502
0.750000,0.208333,0.083333,0.070730,0.070396
0.750000,0.208333,0.125000,0.104692,0.104086
0.750000,0.208333,0.166667,0.136807,0.135995
0.750000,0.208333,0.208333,0.166483,0.165577
0.750000,0.208333,0.250000,0.193203,0.192326
0.750000,0.208333,0.291667,0.216527,0.215784
0.750000,0.208333,0.333333,0.236083,0.235550
0.750000,0.208333,0.375000,0.251572,0.251285
0.750000,0.208333,0.416667,0.262762,0.262722
0.750000,0.208333,0.458333,0.269487,0.269662
0.750000,0.208333,0.500000,0.271650,0.271989
0.750000,0.208333,0.541667,0.269217,0.269662
0.750000,0.208333,0.583333,0.262225,0.262722
0.750000,0.208333,0.625000,0.250781,0.251285
0.750000,0.208333,0.666667,0.235061,0.235550
0.750000,0.208333,0.708333,0.215319,0.215784
0.750000,0.208333,0.750000,0.191879,0.192326
0.750000,0.208333,0.791667,0.165136,0.165577
0.750000,0.208333,0.833333,0.135552,0.135995
0.750000,0.208333,0.875000,0.103652,0.104086
0.750000,0.208333,0.916667,0.070009,0.070396
0.750000,0.208333,0.958333,0.035242,0.035502
0.750000,0.208333,1.000000,-0.000000,-0.000000
0.750000,0.250000,0.000000,0.000000,0.000000
0.750000,0.250000,0.041667,0.040931,0.040882
0.750000,0.250000,0.083333,0.081397,0.081064
0.750000,0.250000,0.125000,0.120529,0.119859
0.750000,0.250000,0.166667,0.157543,0.156603
0.750000,0.250000,0.208333,0.191743,0.190668
0.750000,0.250000,0.250000,0.222529,0.221470
0.750000,0.250000,0.291667,0.249388,0.248483
0.750000,0.250000,0.333333,0.271898,0.271245
0.750000,0.250000,0.375000,0.289720,0.289365
0.750000,0.250000,0.416667,0.302594,0.302534
0.750000,0.250000,0.458333,0.310336,0.310527
0.750000,0.250000,0.500000,0.312835,0.313206
0.750000,0.250000,0.541667,0.310053,0.310527
0.750000,0.250000,0.583333,0.302030,0.302534
0.750000,0.250000,0.625000,0.288883,0.289365
0.750000,0.250000,0.666667,0.270811,0.271245
0.750000,0.250000,0.708333,0.248099,0.248483
0.750000,0.250000,0.750000,0.221118,0.221470
0.750000,0.250000,0.791667,0.190321,0.190668
0.750000,0.250000,0.833333,0.156241,0.156603
0.750000,0.250000,0.875000,0.119481,0.119859
0.750000,0.250000,0.916667,0.080706,0.081064
0.750000,0.250000,0.958333,0.040630,0.040882
0.750000,0.250000,1.000000,-0.000000,-0.000000
0.750000,0.291667,0.000000,0.000000,0.000000
0.750000,0.291667,0.041667,0.045424,0.045413
0.750000,0.291667,0.083333,0.090377,0.090050
0.750000,0.291667,0.125000,0.133876,0.133145
0.750000,0.291667,0.166667,0.175031,0.173962
0.750000,0.291667,0.208333,0.213056,0.211803
0.750000,0.291667,0.250000,0.247273,0.246020
0.750000,0.291667,0.291667,0.277111,0.276027
0.750000,0.291667,0.333333,0.302103,0.301312
0.750000,0.291667,0.375000,0.321879,0.321441
0.750000,0.291667,0.416667,0.336157,0.336070
0.750000,0.291667,0.458333,0.344741,0.344948
0.750000,0.291667,0.500000,0.347511,0.347925
0.750000,0.291667,0.541667,0.344430,0.344948
0.750000,0.291667,0.583333,0.335538,0.336070
0.750000,0.291667,0.625000,0.320963,0.321441
0.750000,0.291667,0.666667,0.300922,0.301312
0.750000,0.291667,0.708333,0.275726,0.276027
0.750000,0.291667,0.750000,0.245780,0.246020
0.750000,0.291667,0.791667,0.211586,0.211803
0.750000,0.291667,0.833333,0.173732,0.173962
0.750000,0.291667,0.875000,0.132885,0.133145
0.750000,0.291667,0.916667,0.089781,0.090050
0.750000,0.291667,0.958333,0.045211,0.045413
0.750000,0.291667,1.000000,-0.000000,-0.000000
0.750000,0.333333,0.000000,0.000000,0.000000
0.750000,0.333333,0.041667,0.048996,0.049024
0.750000,0.333333,0.083333,0.097518,0.097210
0.750000,0.333333,0.125000,0.144493,0.143732
0.750000,0.333333,0.166667,0.188946,0.187795
0.750000,0.333333,0.208333,0.230016,0.228644
0.750000,0.333333,0.250000,0.266964,0.265582
0.750000,0.333333,0.291667,0.299170,0.297975
0.750000,0.333333,0.333333,0.326131,0.325270
0.750000,0.333333,0.375000,0.347454,0.347000
0.750000,0.333333,0.416667,0.362841,0.362792
0.750000,0.333333,0.458333,0.372085,0.372376
0.750000,0.333333,0.500000,0.375065,0.375590
0.750000,0.333333,0.541667,0.371742,0.372376
0.750000,0.333333,0.583333,0.362162,0.362792
0.750000,0.333333,0.625000,0.346459,0.347000
0.750000,0.333333,0.666667,0.324865,0.325270
0.750000,0.333333,0.708333,0.297710,0.297975
0.750000,0.333333,0.750000,0.265428,0.265582
0.750000,0.333333,0.791667,0.228552,0.228644
0.750000,0.333333,0.833333,0.187711,0.187795
0.750000,0.333333,0.875000,0.143622,0.143732
0.750000,0.333333,0.916667,0.097070,0.097210
0.750000,0.333333,0.958333,0.048901,0.049024
0.750000,0.333333,1.000000,-0.000000,-0.000000
0.750000,0.375000,0.000000,0.000000,0.000000
0.750000,0.375000,0.041667,0.051612,0.051668
0.750000,0.375000,0.083333,0.102741,0.102451
0.750000,0.375000,0.125000,0.152252,0.151482
0.750000,0.375000,0.166667,0.199112,0.197921
0.750000,0.375000,0.208333,0.242406,0.240973
0.750000,0.375000,0.250000,0.281350,0.279902
0.750000,0.375000,0.291667,0.315288,0.314042
0.750000,0.375000,0.333333,0.343692,0.342809
0.750000,0.375000,0.375000,0.366146,0.365710
0.750000,0.375000,0.416667,0.382342,0.382353
0.750000,0.375000,0.458333,0.392067,0.392455
0.750000,0.375000,0.500000,0.395196,0.395841
0.750000,0.375000,0.541667,0.391693,0.392455
0.750000,0.375000,0.583333,0.381606,0.382353
0.750000,0.375000,0.625000,0.365081,0.365710
0.750000,0.375000,0.666667,0.342358,0.342809
0.750000,0.375000,0.708333,0.313783,0.314042
0.750000,0.375000,0.750000,0.279806,0.279902
0.750000,0.375000,0.791667,0.240985,0.240973
0.750000,0.375000,0.833333,0.197976,0.197921
0.750000,0.375000,0.875000,0.151524,0.151482
0.750000,0.375000,0.916667,0.102449,0.102451
0.750000,0.375000,0.958333,0.051634,0.051668
0.750000,0.375000,1.000000,-0.000000,-0.000000
0.750000,0.416667,0.000000,0.000000,0.000000
0.750000,0.416667,0.041667,0.053253,0.053322
0.750000,0.416667,0.083333,0.106003,0.105731
0.750000,0.416667,0.125000,0.157089,0.156332
0.750000,0.416667,0.166667,0.205447,0.204257
0.750000,0.416667,0.208333,0.250134,0.248688
0.750000,0.416667,0.250000,0.290336,0.288863
0.750000,0.416667,0.291667,0.325373,0.324096
0.750000,0.416667,0.333333,0.354695,0.353784
0.750000,0.416667,0.375000,0.377873,0.377418
0.750000,0.416667,0.416667,0.394588,0.394594
0.750000,0.416667,0.458333,0.404619,0.405019
0.750000,0.416667,0.500000,0.407841,0.408514
0.750000,0.416667,0.541667,0.404219,0.405019
0.750000,0.416667,0.583333,0.393809,0.394594
0.750000,0.416667,0.625000,0.376760,0.377418
0.750000,0.416667,0.666667,0.353325,0.353784
0.750000,0.416667,0.708333,0.323858,0.324096
0.750000,0.416667,0.750000,0.288822,0.288863
0.750000,0.416667,0.791667,0.248788,0.248688
0.750000,0.416667,0.833333,0.204426,0.204257
0.750000,0.416667,0.875000,0.156499,0.156332
0.750000,0.416667,0.916667,0.105844,0.105731
0.750000,0.416667,0.958333,0.053364,0.053322
0.750000,0.416667,1.000000,-0.000000,-0.000000
0.750000,0.458333,0.000000,0.000000,0.000000
0.750000,0.458333,0.041667,0.053912,0.053989
0.750000,0.458333,0.083333,0.107289,0.107055
0.750000,0.458333,0.125000,0.158982,0.158289
0.750000,0.458333,0.166667,0.207931,0.206814
0.750000,0.458333,0.208333,0.253182,0.251801
0.750000,0.458333,0.250000,0.293911,0.292479
0.750000,0.458333,0.291667,0.329421,0.328153
0.750000,0.458333,0.333333,0.359150,0.358212
0.750000,0.458333,0.375000,0.382653,0.382142
0.750000,0.458333,0.416667,0.399601,0.399534
0.750000,0.458333,0.458333,0.409770,0.410089
0.750000,0.458333,0.500000,0.413033,0.413628
0.750000,0.458333,0.541667,0.409356,0.410089
0.750000,0.458333,0.583333,0.398801,0.399534
0.750000,0.458333,0.625000,0.381524,0.382142
0.750000,0.458333,0.666667,0.357785,0.358212
0.750000,0.458333,0.708333,0.327945,0.328153
0.750000,0.458333,0.750000,0.292474,0.292479
0.750000,0.458333,0.791667,0.251947,0.251801
0.750000,0.458333,0.833333,0.207040,0.206814
0.750000,0.458333,0.875000,0.158519,0.158288
0.750000,0.458333,0.916667,0.107229,0.107055
0.750000,0.458333,0.958333,0.054074,0.053989
0.750000,0.458333,1.000000,-0.000000,-0.000000
0.750000,0.500000,0.000000,0.000000,0.000000
0.750000,0.500000,0.041667,0.053607,0.053694
0.750000,0.500000,0.083333,0.106634,0.106470
0.750000,0.500000,0.125000,0.157987,0.157424
0.750000,0.500000,0.166667,0.206633,0.205685
0.750000,0.500000,0.208333,0.251636,0.250426
0.750000,0.500000,0.250000,0.292171,0.290882
0.750000,0.500000,0.291667,0.327538,0.326361
0.750000,0.500000,0.333333,0.357164,0.356256
0.750000,0.500000,0.375000,0.380597,0.380055
0.750000,0.500000,0.416667,0.397498,0.397352
0.750000,0.500000,0.458333,0.407639,0.407850
0.750000,0.500000,0.500000,0.410891,0.411369
0.750000,0.500000,0.541667,0.407224,0.407850
0.750000,0.500000,0.583333,0.396702,0.397352
0.750000,0.500000,0.625000,0.379489,0.380055
0.750000,0.500000,0.666667,0.355848,0.356256
0.750000,0.500000,0.708333,0.326145,0.326361
0.750000,0.500000,0.750000,0.290851,0.290882
0.750000,0.500000,0.791667,0.250539,0.250426
0.750000,0.500000,0.833333,0.205880,0.205685
0.750000,0.500000,0.875000,0.157636,0.157424
0.750000,0.500000,0.916667,0.106640,0.106470
0.750000,0.500000,0.958333,0.053785,0.053694
0.750000,0.500000,1.000000,-0.000000,-0.000000
0.750000,0.541667,0.000000,0.000000,0.000000
0.750000,0.541667,0.041667,0.052391,0.052481
0.750000,0.541667,0.083333,0.104150,0.104064
0.750000,0.541667,0.125000,0.154264,0.153866
0.750000,0.541667,0.166667,0.201760,0.201036
0.750000,0.541667,0.208333,0.245734,0.244766
0.750000,0.541667,0.250000,0.285381,0.284308
0.750000,0.541667,0.291667,0.320006,0.318985
0.750000,0.541667,0.333333,0.349032,0.348204
0.750000,0.541667,0.375000,0.372004,0.371466
0.750000,0.541667,0.416667,0.388579,0.388371
0.750000,0.541667,0.458333,0.398525,0.398632
0.750000,0.541667,0.500000,0.401712,0.402072
0.750000,0.541667,0.541667,0.398112,0.398632
0.750000,0.541667,0.583333,0.387795,0.388371
0.750000,0.541667,0.625000,0.370927,0.371466
0.750000,0.541667,0.666667,0.347775,0.348204
0.750000,0.541667,0.708333,0.318705,0.318985
0.750000,0.541667,0.750000,0.284183,0.284308
0.750000,0.541667,0.791667,0.244773,0.244766
0.750000,0.541667,0.833333,0.201132,0.201036
0.750000,0.541667,0.875000,0.154002,0.153866
0.750000,0.541667,0.916667,0.104191,0.104064
0.750000,0.541667,0.958333,0.052560,0.052481
0.750000,0.541667,1.000000,-0.000000,-0.000000
0.750000,0.583333,0.000000,0.000000,0.000000
0.750000,0.583333,0.041667,0.050349,0.050408
0.750000,0.583333,0.083333,0.100006,0.099953
0.750000,0.583333,0.125000,0.148066,0.147788
0.750000,0.583333,0.166667,0.193633,0.193095
0.750000,0.583333,0.208333,0.235857,0.235097
0.750000,0.583333,0.250000,0.273966,0.273077
0.750000,0.583333,0.291667,0.307281,0.306385
0.750000,0.583333,0.333333,0.335234,0.334450
0.750000,0.583333,0.375000,0.357369,0.356793
0.750000,0.583333,0.416667,0.373343,0.373031
0.750000,0.583333,0.458333,0.382923,0.382886
0.750000,0.583333,0.500000,0.385983,0.386190
0.750000,0.583333,0.541667,0.382497,0.382886
0.750000,0.583333,0.583333,0.372539,0.373031
0.750000,0.583333,0.625000,0.356280,0.356793
0.750000,0.583333,0.666667,0.333985,0.334450
0.750000,0.583333,0.708333,0.306018,0.306385
0.750000,0.583333,0.750000,0.272834,0.273077
0.750000,0.583333,0.791667,0.234979,0.235097
0.750000,0.583333,0.833333,0.193083,0.193095
0.750000,0.583333,0.875000,0.147853,0.147788
0.750000,0.583333,0.916667,0.100053,0.099953
0.750000,0.583333,0.958333,0.050493,0.050408
0.750000,0.583333,1.000000,-0.000000,-0.000000
0.750000,0.625000,0.000000,0.000000,0.000000
0.750000,0.625000,0.041667,0.047572,0.047547
0.750000,0.625000,0.083333,0.094389,0.094280
0.750000,0.625000,0.125000,0.139667,0.139400
0.750000,0.625000,0.166667,0.182605,0.182135
0.750000,0.625000,0.208333,0.222426,0.221753
0.750000,0.625000,0.250000,0.258401,0.257578
0.750000,0.625000,0.291667,0.289881,0.288995
0.750000,0.625000,0.333333,0.316314,0.315467
0.750000,0.625000,0.375000,0.337251,0.336541
0.750000,0.625000,0.416667,0.352357,0.351857
0.750000,0.625000,0.458333,0.361402,0.361153
0.750000,0.625000,0.500000,0.364266,0.364270
0.750000,0.625000,0.541667,0.360929,0.361153
0.750000,0.625000,0.583333,0.351471,0.351857
0.750000,0.625000,0.625000,0.336064,0.336541
0.750000,0.625000,0.666667,0.314972,0.315467
0.750000,0.625000,0.708333,0.288550,0.288995
0.750000,0.625000,0.750000,0.257234,0.257578
0.750000,0.625000,0.791667,0.221541,0.221753
0.750000,0.625000,0.833333,0.182063,0.182135
0.750000,0.625000,0.875000,0.139453,0.139400
0.750000,0.625000,0.916667,0.094414,0.094280
0.750000,0.625000,0.958333,0.047681,0.047547
0.750000,0.625000,1.000000,-0.000000,-0.000000
0.750000,0.666667,0.000000,0.000000,0.000000
0.750000,0.666667,0.041667,0.044136,0.043977
0.750000,0.666667,0.083333,0.087456,0.087202
0.750000,0.666667,0.125000,0.129303,0.128935
0.750000,0.666667,0.166667,0.168986,0.168461
0.750000,0.666667,0.208333,0.205808,0.205105
0.750000,0.666667,0.250000,0.239101,0.238240
0.750000,0.666667,0.291667,0.268258,0.267299
0.750000,0.666667,0.333333,0.292752,0.291783
0.750000,0.666667,0.375000,0.312154,0.311276
0.750000,0.666667,0.416667,0.326139,0.325442
0.750000,0.666667,0.458333,0.334492,0.334040
0.750000,0.666667,0.500000,0.337099,0.336923
0.750000,0.666667,0.541667,0.333951,0.334040
0.750000,0.666667,0.583333,0.325130,0.325442
0.750000,0.666667,0.625000,0.310810,0.311276
0.750000,0.666667,0.666667,0.291249,0.291783
0.750000,0.666667,0.708333,0.266783,0.267299
0.750000,0.666667,0.750000,0.237822,0.238240
0.750000,0.666667,0.791667,0.204843,0.205105
0.750000,0.666667,0.833333,0.168386,0.168461
0.750000,0.666667,0.875000,0.129040,0.128935
0.750000,0.666667,0.916667,0.087429,0.087202
0.750000,0.666667,0.958333,0.044201,0.043977
0.750000,0.666667,1.000000,-0.000000,-0.000000
0.750000,0.708333,0.000000,0.000000,0.000000
0.750000,0.708333,0.041667,0.040102,0.039784
0.750000,0.708333,0.083333,0.079332,0.078887
0.750000,0.708333,0.125000,0.117165,0.116641
0.750000,0.708333,0.166667,0.153023,0.152399
0.750000,0.708333,0.208333,0.186304,0.185549
0.750000,0.708333,0.250000,0.216414,0.215524
0.750000,0.708333,0.291667,0.242800,0.241812
0.750000,0.708333,0.333333,0.264974,0.263962
0.750000,0.708333,0.375000,0.282537,0.281596
0.750000,0.708333,0.416667,0.295185,0.294412
0.750000,0.708333,0.458333,0.302718,0.302190
0.750000,0.708333,0.500000,0.305035,0.304797
0.750000,0.708333,0.541667,0.302131,0.302190
0.750000,0.708333,0.583333,0.294093,0.294412
0.750000,0.708333,0.625000,0.281087,0.281596
0.750000,0.708333,0.666667,0.263357,0.263962
0.750000,0.708333,0.708333,0.241215,0.241812
0.750000,0.708333,0.750000,0.215037,0.215524
0.750000,0.708333,0.791667,0.185252,0.185549
0.750000,0.708333,0.833333,0.152340,0.152399
0.750000,0.708333,0.875000,0.116817,0.116641
0.750000,0.708333,0.916667,0.079222,0.078887
0.750000,0.708333,0.958333,0.040103,0.039784
0.750000,0.708333,1.000000,-0.000000,-0.000000
0.750000,0.750000,0.000000,0.000000,0.000000
0.750000,0.750000,0.041667,0.035524,0.035054
0.750000,0.750000,0.083333,0.070135,0.069508
0.750000,0.750000,0.125000,0.103436,0.102772
0.750000,0.750000,0.166667,0.134967,0.134279
0.750000,0.750000,0.208333,0.164229,0.163487
0.750000,0.750000,0.250000,0.190716,0.189899
0.750000,0.750000,0.291667,0.213942,0.213061
0.750000,0.750000,0.333333,0.233473,0.232578
0.750000,0.750000,0.375000,0.248948,0.248115
0.750000,0.750000,0.416667,0.260090,0.259407
0.750000,0.750000,0.458333,0.266716,0.266260
0.750000,0.750000,0.500000,0.268734,0.268557
0.750000,0.750000,0.541667,0.266144,0.266260
0.750000,0.750000,0.583333,0.259025,0.259407
0.750000,0.750000,0.625000,0.247534,0.248115
0.750000,0.750000,0.666667,0.231892,0.232578
0.750000,0.750000,0.708333,0.212383,0.213061
0.750000,0.750000,0.750000,0.189341,0.189899
0.750000,0.750000,0.791667,0.163147,0.163487
0.750000,0.750000,0.833333,0.134215,0.134279
0.750000,0.750000,0.875000,0.102985,0.102772
0.750000,0.750000,0.916667,0.069909,0.069508
0.750000,0.750000,0.958333,0.035437,0.035054
0.750000,0.750000,1.000000,-0.000000,-0.000000
0.750000,0.791667,0.000000,0.000000,0.000000
0.750000,0.791667,0.041667,0.030461,0.029872
0.750000,0.791667,0.083333,0.059999,0.059234
0.750000,0.791667,0.125000,0.088334,0.087582
0.750000,0.791667,0.166667,0.115123,0.114431
0.750000,0.791667,0.208333,0.139976,0.139322
0.750000,0.791667,0.250000,0.162485,0.161830
0.750000,0.791667,0.291667,0.182242,0.181568
0.750000,0.791667,0.333333,0.198877,0.198200
0.750000,0.791667,0.375000,0.212072,0.211441
0.750000,0.791667,0.416667,0.221580,0.221064
0.750000,0.791667,0.458333,0.227236,0.226904
0.750000,0.791667,0.500000,0.228957,0.228862
0.750000,0.791667,0.541667,0.226738,0.226904
0.750000,0.791667,0.583333,0.220652,0.221064
0.750000,0.791667,0.625000,0.210836,0.211441
0.750000,0.791667,0.666667,0.197488,0.198200
0.750000,0.791667,0.708333,0.180856,0.181568
0.750000,0.791667,0.750000,0.161232,0.161830
0.750000,0.791667,0.791667,0.138942,0.139322
0.750000,0.791667,0.833333,0.114337,0.114431
0.750000,0.791667,0.875000,0.087781,0.087582
0.750000,0.791667,0.916667,0.059640,0.059234
0.750000,0.791667,0.958333,0.030268,0.029872
0.750000,0.791667,1.000000,-0.000000,-0.000000
0.750000,0.833333,0.000000,0.000000,0.000000
0.750000,0.833333,0.041667,0.024982,0.024324
0.750000,0.833333,0.083333,0.049077,0.048231
0.750000,0.833333,0.125000,0.072110,0.071313
0.750000,0.833333,0.166667,0.093845,0.093176
0.750000,0.833333,0.208333,0.114002,0.113443
0.750000,0.833333,0.250000,0.132269,0.131770
0.750000,0.833333,0.291667,0.148325,0.147842
0.750000,0.833333,0.333333,0.161867,0.161385
0.750000,0.833333,0.375000,0.172628,0.172166
0.750000,0.833333,0.416667,0.180396,0.180001
0.750000,0.833333,0.458333,0.185026,0.184757
0.750000,0.833333,0.500000,0.186442,0.186351
0.750000,0.833333,0.541667,0.184637,0.184757
0.750000,0.833333,0.583333,0.179668,0.180001
0.750000,0.833333,0.625000,0.171653,0.172166
0.750000,0.833333,0.666667,0.160760,0.161385
0.750000,0.833333,0.708333,0.147198,0.147842
0.750000,0.833333,0.750000,0.131213,0.131770
0.750000,0.833333,0.791667,0.113074,0.113443
0.750000,0.833333,0.833333,0.093066,0.093176
0.750000,0.833333,0.875000,0.071479,0.071313
0.750000,0.833333,0.916667,0.048596,0.048231
0.750000,0.833333,0.958333,0.024687,0.024324
0.750000,0.833333,1.000000,-0.000000,-0.000000
0.750000,0.875000,0.000000,0.000000,0.000000
0.750000,0.875000,0.041667,0.019152,0.018488
0.750000,0.875000,0.083333,0.037518,0.036659
0.750000,0.875000,0.125000,0.055004,0.054203
0.750000,0.875000,0.166667,0.071469,0.070819
0.750000,0.875000,0.208333,0.086728,0.086224
0.750000,0.875000,0.250000,0.100565,0.100153
0.750000,0.875000,0.291667,0.112744,0.112369
0.750000,0.875000,0.333333,0.123036,0.122662
0.750000,0.875000,0.375000,0.131233,0.130857
0.750000,0.875000,0.416667,0.137165,0.136812
0.750000,0.875000,0.458333,0.140712,0.140427
0.750000,0.875000,0.500000,0.141808,0.141638
0.750000,0.875000,0.541667,0.140442,0.140427
0.750000,0.875000,0.583333,0.136658,0.136812
0.750000,0.875000,0.625000,0.130548,0.130857
0.750000,0.875000,0.666667,0.122243,0.122662
0.750000,0.875000,0.708333,0.111910,0.112369
0.750000,0.875000,0.750000,0.099742,0.100153
0.750000,0.875000,0.791667,0.085946,0.086224
0.750000,0.875000,0.833333,0.070741,0.070819
0.750000,0.875000,0.875000,0.054343,0.054203
0.750000,0.875000,0.916667,0.036960,0.036659
0.750000,0.875000,0.958333,0.018788,0.018487
0.750000,0.875000,1.000000,-0.000000,-0.000000
0.750000,0.916667,0.000000,0.000000,0.000000
0.750000,0.916667,0.041667,0.013023,0.012440
0.750000,0.916667,0.083333,0.025435,0.024667
0.750000,0.916667,0.125000,0.037200,0.036473
0.750000,0.916667,0.166667,0.048248,0.047654
0.750000,0.916667,0.208333,0.058474,0.058020
0.750000,0.916667,0.250000,0.067748,0.067393
0.750000,0.916667,0.291667,0.075921,0.075613
0.750000,0.916667,0.333333,0.082841,0.082539
0.750000,0.916667,0.375000,0.088367,0.088053
0.750000,0.916667,0.416667,0.092379,0.092060
0.750000,0.916667,0.458333,0.094788,0.094493
0.750000,0.916667,0.500000,0.095545,0.095308
0.750000,0.916667,0.541667,0.094638,0.094493
0.750000,0.916667,0.583333,0.092094,0.092060
0.750000,0.916667,0.625000,0.087974,0.088053
0.750000,0.916667,0.666667,0.082369,0.082539
0.750000,0.916667,0.708333,0.075395,0.075613
0.750000,0.916667,0.750000,0.067185,0.067393
0.750000,0.916667,0.791667,0.057883,0.058020
0.750000,0.916667,0.833333,0.047637,0.047654
0.750000,0.916667,0.875000,0.036592,0.036473
0.750000,0.916667,0.916667,0.024888,0.024667
0.750000,0.916667,0.958333,0.012653,0.012440
0.750000,0.916667,1.000000,-0.000000,-0.000000
0.750000,0.958333,0.000000,0.000000,0.000000
0.750000,0.958333,0.041667,0.006628,0.006254
0.750000,0.958333,0.083333,0.012904,0.012402
0.750000,0.958333,0.125000,0.018823,0.018337
0.750000,0.958333,0.166667,0.024361,0.023958
0.750000,0.958333,0.208333,0.029478,0.029170
0.750000,0.958333,0.250000,0.034115,0.033882
0.750000,0.958333,0.291667,0.038205,0.038015
0.750000,0.958333,0.333333,0.041675,0.041497
0.750000,0.958333,0.375000,0.044454,0.044269
0.750000,0.958333,0.416667,0.046480,0.046284
0.750000,0.958333,0.458333,0.047706,0.047506
0.750000,0.958333,0.500000,0.048102,0.047916
0.750000,0.958333,0.541667,0.047659,0.047506
0.750000,0.958333,0.583333,0.046387,0.046284
0.750000,0.958333,0.625000,0.044316,0.044269
0.750000,0.958333,0.666667,0.041493,0.041497
0.750000,0.958333,0.708333,0.037976,0.038015
0.750000,0.958333,0.750000,0.033835,0.033882
0.750000,0.958333,0.791667,0.029142,0.029170
0.750000,0.958333,0.833333,0.023976,0.023958
0.750000,0.958333,0.875000,0.018411,0.018337
0.750000,0.958333,0.916667,0.012519,0.012402
0.750000,0.958333,0.958333,0.006363,0.006254
0.750000,0.958333,1.000000,-0.000000,-0.000000
0.750000,1.000000,0.000000,0.000000,0.000000
0.750000,1.000000,0.041667,0.000000,-0.000000
0.750000,1.000000,0.083333,0.000000,-0.000000
0.750000,1.000000,0.125000,0.000000,-0.000000
0.750000,1.000000,0.166667,0.000000,-0.000000
0.750000,1.000000,0.208333,0.000000,-0.000000
0.750000,1.000000,0.250000,0.000000,-0.000000
0.750000,1.000000,0.291667,0.000000,-0.000000
0.750000,1.000000,0.333333,0.000000,-0.000000
0.750000,1.000000,0.375000,0.000000,-0.000000
0.750000,1.000000,0.416667,0.000000,-0.000000
0.750000,1.000000,0.458333,0.000000,-0.000000
0.750000,1.000000,0.500000,0.000000,-0.000000
0.750000,1.000000,0.541667,0.000000,-0.000000
0.750000,1.000000,0.583333,0.000000,-0.000000
0.750000,1.000000,0.625000,0.000000,-0.000000
0.750000,1.000000,0.666667,0.000000,-0.000000
0.750000,1.000000,0.708333,0.000000,-0.000000
0.750000,1.000000,0.750000,0.000000,-0.000000
0.750000,1.000000,0.791667,0.000000,-0.000000
0.750000,1.000000,0.833333,0.000000,-0.000000
0.750000,1.000000,0.875000,0.000000,-0.000000
0.750000,1.000000,0.916667,0.000000,-0.000000
0.750000,1.000000,0.958333,0.000000,-0.000000
0.750000,1.000000,1.000000,0.000000,0.000000
0.791667,0.000000,0.000000,0.000000,0.000000
0.791667,0.000000,0.041667,0.000000,0.000000
0.791667,0.000000,0.083333,0.000000,0.000000
0.791667,0.000000,0.125000,0.000000,0.000000
0.791667,0.000000,0.166667,0.000000,0.000000
0.791667,0.000000,0.208333,0.000000,0.000000
0.791667,0.000000,0.250000,0.000000,0.000000
0.791667,0.000000,0.291667,0.000000,0.000000
0.791667,0.000000,0.333333,0.000000,0.000000
0.791667,0.000000,0.375000,0.000000,0.000000
0.791667,0.000000,0.416667,0.000000,0.000000
0.791667,0.000000,0.458333,0.000000,0.000000
0.791667,0.000000,0.500000,0.000000,0.000000
0.791667,0.000000,0.541667,0.000000,0.000000
0.791667,0.000000,0.583333,0.000000,0.000000
0.791667,0.000000,0.625000,0.000000,0.000000
0.791667,0.000000,0.666667,0.000000,0.000000
0.791667,0.000000,0.708333,0.000000,0.000000
0.791667,0.000000,0.750000,0.000000,0.000000
0.791667,0.000000,0.791667,0.000000,0.000000
0.791667,0.000000,0.833333,0.000000,0.000000
0.791667,0.000000,0.875000,0.000000,0.000000
0.791667,0.000000,0.916667,0.000000,0.000000
0.791667,0.000000,0.958333,0.000000,0.000000
0.791667,0.000000,1.000000,0.000000,-0.000000
0.791667,0.041667,0.000000,0.000000,0.000000
0.791667,0.041667,0.041667,0.007452,0.007306
0.791667,0.041667,0.083333,0.014765,0.014486
0.791667,0.041667,0.125000,0.021797,0.021419
0.791667,0.041667,0.166667,0.028419,0.027985
0.791667,0.041667,0.208333,0.034517,0.034073
0.791667,0.041667,0.250000,0.039991,0.039577
0.791667,0.041667,0.291667,0.044753,0.044404
0.791667,0.041667,0.333333,0.048730,0.048472
0.791667,0.041667,0.375000,0.051860,0.051710
0.791667,0.041667,0.416667,0.054099,0.054063
0.791667,0.041667,0.458333,0.055415,0.055492
0.791667,0.041667,0.500000,0.055792,0.055970
0.791667,0.041667,0.541667,0.055230,0.055492
0.791667,0.041667,0.583333,0.053741,0.054063
0.791667,0.041667,0.625000,0.051354,0.051710
0.791667,0.041667,0.666667,0.048109,0.048472
0.791667,0.041667,0.708333,0.044059,0.044404
0.791667,0.041667,0.750000,0.039270,0.039577
0.791667,0.041667,0.791667,0.033818,0.034073
0.791667,0.041667,0.833333,0.027791,0.027985
0.791667,0.041667,0.875000,0.021287,0.021419
0.791667,0.041667,0.916667,0.014411,0.014486
0.791667,0.041667,0.958333,0.007276,0.007306
0.791667,0.041667,1.000000,-0.000000,-0.000000
0.791667,0.083333,0.000000,0.000000,0.000000
0.791667,0.083333,0.041667,0.014653,0.014454
0.791667,0.083333,0.083333,0.029065,0.028660
0.791667,0.083333,0.125000,0.042948,0.042377
0.791667,0.083333,0.166667,0.056046,0.055368
0.791667,0.083333,0.208333,0.068129,0.067411
0.791667,0.083333,0.250000,0.078993,0.078302
0.791667,0.083333,0.291667,0.088460,0.087852
0.791667,0.083333,0.333333,0.096378,0.095899
0.791667,0.083333,0.375000,0.102623,0.102306
0.791667,0.083333,0.416667,0.107100,0.106962
0.791667,0.083333,0.458333,0.109744,0.109788
0.791667,0.083333,0.500000,0.110520,0.110735
0.791667,0.083333,0.541667,0.109424,0.109788
0.791667,0.083333,0.583333,0.106480,0.106962
0.791667,0.083333,0.625000,0.101743,0.102306
0.791667,0.083333,0.666667,0.095295,0.095899
0.791667,0.083333,0.708333,0.087244,0.087852
0.791667,0.083333,0.750000,0.077725,0.078302
0.791667,0.083333,0.791667,0.066895,0.067411
0.791667,0.083333,0.833333,0.054935,0.055368
0.791667,0.083333,0.875000,0.042043,0.042377
0.791667,0.083333,0.916667,0.028435,0.028660
0.791667,0.083333,0.958333,0.014341,0.014454
0.791667,0.083333,1.000000,-0.000000,-0.000000
0.791667,0.125000,0.000000,0.000000,0.000000
0.791667,0.125000,0.041667,0.021472,0.021292
0.791667,0.125000,0.083333,0.042627,0.042220
0.791667,0.125000,0.125000,0.063037,0.062426
0.791667,0.125000,0.166667,0.082317,0.081563
0.791667,0.125000,0.208333,0.100124,0.099305
0.791667,0.125000,0.250000,0.116153,0.115347
0.791667,0.125000,0.291667,0.130137,0.129416
0.791667,0.125000,0.333333,0.141849,0.141271
0.791667,0.125000,0.375000,0.151105,0.150709
0.791667,0.125000,0.416667,0.157761,0.157568
0.791667,0.125000,0.458333,0.161718,0.161730
0.791667,0.125000,0.500000,0.162919,0.163126
0.791667,0.125000,0.541667,0.161353,0.161730
0.791667,0.125000,0.583333,0.157053,0.157568
0.791667,0.125000,0.625000,0.150095,0.150709
0.791667,0.125000,0.666667,0.140599,0.141271
0.791667,0.125000,0.708333,0.128723,0.129416
0.791667,0.125000,0.750000,0.114670,0.115347
0.791667,0.125000,0.791667,0.098674,0.099305
0.791667,0.125000,0.833333,0.081008,0.081563
0.791667,0.125000,0.875000,0.061972,0.062426
0.791667,0.125000,0.916667,0.041892,0.042220
0.791667,0.125000,0.958333,0.021115,0.021292
0.791667,0.125000,1.000000,-0.000000,-0.000000
0.791667,0.166667,0.000000,0.000000,0.000000
0.791667,0.166667,0.041667,0.027801,0.027678
0.791667,0.166667,0.083333,0.055228,0.054882
0.791667,0.166667,0.125000,0.081719,0.081147
0.791667,0.166667,0.166667,0.106764,0.106024
0.791667,0.166667,0.208333,0.129908,0.129086
0.791667,0.166667,0.250000,0.150750,0.149940
0.791667,0.166667,0.291667,0.168942,0.168229
0.791667,0.166667,0.333333,0.184190,0.183639
0.791667,0.166667,0.375000,0.196255,0.195906
0.791667,0.166667,0.416667,0.204949,0.204822
0.791667,0.166667,0.458333,0.210143,0.210233
0.791667,0.166667,0.500000,0.211760,0.212048
0.791667,0.166667,0.541667,0.209782,0.210233
0.791667,0.166667,0.583333,0.204246,0.204822
0.791667,0.166667,0.625000,0.195245,0.195906
0.791667,0.166667,0.666667,0.182929,0.183639
0.791667,0.166667,0.708333,0.167504,0.168229
0.791667,0.166667,0.750000,0.149229,0.149940
0.791667,0.166667,0.791667,0.128414,0.129086
0.791667,0.166667,0.833333,0.105416,0.106024
0.791667,0.166667,0.875000,0.080631,0.081147
0.791667,0.166667,0.916667,0.054491,0.054882
0.791667,0.166667,0.958333,0.027455,0.027678
0.791667,0.166667,1.000000,-0.000000,-0.000000
0.791667,0.208333,0.000000,0.000000,0.000000
0.791667,0.208333,0.041667,0.033542,0.033481
0.791667,0.208333,0.083333,0.066675,0.066390
0.791667,0.208333,0.125000,0.098704,0.098162
0.791667,0.208333,0.166667,0.129000,0.128255
0.791667,0.208333,0.208333,0.157002,0.156154
0.791667,0.208333,0.250000,0.182219,0.181381
0.791667,0.208333,0.291667,0.204230,0.203504
0.791667,0.208333,0.333333,0.222680,0.222145
0.791667,0.208333,0.375000,0.237283,0.236985
0.791667,0.208333,0.416667,0.247818,0.247770
0.791667,0.208333,0.458333,0.254128,0.254316
0.791667,0.208333,0.500000,0.256122,0.256511
0.791667,0.208333,0.541667,0.253775,0.254316
0.791667,0.208333,0.583333,0.247125,0.247770
0.791667,0.208333,0.625000,0.236282,0.236985
0.791667,0.208333,0.666667,0.221419,0.222145
0.791667,0.208333,0.708333,0.202783,0.203504
0.791667,0.208333,0.750000,0.180682,0.181381
0.791667,0.208333,0.791667,0.155492,0.156154
0.791667,0.208333,0.833333,0.127647,0.128255
0.791667,0.208333,0.875000,0.097631,0.098162
0.791667,0.208333,0.916667,0.065973,0.066390
0.791667,0.208333,0.958333,0.033234,0.033481
0.791667,0.208333,1.000000,-0.000000,-0.000000
0.791667,0.250000,0.000000,0.000000,0.000000
0.791667,0.250000,0.041667,0.038591,0.038591
0.791667,0.250000,0.083333,0.076758,0.076522
0.791667,0.250000,0.125000,0.113683,0.113144
0.791667,0.250000,0.166667,0.148624,0.147830
0.791667,0.250000,0.208333,0.180922,0.179986
0.791667,0.250000,0.250000,0.210004,0.209063
0.791667,0.250000,0.291667,0.235381,0.234562
0.791667,0.250000,0.333333,0.256648,0.256048
0.791667,0.250000,0.375000,0.273479,0.273153
0.791667,0.250000,0.416667,0.285625,0.285585
0.791667,0.250000,0.458333,0.292911,0.293130
0.791667,0.250000,0.500000,0.295232,0.295659
0.791667,0.250000,0.541667,0.292559,0.293130
0.791667,0.250000,0.583333,0.284934,0.285585
0.791667,0.250000,0.625000,0.272476,0.273153
0.791667,0.250000,0.666667,0.255381,0.256048
0.791667,0.250000,0.708333,0.233926,0.234562
0.791667,0.250000,0.750000,0.208464,0.209063
0.791667,0.250000,0.791667,0.179425,0.179986
0.791667,0.250000,0.833333,0.147309,0.147830
0.791667,0.250000,0.875000,0.112677,0.113144
0.791667,0.250000,0.916667,0.076142,0.076522
0.791667,0.250000,0.958333,0.038356,0.038591
0.791667,0.250000,1.000000,-0.000000,-0.000000
0.791667,0.291667,0.000000,0.000000,0.000000
0.791667,0.291667,0.041667,0.042856,0.042916
0.791667,0.291667,0.083333,0.085284,0.085097
0.791667,0.291667,0.125000,0.126360,0.125822
0.791667,0.291667,0.166667,0.165243,0.164395
0.791667,0.291667,0.208333,0.201187,0.200155
0.791667,0.291667,0.250000,0.233547,0.232490
0.791667,0.291667,0.291667,0.261775,0.260847
0.791667,0.291667,0.333333,0.285424,0.284740
0.791667,0.291667,0.375000,0.304135,0.303762
0.791667,0.291667,0.416667,0.317638,0.317587
0.791667,0.291667,0.458333,0.325743,0.325977
0.791667,0.291667,0.500000,0.328338,0.328790
0.791667,0.291667,0.541667,0.325391,0.325977
0.791667,0.291667,0.583333,0.316947,0.317587
0.791667,0.291667,0.625000,0.303133,0.303762
0.791667,0.291667,0.666667,0.284162,0.284740
0.791667,0.291667,0.708333,0.260336,0.260847
0.791667,0.291667,0.750000,0.232043,0.232490
0.791667,0.291667,0.791667,0.199758,0.200155
0.791667,0.291667,0.833333,0.164032,0.164395
0.791667,0.291667,0.875000,0.125491,0.125822
0.791667,0.291667,0.916667,0.084815,0.085097
0.791667,0.291667,0.958333,0.042731,0.042916
0.791667,0.291667,1.000000,-0.000000,-0.000000
0.791667,0.333333,0.000000,0.000000,0.000000
0.791667,0.333333,0.041667,0.046272,0.046385
0.791667,0.333333,0.083333,0.092116,0.091976
0.791667,0.333333,0.125000,0.136521,0.135994
0.791667,0.333333,0.166667,0.178566,0.177685
0.791667,0.333333,0.208333,0.217435,0.216335
0.791667,0.333333,0.250000,0.252421,0.251284
0.791667,0.333333,0.291667,0.282932,0.281933
0.791667,0.333333,0.333333,0.308484,0.307759
0.791667,0.333333,0.375000,0.328695,0.328318
0.791667,0.333333,0.416667,0.343277,0.343260
0.791667,0.333333,0.458333,0.352031,0.352329
0.791667,0.333333,0.500000,0.354842,0.355369
0.791667,0.333333,0.541667,0.351673,0.352329
0.791667,0.333333,0.583333,0.342575,0.343260
0.791667,0.333333,0.625000,0.327683,0.328318
0.791667,0.333333,0.666667,0.307222,0.307759
0.791667,0.333333,0.708333,0.281512,0.281933
0.791667,0.333333,0.750000,0.250968,0.251284
0.791667,0.333333,0.791667,0.216095,0.216335
0.791667,0.333333,0.833333,0.177488,0.177685
0.791667,0.333333,0.875000,0.135817,0.135994
0.791667,0.333333,0.916667,0.091816,0.091976
0.791667,0.333333,0.958333,0.046270,0.046385
0.791667,0.333333,1.000000,-0.000000,-0.000000
0.791667,0.375000,0.000000,0.000000,0.000000
0.791667,0.375000,0.041667,0.048805,0.048952
0.791667,0.375000,0.083333,0.097175,0.097067
0.791667,0.375000,0.125000,0.144040,0.143521
0.791667,0.375000,0.166667,0.188423,0.187519
0.791667,0.375000,0.208333,0.229454,0.228308
0.791667,0.375000,0.250000,0.266383,0.265191
0.791667,0.375000,0.291667,0.298582,0.297537
0.791667,0.375000,0.333333,0.325540,0.324792
0.791667,0.375000,0.375000,0.346856,0.346489
0.791667,0.375000,0.416667,0.362231,0.362258
0.791667,0.375000,0.458333,0.371460,0.371829
0.791667,0.375000,0.500000,0.374422,0.375037
0.791667,0.375000,0.541667,0.371085,0.371829
0.791667,0.375000,0.583333,0.361502,0.362258
0.791667,0.375000,0.625000,0.345814,0.346489
0.791667,0.375000,0.666667,0.324256,0.324792
0.791667,0.375000,0.708333,0.297162,0.297537
0.791667,0.375000,0.750000,0.264963,0.265191
0.791667,0.375000,0.791667,0.228189,0.228308
0.791667,0.375000,0.833333,0.187460,0.187519
0.791667,0.375000,0.875000,0.143479,0.143521
0.791667,0.375000,0.916667,0.097018,0.097067
0.791667,0.375000,0.958333,0.048904,0.048952
0.791667,0.375000,1.000000,-0.000000,-0.000000
0.791667,0.416667,0.000000,0.000000,0.000000
0.791667,0.416667,0.041667,0.050429,0.050593
0.791667,0.416667,0.083333,0.100407,0.100321
0.791667,0.416667,0.125000,0.148837,0.148332
0.791667,0.416667,0.166667,0.194711,0.193806
0.791667,0.416667,0.208333,0.237128,0.235963
0.791667,0.416667,0.250000,0.275309,0.274082
0.791667,0.416667,0.291667,0.308599,0.307513
0.791667,0.416667,0.333333,0.336469,0.335681
0.791667,0.416667,0.375000,0.358503,0.358106
0.791667,0.416667,0.416667,0.374392,0.374404
0.791667,0.416667,0.458333,0.383925,0.384295
0.791667,0.416667,0.500000,0.386983,0.387611
0.791667,0.416667,0.541667,0.383535,0.384295
0.791667,0.416667,0.583333,0.373635,0.374404
0.791667,0.416667,0.625000,0.357433,0.358106
0.791667,0.416667,0.666667,0.335170,0.335681
0.791667,0.416667,0.708333,0.307188,0.307513
0.791667,0.416667,0.750000,0.273931,0.274082
0.791667,0.416667,0.791667,0.235940,0.235963
0.791667,0.416667,0.833333,0.193853,0.193806
0.791667,0.416667,0.875000,0.148393,0.148332
0.791667,0.416667,0.916667,0.100356,0.100321
0.791667,0.416667,0.958333,0.050594,0.050593
0.791667,0.416667,1.000000,-0.000000,-0.000000
0.791667,0.458333,0.000000,0.000000,0.000000
0.791667,0.458333,0.041667,0.051131,0.051306
0.791667,0.458333,0.083333,0.101781,0.101735
0.791667,0.458333,0.125000,0.150868,0.150423
0.791667,0.458333,0.166667,0.197379,0.196537
0.791667,0.458333,0.208333,0.240402,0.239288
0.791667,0.458333,0.250000,0.279144,0.277945
0.791667,0.458333,0.291667,0.312936,0.311846
0.791667,0.458333,0.333333,0.341232,0.340411
0.791667,0.458333,0.375000,0.363605,0.363152
0.791667,0.458333,0.416667,0.379739,0.379680
0.791667,0.458333,0.458333,0.389420,0.389710
0.791667,0.458333,0.500000,0.392526,0.393073
0.791667,0.458333,0.541667,0.389028,0.389710
0.791667,0.458333,0.583333,0.378986,0.379680
0.791667,0.458333,0.625000,0.362551,0.363152
0.791667,0.458333,0.666667,0.339972,0.340411
0.791667,0.458333,0.708333,0.311594,0.311846
0.791667,0.458333,0.750000,0.277867,0.277945
0.791667,0.458333,0.791667,0.239338,0.239288
0.791667,0.458333,0.833333,0.196652,0.196537
0.791667,0.458333,0.875000,0.150542,0.150423
0.791667,0.458333,0.916667,0.101814,0.101735
0.791667,0.458333,0.958333,0.051332,0.051306
0.791667,0.458333,1.000000,-0.000000,-0.000000
0.791667,0.500000,0.000000,0.000000,0.000000
0.791667,0.500000,0.041667,0.050923,0.051109
0.791667,0.500000,0.083333,0.101324,0.101344
0.791667,0.500000,0.125000,0.150166,0.149844
0.791667,0.500000,0.166667,0.196465,0.195781
0.791667,0.500000,0.208333,0.239321,0.238368
0.791667,0.500000,0.250000,0.277940,0.276876
0.791667,0.500000,0.291667,0.311647,0.310647
0.791667,0.500000,0.333333,0.339887,0.339102
0.791667,0.500000,0.375000,0.362227,0.361756
0.791667,0.500000,0.416667,0.378343,0.378219
0.791667,0.500000,0.458333,0.388016,0.388212
0.791667,0.500000,0.500000,0.391126,0.391562
0.791667,0.500000,0.541667,0.387643,0.388212
0.791667,0.500000,0.583333,0.377631,0.378219
0.791667,0.500000,0.625000,0.361244,0.361756
0.791667,0.500000,0.666667,0.338734,0.339102
0.791667,0.500000,0.708333,0.310447,0.310647
0.791667,0.500000,0.750000,0.276833,0.276876
0.791667,0.500000,0.791667,0.238439,0.238368
0.791667,0.500000,0.833333,0.195908,0.195781
0.791667,0.500000,0.875000,0.149970,0.149844
0.791667,0.500000,0.916667,0.101426,0.101344
0.791667,0.500000,0.958333,0.051138,0.051109
0.791667,0.500000,1.000000,-0.000000,-0.000000
0.791667,0.541667,0.000000,0.000000,0.000000
0.791667,0.541667,0.041667,0.049854,0.050037
0.791667,0.541667,0.083333,0.099129,0.099218
0.791667,0.541667,0.125000,0.146869,0.146702
0.791667,0.541667,0.166667,0.192144,0.191675
0.791667,0.541667,0.208333,0.234086,0.233369
0.791667,0.541667,0.250000,0.271917,0.271070
0.791667,0.541667,0.291667,0.304966,0.304132
0.791667,0.541667,0.333333,0.332678,0.331991
0.791667,0.541667,0.375000,0.354613,0.354169
0.791667,0.541667,0.416667,0.370445,0.370288
0.791667,0.541667,0.458333,0.379953,0.380071
0.791667,0.541667,0.500000,0.383014,0.383350
0.791667,0.541667,0.541667,0.379602,0.380071
0.791667,0.541667,0.583333,0.369782,0.370288
0.791667,0.541667,0.625000,0.353712,0.354169
0.791667,0.541667,0.666667,0.331644,0.331991
0.791667,0.541667,0.708333,0.303924,0.304132
0.791667,0.541667,0.750000,0.270995,0.271070
0.791667,0.541667,0.791667,0.233397,0.233369
0.791667,0.541667,0.833333,0.191759,0.191675
0.791667,0.541667,0.875000,0.146795,0.146702
0.791667,0.541667,0.916667,0.099286,0.099218
0.791667,0.541667,0.958333,0.050066,0.050037
0.791667,0.541667,1.000000,-0.000000,-0.000000
0.791667,0.583333,0.000000,0.000000,0.000000
0.791667,0.583333,0.041667,0.047997,0.048142
0.791667,0.583333,0.083333,0.095351,0.095460
0.791667,0.583333,0.125000,0.141207,0.141144
0.791667,0.583333,0.166667,0.184710,0.184414
0.791667,0.583333,0.208333,0.225044,0.224528
0.791667,0.583333,0.250000,0.261462,0.260801
0.791667,0.583333,0.291667,0.293309,0.292611
0.791667,0.583333,0.333333,0.320035,0.319414
0.791667,0.583333,0.375000,0.341203,0.340752
0.791667,0.583333,0.416667,0.356485,0.356260
0.791667,0.583333,0.458333,0.365659,0.365672
0.791667,0.583333,0.500000,0.368607,0.368828
0.791667,0.583333,0.541667,0.365305,0.365672
0.791667,0.583333,0.583333,0.355821,0.356260
0.791667,0.583333,0.625000,0.340317,0.340752
0.791667,0.583333,0.666667,0.319044,0.319414
0.791667,0.583333,0.708333,0.292343,0.292611
0.791667,0.583333,0.750000,0.260647,0.260801
0.791667,0.583333,0.791667,0.224477,0.224528
0.791667,0.583333,0.833333,0.184437,0.184414
0.791667,0.583333,0.875000,0.141208,0.141144
0.791667,0.583333,0.916667,0.095532,0.095460
0.791667,0.583333,0.958333,0.048194,0.048142
0.791667,0.583333,1.000000,-0.000000,-0.000000
0.791667,0.625000,0.000000,0.000000,0.000000
0.791667,0.625000,0.041667,0.045437,0.045485
0.791667,0.625000,0.083333,0.090163,0.090192
0.791667,0.625000,0.125000,0.133438,0.133355
0.791667,0.625000,0.166667,0.174497,0.174237
0.791667,0.625000,0.208333,0.212593,0.212138
0.791667,0.625000,0.250000,0.247022,0.246408
0.791667,0.625000,0.291667,0.277157,0.276463
0.791667,0.625000,0.333333,0.302464,0.301787
0.791667,0.625000,0.375000,0.322513,0.321948
0.791667,0.625000,0.416667,0.336981,0.336600
0.791667,0.625000,0.458333,0.345654,0.345493
0.791667,0.625000,0.500000,0.348417,0.348474
0.791667,0.625000,0.541667,0.345252,0.345493
0.791667,0.625000,0.583333,0.336235,0.336600
0.791667,0.625000,0.625000,0.321528,0.321948
0.791667,0.625000,0.666667,0.301380,0.301787
0.791667,0.625000,0.708333,0.276123,0.276463
0.791667,0.625000,0.750000,0.246170,0.246408
0.791667,0.625000,0.791667,0.212016,0.212137
0.791667,0.625000,0.833333,0.174227,0.174237
0.791667,0.625000,0.875000,0.133435,0.133355
0.791667,0.625000,0.916667,0.090321,0.090192
0.791667,0.625000,0.958333,0.045600,0.045485
0.791667,0.625000,1.000000,-0.000000,-0.000000
0.791667,0.666667,0.000000,0.000000,0.000000
0.791667,0.666667,0.041667,0.042245,0.042138
0.791667,0.666667,0.083333,0.083713,0.083556
0.791667,0.666667,0.125000,0.123782,0.123544
0.791667,0.666667,0.166667,0.161792,0.161418
0.791667,0.666667,0.208333,0.197073,0.196530
0.791667,0.666667,0.250000,0.228982,0.228279
0.791667,0.666667,0.291667,0.256929,0.256123
0.791667,0.666667,0.333333,0.280408,0.279584
0.791667,0.666667,0.375000,0.299007,0.298261
0.791667,0.666667,0.416667,0.312416,0.311835
0.791667,0.666667,0.458333,0.320432,0.320074
0.791667,0.666667,0.500000,0.322948,0.322836
0.791667,0.666667,0.541667,0.319957,0.320074
0.791667,0.666667,0.583333,0.311536,0.311835
0.791667,0.666667,0.625000,0.297848,0.298261
0.791667,0.666667,0.666667,0.279135,0.279584
0.791667,0.666667,0.708333,0.255713,0.256123
0.791667,0.666667,0.750000,0.227971,0.228279
0.791667,0.666667,0.791667,0.196364,0.196530
0.791667,0.666667,0.833333,0.161412,0.161418
0.791667,0.666667,0.875000,0.123683,0.123544
0.791667,0.666667,0.916667,0.083786,0.083556
0.791667,0.666667,0.958333,0.042348,0.042138
0.791667,0.666667,1.000000,-0.000000,-0.000000
0.791667,0.708333,0.000000,0.000000,0.000000
0.791667,0.708333,0.041667,0.038472,0.038179
0.791667,0.708333,0.083333,0.076104,0.075705
0.791667,0.708333,0.125000,0.112398,0.111936
0.791667,0.708333,0.166667,0.146803,0.146252
0.791667,0.708333,0.208333,0.178740,0.178065
0.791667,0.708333,0.250000,0.207637,0.206831
0.791667,0.708333,0.291667,0.232959,0.232059
0.791667,0.708333,0.333333,0.254239,0.253315
0.791667,0.708333,0.375000,0.271094,0.270238
0.791667,0.708333,0.416667,0.283234,0.282537
0.791667,0.708333,0.458333,0.290470,0.290001
0.791667,0.708333,0.500000,0.292707,0.292503
0.791667,0.708333,0.541667,0.289941,0.290001
0.791667,0.708333,0.583333,0.282252,0.282537
0.791667,0.708333,0.625000,0.269797,0.270238
0.791667,0.708333,0.666667,0.252805,0.253315
0.791667,0.708333,0.708333,0.231570,0.232059
0.791667,0.708333,0.750000,0.206450,0.206831
0.791667,0.708333,0.791667,0.177856,0.178065
0.791667,0.708333,0.833333,0.146252,0.146252
0.791667,0.708333,0.875000,0.112136,0.111936
0.791667,0.708333,0.916667,0.076034,0.075705
0.791667,0.708333,0.958333,0.038480,0.038179
0.791667,0.708333,1.000000,-0.000000,-0.000000
0.791667,0.750000,0.000000,0.000000,0.000000
0.791667,0.750000,0.041667,0.034154,0.033688
0.791667,0.750000,0.083333,0.067422,0.066799
0.791667,0.750000,0.125000,0.099426,0.098768
0.791667,0.750000,0.166667,0.129727,0.129046
0.791667,0.750000,0.208333,0.157846,0.157117
0.791667,0.750000,0.250000,0.183296,0.182499
0.791667,0.750000,0.291667,0.205613,0.204759
0.791667,0.750000,0.333333,0.224379,0.223515
0.791667,0.750000,0.375000,0.239247,0.238446
0.791667,0.750000,0.416667,0.249954,0.249298
0.791667,0.750000,0.458333,0.256326,0.255885
0.791667,0.750000,0.500000,0.258275,0.258093
0.791667,0.750000,0.541667,0.255799,0.255885
0.791667,0.750000,0.583333,0.248975,0.249298
0.791667,0.750000,0.625000,0.237946,0.238446
0.791667,0.750000,0.666667,0.222925,0.223515
0.791667,0.750000,0.708333,0.204180,0.204759
0.791667,0.750000,0.750000,0.182030,0.182499
0.791667,0.750000,0.791667,0.156842,0.157117
0.791667,0.750000,0.833333,0.129016,0.129046
0.791667,0.750000,0.875000,0.098981,0.098768
0.791667,0.750000,0.916667,0.067177,0.066799
0.791667,0.750000,0.958333,0.034042,0.033688
0.791667,0.750000,1.000000,-0.000000,-0.000000
0.791667,0.791667,0.000000,0.000000,0.000000
0.791667,0.791667,0.041667,0.029339,0.028745
0.791667,0.791667,0.083333,0.057778,0.056998
0.791667,0.791667,0.125000,0.085049,0.084276
0.791667,0.791667,0.166667,0.110826,0.110112
0.791667,0.791667,0.208333,0.134736,0.134064
0.791667,0.791667,0.250000,0.156387,0.155722
0.791667,0.791667,0.291667,0.175391,0.174716
0.791667,0.791667,0.333333,0.191390,0.190720
0.791667,0.791667,0.375000,0.204081,0.203461
0.791667,0.791667,0.416667,0.213228,0.212720
0.791667,0.791667,0.458333,0.218672,0.218340
0.791667,0.791667,0.500000,0.220334,0.220224
0.791667,0.791667,0.541667,0.218208,0.218340
0.791667,0.791667,0.583333,0.212361,0.212720
0.791667,0.791667,0.625000,0.202923,0.203461
0.791667,0.791667,0.666667,0.190082,0.190720
0.791667,0.791667,0.708333,0.174075,0.174716
0.791667,0.791667,0.750000,0.155182,0.155722
0.791667,0.791667,0.791667,0.133719,0.134064
0.791667,0.791667,0.833333,0.110025,0.110112
0.791667,0.791667,0.875000,0.084454,0.084276
0.791667,0.791667,0.916667,0.057363,0.056998
0.791667,0.791667,0.958333,0.029102,0.028745
0.791667,0.791667,1.000000,-0.000000,-0.000000
0.791667,0.833333,0.000000,0.000000,0.000000
0.791667,0.833333,0.041667,0.024093,0.023431
0.791667,0.833333,0.083333,0.047318,0.046462
0.791667,0.833333,0.125000,0.069509,0.068697
0.791667,0.833333,0.166667,0.090444,0.089757
0.791667,0.833333,0.208333,0.109852,0.109281
0.791667,0.833333,0.250000,0.127437,0.126936
0.791667,0.833333,0.291667,0.142893,0.142418
0.791667,0.833333,0.333333,0.155927,0.155464
0.791667,0.833333,0.375000,0.166286,0.165849
0.791667,0.833333,0.416667,0.173766,0.173397
0.791667,0.833333,0.458333,0.178228,0.177978
0.791667,0.833333,0.500000,0.179597,0.179514
0.791667,0.833333,0.541667,0.177865,0.177978
0.791667,0.833333,0.583333,0.173086,0.173397
0.791667,0.833333,0.625000,0.165372,0.165849
0.791667,0.833333,0.666667,0.154881,0.155464
0.791667,0.833333,0.708333,0.141815,0.142418
0.791667,0.833333,0.750000,0.126409,0.126936
0.791667,0.833333,0.791667,0.108923,0.109281
0.791667,0.833333,0.833333,0.089635,0.089757
0.791667,0.833333,0.875000,0.068826,0.068697
0.791667,0.833333,0.916667,0.046776,0.046462
0.791667,0.833333,0.958333,0.023751,0.023431
0.791667,0.833333,1.000000,-0.000000,-0.000000
0.791667,0.875000,0.000000,0.000000,0.000000
0.791667,0.875000,0.041667,0.018486,0.017825
0.791667,0.875000,0.083333,0.036203,0.035345
0.791667,0.875000,0.125000,0.053062,0.052260
0.791667,0.875000,0.166667,0.068930,0.068281
0.791667,0.875000,0.208333,0.083631,0.083134
0.791667,0.875000,0.250000,0.096958,0.096564
0.791667,0.875000,0.291667,0.108688,0.108342
0.791667,0.875000,0.333333,0.118601,0.118266
0.791667,0.875000,0.375000,0.126498,0.126167
0.791667,0.875000,0.416667,0.132216,0.131909
0.791667,0.875000,0.458333,0.135639,0.135394
0.791667,0.875000,0.500000,0.136702,0.136562
0.791667,0.875000,0.541667,0.135395,0.135394
0.791667,0.875000,0.583333,0.131757,0.131909
0.791667,0.875000,0.625000,0.125874,0.126167
0.791667,0.875000,0.666667,0.117872,0.118266
0.791667,0.875000,0.708333,0.107910,0.108342
0.791667,0.875000,0.750000,0.096172,0.096564
0.791667,0.875000,0.791667,0.082861,0.083134
0.791667,0.875000,0.833333,0.068187,0.068281
0.791667,0.875000,0.875000,0.052363,0.052260
0.791667,0.875000,0.916667,0.035597,0.035345
0.791667,0.875000,0.958333,0.018083,0.017825
0.791667,0.875000,1.000000,-0.000000,-0.000000
0.791667,0.916667,0.000000,0.000000,0.000000
0.791667,0.916667,0.041667,0.012578,0.012002
0.791667,0.916667,0.083333,0.024558,0.023799
0.791667,0.916667,0.125000,0.035907,0.035188
0.791667,0.916667,0.166667,0.046559,0.045976
0.791667,0.916667,0.208333,0.056416,0.055977
0.791667,0.916667,0.250000,0.065353,0.065020
0.791667,0.916667,0.291667,0.073228,0.072950
0.791667,0.916667,0.333333,0.079898,0.079633
0.791667,0.916667,0.375000,0.085226,0.084953
0.791667,0.916667,0.416667,0.089098,0.088819
0.791667,0.916667,0.458333,0.091428,0.091165
0.791667,0.916667,0.500000,0.092167,0.091952
0.791667,0.916667,0.541667,0.091303,0.091165
0.791667,0.916667,0.583333,0.088858,0.088819
0.791667,0.916667,0.625000,0.084892,0.084953
0.791667,0.916667,0.666667,0.079489,0.079633
0.791667,0.916667,0.708333,0.072761,0.072950
0.791667,0.916667,0.750000,0.064835,0.065020
0.791667,0.916667,0.791667,0.055850,0.055977
0.791667,0.916667,0.833333,0.045950,0.045976
0.791667,0.916667,0.875000,0.035281,0.035188
0.791667,0.916667,0.916667,0.023982,0.023799
0.791667,0.916667,0.958333,0.012183,0.012002
0.791667,0.916667,1.000000,-0.000000,-0.000000
0.791667,0.958333,0.000000,0.000000,0.000000
0.791667,0.958333,0.041667,0.006405,0.006037
0.791667,0.958333,0.083333,0.012465,0.011970
0.791667,0.958333,0.125000,0.018177,0.017698
0.791667,0.958333,0.166667,0.023520,0.023124
0.791667,0.958333,0.208333,0.028454,0.028154
0.791667,0.958333,0.250000,0.032925,0.032702
0.791667,0.958333,0.291667,0.036868,0.036691
0.791667,0.958333,0.333333,0.040215,0.040052
0.791667,0.958333,0.375000,0.042897,0.042727
0.791667,0.958333,0.416667,0.044855,0.044672
0.791667,0.958333,0.458333,0.046043,0.045852
0.791667,0.958333,0.500000,0.046431,0.046248
0.791667,0.958333,0.541667,0.046011,0.045852
0.791667,0.958333,0.583333,0.044790,0.044672
0.791667,0.958333,0.625000,0.042796,0.042727
0.791667,0.958333,0.666667,0.040073,0.040052
0.791667,0.958333,0.708333,0.036677,0.036691
0.791667,0.958333,0.750000,0.032675,0.032702
0.791667,0.958333,0.791667,0.028137,0.028154
0.791667,0.958333,0.833333,0.023141,0.023124
0.791667,0.958333,0.875000,0.017761,0.017698
0.791667,0.958333,0.916667,0.012068,0.011970
0.791667,0.958333,0.958333,0.006129,0.006037
0.791667,0.958333,1.000000,-0.000000,-0.000000
0.791667,1.000000,0.000000,0.000000,0.000000
0.791667,1.000000,0.041667,0.000000,-0.000000
0.791667,1.000000,0.083333,0.000000,-0.000000
0.791667,1.000000,0.125000,0.000000,-0.000000
0.791667,1.000000,0.166667,0.000000,-0.000000
0.791667,1.000000,0.208333,0.000000,-0.000000
0.791667,1.000000,0.250000,0.000000,-0.000000
0.791667,1.000000,0.291667,0.000000,-0.000000
0.791667,1.000000,0.333333,0.000000,-0.000000
0.791667,1.000000,0.375000,0.000000,-0.000000
0.791667,1.000000,0.416667,0.000000,-0.000000
0.791667,1.000000,0.458333,0.000000,-0.000000
0.791667,1.000000,0.500000,0.000000,-0.000000
0.791667,1.000000,0.541667,0.000000,-0.000000
0.791667,1.000000,0.583333,0.000000,-0.000000
0.791667,1.000000,0.625000,0.000000,-0.000000
0.791667,1.000000,0.666667,0.000000,-0.000000
0.791667,1.000000,0.708333,0.000000,-0.000000
0.791667,1.000000,0.750000,0.000000,-0.000000
0.791667,1.000000,0.791667,0.000000,-0.000000
0.791667,1.000000,0.833333,0.000000,-0.000000
0.791667,1.000000,0.875000,0.000000,-0.000000
0.791667,1.000000,0.916667,0.000000,-0.000000
0.791667,1.000000,0.958333,0.000000,-0.000000
0.791667,1.000000,1.000000,0.000000,0.000000
0.833333,0.000000,0.000000,0.000000,0.000000
0.833333,0.000000,0.041667,0.000000,0.000000
0.833333,0.000000,0.083333,0.000000,0.000000
0.833333,0.000000,0.125000,0.000000,0.000000
0.833333,0.000000,0.166667,0.000000,0.000000
0.833333,0.000000,0.208333,0.000000,0.000000
0.833333,0.000000,0.250000,0.000000,0.000000
0.833333,0.000000,0.291667,0.000000,0.000000
0.833333,0.000000,0.333333,0.000000,0.000000
0.833333,0.000000,0.375000,0.000000,0.000000
0.833333,0.000000,0.416667,0.000000,0.000000
0.833333,0.000000,0.458333,0.000000,0.000000
0.833333,0.000000,0.500000,0.000000,0.000000
0.833333,0.000000,0.541667,0.000000,0.000000
0.833333,0.000000,0.583333,0.000000,0.000000
0.833333,0.000000,0.625000,0.000000,0.000000
0.833333,0.000000,0.666667,0.000000,0.000000
0.833333,0.000000,0.708333,0.000000,0.000000
0.833333,0.000000,0.750000,0.000000,0.000000
0.833333,0.000000,0.791667,0.000000,0.000000
0.833333,0.000000,0.833333,0.000000,0.000000
0.833333,0.000000,0.875000,0.000000,0.000000
0.833333,0.000000,0.916667,0.000000,0.000000
0.833333,0.000000,0.958333,0.000000,0.000000
0.833333,0.000000,1.000000,0.000000,-0.000000
0.833333,0.041667,0.000000,0.000000,0.000000
0.833333,0.041667,0.041667,0.007027,0.006884
0.833333,0.041667,0.083333,0.013916,0.013650
0.833333,0.041667,0.125000,0.020536,0.020182
0.833333,0.041667,0.166667,0.026767,0.026369
0.833333,0.041667,0.208333,0.032504,0.032105
0.833333,0.041667,0.250000,0.037654,0.037292
0.833333,0.041667,0.291667,0.042134,0.041840
0.833333,0.041667,0.333333,0.045876,0.045673
0.833333,0.041667,0.375000,0.048822,0.048724
0.833333,0.041667,0.416667,0.050929,0.050941
0.833333,0.041667,0.458333,0.052168,0.052287
0.833333,0.041667,0.500000,0.052523,0.052738
0.833333,0.041667,0.541667,0.051993,0.052287
0.833333,0.041667,0.583333,0.050592,0.050941
0.833333,0.041667,0.625000,0.048346,0.048724
0.833333,0.041667,0.666667,0.045293,0.045673
0.833333,0.041667,0.708333,0.041485,0.041840
0.833333,0.041667,0.750000,0.036983,0.037292
0.833333,0.041667,0.791667,0.031859,0.032105
0.833333,0.041667,0.833333,0.026195,0.026369
0.833333,0.041667,0.875000,0.020079,0.020182
0.833333,0.041667,0.916667,0.013608,0.013650
0.833333,0.041667,0.958333,0.006880,0.006884
0.833333,0.041667,1.000000,-0.000000,-0.000000
0.833333,0.083333,0.000000,0.000000,0.000000
0.833333,0.083333,0.041667,0.013826,0.013622
0.833333,0.083333,0.083333,0.027413,0.027012
0.833333,0.083333,0.125000,0.040496,0.039939
0.833333,0.083333,0.166667,0.052835,0.052183
0.833333,0.083333,0.208333,0.064215,0.063534
0.833333,0.083333,0.250000,0.074447,0.073798
0.833333,0.083333,0.291667,0.083363,0.082799
0.833333,0.083333,0.333333,0.090821,0.090383
0.833333,0.083333,0.375000,0.096703,0.096421
0.833333,0.083333,0.416667,0.100918,0.100810
0.833333,0.083333,0.458333,0.103406,0.103473
0.833333,0.083333,0.500000,0.104132,0.104366
0.833333,0.083333,0.541667,0.103093,0.103473
0.833333,0.083333,0.583333,0.100312,0.100810
0.833333,0.083333,0.625000,0.095844,0.096421
0.833333,0.083333,0.666667,0.089766,0.090383
0.833333,0.083333,0.708333,0.082183,0.082799
0.833333,0.083333,0.750000,0.073223,0.073798
0.833333,0.083333,0.791667,0.063034,0.063534
0.833333,0.083333,0.833333,0.051783,0.052183
0.833333,0.083333,0.875000,0.039655,0.039939
0.833333,0.083333,0.916667,0.026843,0.027012
0.833333,0.083333,0.958333,0.013555,0.013622
0.833333,0.083333,1.000000,-0.000000,-0.000000
0.833333,0.125000,0.000000,0.000000,0.000000
0.833333,0.125000,0.041667,0.020273,0.020075
0.833333,0.125000,0.083333,0.040234,0.039807
0.833333,0.125000,0.125000,0.059485,0.058858
0.833333,0.125000,0.166667,0.077666,0.076902
0.833333,0.125000,0.208333,0.094456,0.093630
0.833333,0.125000,0.250000,0.109567,0.108756
0.833333,0.125000,0.291667,0.122749,0.122021
0.833333,0.125000,0.333333,0.133789,0.133198
0.833333,0.125000,0.375000,0.142510,0.142096
0.833333,0.125000,0.416667,0.148776,0.148563
0.833333,0.125000,0.458333,0.152494,0.152488
0.833333,0.125000,0.500000,0.153609,0.153804
0.833333,0.125000,0.541667,0.152114,0.152488
0.833333,0.125000,0.583333,0.148040,0.148563
0.833333,0.125000,0.625000,0.141463,0.142096
0.833333,0.125000,0.666667,0.132499,0.133198
0.833333,0.125000,0.708333,0.121301,0.122021
0.833333,0.125000,0.750000,0.108061,0.108756
0.833333,0.125000,0.791667,0.093001,0.093630
0.833333,0.125000,0.833333,0.076374,0.076902
0.833333,0.125000,0.875000,0.058457,0.058858
0.833333,0.125000,0.916667,0.039547,0.039807
0.833333,0.125000,0.958333,0.019955,0.020075
0.833333,0.125000,1.000000,-0.000000,-0.000000
0.833333,0.166667,0.000000,0.000000,0.000000
0.833333,0.166667,0.041667,0.026258,0.026111
0.833333,0.166667,0.083333,0.052154,0.051774
0.833333,0.166667,0.125000,0.077159,0.076552
0.833333,0.166667,0.166667,0.100796,0.100020
0.833333,0.166667,0.208333,0.122637,0.121777
0.833333,0.166667,0.250000,0.142304,0.141450
0.833333,0.166667,0.291667,0.159468,0.158703
0.833333,0.166667,0.333333,0.173851,0.173240
0.833333,0.166667,0.375000,0.185224,0.184813
0.833333,0.166667,0.416667,0.193410,0.193224
0.833333,0.166667,0.458333,0.198285,0.198329
0.833333,0.166667,0.500000,0.199780,0.200040
0.833333,0.166667,0.541667,0.197879,0.198329
0.833333,0.166667,0.583333,0.192622,0.193224
0.833333,0.166667,0.625000,0.184101,0.184813
0.833333,0.166667,0.666667,0.172462,0.173240
0.833333,0.166667,0.708333,0.157906,0.158703
0.833333,0.166667,0.750000,0.140677,0.141450
0.833333,0.166667,0.791667,0.121069,0.121777
0.833333,0.166667,0.833333,0.099413,0.100020
0.833333,0.166667,0.875000,0.076076,0.076552
0.833333,0.166667,0.916667,0.051450,0.051774
0.833333,0.166667,0.958333,0.025950,0.026110
0.833333,0.166667,1.000000,-0.000000,-0.000000
0.833333,0.208333,0.000000,0.000000,0.000000
0.833333,0.208333,0.041667,0.031684,0.031608
0.833333,0.208333,0.083333,0.062976,0.062674
0.833333,0.208333,0.125000,0.093223,0.092669
0.833333,0.208333,0.166667,0.121835,0.121078
0.833333,0.208333,0.208333,0.148281,0.147415
0.833333,0.208333,0.250000,0.172099,0.171230
0.833333,0.208333,0.291667,0.192887,0.192115
0.833333,0.208333,0.333333,0.210308,0.209713
0.833333,0.208333,0.375000,0.224089,0.223722
0.833333,0.208333,0.416667,0.234017,0.233904
0.833333,0.208333,0.458333,0.239945,0.240084
0.833333,0.208333,0.500000,0.241790,0.242155
0.833333,0.208333,0.541667,0.239529,0.240084
0.833333,0.208333,0.583333,0.233208,0.233904
0.833333,0.208333,0.625000,0.222933,0.223722
0.833333,0.208333,0.666667,0.208878,0.209713
0.833333,0.208333,0.708333,0.191278,0.192115
0.833333,0.208333,0.750000,0.170429,0.171230
0.833333,0.208333,0.791667,0.146685,0.147415
0.833333,0.208333,0.833333,0.120449,0.121078
0.833333,0.208333,0.875000,0.092167,0.092669
0.833333,0.208333,0.916667,0.062324,0.062674
0.833333,0.208333,0.958333,0.031426,0.031608
0.833333,0.208333,1.000000,-0.000000,-0.000000
0.833333,0.250000,0.000000,0.000000,0.000000
0.833333,0.250000,0.041667,0.036454,0.036462
0.833333,0.250000,0.083333,0.072506,0.072301
0.833333,0.250000,0.125000,0.107390,0.106902
0.833333,0.250000,0.166667,0.140407,0.139674
0.833333,0.250000,0.208333,0.170935,0.170056
0.833333,0.250000,0.250000,0.198430,0.197529
0.833333,0.250000,0.291667,0.222426,0.221622
0.833333,0.250000,0.333333,0.242534,0.241922
0.833333,0.250000,0.375000,0.258443,0.258084
0.833333,0.250000,0.416667,0.269911,0.269829
0.833333,0.250000,0.458333,0.276773,0.276958
0.833333,0.250000,0.500000,0.278933,0.279348
0.833333,0.250000,0.541667,0.276365,0.276958
0.833333,0.250000,0.583333,0.269116,0.269829
0.833333,0.250000,0.625000,0.257308,0.258084
0.833333,0.250000,0.666667,0.241132,0.241922
0.833333,0.250000,0.708333,0.220855,0.221622
0.833333,0.250000,0.750000,0.196816,0.197529
0.833333,0.250000,0.791667,0.169418,0.170056
0.833333,0.250000,0.833333,0.139128,0.139674
0.833333,0.250000,0.875000,0.106465,0.106902
0.833333,0.250000,0.916667,0.071989,0.072301
0.833333,0.250000,0.958333,0.036296,0.036462
0.833333,0.250000,1.000000,-0.000000,-0.000000
0.833333,0.291667,0.000000,0.000000,0.000000
0.833333,0.291667,0.041667,0.040489,0.040588
0.833333,0.291667,0.083333,0.080578,0.080481
0.833333,0.291667,0.125000,0.119403,0.118997
0.833333,0.291667,0.166667,0.156170,0.155477
0.833333,0.291667,0.208333,0.190174,0.189297
0.833333,0.291667,0.250000,0.220801,0.219878
0.833333,0.291667,0.291667,0.247529,0.246697
0.833333,0.291667,0.333333,0.269924,0.269294
0.833333,0.291667,0.375000,0.287644,0.287284
0.833333,0.291667,0.416667,0.300424,0.300359
0.833333,0.291667,0.458333,0.308082,0.308294
0.833333,0.291667,0.500000,0.310515,0.310954
0.833333,0.291667,0.541667,0.307695,0.308294
0.833333,0.291667,0.583333,0.299670,0.300359
0.833333,0.291667,0.625000,0.286572,0.287284
0.833333,0.291667,0.666667,0.268608,0.269294
0.833333,0.291667,0.708333,0.246070,0.246697
0.833333,0.291667,0.750000,0.219328,0.219878
0.833333,0.291667,0.791667,0.188830,0.189297
0.833333,0.291667,0.833333,0.155092,0.155477
0.833333,0.291667,0.875000,0.118693,0.118997
0.833333,0.291667,0.916667,0.080263,0.080481
0.833333,0.291667,0.958333,0.040468,0.040588
0.833333,0.291667,1.000000,-0.000000,-0.000000
0.833333,0.333333,0.000000,0.000000,0.000000
0.833333,0.333333,0.041667,0.043740,0.043917
0.833333,0.333333,0.083333,0.087084,0.087082
0.833333,0.333333,0.125000,0.129086,0.128758
0.833333,0.333333,0.166667,0.168879,0.168230
0.833333,0.333333,0.208333,0.205689,0.204824
0.833333,0.333333,0.250000,0.238844,0.237914
0.833333,0.333333,0.291667,0.267773,0.266932
0.833333,0.333333,0.333333,0.292011,0.291384
0.833333,0.333333,0.375000,0.311185,0.310849
0.833333,0.333333,0.416667,0.325017,0.324996
0.833333,0.333333,0.458333,0.333313,0.333582
0.833333,0.333333,0.500000,0.335964,0.336461
0.833333,0.333333,0.541667,0.332939,0.333582
0.833333,0.333333,0.583333,0.324293,0.324996
0.833333,0.333333,0.625000,0.310161,0.310849
0.833333,0.333333,0.666667,0.290765,0.291384
0.833333,0.333333,0.708333,0.266415,0.266932
0.833333,0.333333,0.750000,0.237504,0.237914
0.833333,0.333333,0.791667,0.204514,0.204824
0.833333,0.333333,0.833333,0.168000,0.168230
0.833333,0.333333,0.875000,0.128588,0.128758
0.833333,0.333333,0.916667,0.086962,0.087082
0.833333,0.333333,0.958333,0.043847,0.043917
0.833333,0.333333,1.000000,-0.000000,-0.000000
0.833333,0.375000,0.000000,0.000000,0.000000
0.833333,0.375000,0.041667,0.046175,0.046404
0.833333,0.375000,0.083333,0.091951,0.092013
0.833333,0.375000,0.125000,0.136328,0.136049
0.833333,0.375000,0.166667,0.178384,0.177756
0.833333,0.375000,0.208333,0.217291,0.216422
0.833333,0.375000,0.250000,0.252334,0.251385
0.833333,0.375000,0.291667,0.282908,0.282047
0.833333,0.375000,0.333333,0.308517,0.307882
0.833333,0.375000,0.375000,0.328772,0.328450
0.833333,0.375000,0.416667,0.343381,0.343398
0.833333,0.375000,0.458333,0.352144,0.352471
0.833333,0.375000,0.500000,0.354948,0.355512
0.833333,0.375000,0.541667,0.351764,0.352471
0.833333,0.375000,0.583333,0.342649,0.343398
0.833333,0.375000,0.625000,0.327744,0.328450
0.833333,0.375000,0.666667,0.307281,0.307882
0.833333,0.375000,0.708333,0.281582,0.282047
0.833333,0.375000,0.750000,0.251058,0.251385
0.833333,0.375000,0.791667,0.216212,0.216422
0.833333,0.375000,0.833333,0.177629,0.177756
0.833333,0.375000,0.875000,0.135970,0.136049
0.833333,0.375000,0.916667,0.091959,0.092013
0.833333,0.375000,0.958333,0.046367,0.046404
0.833333,0.375000,1.000000,-0.000000,-0.000000
0.833333,0.416667,0.000000,0.000000,0.000000
0.833333,0.416667,0.041667,0.047764,0.048022
0.833333,0.416667,0.083333,0.095120,0.095222
0.833333,0.416667,0.125000,0.141039,0.140793
0.833333,0.416667,0.166667,0.184567,0.183955
0.833333,0.416667,0.208333,0.224847,0.223969
0.833333,0.416667,0.250000,0.261129,0.260152
0.833333,0.416667,0.291667,0.292783,0.291883
0.833333,0.416667,0.333333,0.319295,0.318619
0.833333,0.416667,0.375000,0.340260,0.339904
0.833333,0.416667,0.416667,0.355377,0.355374
0.833333,0.416667,0.458333,0.364444,0.364762
0.833333,0.416667,0.500000,0.367344,0.367910
0.833333,0.416667,0.541667,0.364052,0.364762
0.833333,0.416667,0.583333,0.354627,0.355374
0.833333,0.416667,0.625000,0.339215,0.339904
0.833333,0.416667,0.666667,0.318053,0.318619
0.833333,0.416667,0.708333,0.291471,0.291883
0.833333,0.416667,0.750000,0.259892,0.260152
0.833333,0.416667,0.791667,0.223832,0.223969
0.833333,0.416667,0.833333,0.183897,0.183955
0.833333,0.416667,0.875000,0.140770,0.140793
0.833333,0.416667,0.916667,0.095202,0.095222
0.833333,0.416667,0.958333,0.047998,0.048022
0.833333,0.416667,1.000000,-0.000000,-0.000000
0.833333,0.458333,0.000000,0.000000,0.000000
0.833333,0.458333,0.041667,0.048489,0.048766
0.833333,0.458333,0.083333,0.096547,0.096697
0.833333,0.458333,0.125000,0.143154,0.142974
0.833333,0.458333,0.166667,0.187351,0.186805
0.833333,0.458333,0.208333,0.228267,0.227439
0.833333,0.458333,0.250000,0.265136,0.264182
0.833333,0.458333,0.291667,0.297311,0.296404
0.833333,0.458333,0.333333,0.324265,0.323555
0.833333,0.458333,0.375000,0.345581,0.345170
0.833333,0.458333,0.416667,0.360954,0.360879
0.833333,0.458333,0.458333,0.370175,0.370413
0.833333,0.458333,0.500000,0.373130,0.373610
0.833333,0.458333,0.541667,0.369793,0.370413
0.833333,0.458333,0.583333,0.360225,0.360879
0.833333,0.458333,0.625000,0.344576,0.345170
0.833333,0.458333,0.666667,0.323085,0.323555
0.833333,0.458333,0.708333,0.296088,0.296404
0.833333,0.458333,0.750000,0.264011,0.264182
0.833333,0.458333,0.791667,0.227379,0.227439
0.833333,0.458333,0.833333,0.186806,0.186805
0.833333,0.458333,0.875000,0.142988,0.142974
0.833333,0.458333,0.916667,0.096692,0.096697
0.833333,0.458333,0.958333,0.048742,0.048766
0.833333,0.458333,1.000000,-0.000000,-0.000000
0.833333,0.500000,0.000000,0.000000,0.000000
0.833333,0.500000,0.041667,0.048359,0.048648
0.833333,0.500000,0.083333,0.096247,0.096464
0.833333,0.500000,0.125000,0.142689,0.142629
0.833333,0.500000,0.166667,0.186749,0.186354
0.833333,0.500000,0.208333,0.227565,0.226890
0.833333,0.500000,0.250000,0.264370,0.263544
0.833333,0.500000,0.291667,0.296511,0.295689
0.833333,0.500000,0.333333,0.323451,0.322774
0.833333,0.500000,0.375000,0.344767,0.344337
0.833333,0.500000,0.416667,0.360147,0.360008
0.833333,0.500000,0.458333,0.369380,0.369519
0.833333,0.500000,0.500000,0.372350,0.372708
0.833333,0.500000,0.541667,0.369033,0.369519
0.833333,0.500000,0.583333,0.359491,0.360008
0.833333,0.500000,0.625000,0.343875,0.344337
0.833333,0.500000,0.666667,0.322426,0.322774
0.833333,0.500000,0.708333,0.295479,0.295689
0.833333,0.500000,0.750000,0.263461,0.263544
0.833333,0.500000,0.791667,0.226896,0.226890
0.833333,0.500000,0.833333,0.186398,0.186354
0.833333,0.500000,0.875000,0.142664,0.142629
0.833333,0.500000,0.916667,0.096464,0.096464
0.833333,0.500000,0.958333,0.048623,0.048648
0.833333,0.500000,1.000000,-0.000000,-0.000000
0.833333,0.541667,0.000000,0.000000,0.000000
0.833333,0.541667,0.041667,0.047415,0.047698
0.833333,0.541667,0.083333,0.094303,0.094580
0.833333,0.541667,0.125000,0.139762,0.139844
0.833333,0.541667,0.166667,0.182909,0.182714
0.833333,0.541667,0.208333,0.222910,0.222459
0.833333,0.541667,0.250000,0.259016,0.258397
0.833333,0.541667,0.291667,0.290576,0.289914
0.833333,0.541667,0.333333,0.317050,0.316471
0.833333,0.541667,0.375000,0.338012,0.337612
0.833333,0.541667,0.416667,0.353147,0.352977
0.833333,0.541667,0.458333,0.362241,0.362303
0.833333,0.541667,0.500000,0.365179,0.365429
0.833333,0.541667,0.541667,0.361935,0.362303
0.833333,0.541667,0.583333,0.352575,0.352977
0.833333,0.541667,0.625000,0.337250,0.337612
0.833333,0.541667,0.666667,0.316200,0.316471
0.833333,0.541667,0.708333,0.289759,0.289914
0.833333,0.541667,0.750000,0.258348,0.258397
0.833333,0.541667,0.791667,0.222483,0.222459
0.833333,0.541667,0.833333,0.182767,0.182714
0.833333,0.541667,0.875000,0.139884,0.139844
0.833333,0.541667,0.916667,0.094588,0.094580
0.833333,0.541667,0.958333,0.047681,0.047698
0.833333,0.541667,1.000000,-0.000000,-0.000000
0.833333,0.583333,0.000000,0.000000,0.000000
0.833333,0.583333,0.041667,0.045724,0.045959
0.833333,0.583333,0.083333,0.090851,0.091132
0.833333,0.583333,0.125000,0.134579,0.134745
0.833333,0.583333,0.166667,0.176095,0.176053
0.833333,0.583333,0.208333,0.214616,0.214349
0.833333,0.583333,0.250000,0.249420,0.248977
0.833333,0.583333,0.291667,0.279872,0.279345
0.833333,0.583333,0.333333,0.305439,0.304933
0.833333,0.583333,0.375000,0.325696,0.325304
0.833333,0.583333,0.416667,0.340326,0.340108
0.833333,0.583333,0.458333,0.349117,0.349094
0.833333,0.583333,0.500000,0.351955,0.352106
0.833333,0.583333,0.541667,0.348820,0.349094
0.833333,0.583333,0.583333,0.339777,0.340108
0.833333,0.583333,0.625000,0.324980,0.325304
0.833333,0.583333,0.666667,0.304669,0.304933
0.833333,0.583333,0.708333,0.279170,0.279345
0.833333,0.583333,0.750000,0.248894,0.248977
0.833333,0.583333,0.791667,0.214340,0.214349
0.833333,0.583333,0.833333,0.176088,0.176053
0.833333,0.583333,0.875000,0.134792,0.134745
0.833333,0.583333,0.916667,0.091169,0.091132
0.833333,0.583333,0.958333,0.045978,0.045959
0.833333,0.583333,1.000000,-0.000000,-0.000000
0.833333,0.625000,0.000000,0.000000,0.000000
0.833333,0.625000,0.041667,0.043358,0.043486
0.833333,0.625000,0.083333,0.086049,0.086229
0.833333,0.625000,0.125000,0.127377,0.127496
0.833333,0.625000,0.166667,0.166616,0.166581
0.833333,0.625000,0.208333,0.203047,0.202816
0.833333,0.625000,0.250000,0.235991,0.235581
0.833333,0.625000,0.291667,0.264840,0.264315
0.833333,0.625000,0.333333,0.289077,0.288527
0.833333,0.625000,0.375000,0.308284,0.307802
0.833333,0.625000,0.416667,0.322151,0.321810
0.833333,0.625000,0.458333,0.330472,0.330312
0.833333,0.625000,0.500000,0.333139,0.333162
0.833333,0.625000,0.541667,0.330135,0.330312
0.833333,0.625000,0.583333,0.321533,0.321810
0.833333,0.625000,0.625000,0.307485,0.307802
0.833333,0.625000,0.666667,0.288229,0.288527
0.833333,0.625000,0.708333,0.264079,0.264315
0.833333,0.625000,0.750000,0.235431,0.235581
0.833333,0.625000,0.791667,0.202758,0.202816
0.833333,0.625000,0.833333,0.166603,0.166581
0.833333,0.625000,0.875000,0.127576,0.127496
0.833333,0.625000,0.916667,0.086337,0.086229
0.833333,0.625000,0.958333,0.043577,0.043486
0.833333,0.625000,1.000000,-0.000000,-0.000000
0.833333,0.666667,0.000000,0.000000,0.000000
0.833333,0.666667,0.041667,0.040384,0.040344
0.833333,0.666667,0.083333,0.080031,0.079998
0.833333,0.666667,0.125000,0.118358,0.118283
0.833333,0.666667,0.166667,0.154734,0.154544
0.833333,0.666667,0.208333,0.188517,0.188161
0.833333,0.666667,0.250000,0.219085,0.218558
0.833333,0.666667,0.291667,0.245868,0.245216
0.833333,0.666667,0.333333,0.268377,0.267678
0.833333,0.666667,0.375000,0.286213,0.285560
0.833333,0.666667,0.416667,0.299079,0.298556
0.833333,0.666667,0.458333,0.306780,0.306444
0.833333,0.666667,0.500000,0.309215,0.309088
0.833333,0.666667,0.541667,0.306375,0.306444
0.833333,0.666667,0.583333,0.298335,0.298556
0.833333,0.666667,0.625000,0.285247,0.285560
0.833333,0.666667,0.666667,0.267340,0.267678
0.833333,0.666667,0.708333,0.244916,0.245216
0.833333,0.666667,0.750000,0.218345,0.218558
0.833333,0.666667,0.791667,0.188065,0.188161
0.833333,0.666667,0.833333,0.154577,0.154544
0.833333,0.666667,0.875000,0.118429,0.118283
0.833333,0.666667,0.916667,0.080210,0.079998
0.833333,0.666667,0.958333,0.040531,0.040344
0.833333,0.666667,1.000000,-0.000000,-0.000000
0.833333,0.708333,0.000000,0.000000,0.000000
0.833333,0.708333,0.041667,0.036844,0.036603
0.833333,0.708333,0.083333,0.072888,0.072579
0.833333,0.708333,0.125000,0.107660,0.107314
0.833333,0.708333,0.166667,0.140634,0.140212
0.833333,0.708333,0.208333,0.171254,0.170711
0.833333,0.708333,0.250000,0.198968,0.198290
0.833333,0.708333,0.291667,0.223263,0.222475
0.833333,0.708333,0.333333,0.243687,0.242854
0.833333,0.708333,0.375000,0.259869,0.259078
0.833333,0.708333,0.416667,0.271533,0.270869
0.833333,0.708333,0.458333,0.278496,0.278025
0.833333,0.708333,0.500000,0.280666,0.280424
0.833333,0.708333,0.541667,0.278039,0.278025
0.833333,0.708333,0.583333,0.270688,0.270869
0.833333,0.708333,0.625000,0.258762,0.259078
0.833333,0.708333,0.666667,0.242478,0.242854
0.833333,0.708333,0.708333,0.222116,0.222475
0.833333,0.708333,0.750000,0.198018,0.198290
0.833333,0.708333,0.791667,0.170583,0.170711
0.833333,0.708333,0.833333,0.140256,0.140212
0.833333,0.708333,0.875000,0.107522,0.107313
0.833333,0.708333,0.916667,0.072891,0.072579
0.833333,0.708333,0.958333,0.036879,0.036603
0.833333,0.708333,1.000000,-0.000000,-0.000000
0.833333,0.750000,0.000000,0.000000,0.000000
0.833333,0.750000,0.041667,0.032767,0.032337
0.833333,0.750000,0.083333,0.064685,0.064120
0.833333,0.750000,0.125000,0.095395,0.094806
0.833333,0.750000,0.166667,0.124476,0.123870
0.833333,0.750000,0.208333,0.151471,0.150815
0.833333,0.750000,0.250000,0.175910,0.175179
0.833333,0.750000,0.291667,0.197347,0.196546
0.833333,0.750000,0.333333,0.215379,0.214550
0.833333,0.750000,0.375000,0.229673,0.228882
0.833333,0.750000,0.416667,0.239975,0.239299
0.833333,0.750000,0.458333,0.246115,0.245621
0.833333,0.750000,0.500000,0.248011,0.247740
0.833333,0.750000,0.541667,0.245656,0.245621
0.833333,0.750000,0.583333,0.239121,0.239299
0.833333,0.750000,0.625000,0.228544,0.228882
0.833333,0.750000,0.666667,0.214125,0.214550
0.833333,0.750000,0.708333,0.196121,0.196546
0.833333,0.750000,0.750000,0.174840,0.175179
0.833333,0.750000,0.791667,0.150635,0.150815
0.833333,0.750000,0.833333,0.123895,0.123870
0.833333,0.750000,0.875000,0.095034,0.094806
0.833333,0.750000,0.916667,0.064482,0.064120
0.833333,0.750000,0.958333,0.032665,0.032337
0.833333,0.750000,1.000000,-0.000000,-0.000000
0.833333,0.791667,0.000000,0.000000,0.000000
0.833333,0.791667,0.041667,0.028190,0.027623
0.833333,0.791667,0.083333,0.055513,0.054773
0.833333,0.791667,0.125000,0.081716,0.080985
0.833333,0.791667,0.166667,0.106486,0.105812
0.833333,0.791667,0.208333,0.129468,0.128829
0.833333,0.791667,0.250000,0.150283,0.149641
0.833333,0.791667,0.291667,0.168558,0.167893
0.833333,0.791667,0.333333,0.183949,0.183272
0.833333,0.791667,0.375000,0.196165,0.195516
0.833333,0.791667,0.416667,0.204977,0.204414
0.833333,0.791667,0.458333,0.210232,0.209814
0.833333,0.791667,0.500000,0.211850,0.211625
0.833333,0.791667,0.541667,0.209826,0.209814
0.833333,0.791667,0.583333,0.204220,0.204414
0.833333,0.791667,0.625000,0.195156,0.195516
0.833333,0.791667,0.666667,0.182813,0.183272
0.833333,0.791667,0.708333,0.167418,0.167893
0.833333,0.791667,0.750000,0.149241,0.149641
0.833333,0.791667,0.791667,0.128587,0.128829
0.833333,0.791667,0.833333,0.105785,0.105812
0.833333,0.791667,0.875000,0.081180,0.080985
0.833333,0.791667,0.916667,0.055121,0.054773
0.833333,0.791667,0.958333,0.027952,0.027623
0.833333,0.791667,1.000000,-0.000000,-0.000000
0.833333,0.833333,0.000000,0.000000,0.000000
0.833333,0.833333,0.041667,0.023173,0.022538
0.833333,0.833333,0.083333,0.045509,0.044690
0.833333,0.833333,0.125000,0.066851,0.066077
0.833333,0.833333,0.166667,0.086987,0.086334
0.833333,0.833333,0.208333,0.105658,0.105113
0.833333,0.833333,0.250000,0.122578,0.122094
0.833333,0.833333,0.291667,0.137453,0.136986
0.833333,0.833333,0.333333,0.150003,0.149534
0.833333,0.833333,0.375000,0.159983,0.159524
0.833333,0.833333,0.416667,0.167198,0.166784
0.833333,0.833333,0.458333,0.171510,0.171190
0.833333,0.833333,0.500000,0.172847,0.172667
0.833333,0.833333,0.541667,0.171199,0.171190
0.833333,0.833333,0.583333,0.166617,0.166784
0.833333,0.833333,0.625000,0.159203,0.159524
0.833333,0.833333,0.666667,0.149111,0.149534
0.833333,0.833333,0.708333,0.136532,0.136986
0.833333,0.833333,0.750000,0.121694,0.122094
0.833333,0.833333,0.791667,0.104849,0.105113
0.833333,0.833333,0.833333,0.086264,0.086334
0.833333,0.833333,0.875000,0.066216,0.066077
0.833333,0.833333,0.916667,0.044981,0.044690
0.833333,0.833333,0.958333,0.022825,0.022538
0.833333,0.833333,1.000000,-0.000000,-0.000000
0.833333,0.875000,0.000000,0.000000,0.000000
0.833333,0.875000,0.041667,0.017790,0.017158
0.833333,0.875000,0.083333,0.034837,0.034023
0.833333,0.875000,0.125000,0.051060,0.050305
0.833333,0.875000,0.166667,0.066329,0.065727
0.833333,0.875000,0.208333,0.080477,0.080024
0.833333,0.875000,0.250000,0.093306,0.092952
0.833333,0.875000,0.291667,0.104601,0.104290
0.833333,0.875000,0.333333,0.114151,0.113843
0.833333,0.875000,0.375000,0.121764,0.121448
0.833333,0.875000,0.416667,0.127285,0.126975
0.833333,0.875000,0.458333,0.130599,0.130330
0.833333,0.875000,0.500000,0.131643,0.131454
0.833333,0.875000,0.541667,0.130403,0.130330
0.833333,0.875000,0.583333,0.126917,0.126975
0.833333,0.875000,0.625000,0.121264,0.121448
0.833333,0.875000,0.666667,0.113564,0.113843
0.833333,0.875000,0.708333,0.103968,0.104290
0.833333,0.875000,0.750000,0.092654,0.092952
0.833333,0.875000,0.791667,0.079817,0.080024
0.833333,0.875000,0.833333,0.065663,0.065727
0.833333,0.875000,0.875000,0.050403,0.050305
0.833333,0.875000,0.916667,0.034242,0.034023
0.833333,0.875000,0.958333,0.017380,0.017158
0.833333,0.875000,1.000000,-0.000000,-0.000000
0.833333,0.916667,0.000000,0.000000,0.000000
0.833333,0.916667,0.041667,0.012107,0.011560
0.833333,0.916667,0.083333,0.023635,0.022922
0.833333,0.916667,0.125000,0.034557,0.033891
0.833333,0.916667,0.166667,0.044808,0.044281
0.833333,0.916667,0.208333,0.054294,0.053913
0.833333,0.916667,0.250000,0.062898,0.062623
0.833333,0.916667,0.291667,0.070483,0.070261
0.833333,0.916667,0.333333,0.076911,0.076697
0.833333,0.916667,0.375000,0.082051,0.081821
0.833333,0.916667,0.416667,0.085793,0.085544
0.833333,0.916667,0.458333,0.088054,0.087804
0.833333,0.916667,0.500000,0.088783,0.088562
0.833333,0.916667,0.541667,0.087968,0.087804
0.833333,0.916667,0.583333,0.085629,0.085544
0.833333,0.916667,0.625000,0.081818,0.081821
0.833333,0.916667,0.666667,0.076619,0.076697
0.833333,0.916667,0.708333,0.070134,0.070261
0.833333,0.916667,0.750000,0.062489,0.062623
0.833333,0.916667,0.791667,0.053817,0.053913
0.833333,0.916667,0.833333,0.044260,0.044281
0.833333,0.916667,0.875000,0.033964,0.033891
0.833333,0.916667,0.916667,0.023069,0.022922
0.833333,0.916667,0.958333,0.011707,0.011560
0.833333,0.916667,1.000000,-0.000000,-0.000000
0.833333,0.958333,0.000000,0.000000,0.000000
0.833333,0.958333,0.041667,0.006164,0.005816
0.833333,0.958333,0.083333,0.011995,0.011532
0.833333,0.958333,0.125000,0.017491,0.017052
0.833333,0.958333,0.166667,0.022631,0.022279
0.833333,0.958333,0.208333,0.027379,0.027125
0.833333,0.958333,0.250000,0.031684,0.031507
0.833333,0.958333,0.291667,0.035482,0.035350
0.833333,0.958333,0.333333,0.038709,0.038588
0.833333,0.958333,0.375000,0.041298,0.041166
0.833333,0.958333,0.416667,0.043192,0.043040
0.833333,0.958333,0.458333,0.044346,0.044177
0.833333,0.958333,0.500000,0.044731,0.044558
0.833333,0.958333,0.541667,0.044336,0.044177
0.833333,0.958333,0.583333,0.043169,0.043040
0.833333,0.958333,0.625000,0.041254,0.041166
0.833333,0.958333,0.666667,0.038633,0.038588
0.833333,0.958333,0.708333,0.035359,0.035350
0.833333,0.958333,0.750000,0.031496,0.031507
0.833333,0.958333,0.791667,0.027115,0.027125
0.833333,0.958333,0.833333,0.022291,0.022279
0.833333,0.958333,0.875000,0.017098,0.017052
0.833333,0.958333,0.916667,0.011608,0.011532
0.833333,0.958333,0.958333,0.005890,0.005816
0.833333,0.958333,1.000000,-0.000000,-0.000000
0.833333,1.000000,0.000000,0.000000,0.000000
0.833333,1.000000,0.041667,0.000000,-0.000000
0.833333,1.000000,0.083333,0.000000,-0.000000
0.833333,1.000000,0.125000,0.000000,-0.000000
0.833333,1.000000,0.166667,0.000000,-0.000000
0.833333,1.000000,0.208333,0.000000,-0.000000
0.833333,1.000000,0.250000,0.000000,-0.000000
0.833333,1.000000,0.291667,0.000000,-0.000000
0.833333,1.000000,0.333333,0.000000,-0.000000
0.833333,1.000000,0.375000,0.000000,-0.000000
0.833333,1.000000,0.416667,0.000000,-0.000000
0.833333,1.000000,0.458333,0.000000,-0.000000
0.833333,1.000000,0.500000,0.000000,-0.000000
0.833333,1.000000,0.541667,0.000000,-0.000000
0.833333,1.000000,0.583333,0.000000,-0.000000
0.833333,1.000000,0.625000,0.000000,-0.000000
0.833333,1.000000,0.666667,0.000000,-0.000000
0.833333,1.000000,0.708333,0.000000,-0.000000
0.833333,1.000000,0.750000,0.000000,-0.000000
0.833333,1.000000,0.791667,0.000000,-0.000000
0.833333,1.000000,0.833333,0.000000,-0.000000
0.833333,1.000000,0.875000,0.000000,-0.000000
0.833333,1.000000,0.916667,0.000000,-0.000000
0.833333,1.000000,0.958333,0.000000,-0.000000
0.833333,1.000000,1.000000,0.000000,0.000000
0.875000,0.000000,0.000000,0.000000,0.000000
0.875000,0.000000,0.041667,0.000000,0.000000
0.875000,0.000000,0.083333,0.000000,0.000000
0.875000,0.000000,0.125000,0.000000,0.000000
0.875000,0.000000,0.166667,0.000000,0.000000
0.875000,0.000000,0.208333,0.000000,0.000000
0.875000,0.000000,0.250000,0.000000,0.000000
0.875000,0.000000,0.291667,0.000000,0.000000
0.875000,0.000000,0.333333,0.000000,0.000000
0.875000,0.000000,0.375000,0.000000,0.000000
0.875000,0.000000,0.416667,0.000000,0.000000
0.875000,0.000000,0.458333,0.000000,0.000000
0.875000,0.000000,0.500000,0.000000,0.000000
0.875000,0.000000,0.541667,0.000000,0.000000
0.875000,0.000000,0.583333,0.000000,0.000000
0.875000,0.000000,0.625000,0.000000,0.000000
0.875000,0.000000,0.666667,0.000000,0.000000
0.875000,0.000000,0.708333,0.000000,0.000000
0.875000,0.000000,0.750000,0.000000,0.000000
0.875000,0.000000,0.791667,0.000000,0.000000
0.875000,0.000000,0.833333,0.000000,0.000000
0.875000,0.000000,0.875000,0.000000,0.000000
0.875000,0.000000,0.916667,0.000000,0.000000
0.875000,0.000000,0.958333,0.000000,0.000000
0.875000,0.000000,1.000000,0.000000,-0.000000
0.875000,0.041667,0.000000,0.000000,0.000000
0.875000,0.041667,0.041667,0.006631,0.006493
0.875000,0.041667,0.083333,0.013123,0.012876
0.875000,0.041667,0.125000,0.019355,0.019037
0.875000,0.041667,0.166667,0.025218,0.024874
0.875000,0.041667,0.208333,0.030614,0.030284
0.875000,0.041667,0.250000,0.035458,0.035177
0.875000,0.041667,0.291667,0.039675,0.039467
0.875000,0.041667,0.333333,0.043198,0.043082
0.875000,0.041667,0.375000,0.045975,0.045960
0.875000,0.041667,0.416667,0.047965,0.048052
0.875000,0.041667,0.458333,0.049138,0.049322
0.875000,0.041667,0.500000,0.049480,0.049747
0.875000,0.041667,0.541667,0.048990,0.049322
0.875000,0.041667,0.583333,0.047679,0.048052
0.875000,0.041667,0.625000,0.045572,0.045960
0.875000,0.041667,0.666667,0.042707,0.043082
0.875000,0.041667,0.708333,0.039130,0.039467
0.875000,0.041667,0.750000,0.034900,0.035177
0.875000,0.041667,0.791667,0.030085,0.030284
0.875000,0.041667,0.833333,0.024757,0.024874
0.875000,0.041667,0.875000,0.018998,0.019037
0.875000,0.041667,0.916667,0.012894,0.012876
0.875000,0.041667,0.958333,0.006531,0.006493
0.875000,0.041667,1.000000,-0.000000,-0.000000
0.875000,0.083333,0.000000,0.000000,0.000000
0.875000,0.083333,0.041667,0.013063,0.012853
0.875000,0.083333,0.083333,0.025883,0.025485
0.875000,0.083333,0.125000,0.038216,0.037682
0.875000,0.083333,0.166667,0.049840,0.049234
0.875000,0.083333,0.208333,0.060558,0.059943
0.875000,0.083333,0.250000,0.070195,0.069627
0.875000,0.083333,0.291667,0.078595,0.078120
0.875000,0.083333,0.333333,0.085625,0.085275
0.875000,0.083333,0.375000,0.091173,0.090972
0.875000,0.083333,0.416667,0.095154,0.095112
0.875000,0.083333,0.458333,0.097508,0.097625
0.875000,0.083333,0.500000,0.098202,0.098468
0.875000,0.083333,0.541667,0.097233,0.097625
0.875000,0.083333,0.583333,0.094622,0.095112
0.875000,0.083333,0.625000,0.090421,0.090972
0.875000,0.083333,0.666667,0.084704,0.085275
0.875000,0.083333,0.708333,0.077569,0.078120
0.875000,0.083333,0.750000,0.069139,0.069627
0.875000,0.083333,0.791667,0.059549,0.059943
0.875000,0.083333,0.833333,0.048956,0.049234
0.875000,0.083333,0.875000,0.037526,0.037682
0.875000,0.083333,0.916667,0.025435,0.025485
0.875000,0.083333,0.958333,0.012865,0.012853
0.875000,0.083333,1.000000,-0.000000,-0.000000
0.875000,0.125000,0.000000,0.000000,0.000000
0.875000,0.125000,0.041667,0.019178,0.018948
0.875000,0.125000,0.083333,0.038038,0.037571
0.875000,0.125000,0.125000,0.056209,0.055552
0.875000,0.125000,0.166667,0.073361,0.072582
0.875000,0.125000,0.208333,0.089194,0.088370
0.875000,0.125000,0.250000,0.103444,0.102646
0.875000,0.125000,0.291667,0.115875,0.115166
0.875000,0.125000,0.333333,0.126289,0.125716
0.875000,0.125000,0.375000,0.134517,0.134114
0.875000,0.125000,0.416667,0.140431,0.140217
0.875000,0.125000,0.458333,0.143941,0.143922
0.875000,0.125000,0.500000,0.144995,0.145164
0.875000,0.125000,0.541667,0.143586,0.143922
0.875000,0.125000,0.583333,0.139745,0.140217
0.875000,0.125000,0.625000,0.133545,0.134114
0.875000,0.125000,0.666667,0.125096,0.125716
0.875000,0.125000,0.708333,0.114546,0.115166
0.875000,0.125000,0.750000,0.102073,0.102646
0.875000,0.125000,0.791667,0.087886,0.088370
0.875000,0.125000,0.833333,0.072219,0.072582
0.875000,0.125000,0.875000,0.055325,0.055552
0.875000,0.125000,0.916667,0.037471,0.037571
0.875000,0.125000,0.958333,0.018936,0.018948
0.875000,0.125000,1.000000,-0.000000,-0.000000
0.875000,0.166667,0.000000,0.000000,0.000000
0.875000,0.166667,0.041667,0.024861,0.024656
0.875000,0.166667,0.083333,0.049351,0.048890
0.875000,0.166667,0.125000,0.072980,0.072288
0.875000,0.166667,0.166667,0.095304,0.094448
0.875000,0.166667,0.208333,0.115925,0.114993
0.875000,0.166667,0.250000,0.134492,0.133570
0.875000,0.166667,0.291667,0.150695,0.149862
0.875000,0.166667,0.333333,0.164271,0.163589
0.875000,0.166667,0.375000,0.175005,0.174517
0.875000,0.166667,0.416667,0.182727,0.182460
0.875000,0.166667,0.458333,0.187321,0.187280
0.875000,0.166667,0.500000,0.188721,0.188896
0.875000,0.166667,0.541667,0.186913,0.187280
0.875000,0.166667,0.583333,0.181937,0.182460
0.875000,0.166667,0.625000,0.173884,0.174517
0.875000,0.166667,0.666667,0.162897,0.163589
0.875000,0.166667,0.708333,0.149164,0.149862
0.875000,0.166667,0.750000,0.132919,0.133570
0.875000,0.166667,0.791667,0.114434,0.114993
0.875000,0.166667,0.833333,0.094018,0.094448
0.875000,0.166667,0.875000,0.072004,0.072287
0.875000,0.166667,0.916667,0.048749,0.048890
0.875000,0.166667,0.958333,0.024622,0.024656
0.875000,0.166667,1.000000,-0.000000,-0.000000
0.875000,0.208333,0.000000,0.000000,0.000000
0.875000,0.208333,0.041667,0.030005,0.029866
0.875000,0.208333,0.083333,0.059612,0.059220
0.875000,0.208333,0.125000,0.088215,0.087561
0.875000,0.208333,0.166667,0.115260,0.114405
0.875000,0.208333,0.208333,0.140255,0.139290
0.875000,0.208333,0.250000,0.162763,0.161792
0.875000,0.208333,0.291667,0.182407,0.181526
0.875000,0.208333,0.333333,0.198868,0.198155
0.875000,0.208333,0.375000,0.211884,0.211392
0.875000,0.208333,0.416667,0.221254,0.221013
0.875000,0.208333,0.458333,0.226839,0.226852
0.875000,0.208333,0.500000,0.228559,0.228809
0.875000,0.208333,0.541667,0.226397,0.226852
0.875000,0.208333,0.583333,0.220400,0.221013
0.875000,0.208333,0.625000,0.210674,0.211392
0.875000,0.208333,0.666667,0.197389,0.198155
0.875000,0.208333,0.708333,0.180768,0.181526
0.875000,0.208333,0.750000,0.161093,0.161792
0.875000,0.208333,0.791667,0.138694,0.139290
0.875000,0.208333,0.833333,0.113944,0.114405
0.875000,0.208333,0.875000,0.087254,0.087561
0.875000,0.208333,0.916667,0.059059,0.059220
0.875000,0.208333,0.958333,0.029819,0.029866
0.875000,0.208333,1.000000,-0.000000,-0.000000
0.875000,0.250000,0.000000,0.000000,0.000000
0.875000,0.250000,0.041667,0.034516,0.034479
0.875000,0.250000,0.083333,0.068631,0.068367
0.875000,0.250000,0.125000,0.101630,0.101086
0.875000,0.250000,0.166667,0.132860,0.132076
0.875000,0.250000,0.208333,0.161736,0.160805
0.875000,0.250000,0.250000,0.187746,0.186783
0.875000,0.250000,0.291667,0.210448,0.209565
0.875000,0.250000,0.333333,0.229472,0.228762
0.875000,0.250000,0.375000,0.244519,0.244044
0.875000,0.250000,0.416667,0.255359,0.255151
0.875000,0.250000,0.458333,0.261833,0.261892
0.875000,0.250000,0.500000,0.263851,0.264151
0.875000,0.250000,0.541667,0.261393,0.261892
0.875000,0.250000,0.583333,0.254510,0.255151
0.875000,0.250000,0.625000,0.243322,0.244044
0.875000,0.250000,0.666667,0.228018,0.228762
0.875000,0.250000,0.708333,0.208854,0.209565
0.875000,0.250000,0.750000,0.186148,0.186783
0.875000,0.250000,0.791667,0.160281,0.160805
0.875000,0.250000,0.833333,0.131684,0.132076
0.875000,0.250000,0.875000,0.100834,0.101086
0.875000,0.250000,0.916667,0.068243,0.068367
0.875000,0.250000,0.958333,0.034448,0.034479
0.875000,0.250000,1.000000,-0.000000,-0.000000
0.875000,0.291667,0.000000,0.000000,0.000000
0.875000,0.291667,0.041667,0.038329,0.038413
0.875000,0.291667,0.083333,0.076267,0.076169
0.875000,0.291667,0.125000,0.113006,0.112622
0.875000,0.291667,0.166667,0.147804,0.147148
0.875000,0.291667,0.208333,0.179996,0.179156
0.875000,0.291667,0.250000,0.209000,0.208098
0.875000,0.291667,0.291667,0.234319,0.233480
0.875000,0.291667,0.333333,0.255539,0.254867
0.875000,0.291667,0.375000,0.272327,0.271893
0.875000,0.291667,0.416667,0.284429,0.284267
0.875000,0.291667,0.458333,0.291672,0.291778
0.875000,0.291667,0.500000,0.293957,0.294295
0.875000,0.291667,0.541667,0.291262,0.291778
0.875000,0.291667,0.583333,0.283640,0.284267
0.875000,0.291667,0.625000,0.271221,0.271893
0.875000,0.291667,0.666667,0.254210,0.254867
0.875000,0.291667,0.708333,0.232887,0.233480
0.875000,0.291667,0.750000,0.207603,0.208098
0.875000,0.291667,0.791667,0.178778,0.179156
0.875000,0.291667,0.833333,0.146892,0.147148
0.875000,0.291667,0.875000,0.112480,0.112622
0.875000,0.291667,0.916667,0.076119,0.076169
0.875000,0.291667,0.958333,0.038416,0.038413
0.875000,0.291667,1.000000,-0.000000,-0.000000
0.875000,0.333333,0.000000,0.000000,0.000000
0.875000,0.333333,0.041667,0.041410,0.041605
0.875000,0.333333,0.083333,0.082440,0.082498
0.875000,0.333333,0.125000,0.122208,0.121980
0.875000,0.333333,0.166667,0.159899,0.159374
0.875000,0.333333,0.208333,0.194782,0.194042
0.875000,0.333333,0.250000,0.226218,0.225389
0.875000,0.333333,0.291667,0.253661,0.252880
0.875000,0.333333,0.333333,0.276661,0.276044
0.875000,0.333333,0.375000,0.294858,0.294485
0.875000,0.333333,0.416667,0.307981,0.307887
0.875000,0.333333,0.458333,0.315845,0.316021
0.875000,0.333333,0.500000,0.318344,0.318748
0.875000,0.333333,0.541667,0.315456,0.316021
0.875000,0.333333,0.583333,0.307238,0.307887
0.875000,0.333333,0.625000,0.293825,0.294485
0.875000,0.333333,0.666667,0.275436,0.276044
0.875000,0.333333,0.708333,0.252369,0.252880
0.875000,0.333333,0.750000,0.225000,0.225389
0.875000,0.333333,0.791667,0.193779,0.194042
0.875000,0.333333,0.833333,0.159227,0.159374
0.875000,0.333333,0.875000,0.121924,0.121980
0.875000,0.333333,0.916667,0.082502,0.082498
0.875000,0.333333,0.958333,0.041630,0.041605
0.875000,0.333333,1.000000,-0.000000,-0.000000
0.875000,0.375000,0.000000,0.000000,0.000000
0.875000,0.375000,0.041667,0.043737,0.044008
0.875000,0.375000,0.083333,0.087098,0.087263
0.875000,0.375000,0.125000,0.129149,0.129025
0.875000,0.375000,0.166667,0.169024,0.168580
0.875000,0.375000,0.208333,0.205938,0.205250
0.875000,0.375000,0.250000,0.239207,0.238408
0.875000,0.375000,0.291667,0.268249,0.267487
0.875000,0.375000,0.333333,0.292585,0.291989
0.875000,0.375000,0.375000,0.311836,0.311495
0.875000,0.375000,0.416667,0.325718,0.325671
0.875000,0.375000,0.458333,0.334036,0.334275
0.875000,0.375000,0.500000,0.336685,0.337160
0.875000,0.375000,0.541667,0.333642,0.334275
0.875000,0.375000,0.583333,0.324966,0.325671
0.875000,0.375000,0.625000,0.310800,0.311495
0.875000,0.375000,0.666667,0.291372,0.291989
0.875000,0.375000,0.708333,0.266991,0.267487
0.875000,0.375000,0.750000,0.238051,0.238408
0.875000,0.375000,0.791667,0.205027,0.205250
0.875000,0.375000,0.833333,0.168468,0.168580
0.875000,0.375000,0.875000,0.128991,0.129025
0.875000,0.375000,0.916667,0.087271,0.087263
0.875000,0.375000,0.958333,0.044025,0.044008
0.875000,0.375000,1.000000,-0.000000,-0.000000
0.875000,0.416667,0.000000,0.000000,0.000000
0.875000,0.416667,0.041667,0.045277,0.045596
0.875000,0.416667,0.083333,0.090176,0.090411
0.875000,0.416667,0.125000,0.133736,0.133680
0.875000,0.416667,0.166667,0.175058,0.174661
0.875000,0.416667,0.208333,0.213323,0.212654
0.875000,0.416667,0.250000,0.247816,0.247008
0.875000,0.416667,0.291667,0.277925,0.277136
0.875000,0.416667,0.333333,0.303152,0.302522
0.875000,0.416667,0.375000,0.323102,0.322732
0.875000,0.416667,0.416667,0.337484,0.337419
0.875000,0.416667,0.458333,0.346100,0.346334
0.875000,0.416667,0.500000,0.348842,0.349322
0.875000,0.416667,0.541667,0.345689,0.346334
0.875000,0.416667,0.583333,0.336705,0.337419
0.875000,0.416667,0.625000,0.322035,0.322732
0.875000,0.416667,0.666667,0.301912,0.302522
0.875000,0.416667,0.708333,0.276656,0.277136
0.875000,0.416667,0.750000,0.246671,0.247008
0.875000,0.416667,0.791667,0.212445,0.212654
0.875000,0.416667,0.833333,0.174551,0.174661
0.875000,0.416667,0.875000,0.133630,0.133680
0.875000,0.416667,0.916667,0.090388,0.090411
0.875000,0.416667,0.958333,0.045582,0.045596
0.875000,0.416667,1.000000,-0.000000,-0.000000
0.875000,0.458333,0.000000,0.000000,0.000000
0.875000,0.458333,0.041667,0.046009,0.046359
0.875000,0.458333,0.083333,0.091624,0.091924
0.875000,0.458333,0.125000,0.135891,0.135917
0.875000,0.458333,0.166667,0.177903,0.177584
0.875000,0.458333,0.208333,0.216826,0.216213
0.875000,0.458333,0.250000,0.251924,0.251142
0.875000,0.458333,0.291667,0.282572,0.281774
0.875000,0.458333,0.333333,0.308253,0.307585
0.875000,0.458333,0.375000,0.328564,0.328133
0.875000,0.458333,0.416667,0.343207,0.343066
0.875000,0.458333,0.458333,0.351981,0.352130
0.875000,0.458333,0.500000,0.354778,0.355168
0.875000,0.458333,0.541667,0.351579,0.352130
0.875000,0.458333,0.583333,0.342447,0.343066
0.875000,0.458333,0.625000,0.327533,0.328133
0.875000,0.458333,0.666667,0.307070,0.307585
0.875000,0.458333,0.708333,0.281382,0.281774
0.875000,0.458333,0.750000,0.250878,0.251142
0.875000,0.458333,0.791667,0.216056,0.216213
0.875000,0.458333,0.833333,0.177498,0.177584
0.875000,0.458333,0.875000,0.135861,0.135917
0.875000,0.458333,0.916667,0.091873,0.091924
0.875000,0.458333,0.958333,0.046314,0.046359
0.875000,0.458333,1.000000,-0.000000,-0.000000
0.875000,0.500000,0.000000,0.000000,0.000000
0.875000,0.500000,0.041667,0.045939,0.046306
0.875000,0.500000,0.083333,0.091449,0.091819
0.875000,0.500000,0.125000,0.135616,0.135761
0.875000,0.500000,0.166667,0.177554,0.177381
0.875000,0.500000,0.208333,0.216436,0.215965
0.875000,0.500000,0.250000,0.251524,0.250855
0.875000,0.500000,0.291667,0.282182,0.281451
0.875000,0.500000,0.333333,0.307886,0.307233
0.875000,0.500000,0.375000,0.328227,0.327757
0.875000,0.500000,0.416667,0.342898,0.342674
0.875000,0.500000,0.458333,0.351699,0.351727
0.875000,0.500000,0.500000,0.354520,0.354762
0.875000,0.500000,0.541667,0.351340,0.351727
0.875000,0.500000,0.583333,0.342227,0.342674
0.875000,0.500000,0.625000,0.327328,0.327757
0.875000,0.500000,0.666667,0.306880,0.307233
0.875000,0.500000,0.708333,0.281204,0.281451
0.875000,0.500000,0.750000,0.250710,0.250855
0.875000,0.500000,0.791667,0.215897,0.215965
0.875000,0.500000,0.833333,0.177347,0.177381
0.875000,0.500000,0.875000,0.135725,0.135761
0.875000,0.500000,0.916667,0.091763,0.091819
0.875000,0.500000,0.958333,0.046247,0.046306
0.875000,0.500000,1.000000,-0.000000,-0.000000
0.875000,0.541667,0.000000,0.000000,0.000000
0.875000,0.541667,0.041667,0.045104,0.045460
0.875000,0.541667,0.083333,0.089723,0.090143
0.875000,0.541667,0.125000,0.133014,0.133283
0.875000,0.541667,0.166667,0.174138,0.174143
0.875000,0.541667,0.208333,0.212298,0.212023
0.875000,0.541667,0.250000,0.246767,0.246275
0.875000,0.541667,0.291667,0.276913,0.276313
0.875000,0.541667,0.333333,0.302209,0.301624
0.875000,0.541667,0.375000,0.322242,0.321774
0.875000,0.541667,0.416667,0.336702,0.336418
0.875000,0.541667,0.458333,0.345387,0.345306
0.875000,0.541667,0.500000,0.348186,0.348285
0.875000,0.541667,0.541667,0.345079,0.345306
0.875000,0.541667,0.583333,0.336134,0.336418
0.875000,0.541667,0.625000,0.321499,0.321774
0.875000,0.541667,0.666667,0.301408,0.301624
0.875000,0.541667,0.708333,0.276180,0.276313
0.875000,0.541667,0.750000,0.246220,0.246275
0.875000,0.541667,0.791667,0.212018,0.212023
0.875000,0.541667,0.833333,0.174152,0.174143
0.875000,0.541667,0.875000,0.133273,0.133283
0.875000,0.541667,0.916667,0.090103,0.090143
0.875000,0.541667,0.958333,0.045411,0.045460
0.875000,0.541667,1.000000,-0.000000,-0.000000
0.875000,0.583333,0.000000,0.000000,0.000000
0.875000,0.583333,0.041667,0.043559,0.043860
0.875000,0.583333,0.083333,0.086565,0.086970
0.875000,0.583333,0.125000,0.128264,0.128591
0.875000,0.583333,0.166667,0.167887,0.168013
0.875000,0.583333,0.208333,0.204682,0.204559
0.875000,0.583333,0.250000,0.237950,0.237606
0.875000,0.583333,0.291667,0.267074,0.266587
0.875000,0.583333,0.333333,0.291535,0.291006
0.875000,0.583333,0.375000,0.310917,0.310447
0.875000,0.583333,0.416667,0.324915,0.324575
0.875000,0.583333,0.458333,0.333324,0.333150
0.875000,0.583333,0.500000,0.336037,0.336025
0.875000,0.583333,0.541667,0.333036,0.333150
0.875000,0.583333,0.583333,0.324389,0.324575
0.875000,0.583333,0.625000,0.310246,0.310447
0.875000,0.583333,0.666667,0.290837,0.291006
0.875000,0.583333,0.708333,0.266476,0.266587
0.875000,0.583333,0.750000,0.237557,0.237606
0.875000,0.583333,0.791667,0.204556,0.204559
0.875000,0.583333,0.833333,0.168030,0.168013
0.875000,0.583333,0.875000,0.128605,0.128591
0.875000,0.583333,0.916667,0.086968,0.086970
0.875000,0.583333,0.958333,0.043849,0.043860
0.875000,0.583333,1.000000,-0.000000,-0.000000
0.875000,0.625000,0.000000,0.000000,0.000000
0.875000,0.625000,0.041667,0.041366,0.041554
0.875000,0.625000,0.083333,0.082107,0.082396
0.875000,0.625000,0.125000,0.121571,0.121829
0.875000,0.625000,0.166667,0.159067,0.159177
0.875000,0.625000,0.208333,0.193905,0.193802
0.875000,0.625000,0.250000,0.225430,0.225111
0.875000,0.625000,0.291667,0.253049,0.252568
0.875000,0.625000,0.333333,0.276260,0.275703
0.875000,0.625000,0.375000,0.294658,0.294122
0.875000,0.625000,0.416667,0.307942,0.307507
0.875000,0.625000,0.458333,0.315913,0.315631
0.875000,0.625000,0.500000,0.318470,0.318355
0.875000,0.625000,0.541667,0.315598,0.315631
0.875000,0.625000,0.583333,0.307368,0.307507
0.875000,0.625000,0.625000,0.293928,0.294122
0.875000,0.625000,0.666667,0.275507,0.275703
0.875000,0.625000,0.708333,0.252406,0.252568
0.875000,0.625000,0.750000,0.225005,0.225111
0.875000,0.625000,0.791667,0.193758,0.193802
0.875000,0.625000,0.833333,0.159187,0.159177
0.875000,0.625000,0.875000,0.121877,0.121829
0.875000,0.625000,0.916667,0.082464,0.082396
0.875000,0.625000,0.958333,0.041613,0.041554
0.875000,0.625000,1.000000,-0.000000,-0.000000
0.875000,0.666667,0.000000,0.000000,0.000000
0.875000,0.666667,0.041667,0.038580,0.038599
0.875000,0.666667,0.083333,0.076467,0.076537
0.875000,0.666667,0.125000,0.113112,0.113166
0.875000,0.666667,0.166667,0.147913,0.147859
0.875000,0.666667,0.208333,0.180253,0.180021
0.875000,0.666667,0.250000,0.209532,0.209104
0.875000,0.666667,0.291667,0.235198,0.234608
0.875000,0.666667,0.333333,0.256776,0.256099
0.875000,0.666667,0.375000,0.273879,0.273207
0.875000,0.666667,0.416667,0.286220,0.285641
0.875000,0.666667,0.458333,0.293611,0.293187
0.875000,0.666667,0.500000,0.295955,0.295717
0.875000,0.666667,0.541667,0.293243,0.293187
0.875000,0.666667,0.583333,0.285547,0.285641
0.875000,0.666667,0.625000,0.273015,0.273207
0.875000,0.666667,0.666667,0.255865,0.256099
0.875000,0.666667,0.708333,0.234388,0.234608
0.875000,0.666667,0.750000,0.208940,0.209104
0.875000,0.666667,0.791667,0.179943,0.180021
0.875000,0.666667,0.833333,0.147879,0.147859
0.875000,0.666667,0.875000,0.113277,0.113166
0.875000,0.666667,0.916667,0.076706,0.076537
0.875000,0.666667,0.958333,0.038750,0.038599
0.875000,0.666667,1.000000,-0.000000,-0.000000
0.875000,0.708333,0.000000,0.000000,0.000000
0.875000,0.708333,0.041667,0.035242,0.035060
0.875000,0.708333,0.083333,0.069730,0.069521
0.875000,0.708333,0.125000,0.103017,0.102792
0.875000,0.708333,0.166667,0.134600,0.134304
0.875000,0.708333,0.208333,0.163945,0.163518
0.875000,0.708333,0.250000,0.190519,0.189934
0.875000,0.708333,0.291667,0.213826,0.213101
0.875000,0.708333,0.333333,0.233427,0.232621
0.875000,0.708333,0.375000,0.248966,0.248161
0.875000,0.708333,0.416667,0.260172,0.259455
0.875000,0.708333,0.458333,0.266870,0.266310
0.875000,0.708333,0.500000,0.268969,0.268608
0.875000,0.708333,0.541667,0.266465,0.266310
0.875000,0.708333,0.583333,0.259426,0.259455
0.875000,0.708333,0.625000,0.247995,0.248161
0.875000,0.708333,0.666667,0.232381,0.232621
0.875000,0.708333,0.708333,0.212853,0.213101
0.875000,0.708333,0.750000,0.189742,0.189934
0.875000,0.708333,0.791667,0.163433,0.163518
0.875000,0.708333,0.833333,0.134356,0.134304
0.875000,0.708333,0.875000,0.102978,0.102792
0.875000,0.708333,0.916667,0.069793,0.069521
0.875000,0.708333,0.958333,0.035302,0.035060
0.875000,0.708333,1.000000,-0.000000,-0.000000
0.875000,0.750000,0.000000,0.000000,0.000000
0.875000,0.750000,0.041667,0.031379,0.031008
0.875000,0.750000,0.083333,0.061956,0.061484
0.875000,0.750000,0.125000,0.091390,0.090909
0.875000,0.750000,0.166667,0.119279,0.118779
0.875000,0.750000,0.208333,0.145180,0.144616
0.875000,0.750000,0.250000,0.168644,0.167979
0.875000,0.750000,0.291667,0.189235,0.188467
0.875000,0.750000,0.333333,0.206566,0.205731
0.875000,0.750000,0.375000,0.220313,0.219475
0.875000,0.750000,0.416667,0.230230,0.229463
0.875000,0.750000,0.458333,0.236152,0.235525
0.875000,0.750000,0.500000,0.237995,0.237558
0.875000,0.750000,0.541667,0.235754,0.235525
0.875000,0.750000,0.583333,0.229494,0.229463
0.875000,0.750000,0.625000,0.219347,0.219475
0.875000,0.750000,0.666667,0.205505,0.205731
0.875000,0.750000,0.708333,0.188215,0.188467
0.875000,0.750000,0.750000,0.167777,0.167979
0.875000,0.750000,0.791667,0.144530,0.144616
0.875000,0.750000,0.833333,0.118851,0.118779
0.875000,0.750000,0.875000,0.091144,0.090909
0.875000,0.750000,0.916667,0.061823,0.061484
0.875000,0.750000,0.958333,0.031305,0.031007
0.875000,0.750000,1.000000,-0.000000,-0.000000
0.875000,0.791667,0.000000,0.000000,0.000000
0.875000,0.791667,0.041667,0.027024,0.026513
0.875000,0.791667,0.083333,0.053227,0.052572
0.875000,0.791667,0.125000,0.078370,0.077731
0.875000,0.791667,0.166667,0.102152,0.101561
0.875000,0.791667,0.208333,0.124230,0.123653
0.875000,0.791667,0.250000,0.144237,0.143629
0.875000,0.791667,0.291667,0.161814,0.161147
0.875000,0.791667,0.333333,0.176628,0.175908
0.875000,0.791667,0.375000,0.188395,0.187660
0.875000,0.791667,0.416667,0.196894,0.196200
0.875000,0.791667,0.458333,0.201975,0.201384
0.875000,0.791667,0.500000,0.203558,0.203121
0.875000,0.791667,0.541667,0.201636,0.201384
0.875000,0.791667,0.583333,0.196265,0.196200
0.875000,0.791667,0.625000,0.187563,0.187660
0.875000,0.791667,0.666667,0.175702,0.175908
0.875000,0.791667,0.708333,0.160900,0.161147
0.875000,0.791667,0.750000,0.143419,0.143629
0.875000,0.791667,0.791667,0.123552,0.123652
0.875000,0.791667,0.833333,0.101620,0.101561
0.875000,0.791667,0.875000,0.077959,0.077731
0.875000,0.791667,0.916667,0.052911,0.052572
0.875000,0.791667,0.958333,0.026815,0.026513
0.875000,0.791667,1.000000,-0.000000,-0.000000
0.875000,0.833333,0.000000,0.000000,0.000000
0.875000,0.833333,0.041667,0.022231,0.021650
0.875000,0.833333,0.083333,0.043670,0.042929
0.875000,0.833333,0.125000,0.064165,0.063474
0.875000,0.833333,0.166667,0.083513,0.082933
0.875000,0.833333,0.208333,0.101465,0.100973
0.875000,0.833333,0.250000,0.117744,0.117285
0.875000,0.833333,0.291667,0.132065,0.131590
0.875000,0.833333,0.333333,0.144158,0.143644
0.875000,0.833333,0.375000,0.153784,0.153240
0.875000,0.833333,0.416667,0.160753,0.160214
0.875000,0.833333,0.458333,0.164932,0.164447
0.875000,0.833333,0.500000,0.166248,0.165866
0.875000,0.833333,0.541667,0.164689,0.164447
0.875000,0.833333,0.583333,0.160301,0.160214
0.875000,0.833333,0.625000,0.153183,0.153240
0.875000,0.833333,0.666667,0.143478,0.143644
0.875000,0.833333,0.708333,0.131372,0.131590
0.875000,0.833333,0.750000,0.117085,0.117285
0.875000,0.833333,0.791667,0.100859,0.100973
0.875000,0.833333,0.833333,0.082956,0.082933
0.875000,0.833333,0.875000,0.063649,0.063474
0.875000,0.833333,0.916667,0.043210,0.042929
0.875000,0.833333,0.958333,0.021909,0.021650
0.875000,0.833333,1.000000,-0.000000,-0.000000
0.875000,0.875000,0.000000,0.000000,0.000000
0.875000,0.875000,0.041667,0.017072,0.016493
0.875000,0.875000,0.083333,0.033439,0.032704
0.875000,0.875000,0.125000,0.049022,0.048356
0.875000,0.875000,0.166667,0.063699,0.063180
0.875000,0.875000,0.208333,0.077308,0.076923
0.875000,0.875000,0.250000,0.089655,0.089349
0.875000,0.875000,0.291667,0.100534,0.100247
0.875000,0.875000,0.333333,0.109741,0.109430
0.875000,0.875000,0.375000,0.117092,0.116741
0.875000,0.875000,0.416667,0.122431,0.122054
0.875000,0.875000,0.458333,0.125650,0.125278
0.875000,0.875000,0.500000,0.126684,0.126359
0.875000,0.875000,0.541667,0.125518,0.125278
0.875000,0.875000,0.583333,0.122183,0.122054
0.875000,0.875000,0.625000,0.116756,0.116741
0.875000,0.875000,0.666667,0.109349,0.109430
0.875000,0.875000,0.708333,0.100108,0.100247
0.875000,0.875000,0.750000,0.089203,0.089349
0.875000,0.875000,0.791667,0.076825,0.076923
0.875000,0.875000,0.833333,0.063176,0.063180
0.875000,0.875000,0.875000,0.048465,0.048356
0.875000,0.875000,0.916667,0.032899,0.032704
0.875000,0.875000,0.958333,0.016681,0.016493
0.875000,0.875000,1.000000,-0.000000,-0.000000
0.875000,0.916667,0.000000,0.000000,0.000000
0.875000,0.916667,0.041667,0.011614,0.011117
0.875000,0.916667,0.083333,0.022680,0.022044
0.875000,0.916667,0.125000,0.033167,0.032593
0.875000,0.916667,0.166667,0.043018,0.042585
0.875000,0.916667,0.208333,0.052140,0.051849
0.875000,0.916667,0.250000,0.060419,0.060225
0.875000,0.916667,0.291667,0.067725,0.067570
0.875000,0.916667,0.333333,0.073924,0.073760
0.875000,0.916667,0.375000,0.078888,0.078687
0.875000,0.916667,0.416667,0.082511,0.082269
0.875000,0.916667,0.458333,0.084711,0.084442
0.875000,0.916667,0.500000,0.085437,0.085171
0.875000,0.916667,0.541667,0.084674,0.084442
0.875000,0.916667,0.583333,0.082441,0.082269
0.875000,0.916667,0.625000,0.078784,0.078687
0.875000,0.916667,0.666667,0.073783,0.073760
0.875000,0.916667,0.708333,0.067536,0.067570
0.875000,0.916667,0.750000,0.060164,0.060225
0.875000,0.916667,0.791667,0.051797,0.051849
0.875000,0.916667,0.833333,0.042578,0.042585
0.875000,0.916667,0.875000,0.032650,0.032593
0.875000,0.916667,0.916667,0.022156,0.022044
0.875000,0.916667,0.958333,0.011231,0.011117
0.875000,0.916667,1.000000,-0.000000,-0.000000
0.875000,0.958333,0.000000,0.000000,0.000000
0.875000,0.958333,0.041667,0.005908,0.005595
0.875000,0.958333,0.083333,0.011500,0.011094
0.875000,0.958333,0.125000,0.016773,0.016403
0.875000,0.958333,0.166667,0.021708,0.021432
0.875000,0.958333,0.208333,0.026270,0.026094
0.875000,0.958333,0.250000,0.030410,0.030310
0.875000,0.958333,0.291667,0.034067,0.034006
0.875000,0.958333,0.333333,0.037177,0.037121
0.875000,0.958333,0.375000,0.039678,0.039601
0.875000,0.958333,0.416667,0.041513,0.041404
0.875000,0.958333,0.458333,0.042638,0.042497
0.875000,0.958333,0.500000,0.043022,0.042864
0.875000,0.958333,0.541667,0.042655,0.042497
0.875000,0.958333,0.583333,0.041542,0.041404
0.875000,0.958333,0.625000,0.039707,0.039601
0.875000,0.958333,0.666667,0.037187,0.037121
0.875000,0.958333,0.708333,0.034034,0.034006
0.875000,0.958333,0.750000,0.030310,0.030310
0.875000,0.958333,0.791667,0.026085,0.026094
0.875000,0.958333,0.833333,0.021433,0.021432
0.875000,0.958333,0.875000,0.016429,0.016403
0.875000,0.958333,0.916667,0.011145,0.011094
0.875000,0.958333,0.958333,0.005650,0.005595
0.875000,0.958333,1.000000,-0.000000,-0.000000
0.875000,1.000000,0.000000,0.000000,0.000000
0.875000,1.000000,0.041667,0.000000,-0.000000
0.875000,1.000000,0.083333,0.000000,-0.000000
0.875000,1.000000,0.125000,0.000000,-0.000000
0.875000,1.000000,0.166667,0.000000,-0.000000
0.875000,1.000000,0.208333,0.000000,-0.000000
0.875000,1.000000,0.250000,0.000000,-0.000000
0.875000,1.000000,0.291667,0.000000,-0.000000
0.875000,1.000000,0.333333,0.000000,-0.000000
0.875000,1.000000,0.375000,0.000000,-0.000000
0.875000,1.000000,0.416667,0.000000,-0.000000
0.875000,1.000000,0.458333,0.000000,-0.000000
0.875000,1.000000,0.500000,0.000000,-0.000000
0.875000,1.000000,0.541667,0.000000,-0.000000
0.875000,1.000000,0.583333,0.000000,-0.000000
0.875000,1.000000,0.625000,0.000000,-0.000000
0.875000,1.000000,0.666667,0.000000,-0.000000
0.875000,1.000000,0.708333,0.000000,-0.000000
0.875000,1.000000,0.750000,0.000000,-0.000000
0.875000,1.000000,0.791667,0.000000,-0.000000
0.875000,1.000000,0.833333,0.000000,-0.000000
0.875000,1.000000,0.875000,0.000000,-0.000000
0.875000,1.000000,0.916667,0.000000,-0.000000
0.875000,1.000000,0.958333,0.000000,-0.000000
0.875000,1.000000,1.000000,0.000000,0.000000
0.916667,0.000000,0.000000,0.000000,0.000000
0.916667,0.000000,0.041667,0.000000,0.000000
0.916667,0.000000,0.083333,0.000000,0.000000
0.916667,0.000000,0.125000,0.000000,0.000000
0.916667,0.000000,0.166667,0.000000,0.000000
0.916667,0.000000,0.208333,0.000000,0.000000
0.916667,0.000000,0.250000,0.000000,0.000000
0.916667,0.000000,0.291667,0.000000,0.000000
0.916667,0.000000,0.333333,0.000000,0.000000
0.916667,0.000000,0.375000,0.000000,0.000000
0.916667,0.000000,0.416667,0.000000,0.000000
0.916667,0.000000,0.458333,0.000000,0.000000
0.916667,0.000000,0.500000,0.000000,0.000000
0.916667,0.000000,0.541667,0.000000,0.000000
0.916667,0.000000,0.583333,0.000000,0.000000
0.916667,0.000000,0.625000,0.000000,0.000000
0.916667,0.000000,0.666667,0.000000,0.000000
0.916667,0.000000,0.708333,0.000000,0.000000
0.916667,0.000000,0.750000,0.000000,0.000000
0.916667,0.000000,0.791667,0.000000,0.000000
0.916667,0.000000,0.833333,0.000000,0.000000
0.916667,0.000000,0.875000,0.000000,0.000000
0.916667,0.000000,0.916667,0.000000,0.000000
0.916667,0.000000,0.958333,0.000000,0.000000
0.916667,0.000000,1.000000,0.000000,-0.000000
0.916667,0.041667,0.000000,0.000000,0.000000
0.916667,0.041667,0.041667,0.006265,0.006131
0.916667,0.041667,0.083333,0.012385,0.012157
0.916667,0.041667,0.125000,0.018251,0.017975
0.916667,0.041667,0.166667,0.023763,0.023486
0.916667,0.041667,0.208333,0.028836,0.028595
0.916667,0.041667,0.250000,0.033389,0.033214
0.916667,0.041667,0.291667,0.037355,0.037265
0.916667,0.041667,0.333333,0.040672,0.040679
0.916667,0.041667,0.375000,0.043291,0.043396
0.916667,0.041667,0.416667,0.045172,0.045371
0.916667,0.041667,0.458333,0.046288,0.046570
0.916667,0.041667,0.500000,0.046624,0.046972
0.916667,0.041667,0.541667,0.046177,0.046570
0.916667,0.041667,0.583333,0.044959,0.045371
0.916667,0.041667,0.625000,0.042991,0.043396
0.916667,0.041667,0.666667,0.040310,0.040679
0.916667,0.041667,0.708333,0.036958,0.037265
0.916667,0.041667,0.750000,0.032990,0.033214
0.916667,0.041667,0.791667,0.028466,0.028595
0.916667,0.041667,0.833333,0.023455,0.023486
0.916667,0.041667,0.875000,0.018027,0.017975
0.916667,0.041667,0.916667,0.012258,0.012157
0.916667,0.041667,0.958333,0.006223,0.006131
0.916667,0.041667,1.000000,-0.000000,-0.000000
0.916667,0.083333,0.000000,0.000000,0.000000
0.916667,0.083333,0.041667,0.012362,0.012138
0.916667,0.083333,0.083333,0.024467,0.024068
0.916667,0.083333,0.125000,0.036092,0.035586
0.916667,0.083333,0.166667,0.047038,0.046496
0.916667,0.083333,0.208333,0.057126,0.056610
0.916667,0.083333,0.250000,0.066195,0.065755
0.916667,0.083333,0.291667,0.074103,0.073775
0.916667,0.083333,0.333333,0.080725,0.080533
0.916667,0.083333,0.375000,0.085959,0.085913
0.916667,0.083333,0.416667,0.089723,0.089823
0.916667,0.083333,0.458333,0.091959,0.092196
0.916667,0.083333,0.500000,0.092636,0.092992
0.916667,0.083333,0.541667,0.091747,0.092196
0.916667,0.083333,0.583333,0.089313,0.089823
0.916667,0.083333,0.625000,0.085382,0.085913
0.916667,0.083333,0.666667,0.080022,0.080533
0.916667,0.083333,0.708333,0.073326,0.073775
0.916667,0.083333,0.750000,0.065405,0.065755
0.916667,0.083333,0.791667,0.056386,0.056610
0.916667,0.083333,0.833333,0.046409,0.046496
0.916667,0.083333,0.875000,0.035625,0.035586
0.916667,0.083333,0.916667,0.024189,0.024068
0.916667,0.083333,0.958333,0.012261,0.012138
0.916667,0.083333,1.000000,-0.000000,-0.000000
0.916667,0.125000,0.000000,0.000000,0.000000
0.916667,0.125000,0.041667,0.018181,0.017900
0.916667,0.125000,0.083333,0.036019,0.035493
0.916667,0.125000,0.125000,0.053178,0.052479
0.916667,0.125000,0.166667,0.069355,0.068568
0.916667,0.125000,0.208333,0.084279,0.083483
0.916667,0.125000,0.250000,0.097706,0.096969
0.916667,0.125000,0.291667,0.109421,0.108797
0.916667,0.125000,0.333333,0.119239,0.118763
0.916667,0.125000,0.375000,0.127002,0.126697
0.916667,0.125000,0.416667,0.132590,0.132463
0.916667,0.125000,0.458333,0.135916,0.135962
0.916667,0.125000,0.500000,0.136931,0.137135
0.916667,0.125000,0.541667,0.135625,0.135962
0.916667,0.125000,0.583333,0.132029,0.132463
0.916667,0.125000,0.625000,0.126209,0.126697
0.916667,0.125000,0.666667,0.118271,0.118763
0.916667,0.125000,0.708333,0.108351,0.108797
0.916667,0.125000,0.750000,0.096615,0.096969
0.916667,0.125000,0.791667,0.083256,0.083483
0.916667,0.125000,0.833333,0.068487,0.068568
0.916667,0.125000,0.875000,0.052535,0.052479
0.916667,0.125000,0.916667,0.035641,0.035493
0.916667,0.125000,0.958333,0.018047,0.017900
0.916667,0.125000,1.000000,-0.000000,-0.000000
0.916667,0.166667,0.000000,0.000000,0.000000
0.916667,0.166667,0.041667,0.023598,0.023303
0.916667,0.166667,0.083333,0.046795,0.046207
0.916667,0.166667,0.125000,0.069140,0.068320
0.916667,0.166667,0.166667,0.090227,0.089264
0.916667,0.166667,0.208333,0.109691,0.108681
0.916667,0.166667,0.250000,0.127209,0.126239
0.916667,0.166667,0.291667,0.142495,0.141636
0.916667,0.166667,0.333333,0.155304,0.154610
0.916667,0.166667,0.375000,0.165434,0.164939
0.916667,0.166667,0.416667,0.172727,0.172446
0.916667,0.166667,0.458333,0.177069,0.177001
0.916667,0.166667,0.500000,0.178399,0.178529
0.916667,0.166667,0.541667,0.176704,0.177001
0.916667,0.166667,0.583333,0.172022,0.172446
0.916667,0.166667,0.625000,0.164440,0.164939
0.916667,0.166667,0.666667,0.154093,0.154610
0.916667,0.166667,0.708333,0.141159,0.141636
0.916667,0.166667,0.750000,0.125854,0.126239
0.916667,0.166667,0.791667,0.108431,0.108681
0.916667,0.166667,0.833333,0.089169,0.089264
0.916667,0.166667,0.875000,0.068373,0.068320
0.916667,0.166667,0.916667,0.046361,0.046207
0.916667,0.166667,0.958333,0.023460,0.023303
0.916667,0.166667,1.000000,-0.000000,-0.000000
0.916667,0.208333,0.000000,0.000000,0.000000
0.916667,0.208333,0.041667,0.028496,0.028242
0.916667,0.208333,0.083333,0.056562,0.056001
0.916667,0.208333,0.125000,0.083637,0.082802
0.916667,0.208333,0.166667,0.109214,0.108186
0.916667,0.208333,0.208333,0.132835,0.131720
0.916667,0.208333,0.250000,0.154097,0.152999
0.916667,0.208333,0.291667,0.172651,0.171660
0.916667,0.208333,0.333333,0.188197,0.187385
0.916667,0.208333,0.375000,0.200489,0.199903
0.916667,0.208333,0.416667,0.209338,0.209000
0.916667,0.208333,0.458333,0.214610,0.214522
0.916667,0.208333,0.500000,0.216231,0.216373
0.916667,0.208333,0.541667,0.214187,0.214522
0.916667,0.208333,0.583333,0.208523,0.209000
0.916667,0.208333,0.625000,0.199343,0.199903
0.916667,0.208333,0.666667,0.186808,0.187385
0.916667,0.208333,0.708333,0.171131,0.171660
0.916667,0.208333,0.750000,0.152573,0.152999
0.916667,0.208333,0.791667,0.131441,0.131719
0.916667,0.208333,0.833333,0.108076,0.108187
0.916667,0.208333,0.875000,0.082850,0.082802
0.916667,0.208333,0.916667,0.056156,0.056001
0.916667,0.208333,0.958333,0.028402,0.028242
0.916667,0.208333,1.000000,-0.000000,-0.000000
0.916667,0.250000,0.000000,0.000000,0.000000
0.916667,0.250000,0.041667,0.032776,0.032627
0.916667,0.250000,0.083333,0.065123,0.064695
0.916667,0.250000,0.125000,0.096379,0.095657
0.916667,0.250000,0.166667,0.125936,0.124982
0.916667,0.250000,0.208333,0.153254,0.152168
0.916667,0.250000,0.250000,0.177854,0.176751
0.916667,0.250000,0.291667,0.199322,0.198309
0.916667,0.250000,0.333333,0.217310,0.216475
0.916667,0.250000,0.375000,0.231536,0.230936
0.916667,0.250000,0.416667,0.241781,0.241446
0.916667,0.250000,0.458333,0.247894,0.247825
0.916667,0.250000,0.500000,0.249791,0.249963
0.916667,0.250000,0.541667,0.247456,0.247825
0.916667,0.250000,0.583333,0.240940,0.241446
0.916667,0.250000,0.625000,0.230361,0.230936
0.916667,0.250000,0.666667,0.215900,0.216475
0.916667,0.250000,0.708333,0.197801,0.198309
0.916667,0.250000,0.750000,0.176363,0.176751
0.916667,0.250000,0.791667,0.151938,0.152168
0.916667,0.250000,0.833333,0.124922,0.124982
0.916667,0.250000,0.875000,0.095749,0.095657
0.916667,0.250000,0.916667,0.064881,0.064695
0.916667,0.250000,0.958333,0.032801,0.032627
0.916667,0.250000,1.000000,-0.000000,-0.000000
0.916667,0.291667,0.000000,0.000000,0.000000
0.916667,0.291667,0.041667,0.036383,0.036378
0.916667,0.291667,0.083333,0.072356,0.072134
0.916667,0.291667,0.125000,0.107166,0.106656
0.916667,0.291667,0.166667,0.140124,0.139353
0.916667,0.291667,0.208333,0.170609,0.169665
0.916667,0.291667,0.250000,0.198073,0.197075
0.916667,0.291667,0.291667,0.222048,0.221112
0.916667,0.291667,0.333333,0.242141,0.241366
0.916667,0.291667,0.375000,0.258035,0.257491
0.916667,0.291667,0.416667,0.269489,0.269209
0.916667,0.291667,0.458333,0.276336,0.276322
0.916667,0.291667,0.500000,0.278485,0.278706
0.916667,0.291667,0.541667,0.275918,0.276322
0.916667,0.291667,0.583333,0.268690,0.269209
0.916667,0.291667,0.625000,0.256930,0.257491
0.916667,0.291667,0.666667,0.240836,0.241366
0.916667,0.291667,0.708333,0.220674,0.221112
0.916667,0.291667,0.750000,0.196775,0.197075
0.916667,0.291667,0.791667,0.169530,0.169665
0.916667,0.291667,0.833333,0.139381,0.139353
0.916667,0.291667,0.875000,0.106818,0.106656
0.916667,0.291667,0.916667,0.072364,0.072134
0.916667,0.291667,0.958333,0.036570,0.036378
0.916667,0.291667,1.000000,-0.000000,-0.000000
0.916667,0.333333,0.000000,0.000000,0.000000
0.916667,0.333333,0.041667,0.039299,0.039436
0.916667,0.333333,0.083333,0.078208,0.078197
0.916667,0.333333,0.125000,0.115906,0.115619
0.916667,0.333333,0.166667,0.151633,0.151064
0.916667,0.333333,0.208333,0.184701,0.183924
0.916667,0.333333,0.250000,0.214506,0.213637
0.916667,0.333333,0.291667,0.240528,0.239694
0.916667,0.333333,0.333333,0.262339,0.261651
0.916667,0.333333,0.375000,0.279593,0.279130
0.916667,0.333333,0.416667,0.292031,0.291833
0.916667,0.333333,0.458333,0.299474,0.299543
0.916667,0.333333,0.500000,0.301826,0.302128
0.916667,0.333333,0.541667,0.299068,0.299543
0.916667,0.333333,0.583333,0.291261,0.291833
0.916667,0.333333,0.625000,0.278540,0.279130
0.916667,0.333333,0.666667,0.261117,0.261651
0.916667,0.333333,0.708333,0.239276,0.239694
0.916667,0.333333,0.750000,0.213373,0.213637
0.916667,0.333333,0.791667,0.183830,0.183924
0.916667,0.333333,0.833333,0.151127,0.151064
0.916667,0.333333,0.875000,0.115799,0.115619
0.916667,0.333333,0.916667,0.078426,0.078197
0.916667,0.333333,0.958333,0.039615,0.039436
0.916667,0.333333,1.000000,-0.000000,-0.000000
0.916667,0.375000,0.000000,0.000000,0.000000
0.916667,0.375000,0.041667,0.041512,0.041754
0.916667,0.375000,0.083333,0.082648,0.082793
0.916667,0.375000,0.125000,0.122539,0.122415
0.916667,0.375000,0.166667,0.160373,0.159943
0.916667,0.375000,0.208333,0.195409,0.194735
0.916667,0.375000,0.250000,0.226995,0.226194
0.916667,0.375000,0.291667,0.254573,0.253783
0.916667,0.375000,0.333333,0.277685,0.277030
0.916667,0.375000,0.375000,0.295963,0.295537
0.916667,0.375000,0.416667,0.309135,0.308987
0.916667,0.375000,0.458333,0.317015,0.317150
0.916667,0.375000,0.500000,0.319506,0.319886
0.916667,0.375000,0.541667,0.316588,0.317150
0.916667,0.375000,0.583333,0.308328,0.308987
0.916667,0.375000,0.625000,0.294867,0.295537
0.916667,0.375000,0.666667,0.276428,0.277030
0.916667,0.375000,0.708333,0.253308,0.253783
0.916667,0.375000,0.750000,0.225880,0.226194
0.916667,0.375000,0.791667,0.194590,0.194734
0.916667,0.375000,0.833333,0.159949,0.159943
0.916667,0.375000,0.875000,0.122528,0.122415
0.916667,0.375000,0.916667,0.082951,0.082793
0.916667,0.375000,0.958333,0.041878,0.041754
0.916667,0.375000,1.000000,-0.000000,-0.000000
0.916667,0.416667,0.000000,0.000000,0.000000
0.916667,0.416667,0.041667,0.042993,0.043304
0.916667,0.416667,0.083333,0.085617,0.085868
0.916667,0.416667,0.125000,0.126979,0.126962
0.916667,0.416667,0.166667,0.166231,0.165884
0.916667,0.416667,0.208333,0.202596,0.201967
0.916667,0.416667,0.250000,0.235389,0.234595
0.916667,0.416667,0.291667,0.264022,0.263209
0.916667,0.416667,0.333333,0.288013,0.287319
0.916667,0.416667,0.375000,0.306979,0.306513
0.916667,0.416667,0.416667,0.320640,0.320463
0.916667,0.416667,0.458333,0.328806,0.328929
0.916667,0.416667,0.500000,0.331379,0.331768
0.916667,0.416667,0.541667,0.328344,0.328929
0.916667,0.416667,0.583333,0.319769,0.320463
0.916667,0.416667,0.625000,0.305803,0.306513
0.916667,0.416667,0.666667,0.286672,0.287319
0.916667,0.416667,0.708333,0.262684,0.263209
0.916667,0.416667,0.750000,0.234224,0.234595
0.916667,0.416667,0.791667,0.201752,0.201967
0.916667,0.416667,0.833333,0.165801,0.165884
0.916667,0.416667,0.875000,0.126971,0.126962
0.916667,0.416667,0.916667,0.085920,0.085868
0.916667,0.416667,0.958333,0.043350,0.043304
0.916667,0.416667,1.000000,-0.000000,-0.000000
0.916667,0.458333,0.000000,0.000000,0.000000
0.916667,0.458333,0.041667,0.043718,0.044077
0.916667,0.458333,0.083333,0.087060,0.087400
0.916667,0.458333,0.125000,0.129138,0.129227
0.916667,0.458333,0.166667,0.169095,0.168843
0.916667,0.458333,0.208333,0.206136,0.205571
0.916667,0.458333,0.250000,0.239554,0.238781
0.916667,0.458333,0.291667,0.268741,0.267905
0.916667,0.458333,0.333333,0.293197,0.292445
0.916667,0.458333,0.375000,0.312532,0.311982
0.916667,0.458333,0.416667,0.326456,0.326180
0.916667,0.458333,0.458333,0.334779,0.334798
0.916667,0.458333,0.500000,0.337401,0.337687
0.916667,0.458333,0.541667,0.334311,0.334798
0.916667,0.458333,0.583333,0.325579,0.326180
0.916667,0.458333,0.625000,0.311356,0.311982
0.916667,0.458333,0.666667,0.291871,0.292445
0.916667,0.458333,0.708333,0.267436,0.267905
0.916667,0.458333,0.750000,0.238441,0.238781
0.916667,0.458333,0.791667,0.205355,0.205571
0.916667,0.458333,0.833333,0.168725,0.168843
0.916667,0.458333,0.875000,0.129168,0.129227
0.916667,0.458333,0.916667,0.087367,0.087400
0.916667,0.458333,0.958333,0.044054,0.044077
0.916667,0.458333,1.000000,-0.000000,-0.000000
0.916667,0.500000,0.000000,0.000000,0.000000
0.916667,0.500000,0.041667,0.043691,0.044076
0.916667,0.500000,0.083333,0.086980,0.087398
0.916667,0.500000,0.125000,0.129013,0.129225
0.916667,0.500000,0.166667,0.168952,0.168840
0.916667,0.500000,0.208333,0.206007,0.205567
0.916667,0.500000,0.250000,0.239462,0.238776
0.916667,0.500000,0.291667,0.268703,0.267900
0.916667,0.500000,0.333333,0.293218,0.292439
0.916667,0.500000,0.375000,0.312607,0.311976
0.916667,0.500000,0.416667,0.326578,0.326174
0.916667,0.500000,0.458333,0.334937,0.334791
0.916667,0.500000,0.500000,0.337585,0.337680
0.916667,0.500000,0.541667,0.334509,0.334791
0.916667,0.500000,0.583333,0.325781,0.326174
0.916667,0.500000,0.625000,0.311552,0.311976
0.916667,0.500000,0.666667,0.292052,0.292439
0.916667,0.500000,0.708333,0.267591,0.267900
0.916667,0.500000,0.750000,0.238560,0.238776
0.916667,0.500000,0.791667,0.205431,0.205566
0.916667,0.500000,0.833333,0.168755,0.168840
0.916667,0.500000,0.875000,0.129157,0.129224
0.916667,0.500000,0.916667,0.087329,0.087398
0.916667,0.500000,0.958333,0.044017,0.044076
0.916667,0.500000,1.000000,-0.000000,-0.000000
0.916667,0.541667,0.000000,0.000000,0.000000
0.916667,0.541667,0.041667,0.042949,0.043321
0.916667,0.541667,0.083333,0.085443,0.085901
0.916667,0.541667,0.125000,0.126696,0.127011
0.916667,0.541667,0.166667,0.165913,0.165948
0.916667,0.541667,0.208333,0.202329,0.202045
0.916667,0.541667,0.250000,0.235241,0.234686
0.916667,0.541667,0.291667,0.264033,0.263310
0.916667,0.541667,0.333333,0.288193,0.287430
0.916667,0.541667,0.375000,0.307317,0.306631
0.916667,0.541667,0.416667,0.321107,0.320586
0.916667,0.541667,0.458333,0.329369,0.329056
0.916667,0.541667,0.500000,0.332002,0.331895
0.916667,0.541667,0.541667,0.328995,0.329056
0.916667,0.541667,0.583333,0.320417,0.320586
0.916667,0.541667,0.625000,0.306421,0.306631
0.916667,0.541667,0.666667,0.287232,0.287430
0.916667,0.541667,0.708333,0.263160,0.263310
0.916667,0.541667,0.750000,0.234591,0.234686
0.916667,0.541667,0.791667,0.201993,0.202045
0.916667,0.541667,0.833333,0.165910,0.165948
0.916667,0.541667,0.875000,0.126962,0.127011
0.916667,0.541667,0.916667,0.085834,0.085901
0.916667,0.541667,0.958333,0.043259,0.043321
0.916667,0.541667,1.000000,-0.000000,-0.000000
0.916667,0.583333,0.000000,0.000000,0.000000
0.916667,0.583333,0.041667,0.041534,0.041844
0.916667,0.583333,0.083333,0.082547,0.082972
0.916667,0.583333,0.125000,0.122335,0.122681
0.916667,0.583333,0.166667,0.160168,0.160290
0.916667,0.583333,0.208333,0.195325,0.195157
0.916667,0.583333,0.250000,0.227130,0.226684
0.916667,0.583333,0.291667,0.254980,0.254333
0.916667,0.583333,0.333333,0.278370,0.277630
0.916667,0.583333,0.375000,0.296896,0.296177
0.916667,0.583333,0.416667,0.310263,0.309656
0.916667,0.583333,0.458333,0.318275,0.317837
0.916667,0.583333,0.500000,0.320833,0.320580
0.916667,0.583333,0.541667,0.317927,0.317837
0.916667,0.583333,0.583333,0.309626,0.309656
0.916667,0.583333,0.625000,0.296082,0.296177
0.916667,0.583333,0.666667,0.277518,0.277630
0.916667,0.583333,0.708333,0.254236,0.254333
0.916667,0.583333,0.750000,0.226617,0.226684
0.916667,0.583333,0.791667,0.195113,0.195157
0.916667,0.583333,0.833333,0.160257,0.160290
0.916667,0.583333,0.875000,0.122644,0.122681
0.916667,0.583333,0.916667,0.082929,0.082972
0.916667,0.583333,0.958333,0.041809,0.041844
0.916667,0.583333,1.000000,-0.000000,-0.000000
0.916667,0.625000,0.000000,0.000000,0.000000
0.916667,0.625000,0.041667,0.039489,0.039688
0.916667,0.625000,0.083333,0.078389,0.078698
0.916667,0.625000,0.125000,0.116088,0.116361
0.916667,0.625000,0.166667,0.151931,0.152032
0.916667,0.625000,0.208333,0.185253,0.185103
0.916667,0.625000,0.250000,0.215420,0.215006
0.916667,0.625000,0.291667,0.241858,0.241231
0.916667,0.625000,0.333333,0.264075,0.263328
0.916667,0.625000,0.375000,0.281680,0.280919
0.916667,0.625000,0.416667,0.294381,0.293704
0.916667,0.625000,0.458333,0.301989,0.301463
0.916667,0.625000,0.500000,0.304407,0.304065
0.916667,0.625000,0.541667,0.301627,0.301463
0.916667,0.625000,0.583333,0.293720,0.293704
0.916667,0.625000,0.625000,0.280835,0.280919
0.916667,0.625000,0.666667,0.263192,0.263328
0.916667,0.625000,0.708333,0.241084,0.241231
0.916667,0.625000,0.750000,0.214878,0.215006
0.916667,0.625000,0.791667,0.185007,0.185103
0.916667,0.625000,0.833333,0.151974,0.152032
0.916667,0.625000,0.875000,0.116338,0.116361
0.916667,0.625000,0.916667,0.078704,0.078698
0.916667,0.625000,0.958333,0.039709,0.039688
0.916667,0.625000,1.000000,-0.000000,-0.000000
0.916667,0.666667,0.000000,0.000000,0.000000
0.916667,0.666667,0.041667,0.036860,0.036906
0.916667,0.666667,0.083333,0.073069,0.073181
0.916667,0.666667,0.125000,0.108108,0.108204
0.916667,0.666667,0.166667,0.141404,0.141375
0.916667,0.666667,0.208333,0.172364,0.172128
0.916667,0.666667,0.250000,0.200407,0.199935
0.916667,0.666667,0.291667,0.224997,0.224321
0.916667,0.666667,0.333333,0.245673,0.244869
0.916667,0.666667,0.375000,0.262059,0.261228
0.916667,0.666667,0.416667,0.273878,0.273116
0.916667,0.666667,0.458333,0.280947,0.280332
0.916667,0.666667,0.500000,0.283175,0.282751
0.916667,0.666667,0.541667,0.280556,0.280332
0.916667,0.666667,0.583333,0.273162,0.273116
0.916667,0.666667,0.625000,0.261137,0.261228
0.916667,0.666667,0.666667,0.244694,0.244869
0.916667,0.666667,0.708333,0.224116,0.224321
0.916667,0.666667,0.750000,0.199746,0.199935
0.916667,0.666667,0.791667,0.171993,0.172128
0.916667,0.666667,0.833333,0.141318,0.141375
0.916667,0.666667,0.875000,0.108230,0.108204
0.916667,0.666667,0.916667,0.073273,0.073181
0.916667,0.666667,0.958333,0.037007,0.036906
0.916667,0.666667,1.000000,-0.000000,-0.000000
0.916667,0.708333,0.000000,0.000000,0.000000
0.916667,0.708333,0.041667,0.033688,0.033557
0.916667,0.708333,0.083333,0.066670,0.066541
0.916667,0.708333,0.125000,0.098523,0.098385
0.916667,0.708333,0.166667,0.128767,0.128547
0.916667,0.708333,0.208333,0.156884,0.156508
0.916667,0.708333,0.250000,0.182362,0.181792
0.916667,0.708333,0.291667,0.204716,0.203966
0.916667,0.708333,0.333333,0.223523,0.222649
0.916667,0.708333,0.375000,0.238435,0.237523
0.916667,0.708333,0.416667,0.249190,0.248333
0.916667,0.708333,0.458333,0.255617,0.254894
0.916667,0.708333,0.500000,0.257628,0.257093
0.916667,0.708333,0.541667,0.255219,0.254894
0.916667,0.708333,0.583333,0.248460,0.248333
0.916667,0.708333,0.625000,0.237487,0.237523
0.916667,0.708333,0.666667,0.222503,0.222649
0.916667,0.708333,0.708333,0.203773,0.203966
0.916667,0.708333,0.750000,0.181615,0.181792
0.916667,0.708333,0.791667,0.156400,0.156508
0.916667,0.708333,0.833333,0.128546,0.128547
0.916667,0.708333,0.875000,0.098500,0.098385
0.916667,0.708333,0.916667,0.066739,0.066541
0.916667,0.708333,0.958333,0.033745,0.033557
0.916667,0.708333,1.000000,-0.000000,-0.000000
0.916667,0.750000,0.000000,0.000000,0.000000
0.916667,0.750000,0.041667,0.030007,0.029706
0.916667,0.750000,0.083333,0.059267,0.058904
0.916667,0.750000,0.125000,0.087455,0.087094
0.916667,0.750000,0.166667,0.114185,0.113794
0.916667,0.750000,0.208333,0.139030,0.138547
0.916667,0.750000,0.250000,0.161551,0.160929
0.916667,0.750000,0.291667,0.181329,0.180558
0.916667,0.750000,0.333333,0.197985,0.197097
0.916667,0.750000,0.375000,0.211205,0.210264
0.916667,0.750000,0.416667,0.220748,0.219833
0.916667,0.750000,0.458333,0.226452,0.225641
0.916667,0.750000,0.500000,0.228236,0.227588
0.916667,0.750000,0.541667,0.226093,0.225641
0.916667,0.750000,0.583333,0.220086,0.219833
0.916667,0.750000,0.625000,0.210343,0.210264
0.916667,0.750000,0.666667,0.197050,0.197097
0.916667,0.750000,0.708333,0.180449,0.180558
0.916667,0.750000,0.750000,0.160826,0.160929
0.916667,0.750000,0.791667,0.138513,0.138547
0.916667,0.750000,0.833333,0.113874,0.113794
0.916667,0.750000,0.875000,0.087298,0.087094
0.916667,0.750000,0.916667,0.059189,0.058904
0.916667,0.750000,0.958333,0.029955,0.029706
0.916667,0.750000,1.000000,-0.000000,-0.000000
0.916667,0.791667,0.000000,0.000000,0.000000
0.916667,0.791667,0.041667,0.025853,0.025421
0.916667,0.791667,0.083333,0.050944,0.050408
0.916667,0.791667,0.125000,0.075041,0.074531
0.916667,0.791667,0.166667,0.097857,0.097380
0.916667,0.791667,0.208333,0.119057,0.118562
0.916667,0.791667,0.250000,0.138287,0.137716
0.916667,0.791667,0.291667,0.155194,0.154514
0.916667,0.791667,0.333333,0.169456,0.168667
0.916667,0.791667,0.375000,0.180796,0.179935
0.916667,0.791667,0.416667,0.188996,0.188124
0.916667,0.791667,0.458333,0.193910,0.193094
0.916667,0.791667,0.500000,0.195458,0.194760
0.916667,0.791667,0.541667,0.193632,0.193094
0.916667,0.791667,0.583333,0.188485,0.188124
0.916667,0.791667,0.625000,0.180129,0.179935
0.916667,0.791667,0.666667,0.168731,0.168667
0.916667,0.791667,0.708333,0.154501,0.154514
0.916667,0.791667,0.750000,0.137693,0.137716
0.916667,0.791667,0.791667,0.118592,0.118562
0.916667,0.791667,0.833333,0.097508,0.097380
0.916667,0.791667,0.875000,0.074771,0.074531
0.916667,0.791667,0.916667,0.050717,0.050408
0.916667,0.791667,0.958333,0.025683,0.025421
0.916667,0.791667,1.000000,-0.000000,-0.000000
0.916667,0.833333,0.000000,0.000000,0.000000
0.916667,0.833333,0.041667,0.021276,0.020773
0.916667,0.833333,0.083333,0.041813,0.041191
0.916667,0.833333,0.125000,0.061469,0.060905
0.916667,0.833333,0.166667,0.080044,0.079576
0.916667,0.833333,0.208333,0.097298,0.096885
0.916667,0.833333,0.250000,0.112960,0.112537
0.916667,0.833333,0.291667,0.126752,0.126263
0.916667,0.833333,0.333333,0.138411,0.137829
0.916667,0.833333,0.375000,0.147704,0.147037
0.916667,0.833333,0.416667,0.154445,0.153728
0.916667,0.833333,0.458333,0.158502,0.157790
0.916667,0.833333,0.500000,0.159802,0.159151
0.916667,0.833333,0.541667,0.158331,0.157790
0.916667,0.833333,0.583333,0.154132,0.153728
0.916667,0.833333,0.625000,0.147297,0.147037
0.916667,0.833333,0.666667,0.137965,0.137829
0.916667,0.833333,0.708333,0.126315,0.126263
0.916667,0.833333,0.750000,0.112557,0.112537
0.916667,0.833333,0.791667,0.096931,0.096885
0.916667,0.833333,0.833333,0.079691,0.079576
0.916667,0.833333,0.875000,0.061107,0.060905
0.916667,0.833333,0.916667,0.041451,0.041191
0.916667,0.833333,0.958333,0.020995,0.020773
0.916667,0.833333,1.000000,-0.000000,-0.000000
0.916667,0.875000,0.000000,0.000000,0.000000
0.916667,0.875000,0.041667,0.016337,0.015835
0.916667,0.875000,0.083333,0.032016,0.031398
0.916667,0.875000,0.125000,0.046962,0.046425
0.916667,0.875000,0.166667,0.061056,0.060657
0.916667,0.875000,0.208333,0.074138,0.073851
0.916667,0.875000,0.250000,0.086022,0.085782
0.916667,0.875000,0.291667,0.096506,0.096245
0.916667,0.875000,0.333333,0.105390,0.105061
0.916667,0.875000,0.375000,0.112495,0.112079
0.916667,0.875000,0.416667,0.117669,0.117180
0.916667,0.875000,0.458333,0.120802,0.120276
0.916667,0.875000,0.500000,0.121832,0.121314
0.916667,0.875000,0.541667,0.120740,0.120276
0.916667,0.875000,0.583333,0.117554,0.117180
0.916667,0.875000,0.625000,0.112345,0.112079
0.916667,0.875000,0.666667,0.105220,0.105061
0.916667,0.875000,0.708333,0.096319,0.096245
0.916667,0.875000,0.750000,0.085809,0.085782
0.916667,0.875000,0.791667,0.073874,0.073851
0.916667,0.875000,0.833333,0.060716,0.060657
0.916667,0.875000,0.875000,0.046542,0.046425
0.916667,0.875000,0.916667,0.031564,0.031398
0.916667,0.875000,0.958333,0.015985,0.015835
0.916667,0.875000,1.000000,-0.000000,-0.000000
0.916667,0.916667,0.000000,0.000000,0.000000
0.916667,0.916667,0.041667,0.011105,0.010678
0.916667,0.916667,0.083333,0.021697,0.021172
0.916667,0.916667,0.125000,0.031748,0.031305
0.916667,0.916667,0.166667,0.041200,0.040902
0.916667,0.916667,0.208333,0.049966,0.049799
0.916667,0.916667,0.250000,0.057931,0.057844
0.916667,0.916667,0.291667,0.064970,0.064900
0.916667,0.916667,0.333333,0.070951,0.070844
0.916667,0.916667,0.375000,0.075752,0.075577
0.916667,0.916667,0.416667,0.079265,0.079017
0.916667,0.916667,0.458333,0.081411,0.081104
0.916667,0.916667,0.500000,0.082139,0.081804
0.916667,0.916667,0.541667,0.081430,0.081104
0.916667,0.916667,0.583333,0.079300,0.079017
0.916667,0.916667,0.625000,0.075793,0.075577
0.916667,0.916667,0.666667,0.070983,0.070844
0.916667,0.916667,0.708333,0.064967,0.064900
0.916667,0.916667,0.750000,0.057860,0.057844
0.916667,0.916667,0.791667,0.049793,0.049799
0.916667,0.916667,0.833333,0.040905,0.040902
0.916667,0.916667,0.875000,0.031342,0.031305
0.916667,0.916667,0.916667,0.021248,0.021172
0.916667,0.916667,0.958333,0.010759,0.010678
0.916667,0.916667,1.000000,-0.000000,-0.000000
0.916667,0.958333,0.000000,0.000000,0.000000
0.916667,0.958333,0.041667,0.005640,0.005375
0.916667,0.958333,0.083333,0.010984,0.010658
0.916667,0.958333,0.125000,0.016029,0.015759
0.916667,0.958333,0.166667,0.020757,0.020590
0.916667,0.958333,0.208333,0.025134,0.025069
0.916667,0.958333,0.250000,0.029112,0.029119
0.916667,0.958333,0.291667,0.032632,0.032671
0.916667,0.958333,0.333333,0.035632,0.035663
0.916667,0.958333,0.375000,0.038049,0.038046
0.916667,0.958333,0.416667,0.039829,0.039777
0.916667,0.958333,0.458333,0.040927,0.040828
0.916667,0.958333,0.500000,0.041313,0.041180
0.916667,0.958333,0.541667,0.040976,0.040828
0.916667,0.958333,0.583333,0.039918,0.039777
0.916667,0.958333,0.625000,0.038160,0.038046
0.916667,0.958333,0.666667,0.035740,0.035663
0.916667,0.958333,0.708333,0.032708,0.032671
0.916667,0.958333,0.750000,0.029123,0.029119
0.916667,0.958333,0.791667,0.025054,0.025069
0.916667,0.958333,0.833333,0.020575,0.020590
0.916667,0.958333,0.875000,0.015761,0.015759
0.916667,0.958333,0.916667,0.010685,0.010658
0.916667,0.958333,0.958333,0.005413,0.005375
0.916667,0.958333,1.000000,-0.000000,-0.000000
0.916667,1.000000,0.000000,0.000000,0.000000
0.916667,1.000000,0.041667,0.000000,-0.000000
0.916667,1.000000,0.083333,0.000000,-0.000000
0.916667,1.000000,0.125000,0.000000,-0.000000
0.916667,1.000000,0.166667,0.000000,-0.000000
0.916667,1.000000,0.208333,0.000000,-0.000000
0.916667,1.000000,0.250000,0.000000,-0.000000
0.916667,1.000000,0.291667,0.000000,-0.000000
0.916667,1.000000,0.333333,0.000000,-0.000000
0.916667,1.000000,0.375000,0.000000,-0.000000
0.916667,1.000000,0.416667,0.000000,-0.000000
0.916667,1.000000,0.458333,0.000000,-0.000000
0.916667,1.000000,0.500000,0.000000,-0.000000
0.916667,1.000000,0.541667,0.000000,-0.000000
0.916667,1.000000,0.583333,0.000000,-0.000000
0.916667,1.000000,0.625000,0.000000,-0.000000
0.916667,1.000000,0.666667,0.000000,-0.000000
0.916667,1.000000,0.708333,0.000000,-0.000000
0.916667,1.000000,0.750000,0.000000,-0.000000
0.916667,1.000000,0.791667,0.000000,-0.000000
0.916667,1.000000,0.833333,0.000000,-0.000000
0.916667,1.000000,0.875000,0.000000,-0.000000
0.916667,1.000000,0.916667,0.000000,-0.000000
0.916667,1.000000,0.958333,0.000000,-0.000000
0.916667,1.000000,1.000000,0.000000,0.000000
0.958333,0.000000,0.000000,0.000000,0.000000
0.958333,0.000000,0.041667,0.000000,0.000000
0.958333,0.000000,0.083333,0.000000,0.000000
0.958333,0.000000,0.125000,0.000000,0.000000
0.958333,0.000000,0.166667,0.000000,0.000000
0.958333,0.000000,0.208333,0.000000,0.000000
0.958333,0.000000,0.250000,0.000000,0.000000
0.958333,0.000000,0.291667,0.000000,0.000000
0.958333,0.000000,0.333333,0.000000,0.000000
0.958333,0.000000,0.375000,0.000000,0.000000
0.958333,0.000000,0.416667,0.000000,0.000000
0.958333,0.000000,0.458333,0.000000,0.000000
0.958333,0.000000,0.500000,0.000000,0.000000
0.958333,0.000000,0.541667,0.000000,0.000000
0.958333,0.000000,0.583333,0.000000,0.000000
0.958333,0.000000,0.625000,0.000000,0.000000
0.958333,0.000000,0.666667,0.000000,0.000000
0.958333,0.000000,0.708333,0.000000,0.000000
0.958333,0.000000,0.750000,0.000000,0.000000
0.958333,0.000000,0.791667,0.000000,0.000000
0.958333,0.000000,0.833333,0.000000,0.000000
0.958333,0.000000,0.875000,0.000000,0.000000
0.958333,0.000000,0.916667,0.000000,0.000000
0.958333,0.000000,0.958333,0.000000,0.000000
0.958333,0.000000,1.000000,0.000000,-0.000000
0.958333,0.041667,0.000000,0.000000,0.000000
0.958333,0.041667,0.041667,0.005927,0.005794
0.958333,0.041667,0.083333,0.011700,0.011489
0.958333,0.041667,0.125000,0.017219,0.016987
0.958333,0.041667,0.166667,0.022398,0.022195
0.958333,0.041667,0.208333,0.027158,0.027023
0.958333,0.041667,0.250000,0.031430,0.031389
0.958333,0.041667,0.291667,0.035151,0.035217
0.958333,0.041667,0.333333,0.038267,0.038443
0.958333,0.041667,0.375000,0.040732,0.041011
0.958333,0.041667,0.416667,0.042508,0.042878
0.958333,0.041667,0.458333,0.043569,0.044010
0.958333,0.041667,0.500000,0.043901,0.044390
0.958333,0.041667,0.541667,0.043501,0.044010
0.958333,0.041667,0.583333,0.042377,0.042878
0.958333,0.041667,0.625000,0.040550,0.041011
0.958333,0.041667,0.666667,0.038052,0.038443
0.958333,0.041667,0.708333,0.034922,0.035217
0.958333,0.041667,0.750000,0.031210,0.031389
0.958333,0.041667,0.791667,0.026969,0.027023
0.958333,0.041667,0.833333,0.022260,0.022195
0.958333,0.041667,0.875000,0.017144,0.016987
0.958333,0.041667,0.916667,0.011686,0.011489
0.958333,0.041667,0.958333,0.005950,0.005794
0.958333,0.041667,1.000000,-0.000000,-0.000000
0.958333,0.083333,0.000000,0.000000,0.000000
0.958333,0.083333,0.041667,0.011719,0.011473
0.958333,0.083333,0.083333,0.023155,0.022749
0.958333,0.083333,0.125000,0.034110,0.033636
0.958333,0.083333,0.166667,0.044406,0.043948
0.958333,0.083333,0.208333,0.053883,0.053508
0.958333,0.083333,0.250000,0.062398,0.062152
0.958333,0.083333,0.291667,0.069823,0.069733
0.958333,0.083333,0.333333,0.076046,0.076120
0.958333,0.083333,0.375000,0.080971,0.081206
0.958333,0.083333,0.416667,0.084524,0.084901
0.958333,0.083333,0.458333,0.086648,0.087144
0.958333,0.083333,0.500000,0.087313,0.087896
0.958333,0.083333,0.541667,0.086513,0.087144
0.958333,0.083333,0.583333,0.084264,0.084901
0.958333,0.083333,0.625000,0.080608,0.081206
0.958333,0.083333,0.666667,0.075608,0.076120
0.958333,0.083333,0.708333,0.069349,0.069733
0.958333,0.083333,0.750000,0.061930,0.062152
0.958333,0.083333,0.791667,0.053465,0.053508
0.958333,0.083333,0.833333,0.044080,0.043948
0.958333,0.083333,0.875000,0.033905,0.033636
0.958333,0.083333,0.916667,0.023076,0.022749
0.958333,0.083333,0.958333,0.011730,0.011473
0.958333,0.083333,1.000000,-0.000000,-0.000000
0.958333,0.125000,0.000000,0.000000,0.000000
0.958333,0.125000,0.041667,0.017273,0.016924
0.958333,0.125000,0.083333,0.034160,0.033558
0.958333,0.125000,0.125000,0.050360,0.049618
0.958333,0.125000,0.166667,0.065602,0.064829
0.958333,0.125000,0.208333,0.079643,0.078931
0.958333,0.125000,0.250000,0.092266,0.091682
0.958333,0.125000,0.291667,0.103276,0.102865
0.958333,0.125000,0.333333,0.112505,0.112287
0.958333,0.125000,0.375000,0.119811,0.119789
0.958333,0.125000,0.416667,0.125081,0.125240
0.958333,0.125000,0.458333,0.128233,0.128549
0.958333,0.125000,0.500000,0.129220,0.129658
0.958333,0.125000,0.541667,0.128031,0.128549
0.958333,0.125000,0.583333,0.124693,0.125240
0.958333,0.125000,0.625000,0.119267,0.119789
0.958333,0.125000,0.666667,0.111846,0.112287
0.958333,0.125000,0.708333,0.102556,0.102865
0.958333,0.125000,0.750000,0.091548,0.091682
0.958333,0.125000,0.791667,0.078994,0.078931
0.958333,0.125000,0.833333,0.065084,0.064829
0.958333,0.125000,0.875000,0.050020,0.049618
0.958333,0.125000,0.916667,0.034011,0.033558
0.958333,0.125000,0.958333,0.017268,0.016924
0.958333,0.125000,1.000000,-0.000000,-0.000000
0.958333,0.166667,0.000000,0.000000,0.000000
0.958333,0.166667,0.041667,0.022458,0.022041
0.958333,0.166667,0.083333,0.044458,0.043705
0.958333,0.166667,0.125000,0.065591,0.064621
0.958333,0.166667,0.166667,0.085493,0.084431
0.958333,0.166667,0.208333,0.103835,0.102797
0.958333,0.166667,0.250000,0.120326,0.119404
0.958333,0.166667,0.291667,0.134708,0.133967
0.958333,0.166667,0.333333,0.146760,0.146239
0.958333,0.166667,0.375000,0.156296,0.156008
0.958333,0.166667,0.416667,0.163168,0.163108
0.958333,0.166667,0.458333,0.167272,0.167418
0.958333,0.166667,0.500000,0.168549,0.168862
0.958333,0.166667,0.541667,0.166987,0.167418
0.958333,0.166667,0.583333,0.162618,0.163108
0.958333,0.166667,0.625000,0.155523,0.156008
0.958333,0.166667,0.666667,0.145825,0.146239
0.958333,0.166667,0.708333,0.133688,0.133967
0.958333,0.166667,0.750000,0.119308,0.119404
0.958333,0.166667,0.791667,0.102913,0.102797
0.958333,0.166667,0.833333,0.084755,0.084431
0.958333,0.166667,0.875000,0.065102,0.064621
0.958333,0.166667,0.916667,0.044235,0.043705
0.958333,0.166667,0.958333,0.022440,0.022041
0.958333,0.166667,1.000000,-0.000000,-0.000000
0.958333,0.208333,0.000000,0.000000,0.000000
0.958333,0.208333,0.041667,0.027144,0.026727
0.958333,0.208333,0.083333,0.053793,0.052996
0.958333,0.208333,0.125000,0.079435,0.078359
0.958333,0.208333,0.166667,0.103608,0.102380
0.958333,0.208333,0.208333,0.125901,0.124650
0.958333,0.208333,0.250000,0.145946,0.144788
0.958333,0.208333,0.291667,0.163426,0.162448
0.958333,0.208333,0.333333,0.178067,0.177328
0.958333,0.208333,0.375000,0.189645,0.189174
0.958333,0.208333,0.416667,0.197982,0.197784
0.958333,0.208333,0.458333,0.202956,0.203009
0.958333,0.208333,0.500000,0.204496,0.204761
0.958333,0.208333,0.541667,0.202589,0.203009
0.958333,0.208333,0.583333,0.197278,0.197784
0.958333,0.208333,0.625000,0.188658,0.189174
0.958333,0.208333,0.666667,0.176880,0.177328
0.958333,0.208333,0.708333,0.162140,0.162448
0.958333,0.208333,0.750000,0.144677,0.144788
0.958333,0.208333,0.791667,0.124769,0.124650
0.958333,0.208333,0.833333,0.102723,0.102380
0.958333,0.208333,0.875000,0.078871,0.078359
0.958333,0.208333,0.916667,0.053562,0.052996
0.958333,0.208333,0.958333,0.027152,0.026727
0.958333,0.208333,1.000000,-0.000000,-0.000000
0.958333,0.250000,0.000000,0.000000,0.000000
0.958333,0.250000,0.041667,0.031226,0.030894
0.958333,0.250000,0.083333,0.061957,0.061260
0.958333,0.250000,0.125000,0.091584,0.090578
0.958333,0.250000,0.166667,0.119554,0.118346
0.958333,0.250000,0.208333,0.145369,0.144089
0.958333,0.250000,0.250000,0.168594,0.167366
0.958333,0.250000,0.291667,0.188848,0.187780
0.958333,0.250000,0.333333,0.205812,0.204981
0.958333,0.250000,0.375000,0.219223,0.218675
0.958333,0.250000,0.416667,0.228880,0.228627
0.958333,0.250000,0.458333,0.234642,0.234667
0.958333,0.250000,0.500000,0.236431,0.236692
0.958333,0.250000,0.541667,0.234233,0.234667
0.958333,0.250000,0.583333,0.228098,0.228627
0.958333,0.250000,0.625000,0.218136,0.218675
0.958333,0.250000,0.666667,0.204519,0.204981
0.958333,0.250000,0.708333,0.187472,0.187780
0.958333,0.250000,0.750000,0.167270,0.167366
0.958333,0.250000,0.791667,0.144235,0.144089
0.958333,0.250000,0.833333,0.118724,0.118346
0.958333,0.250000,0.875000,0.091128,0.090578
0.958333,0.250000,0.916667,0.061857,0.061260
0.958333,0.250000,0.958333,0.031337,0.030894
0.958333,0.250000,1.000000,-0.000000,-0.000000
0.958333,0.291667,0.000000,0.000000,0.000000
0.958333,0.291667,0.041667,0.034652,0.034471
0.958333,0.291667,0.083333,0.068833,0.068352
0.958333,0.291667,0.125000,0.101852,0.101064
0.958333,0.291667,0.166667,0.133071,0.132046
0.958333,0.291667,0.208333,0.161917,0.160769
0.958333,0.291667,0.250000,0.187885,0.186742
0.958333,0.291667,0.291667,0.210540,0.209519
0.958333,0.291667,0.333333,0.229517,0.228711
0.958333,0.291667,0.375000,0.244521,0.243990
0.958333,0.291667,0.416667,0.255327,0.255094
0.958333,0.291667,0.458333,0.261781,0.261833
0.958333,0.291667,0.500000,0.263798,0.264092
0.958333,0.291667,0.541667,0.261364,0.261833
0.958333,0.291667,0.583333,0.254534,0.255094
0.958333,0.291667,0.625000,0.243432,0.243990
0.958333,0.291667,0.666667,0.228246,0.228711
0.958333,0.291667,0.708333,0.209225,0.209519
0.958333,0.291667,0.750000,0.186674,0.186742
0.958333,0.291667,0.791667,0.160952,0.160769
0.958333,0.291667,0.833333,0.132460,0.132046
0.958333,0.291667,0.875000,0.101640,0.101064
0.958333,0.291667,0.916667,0.068961,0.068352
0.958333,0.291667,0.958333,0.034914,0.034471
0.958333,0.291667,1.000000,-0.000000,-0.000000
0.958333,0.333333,0.000000,0.000000,0.000000
0.958333,0.333333,0.041667,0.037416,0.037397
0.958333,0.333333,0.083333,0.074393,0.074154
0.958333,0.333333,0.125000,0.110173,0.109643
0.958333,0.333333,0.166667,0.144051,0.143255
0.958333,0.333333,0.208333,0.175386,0.174416
0.958333,0.333333,0.250000,0.203611,0.202593
0.958333,0.333333,0.291667,0.228243,0.227304
0.958333,0.333333,0.333333,0.248876,0.248125
0.958333,0.333333,0.375000,0.265189,0.264701
0.958333,0.333333,0.416667,0.276937,0.276748
0.958333,0.333333,0.458333,0.283954,0.284059
0.958333,0.333333,0.500000,0.286153,0.286510
0.958333,0.333333,0.541667,0.283520,0.284059
0.958333,0.333333,0.583333,0.276117,0.276748
0.958333,0.333333,0.625000,0.264077,0.264701
0.958333,0.333333,0.666667,0.247603,0.248125
0.958333,0.333333,0.708333,0.226961,0.227304
0.958333,0.333333,0.750000,0.202484,0.202593
0.958333,0.333333,0.791667,0.174558,0.174416
0.958333,0.333333,0.833333,0.143624,0.143255
0.958333,0.333333,0.875000,0.110165,0.109643
0.958333,0.333333,0.916667,0.074706,0.074154
0.958333,0.333333,0.958333,0.037795,0.037397
0.958333,0.333333,1.000000,-0.000000,-0.000000
0.958333,0.375000,0.000000,0.000000,0.000000
0.958333,0.375000,0.041667,0.039517,0.039629
0.958333,0.375000,0.083333,0.078624,0.078580
0.958333,0.375000,0.125000,0.116516,0.116186
0.958333,0.375000,0.166667,0.152434,0.151805
0.958333,0.375000,0.208333,0.185682,0.184826
0.958333,0.375000,0.250000,0.215645,0.214685
0.958333,0.375000,0.291667,0.241795,0.240870
0.958333,0.375000,0.333333,0.263698,0.262934
0.958333,0.375000,0.375000,0.281005,0.280499
0.958333,0.375000,0.416667,0.293460,0.293265
0.958333,0.375000,0.458333,0.300891,0.301013
0.958333,0.375000,0.500000,0.303208,0.303610
0.958333,0.375000,0.541667,0.300403,0.301013
0.958333,0.375000,0.583333,0.292542,0.293265
0.958333,0.375000,0.625000,0.279767,0.280499
0.958333,0.375000,0.666667,0.262293,0.262934
0.958333,0.375000,0.708333,0.240401,0.240870
0.958333,0.375000,0.750000,0.214442,0.214685
0.958333,0.375000,0.791667,0.184825,0.184826
0.958333,0.375000,0.833333,0.152022,0.151805
0.958333,0.375000,0.875000,0.116553,0.116186
0.958333,0.375000,0.916667,0.078987,0.078580
0.958333,0.375000,0.958333,0.039926,0.039629
0.958333,0.375000,1.000000,-0.000000,-0.000000
0.958333,0.416667,0.000000,0.000000,0.000000
0.958333,0.416667,0.041667,0.040934,0.041139
0.958333,0.416667,0.083333,0.081477,0.081573
0.958333,0.416667,0.125000,0.120802,0.120612
0.958333,0.416667,0.166667,0.158114,0.157587
0.958333,0.416667,0.208333,0.192677,0.191866
0.958333,0.416667,0.250000,0.223838,0.222862
0.958333,0.416667,0.291667,0.251036,0.250045
0.958333,0.416667,0.333333,0.273810,0.272950
0.958333,0.416667,0.375000,0.291796,0.291184
0.958333,0.416667,0.416667,0.304727,0.304436
0.958333,0.416667,0.458333,0.312429,0.312479
0.958333,0.416667,0.500000,0.314812,0.315175
0.958333,0.416667,0.541667,0.311872,0.312479
0.958333,0.416667,0.583333,0.303683,0.304436
0.958333,0.416667,0.625000,0.290392,0.291184
0.958333,0.416667,0.666667,0.272223,0.272950
0.958333,0.416667,0.708333,0.249466,0.250045
0.958333,0.416667,0.750000,0.222484,0.222862
0.958333,0.416667,0.791667,0.191705,0.191866
0.958333,0.416667,0.833333,0.157620,0.157588
0.958333,0.416667,0.875000,0.120782,0.120612
0.958333,0.416667,0.916667,0.081794,0.081573
0.958333,0.416667,0.958333,0.041306,0.041139
0.958333,0.416667,1.000000,-0.000000,-0.000000
0.958333,0.458333,0.000000,0.000000,0.000000
0.958333,0.458333,0.041667,0.041639,0.041913
0.958333,0.458333,0.083333,0.082895,0.083109
0.958333,0.458333,0.125000,0.122944,0.122882
0.958333,0.458333,0.166667,0.160976,0.160554
0.958333,0.458333,0.208333,0.196235,0.195478
0.958333,0.458333,0.250000,0.228043,0.227057
0.958333,0.458333,0.291667,0.255815,0.254751
0.958333,0.458333,0.333333,0.279071,0.278087
0.958333,0.458333,0.375000,0.297433,0.296664
0.958333,0.458333,0.416667,0.310629,0.310166
0.958333,0.458333,0.458333,0.318481,0.318360
0.958333,0.458333,0.500000,0.320904,0.321107
0.958333,0.458333,0.541667,0.317893,0.318360
0.958333,0.458333,0.583333,0.309529,0.310166
0.958333,0.458333,0.625000,0.295961,0.296664
0.958333,0.458333,0.666667,0.277416,0.278087
0.958333,0.458333,0.708333,0.254192,0.254751
0.958333,0.458333,0.750000,0.226656,0.227057
0.958333,0.458333,0.791667,0.195247,0.195478
0.958333,0.458333,0.833333,0.160472,0.160554
0.958333,0.458333,0.875000,0.122903,0.122882
0.958333,0.458333,0.916667,0.083174,0.083109
0.958333,0.458333,0.958333,0.041966,0.041913
0.958333,0.458333,1.000000,-0.000000,-0.000000
0.958333,0.500000,0.000000,0.000000,0.000000
0.958333,0.500000,0.041667,0.041642,0.041954
0.958333,0.500000,0.083333,0.082884,0.083190
0.958333,0.500000,0.125000,0.122934,0.123002
0.958333,0.500000,0.166667,0.161000,0.160710
0.958333,0.500000,0.208333,0.196325,0.195668
0.958333,0.500000,0.250000,0.228220,0.227279
0.958333,0.500000,0.291667,0.256089,0.255000
0.958333,0.500000,0.333333,0.279439,0.278358
0.958333,0.500000,0.375000,0.297883,0.296954
0.958333,0.500000,0.416667,0.311142,0.310468
0.958333,0.500000,0.458333,0.319036,0.318671
0.958333,0.500000,0.500000,0.321480,0.321421
0.958333,0.500000,0.541667,0.318473,0.318671
0.958333,0.500000,0.583333,0.310091,0.310468
0.958333,0.500000,0.625000,0.296490,0.296954
0.958333,0.500000,0.666667,0.277894,0.278358
0.958333,0.500000,0.708333,0.254601,0.255000
0.958333,0.500000,0.750000,0.226983,0.227279
0.958333,0.500000,0.791667,0.195481,0.195668
0.958333,0.500000,0.833333,0.160611,0.160710
0.958333,0.500000,0.875000,0.122956,0.123002
0.958333,0.500000,0.916667,0.083164,0.083190
0.958333,0.500000,0.958333,0.041933,0.041954
0.958333,0.500000,1.000000,-0.000000,-0.000000
0.958333,0.541667,0.000000,0.000000,0.000000
0.958333,0.541667,0.041667,0.040974,0.041277
0.958333,0.541667,0.083333,0.081505,0.081848
0.958333,0.541667,0.125000,0.120860,0.121018
0.958333,0.541667,0.166667,0.158287,0.158117
0.958333,0.541667,0.208333,0.193051,0.192511
0.958333,0.541667,0.250000,0.224474,0.223612
0.958333,0.541667,0.291667,0.251957,0.250886
0.958333,0.541667,0.333333,0.275003,0.273867
0.958333,0.541667,0.375000,0.293222,0.292163
0.958333,0.541667,0.416667,0.306329,0.305459
0.958333,0.541667,0.458333,0.314143,0.313529
0.958333,0.541667,0.500000,0.316576,0.316235
0.958333,0.541667,0.541667,0.313627,0.313529
0.958333,0.541667,0.583333,0.305373,0.305459
0.958333,0.541667,0.625000,0.291967,0.292163
0.958333,0.541667,0.666667,0.273633,0.273867
0.958333,0.541667,0.708333,0.250666,0.250886
0.958333,0.541667,0.750000,0.223437,0.223612
0.958333,0.541667,0.791667,0.192386,0.192511
0.958333,0.541667,0.833333,0.158028,0.158117
0.958333,0.541667,0.875000,0.120944,0.121018
0.958333,0.541667,0.916667,0.081779,0.081847
0.958333,0.541667,0.958333,0.041224,0.041277
0.958333,0.541667,1.000000,-0.000000,-0.000000
0.958333,0.583333,0.000000,0.000000,0.000000
0.958333,0.583333,0.041667,0.039668,0.039910
0.958333,0.583333,0.083333,0.078831,0.079137
0.958333,0.583333,0.125000,0.116834,0.117010
0.958333,0.583333,0.166667,0.152984,0.152881
0.958333,0.583333,0.208333,0.186587,0.186136
0.958333,0.583333,0.250000,0.216989,0.216206
0.958333,0.583333,0.291667,0.243606,0.242577
0.958333,0.583333,0.333333,0.265946,0.264798
0.958333,0.583333,0.375000,0.283619,0.282487
0.958333,0.583333,0.416667,0.296342,0.295343
0.958333,0.583333,0.458333,0.303931,0.303146
0.958333,0.583333,0.500000,0.306299,0.305762
0.958333,0.583333,0.541667,0.303444,0.303146
0.958333,0.583333,0.583333,0.295442,0.295343
0.958333,0.583333,0.625000,0.282444,0.282487
0.958333,0.583333,0.666667,0.264673,0.264798
0.958333,0.583333,0.708333,0.242421,0.242577
0.958333,0.583333,0.750000,0.216050,0.216206
0.958333,0.583333,0.791667,0.185995,0.186136
0.958333,0.583333,0.833333,0.152757,0.152881
0.958333,0.583333,0.875000,0.116902,0.117010
0.958333,0.583333,0.916667,0.079050,0.079137
0.958333,0.583333,0.958333,0.039856,0.039910
0.958333,0.583333,1.000000,-0.000000,-0.000000
0.958333,0.625000,0.000000,0.000000,0.000000
0.958333,0.625000,0.041667,0.037744,0.037891
0.958333,0.625000,0.083333,0.074924,0.075135
0.958333,0.625000,0.125000,0.110965,0.111092
0.958333,0.625000,0.166667,0.145244,0.145149
0.958333,0.625000,0.208333,0.177123,0.176722
0.958333,0.625000,0.250000,0.205987,0.205272
0.958333,0.625000,0.291667,0.231279,0.230309
0.958333,0.625000,0.333333,0.252523,0.251405
0.958333,0.625000,0.375000,0.269337,0.268200
0.958333,0.625000,0.416667,0.281445,0.280406
0.958333,0.625000,0.458333,0.288665,0.287814
0.958333,0.625000,0.500000,0.290910,0.290298
0.958333,0.625000,0.541667,0.288179,0.287814
0.958333,0.625000,0.583333,0.280549,0.280406
0.958333,0.625000,0.625000,0.268167,0.268200
0.958333,0.625000,0.666667,0.251251,0.251405
0.958333,0.625000,0.708333,0.230088,0.230309
0.958333,0.625000,0.750000,0.205030,0.205272
0.958333,0.625000,0.791667,0.176493,0.176722
0.958333,0.625000,0.833333,0.144957,0.145149
0.958333,0.625000,0.875000,0.110953,0.111092
0.958333,0.625000,0.916667,0.075054,0.075135
0.958333,0.625000,0.958333,0.037865,0.037891
0.958333,0.625000,1.000000,-0.000000,-0.000000
0.958333,0.666667,0.000000,0.000000,0.000000
0.958333,0.666667,0.041667,0.035237,0.035269
0.958333,0.666667,0.083333,0.069858,0.069935
0.958333,0.666667,0.125000,0.103374,0.103404
0.958333,0.666667,0.166667,0.135238,0.135103
0.958333,0.666667,0.208333,0.164878,0.164491
0.958333,0.666667,0.250000,0.191731,0.191065
0.958333,0.666667,0.291667,0.215278,0.214369
0.958333,0.666667,0.333333,0.235070,0.234006
0.958333,0.666667,0.375000,0.250745,0.249638
0.958333,0.666667,0.416667,0.262033,0.260999
0.958333,0.666667,0.458333,0.268760,0.267895
0.958333,0.666667,0.500000,0.270844,0.270207
0.958333,0.666667,0.541667,0.268280,0.267895
0.958333,0.666667,0.583333,0.261144,0.260999
0.958333,0.666667,0.625000,0.249581,0.249638
0.958333,0.666667,0.666667,0.233802,0.234006
0.958333,0.666667,0.708333,0.214080,0.214369
0.958333,0.666667,0.750000,0.190751,0.191065
0.958333,0.666667,0.791667,0.164207,0.164491
0.958333,0.666667,0.833333,0.134889,0.135103
0.958333,0.666667,0.875000,0.103284,0.103404
0.958333,0.666667,0.916667,0.069909,0.069935
0.958333,0.666667,0.958333,0.035300,0.035269
0.958333,0.666667,1.000000,-0.000000,-0.000000
0.958333,0.708333,0.000000,0.000000,0.000000
0.958333,0.708333,0.041667,0.032193,0.032097
0.958333,0.708333,0.083333,0.063727,0.063646
0.958333,0.708333,0.125000,0.094204,0.094105
0.958333,0.708333,0.166667,0.123159,0.122954
0.958333,0.708333,0.208333,0.150096,0.149699
0.958333,0.708333,0.250000,0.174515,0.173883
0.958333,0.708333,0.291667,0.195946,0.195092
0.958333,0.708333,0.333333,0.213977,0.212962
0.958333,0.708333,0.375000,0.228270,0.227189
0.958333,0.708333,0.416667,0.238570,0.237529
0.958333,0.708333,0.458333,0.244712,0.243804
0.958333,0.708333,0.500000,0.246614,0.245908
0.958333,0.708333,0.541667,0.244273,0.243804
0.958333,0.708333,0.583333,0.237758,0.237529
0.958333,0.708333,0.625000,0.227208,0.227189
0.958333,0.708333,0.666667,0.212822,0.212962
0.958333,0.708333,0.708333,0.194855,0.195092
0.958333,0.708333,0.750000,0.173620,0.173883
0.958333,0.708333,0.791667,0.149474,0.149699
0.958333,0.708333,0.833333,0.122816,0.122954
0.958333,0.708333,0.875000,0.094080,0.094105
0.958333,0.708333,0.916667,0.063720,0.063646
0.958333,0.708333,0.958333,0.032203,0.032097
0.958333,0.708333,1.000000,-0.000000,-0.000000
0.958333,0.750000,0.000000,0.000000,0.000000
0.958333,0.750000,0.041667,0.028660,0.028437
0.958333,0.750000,0.083333,0.056632,0.056388
0.958333,0.750000,0.125000,0.083607,0.083374
0.958333,0.750000,0.166667,0.109212,0.108933
0.958333,0.750000,0.208333,0.133032,0.132628
0.958333,0.750000,0.250000,0.154643,0.154054
0.958333,0.750000,0.291667,0.173632,0.172844
0.958333,0.750000,0.333333,0.189632,0.188677
0.958333,0.750000,0.375000,0.202335,0.201282
0.958333,0.750000,0.416667,0.211506,0.210442
0.958333,0.750000,0.458333,0.216987,0.216002
0.958333,0.750000,0.500000,0.218699,0.217866
0.958333,0.750000,0.541667,0.216636,0.216002
0.958333,0.750000,0.583333,0.210860,0.210442
0.958333,0.750000,0.625000,0.201497,0.201282
0.958333,0.750000,0.666667,0.188729,0.188677
0.958333,0.750000,0.708333,0.172790,0.172844
0.958333,0.750000,0.750000,0.153960,0.154054
0.958333,0.750000,0.791667,0.132559,0.132628
0.958333,0.750000,0.833333,0.108938,0.108933
0.958333,0.750000,0.875000,0.083476,0.083374
0.958333,0.750000,0.916667,0.056565,0.056388
0.958333,0.750000,0.958333,0.028607,0.028437
0.958333,0.750000,1.000000,-0.000000,-0.000000
0.958333,0.791667,0.000000,0.000000,0.000000
0.958333,0.791667,0.041667,0.024684,0.024353
0.958333,0.791667,0.083333,0.048669,0.048289
0.958333,0.791667,0.125000,0.071737,0.071400
0.958333,0.791667,0.166667,0.093606,0.093288
0.958333,0.791667,0.208333,0.113952,0.113580
0.958333,0.791667,0.250000,0.132427,0.131929
0.958333,0.791667,0.291667,0.148687,0.148021
0.958333,0.791667,0.333333,0.162416,0.161580
0.958333,0.791667,0.375000,0.173341,0.172374
0.958333,0.791667,0.416667,0.181251,0.180219
0.958333,0.791667,0.458333,0.186000,0.184980
0.958333,0.791667,0.500000,0.187510,0.186576
0.958333,0.791667,0.541667,0.185770,0.184980
0.958333,0.791667,0.583333,0.180833,0.180219
0.958333,0.791667,0.625000,0.172807,0.172374
0.958333,0.791667,0.666667,0.161853,0.161580
0.958333,0.791667,0.708333,0.148176,0.148021
0.958333,0.791667,0.750000,0.132021,0.131929
0.958333,0.791667,0.791667,0.113666,0.113580
0.958333,0.791667,0.833333,0.093414,0.093288
0.958333,0.791667,0.875000,0.071587,0.071400
0.958333,0.791667,0.916667,0.048519,0.048289
0.958333,0.791667,0.958333,0.024546,0.024353
0.958333,0.791667,1.000000,-0.000000,-0.000000
0.958333,0.833333,0.000000,0.000000,0.000000
0.958333,0.833333,0.041667,0.020307,0.019913
0.958333,0.833333,0.083333,0.039940,0.039485
0.958333,0.833333,0.125000,0.058760,0.058382
0.958333,0.833333,0.166667,0.076575,0.076279
0.958333,0.833333,0.208333,0.093146,0.092872
0.958333,0.833333,0.250000,0.108209,0.107875
0.958333,0.833333,0.291667,0.121492,0.121033
0.958333,0.833333,0.333333,0.132735,0.132119
0.958333,0.833333,0.375000,0.141710,0.140946
0.958333,0.833333,0.416667,0.148234,0.147360
0.958333,0.833333,0.458333,0.152175,0.151253
0.958333,0.833333,0.500000,0.153461,0.152558
0.958333,0.833333,0.541667,0.152075,0.151253
0.958333,0.833333,0.583333,0.148055,0.147360
0.958333,0.833333,0.625000,0.141492,0.140946
0.958333,0.833333,0.666667,0.132519,0.132119
0.958333,0.833333,0.708333,0.121308,0.121033
0.958333,0.833333,0.750000,0.108065,0.107875
0.958333,0.833333,0.791667,0.093022,0.092872
0.958333,0.833333,0.833333,0.076432,0.076279
0.958333,0.833333,0.875000,0.058563,0.058382
0.958333,0.833333,0.916667,0.039687,0.039485
0.958333,0.833333,0.958333,0.020078,0.019913
0.958333,0.833333,1.000000,-0.000000,-0.000000
0.958333,0.875000,0.000000,0.000000,0.000000
0.958333,0.875000,0.041667,0.015584,0.015186
0.958333,0.875000,0.083333,0.030566,0.030113
0.958333,0.875000,0.125000,0.044873,0.044524
0.958333,0.875000,0.166667,0.058389,0.058173
0.958333,0.875000,0.208333,0.070956,0.070827
0.958333,0.875000,0.250000,0.082390,0.082269
0.958333,0.875000,0.291667,0.092494,0.092304
0.958333,0.875000,0.333333,0.101071,0.100759
0.958333,0.875000,0.375000,0.107943,0.107490
0.958333,0.875000,0.416667,0.112962,0.112382
0.958333,0.875000,0.458333,0.116019,0.115351
0.958333,0.875000,0.500000,0.117047,0.116346
0.958333,0.875000,0.541667,0.116028,0.115351
0.958333,0.875000,0.583333,0.112985,0.112382
0.958333,0.875000,0.625000,0.107986,0.107490
0.958333,0.875000,0.666667,0.101133,0.100759
0.958333,0.875000,0.708333,0.092562,0.092304
0.958333,0.875000,0.750000,0.082435,0.082269
0.958333,0.875000,0.791667,0.070935,0.070827
0.958333,0.875000,0.833333,0.058262,0.058173
0.958333,0.875000,0.875000,0.044623,0.044524
0.958333,0.875000,0.916667,0.030231,0.030113
0.958333,0.875000,0.958333,0.015292,0.015186
0.958333,0.875000,1.000000,-0.000000,-0.000000
0.958333,0.916667,0.000000,0.000000,0.000000
0.958333,0.916667,0.041667,0.010579,0.010244
0.958333,0.916667,0.083333,0.020687,0.020313
0.958333,0.916667,0.125000,0.030297,0.030034
0.958333,0.916667,0.166667,0.039351,0.039242
0.958333,0.916667,0.208333,0.047764,0.047778
0.958333,0.916667,0.250000,0.055423,0.055496
0.958333,0.916667,0.291667,0.062205,0.062265
0.958333,0.916667,0.333333,0.067979,0.067968
0.958333,0.916667,0.375000,0.072625,0.072509
0.958333,0.916667,0.416667,0.076038,0.075809
0.958333,0.916667,0.458333,0.078136,0.077812
0.958333,0.916667,0.500000,0.078868,0.078483
0.958333,0.916667,0.541667,0.078214,0.077812
0.958333,0.916667,0.583333,0.076185,0.075809
0.958333,0.916667,0.625000,0.072825,0.072509
0.958333,0.916667,0.666667,0.068203,0.067968
0.958333,0.916667,0.708333,0.062413,0.062265
0.958333,0.916667,0.750000,0.055568,0.055496
0.958333,0.916667,0.791667,0.047798,0.047778
0.958333,0.916667,0.833333,0.039242,0.039242
0.958333,0.916667,0.875000,0.030045,0.030034
0.958333,0.916667,0.916667,0.020351,0.020313
0.958333,0.916667,0.958333,0.010296,0.010244
0.958333,0.916667,1.000000,-0.000000,-0.000000
0.958333,0.958333,0.000000,0.000000,0.000000
0.958333,0.958333,0.041667,0.005362,0.005158
0.958333,0.958333,0.083333,0.010450,0.010228
0.958333,0.958333,0.125000,0.015262,0.015123
0.958333,0.958333,0.166667,0.019782,0.019759
0.958333,0.958333,0.208333,0.023974,0.024057
0.958333,0.958333,0.250000,0.027792,0.027943
0.958333,0.958333,0.291667,0.031178,0.031351
0.958333,0.958333,0.333333,0.034071,0.034223
0.958333,0.958333,0.375000,0.036409,0.036509
0.958333,0.958333,0.416667,0.038138,0.038171
0.958333,0.958333,0.458333,0.039213,0.039179
0.958333,0.958333,0.500000,0.039603,0.039518
0.958333,0.958333,0.541667,0.039296,0.039179
0.958333,0.958333,0.583333,0.038294,0.038171
0.958333,0.958333,0.625000,0.036616,0.036509
0.958333,0.958333,0.666667,0.034297,0.034223
0.958333,0.958333,0.708333,0.031385,0.031351
0.958333,0.958333,0.750000,0.027940,0.027943
0.958333,0.958333,0.791667,0.024030,0.024057
0.958333,0.958333,0.833333,0.019727,0.019759
0.958333,0.958333,0.875000,0.015105,0.015123
0.958333,0.958333,0.916667,0.010236,0.010228
0.958333,0.958333,0.958333,0.005183,0.005158
0.958333,0.958333,1.000000,-0.000000,-0.000000
0.958333,1.000000,0.000000,0.000000,0.000000
0.958333,1.000000,0.041667,0.000000,-0.000000
0.958333,1.000000,0.083333,0.000000,-0.000000
0.958333,1.000000,0.125000,0.000000,-0.000000
0.958333,1.000000,0.166667,0.000000,-0.000000
0.958333,1.000000,0.208333,0.000000,-0.000000
0.958333,1.000000,0.250000,0.000000,-0.000000
0.958333,1.000000,0.291667,0.000000,-0.000000
0.958333,1.000000,0.333333,0.000000,-0.000000
0.958333,1.000000,0.375000,0.000000,-0.000000
0.958333,1.000000,0.416667,0.000000,-0.000000
0.958333,1.000000,0.458333,0.000000,-0.000000
0.958333,1.000000,0.500000,0.000000,-0.000000
0.958333,1.000000,0.541667,0.000000,-0.000000
0.958333,1.000000,0.583333,0.000000,-0.000000
0.958333,1.000000,0.625000,0.000000,-0.000000
0.958333,1.000000,0.666667,0.000000,-0.000000
0.958333,1.000000,0.708333,0.000000,-0.000000
0.958333,1.000000,0.750000,0.000000,-0.000000
0.958333,1.000000,0.791667,0.000000,-0.000000
0.958333,1.000000,0.833333,0.000000,-0.000000
0.958333,1.000000,0.875000,0.000000,-0.000000
0.958333,1.000000,0.916667,0.000000,-0.000000
0.958333,1.000000,0.958333,0.000000,-0.000000
0.958333,1.000000,1.000000,0.000000,0.000000
1.000000,0.000000,0.000000,0.000000,0.000000
1.000000,0.000000,0.041667,0.000000,0.000000
1.000000,0.000000,0.083333,0.000000,0.000000
1.000000,0.000000,0.125000,0.000000,0.000000
1.000000,0.000000,0.166667,0.000000,0.000000
1.000000,0.000000,0.208333,0.000000,0.000000
1.000000,0.000000,0.250000,0.000000,0.000000
1.000000,0.000000,0.291667,0.000000,0.000000
1.000000,0.000000,0.333333,0.000000,0.000000
1.000000,0.000000,0.375000,0.000000,0.000000
1.000000,0.000000,0.416667,0.000000,0.000000
1.000000,0.000000,0.458333,0.000000,0.000000
1.000000,0.000000,0.500000,0.000000,0.000000
1.000000,0.000000,0.541667,0.000000,0.000000
1.000000,0.000000,0.583333,0.000000,0.000000
1.000000,0.000000,0.625000,0.000000,0.000000
1.000000,0.000000,0.666667,0.000000,0.000000
1.000000,0.000000,0.708333,0.000000,0.000000
1.000000,0.000000,0.750000,0.000000,0.000000
1.000000,0.000000,0.791667,0.000000,0.000000
1.000000,0.000000,0.833333,0.000000,0.000000
1.000000,0.000000,0.875000,0.000000,0.000000
1.000000,0.000000,0.916667,0.000000,0.000000
1.000000,0.000000,0.958333,0.000000,0.000000
1.000000,0.000000,1.000000,0.000000,-0.000000
1.000000,0.041667,0.000000,0.000000,0.000000
1.000000,0.041667,0.041667,0.005619,0.005480
1.000000,0.041667,0.083333,0.011065,0.010866
1.000000,0.041667,0.125000,0.016253,0.016066
1.000000,0.041667,0.166667,0.021108,0.020992
1.000000,0.041667,0.208333,0.025562,0.025558
1.000000,0.041667,0.250000,0.029553,0.029687
1.000000,0.041667,0.291667,0.033029,0.033308
1.000000,0.041667,0.333333,0.035941,0.036359
1.000000,0.041667,0.375000,0.038247,0.038788
1.000000,0.041667,0.416667,0.039915,0.040553
1.000000,0.041667,0.458333,0.040919,0.041624
1.000000,0.041667,0.500000,0.041247,0.041984
1.000000,0.041667,0.541667,0.040894,0.041624
1.000000,0.041667,0.583333,0.039867,0.040553
1.000000,0.041667,0.625000,0.038184,0.038788
1.000000,0.041667,0.666667,0.035872,0.036359
1.000000,0.041667,0.708333,0.032966,0.033308
1.000000,0.041667,0.750000,0.029510,0.029687
1.000000,0.041667,0.791667,0.025549,0.025558
1.000000,0.041667,0.833333,0.021136,0.020992
1.000000,0.041667,0.875000,0.016321,0.016066
1.000000,0.041667,0.916667,0.011160,0.010866
1.000000,0.041667,0.958333,0.005703,0.005480
1.000000,0.041667,1.000000,0.000000,-0.000000
1.000000,0.083333,0.000000,0.000000,0.000000
1.000000,0.083333,0.041667,0.011130,0.010852
1.000000,0.083333,0.083333,0.021939,0.021519
1.000000,0.083333,0.125000,0.032251,0.031818
1.000000,0.083333,0.166667,0.041912,0.041572
1.000000,0.083333,0.208333,0.050784,0.050615
1.000000,0.083333,0.250000,0.058743,0.058792
1.000000,0.083333,0.291667,0.065678,0.065963
1.000000,0.083333,0.333333,0.071490,0.072005
1.000000,0.083333,0.375000,0.076096,0.076815
1.000000,0.083333,0.416667,0.079428,0.080311
1.000000,0.083333,0.458333,0.081435,0.082433
1.000000,0.083333,0.500000,0.082088,0.083144
1.000000,0.083333,0.541667,0.081380,0.082433
1.000000,0.083333,0.583333,0.079323,0.080311
1.000000,0.083333,0.625000,0.075952,0.076815
1.000000,0.083333,0.666667,0.071324,0.072005
1.000000,0.083333,0.708333,0.065510,0.065963
1.000000,0.083333,0.750000,0.058599,0.058792
1.000000,0.083333,0.791667,0.050689,0.050615
1.000000,0.083333,0.833333,0.041886,0.041572
1.000000,0.083333,0.875000,0.032304,0.031818
1.000000,0.083333,0.916667,0.022054,0.021519
1.000000,0.083333,0.958333,0.011250,0.010852
1.000000,0.083333,1.000000,0.000000,-0.000000
1.000000,0.125000,0.000000,0.000000,0.000000
1.000000,0.125000,0.041667,0.016444,0.016013
1.000000,0.125000,0.083333,0.032439,0.031752
1.000000,0.125000,0.125000,0.047717,0.046948
1.000000,0.125000,0.166667,0.062043,0.061340
1.000000,0.125000,0.208333,0.075205,0.074683
1.000000,0.125000,0.250000,0.087015,0.086748
1.000000,0.125000,0.291667,0.097305,0.097329
1.000000,0.125000,0.333333,0.105927,0.106244
1.000000,0.125000,0.375000,0.112758,0.113342
1.000000,0.125000,0.416667,0.117695,0.118500
1.000000,0.125000,0.458333,0.120665,0.121630
1.000000,0.125000,0.500000,0.121625,0.122680
1.000000,0.125000,0.541667,0.120562,0.121630
1.000000,0.125000,0.583333,0.117496,0.118500
1.000000,0.125000,0.625000,0.112481,0.113342
1.000000,0.125000,0.666667,0.105599,0.106244
1.000000,0.125000,0.708333,0.096958,0.097329
1.000000,0.125000,0.750000,0.086689,0.086748
1.000000,0.125000,0.791667,0.074944,0.074683
1.000000,0.125000,0.833333,0.061886,0.061340
1.000000,0.125000,0.875000,0.047686,0.046948
1.000000,0.125000,0.916667,0.032521,0.031752
1.000000,0.125000,0.958333,0.016569,0.016013
1.000000,0.125000,1.000000,0.000000,-0.000000
1.000000,0.166667,0.000000,0.000000,0.000000
1.000000,0.166667,0.041667,0.021426,0.020862
1.000000,0.166667,0.083333,0.042304,0.041367
1.000000,0.166667,0.125000,0.062273,0.061165
1.000000,0.166667,0.166667,0.081012,0.079915
1.000000,0.166667,0.208333,0.098235,0.097299
1.000000,0.166667,0.250000,0.113686,0.113017
1.000000,0.166667,0.291667,0.127143,0.126802
1.000000,0.166667,0.333333,0.138411,0.138418
1.000000,0.166667,0.375000,0.147327,0.147664
1.000000,0.166667,0.416667,0.153761,0.154385
1.000000,0.166667,0.458333,0.157619,0.158464
1.000000,0.166667,0.500000,0.158846,0.159831
1.000000,0.166667,0.541667,0.157428,0.158464
1.000000,0.166667,0.583333,0.153394,0.154385
1.000000,0.166667,0.625000,0.146813,0.147664
1.000000,0.166667,0.666667,0.137793,0.138418
1.000000,0.166667,0.708333,0.126478,0.126802
1.000000,0.166667,0.750000,0.113040,0.113017
1.000000,0.166667,0.791667,0.097680,0.097299
1.000000,0.166667,0.833333,0.080613,0.079915
1.000000,0.166667,0.875000,0.062073,0.061165
1.000000,0.166667,0.916667,0.042297,0.041367
1.000000,0.166667,0.958333,0.021527,0.020862
1.000000,0.166667,1.000000,0.000000,-0.000000
1.000000,0.208333,0.000000,0.000000,0.000000
1.000000,0.208333,0.041667,0.025931,0.025309
1.000000,0.208333,0.083333,0.051260,0.050184
1.000000,0.208333,0.125000,0.075530,0.074201
1.000000,0.208333,0.166667,0.098331,0.096949
1.000000,0.208333,0.208333,0.119298,0.118037
1.000000,0.208333,0.250000,0.138112,0.137106
1.000000,0.208333,0.291667,0.154491,0.153829
1.000000,0.208333,0.333333,0.168196,0.167920
1.000000,0.208333,0.375000,0.179029,0.179137
1.000000,0.208333,0.416667,0.186833,0.187290
1.000000,0.208333,0.458333,0.191497,0.192238
1.000000,0.208333,0.500000,0.192959,0.193897
1.000000,0.208333,0.541667,0.191204,0.192238
1.000000,0.208333,0.583333,0.186270,0.187290
1.000000,0.208333,0.625000,0.178243,0.179137
1.000000,0.208333,0.666667,0.167254,0.167920
1.000000,0.208333,0.708333,0.153479,0.153829
1.000000,0.208333,0.750000,0.137130,0.137106
1.000000,0.208333,0.791667,0.118449,0.118037
1.000000,0.208333,0.833333,0.097707,0.096949
1.000000,0.208333,0.875000,0.075189,0.074201
1.000000,0.208333,0.916667,0.051196,0.050184
1.000000,0.208333,0.958333,0.026032,0.025309
1.000000,0.208333,1.000000,0.000000,-0.000000
1.000000,0.250000,0.000000,0.000000,0.000000
1.000000,0.250000,0.041667,0.029847,0.029271
1.000000,0.250000,0.083333,0.059084,0.058041
1.000000,0.250000,0.125000,0.087164,0.085819
1.000000,0.250000,0.166667,0.113587,0.112128
1.000000,0.250000,0.208333,0.137912,0.136518
1.000000,0.250000,0.250000,0.159749,0.158572
1.000000,0.250000,0.291667,0.178761,0.177914
1.000000,0.250000,0.333333,0.194665,0.194211
1.000000,0.250000,0.375000,0.207228,0.207185
1.000000,0.250000,0.416667,0.216270,0.216614
1.000000,0.250000,0.458333,0.221666,0.222337
1.000000,0.250000,0.500000,0.223345,0.224255
1.000000,0.250000,0.541667,0.221297,0.222337
1.000000,0.250000,0.583333,0.215565,0.216614
1.000000,0.250000,0.625000,0.206251,0.207185
1.000000,0.250000,0.666667,0.193508,0.194211
1.000000,0.250000,0.708333,0.177539,0.177914
1.000000,0.250000,0.750000,0.158590,0.158572
1.000000,0.250000,0.791667,0.136944,0.136518
1.000000,0.250000,0.833333,0.112917,0.112128
1.000000,0.250000,0.875000,0.086848,0.085819
1.000000,0.250000,0.916667,0.059094,0.058041
1.000000,0.250000,0.958333,0.030021,0.029271
1.000000,0.250000,1.000000,0.000000,-0.000000
1.000000,0.291667,0.000000,0.000000,0.000000
1.000000,0.291667,0.041667,0.033121,0.032680
1.000000,0.291667,0.083333,0.065661,0.064801
1.000000,0.291667,0.125000,0.096991,0.095813
1.000000,0.291667,0.166667,0.126531,0.125186
1.000000,0.291667,0.208333,0.153762,0.152417
1.000000,0.291667,0.250000,0.178228,0.177040
1.000000,0.291667,0.291667,0.199537,0.198633
1.000000,0.291667,0.333333,0.217363,0.216828
1.000000,0.291667,0.375000,0.231440,0.231313
1.000000,0.291667,0.416667,0.241567,0.241841
1.000000,0.291667,0.458333,0.247606,0.248230
1.000000,0.291667,0.500000,0.249483,0.250372
1.000000,0.291667,0.541667,0.247187,0.248230
1.000000,0.291667,0.583333,0.240771,0.241841
1.000000,0.291667,0.625000,0.230351,0.231313
1.000000,0.291667,0.666667,0.216097,0.216828
1.000000,0.291667,0.708333,0.198236,0.198633
1.000000,0.291667,0.750000,0.177043,0.177040
1.000000,0.291667,0.791667,0.152837,0.152417
1.000000,0.291667,0.833333,0.125973,0.125186
1.000000,0.291667,0.875000,0.096839,0.095813
1.000000,0.291667,0.916667,0.065845,0.064801
1.000000,0.291667,0.958333,0.033420,0.032680
1.000000,0.291667,1.000000,0.000000,-0.000000
1.000000,0.333333,0.000000,0.000000,0.000000
1.000000,0.333333,0.041667,0.035755,0.035479
1.000000,0.333333,0.083333,0.070974,0.070351
1.000000,0.333333,0.125000,0.104961,0.104019
1.000000,0.333333,0.166667,0.137069,0.135907
1.000000,0.333333,0.208333,0.166709,0.165470
1.000000,0.333333,0.250000,0.193362,0.192202
1.000000,0.333333,0.291667,0.216585,0.215645
1.000000,0.333333,0.333333,0.236011,0.235398
1.000000,0.333333,0.375000,0.251346,0.251124
1.000000,0.333333,0.416667,0.262370,0.262552
1.000000,0.333333,0.458333,0.268935,0.269489
1.000000,0.333333,0.500000,0.270964,0.271814
1.000000,0.333333,0.541667,0.268452,0.269489
1.000000,0.333333,0.583333,0.261460,0.262552
1.000000,0.333333,0.625000,0.250114,0.251124
1.000000,0.333333,0.666667,0.234603,0.235398
1.000000,0.333333,0.708333,0.215172,0.215645
1.000000,0.333333,0.750000,0.192121,0.192202
1.000000,0.333333,0.791667,0.165798,0.165470
1.000000,0.333333,0.833333,0.136594,0.135907
1.000000,0.333333,0.875000,0.104940,0.104019
1.000000,0.333333,0.916667,0.071296,0.070351
1.000000,0.333333,0.958333,0.036149,0.035479
1.000000,0.333333,1.000000,0.000000,-0.000000
1.000000,0.375000,0.000000,0.000000,0.000000
1.000000,0.375000,0.041667,0.037758,0.037625
1.000000,0.375000,0.083333,0.075024,0.074606
1.000000,0.375000,0.125000,0.111059,0.110311
1.000000,0.375000,0.166667,0.145158,0.144128
1.000000,0.375000,0.208333,0.176675,0.175479
1.000000,0.375000,0.250000,0.205037,0.203828
1.000000,0.375000,0.291667,0.229755,0.228689
1.000000,0.375000,0.333333,0.250425,0.249637
1.000000,0.375000,0.375000,0.266730,0.266314
1.000000,0.375000,0.416667,0.278435,0.278434
1.000000,0.375000,0.458333,0.285387,0.285790
1.000000,0.375000,0.500000,0.287510,0.288256
1.000000,0.375000,0.541667,0.284803,0.285790
1.000000,0.375000,0.583333,0.277337,0.278434
1.000000,0.375000,0.625000,0.265249,0.266314
1.000000,0.375000,0.666667,0.248743,0.249637
1.000000,0.375000,0.708333,0.228079,0.228689
1.000000,0.375000,0.750000,0.203578,0.203828
1.000000,0.375000,0.791667,0.175610,0.175479
1.000000,0.375000,0.833333,0.144598,0.144128
1.000000,0.375000,0.875000,0.111008,0.110311
1.000000,0.375000,0.916667,0.075347,0.074606
1.000000,0.375000,0.958333,0.038156,0.037625
1.000000,0.375000,1.000000,0.000000,-0.000000
1.000000,0.416667,0.000000,0.000000,0.000000
1.000000,0.416667,0.041667,0.039110,0.039090
1.000000,0.416667,0.083333,0.077769,0.077511
1.000000,0.416667,0.125000,0.115211,0.114606
1.000000,0.416667,0.166667,0.150693,0.149740
1.000000,0.416667,0.208333,0.183526,0.182311
1.000000,0.416667,0.250000,0.213092,0.211764
1.000000,0.416667,0.291667,0.238865,0.237593
1.000000,0.416667,0.333333,0.260411,0.259357
1.000000,0.416667,0.375000,0.277392,0.276683
1.000000,0.416667,0.416667,0.289564,0.289275
1.000000,0.416667,0.458333,0.296769,0.296917
1.000000,0.416667,0.500000,0.298937,0.299479
1.000000,0.416667,0.541667,0.296071,0.296917
1.000000,0.416667,0.583333,0.288252,0.289275
1.000000,0.416667,0.625000,0.275627,0.276683
1.000000,0.416667,0.666667,0.258408,0.259357
1.000000,0.416667,0.708333,0.236869,0.237593
1.000000,0.416667,0.750000,0.211344,0.211764
1.000000,0.416667,0.791667,0.182222,0.182311
1.000000,0.416667,0.833333,0.149949,0.149740
1.000000,0.416667,0.875000,0.115024,0.114606
1.000000,0.416667,0.916667,0.077992,0.077511
1.000000,0.416667,0.958333,0.039443,0.039090
1.000000,0.416667,1.000000,0.000000,-0.000000
1.000000,0.458333,0.000000,0.000000,0.000000
1.000000,0.458333,0.041667,0.039789,0.039860
1.000000,0.458333,0.083333,0.079153,0.079037
1.000000,0.458333,0.125000,0.117328,0.116863
1.000000,0.458333,0.166667,0.153553,0.152688
1.000000,0.458333,0.208333,0.187113,0.185902
1.000000,0.458333,0.250000,0.217359,0.215934
1.000000,0.458333,0.291667,0.243737,0.242272
1.000000,0.458333,0.333333,0.265790,0.264464
1.000000,0.458333,0.375000,0.283163,0.282131
1.000000,0.458333,0.416667,0.295605,0.294971
1.000000,0.458333,0.458333,0.302956,0.302764
1.000000,0.458333,0.500000,0.305148,0.305377
1.000000,0.458333,0.541667,0.302189,0.302764
1.000000,0.458333,0.583333,0.294166,0.294971
1.000000,0.458333,0.625000,0.281231,0.282131
1.000000,0.458333,0.666667,0.263604,0.264464
1.000000,0.458333,0.708333,0.241565,0.242272
1.000000,0.458333,0.750000,0.215456,0.215934
1.000000,0.458333,0.791667,0.185680,0.185901
1.000000,0.458333,0.833333,0.152701,0.152688
1.000000,0.458333,0.875000,0.117041,0.116863
1.000000,0.458333,0.916667,0.079280,0.079037
1.000000,0.458333,0.958333,0.040044,0.039860
1.000000,0.458333,1.000000,0.000000,-0.000000
1.000000,0.500000,0.000000,0.000000,0.000000
1.000000,0.500000,0.041667,0.039805,0.039934
1.000000,0.500000,0.083333,0.079185,0.079184
1.000000,0.500000,0.125000,0.117405,0.117080
1.000000,0.500000,0.166667,0.153716,0.152972
1.000000,0.500000,0.208333,0.187395,0.186247
1.000000,0.500000,0.250000,0.217784,0.216335
1.000000,0.500000,0.291667,0.244309,0.242722
1.000000,0.500000,0.333333,0.266497,0.264955
1.000000,0.500000,0.375000,0.283983,0.282656
1.000000,0.500000,0.416667,0.296507,0.295519
1.000000,0.500000,0.458333,0.303907,0.303327
1.000000,0.500000,0.500000,0.306113,0.305944
1.000000,0.500000,0.541667,0.303138,0.303327
1.000000,0.500000,0.583333,0.295069,0.295519
1.000000,0.500000,0.625000,0.282061,0.282656
1.000000,0.500000,0.666667,0.264336,0.264955
1.000000,0.500000,0.708333,0.242176,0.242722
1.000000,0.500000,0.750000,0.215929,0.216335
1.000000,0.500000,0.791667,0.186007,0.186247
1.000000,0.500000,0.833333,0.152884,0.152972
1.000000,0.500000,0.875000,0.117100,0.117080
1.000000,0.500000,0.916667,0.079253,0.079184
1.000000,0.500000,0.958333,0.039991,0.039934
1.000000,0.500000,1.000000,0.000000,-0.000000
1.000000,0.541667,0.000000,0.000000,0.000000
1.000000,0.541667,0.041667,0.039191,0.039325
1.000000,0.541667,0.083333,0.077926,0.077976
1.000000,0.541667,0.125000,0.115523,0.115294
1.000000,0.541667,0.166667,0.151271,0.150638
1.000000,0.541667,0.208333,0.184465,0.183406
1.000000,0.541667,0.250000,0.214452,0.213035
1.000000,0.541667,0.291667,0.240655,0.239019
1.000000,0.541667,0.333333,0.262595,0.260913
1.000000,0.541667,0.375000,0.279899,0.278344
1.000000,0.541667,0.416667,0.292302,0.291011
1.000000,0.541667,0.458333,0.299638,0.298699
1.000000,0.541667,0.500000,0.301835,0.301277
1.000000,0.541667,0.541667,0.298905,0.298699
1.000000,0.541667,0.583333,0.290934,0.291011
1.000000,0.541667,0.625000,0.278077,0.278344
1.000000,0.541667,0.666667,0.260554,0.260913
1.000000,0.541667,0.708333,0.238652,0.239019
1.000000,0.541667,0.750000,0.212718,0.213035
1.000000,0.541667,0.791667,0.183168,0.183406
1.000000,0.541667,0.833333,0.150482,0.150638
1.000000,0.541667,0.875000,0.115201,0.115294
1.000000,0.541667,0.916667,0.077925,0.077976
1.000000,0.541667,0.958333,0.039300,0.039324
1.000000,0.541667,1.000000,0.000000,-0.000000
1.000000,0.583333,0.000000,0.000000,0.000000
1.000000,0.583333,0.041667,0.037966,0.038056
1.000000,0.583333,0.083333,0.075425,0.075461
1.000000,0.583333,0.125000,0.111766,0.111575
1.000000,0.583333,0.166667,0.146330,0.145780
1.000000,0.583333,0.208333,0.178453,0.177490
1.000000,0.583333,0.250000,0.207503,0.206164
1.000000,0.583333,0.291667,0.232915,0.231310
1.000000,0.583333,0.333333,0.254214,0.252498
1.000000,0.583333,0.375000,0.271028,0.269366
1.000000,0.583333,0.416667,0.283087,0.281625
1.000000,0.583333,0.458333,0.290225,0.289065
1.000000,0.583333,0.500000,0.292367,0.291559
1.000000,0.583333,0.541667,0.289522,0.289065
1.000000,0.583333,0.583333,0.281775,0.281625
1.000000,0.583333,0.625000,0.269280,0.269366
1.000000,0.583333,0.666667,0.252257,0.252498
1.000000,0.583333,0.708333,0.230990,0.231310
1.000000,0.583333,0.750000,0.205825,0.206164
1.000000,0.583333,0.791667,0.177175,0.177490
1.000000,0.583333,0.833333,0.145512,0.145780
1.000000,0.583333,0.875000,0.111367,0.111575
1.000000,0.583333,0.916667,0.075320,0.075461
1.000000,0.583333,0.958333,0.037985,0.038056
1.000000,0.583333,1.000000,0.000000,-0.000000
1.000000,0.625000,0.000000,0.000000,0.000000
1.000000,0.625000,0.041667,0.036131,0.036163
1.000000,0.625000,0.083333,0.071708,0.071707
1.000000,0.625000,0.125000,0.106193,0.106025
1.000000,0.625000,0.166667,0.138991,0.138528
1.000000,0.625000,0.208333,0.169491,0.168661
1.000000,0.625000,0.250000,0.197097,0.195908
1.000000,0.625000,0.291667,0.221270,0.219803
1.000000,0.625000,0.333333,0.241549,0.239937
1.000000,0.625000,0.375000,0.257571,0.255966
1.000000,0.625000,0.416667,0.269068,0.267615
1.000000,0.625000,0.458333,0.275875,0.274685
1.000000,0.625000,0.500000,0.277914,0.277055
1.000000,0.625000,0.541667,0.275194,0.274685
1.000000,0.625000,0.583333,0.267797,0.267615
1.000000,0.625000,0.625000,0.255876,0.255966
1.000000,0.625000,0.666667,0.239646,0.239937
1.000000,0.625000,0.708333,0.219387,0.219803
1.000000,0.625000,0.750000,0.195439,0.195908
1.000000,0.625000,0.791667,0.168201,0.168661
1.000000,0.625000,0.833333,0.138125,0.138528
1.000000,0.625000,0.875000,0.105715,0.106024
1.000000,0.625000,0.916667,0.071509,0.071707
1.000000,0.625000,0.958333,0.036078,0.036163
1.000000,0.625000,1.000000,0.000000,-0.000000
1.000000,0.666667,0.000000,0.000000,0.000000
1.000000,0.666667,0.041667,0.033709,0.033688
1.000000,0.666667,0.083333,0.066829,0.066800
1.000000,0.666667,0.125000,0.098898,0.098769
1.000000,0.666667,0.166667,0.129394,0.129048
1.000000,0.666667,0.208333,0.157765,0.157119
1.000000,0.666667,0.250000,0.183467,0.182502
1.000000,0.666667,0.291667,0.205995,0.204762
1.000000,0.666667,0.333333,0.224916,0.223518
1.000000,0.666667,0.375000,0.239877,0.238450
1.000000,0.666667,0.416667,0.250624,0.249302
1.000000,0.666667,0.458333,0.256989,0.255889
1.000000,0.666667,0.500000,0.258899,0.258097
1.000000,0.666667,0.541667,0.256358,0.255889
1.000000,0.666667,0.583333,0.249445,0.249302
1.000000,0.666667,0.625000,0.238308,0.238450
1.000000,0.666667,0.666667,0.223156,0.223518
1.000000,0.666667,0.708333,0.204258,0.204762
1.000000,0.666667,0.750000,0.181938,0.182502
1.000000,0.666667,0.791667,0.156573,0.157119
1.000000,0.666667,0.833333,0.128583,0.129048
1.000000,0.666667,0.875000,0.098431,0.098769
1.000000,0.666667,0.916667,0.066609,0.066800
1.000000,0.666667,0.958333,0.033625,0.033688
1.000000,0.666667,1.000000,0.000000,-0.000000
1.000000,0.708333,0.000000,0.000000,0.000000
1.000000,0.708333,0.041667,0.030754,0.030683
1.000000,0.708333,0.083333,0.060896,0.060841
1.000000,0.708333,0.125000,0.090045,0.089958
1.000000,0.708333,0.166667,0.117757,0.117536
1.000000,0.708333,0.208333,0.143551,0.143103
1.000000,0.708333,0.250000,0.166940,0.166221
1.000000,0.708333,0.291667,0.187470,0.186495
1.000000,0.708333,0.333333,0.204737,0.203578
1.000000,0.708333,0.375000,0.218413,0.217178
1.000000,0.708333,0.416667,0.228252,0.227062
1.000000,0.708333,0.458333,0.234096,0.233061
1.000000,0.708333,0.500000,0.235868,0.235072
1.000000,0.708333,0.541667,0.233570,0.233061
1.000000,0.708333,0.583333,0.227274,0.227062
1.000000,0.708333,0.625000,0.217119,0.217178
1.000000,0.708333,0.666667,0.203302,0.203578
1.000000,0.708333,0.708333,0.186073,0.186495
1.000000,0.708333,0.750000,0.165736,0.166221
1.000000,0.708333,0.791667,0.142633,0.143103
1.000000,0.708333,0.833333,0.117151,0.117536
1.000000,0.708333,0.875000,0.089702,0.089958
1.000000,0.708333,0.916667,0.060725,0.060841
1.000000,0.708333,0.958333,0.030672,0.030683
1.000000,0.708333,1.000000,0.000000,-0.000000
1.000000,0.750000,0.000000,0.000000,0.000000
1.000000,0.750000,0.041667,0.027336,0.027204
1.000000,0.750000,0.083333,0.054045,0.053942
1.000000,0.750000,0.125000,0.079832,0.079757
1.000000,0.750000,0.166667,0.104337,0.104208
1.000000,0.750000,0.208333,0.127158,0.126875
1.000000,0.750000,0.250000,0.147879,0.147372
1.000000,0.750000,0.291667,0.166097,0.165347
1.000000,0.750000,0.333333,0.181452,0.180493
1.000000,0.750000,0.375000,0.193643,0.192551
1.000000,0.750000,0.416667,0.202441,0.201314
1.000000,0.750000,0.458333,0.207693,0.206632
1.000000,0.750000,0.500000,0.209321,0.208415
1.000000,0.750000,0.541667,0.207323,0.206632
1.000000,0.750000,0.583333,0.201760,0.201314
1.000000,0.750000,0.625000,0.192757,0.192551
1.000000,0.750000,0.666667,0.180493,0.180493
1.000000,0.750000,0.708333,0.165197,0.165347
1.000000,0.750000,0.750000,0.147139,0.147372
1.000000,0.750000,0.791667,0.126632,0.126875
1.000000,0.750000,0.833333,0.104014,0.104208
1.000000,0.750000,0.875000,0.079654,0.079757
1.000000,0.750000,0.916667,0.053936,0.053942
1.000000,0.750000,0.958333,0.027253,0.027204
1.000000,0.750000,1.000000,0.000000,-0.000000
1.000000,0.791667,0.000000,0.000000,0.000000
1.000000,0.791667,0.041667,0.023510,0.023312
1.000000,0.791667,0.083333,0.046393,0.046224
1.000000,0.791667,0.125000,0.068437,0.068346
1.000000,0.791667,0.166667,0.089371,0.089298
1.000000,0.791667,0.208333,0.108876,0.108723
1.000000,0.791667,0.250000,0.126610,0.126287
1.000000,0.791667,0.291667,0.142236,0.141690
1.000000,0.791667,0.333333,0.155443,0.154670
1.000000,0.791667,0.375000,0.165962,0.165002
1.000000,0.791667,0.416667,0.173586,0.172511
1.000000,0.791667,0.458333,0.178169,0.177069
1.000000,0.791667,0.500000,0.179636,0.178597
1.000000,0.791667,0.541667,0.177975,0.177069
1.000000,0.791667,0.583333,0.173236,0.172511
1.000000,0.791667,0.625000,0.165526,0.165002
1.000000,0.791667,0.666667,0.155002,0.154669
1.000000,0.791667,0.708333,0.141862,0.141690
1.000000,0.791667,0.750000,0.126347,0.126287
1.000000,0.791667,0.791667,0.108726,0.108723
1.000000,0.791667,0.833333,0.089298,0.089298
1.000000,0.791667,0.875000,0.068379,0.068346
1.000000,0.791667,0.916667,0.046300,0.046224
1.000000,0.791667,0.958333,0.023397,0.023312
1.000000,0.791667,1.000000,0.000000,-0.000000
1.000000,0.833333,0.000000,0.000000,0.000000
1.000000,0.833333,0.041667,0.019319,0.019072
1.000000,0.833333,0.083333,0.038036,0.037817
1.000000,0.833333,0.125000,0.056016,0.055915
1.000000,0.833333,0.166667,0.073070,0.073057
1.000000,0.833333,0.208333,0.088965,0.088948
1.000000,0.833333,0.250000,0.103439,0.103318
1.000000,0.833333,0.291667,0.116223,0.115919
1.000000,0.833333,0.333333,0.127061,0.126538
1.000000,0.833333,0.375000,0.135728,0.134991
1.000000,0.833333,0.416667,0.142040,0.141135
1.000000,0.833333,0.458333,0.145869,0.144863
1.000000,0.833333,0.500000,0.147140,0.146113
1.000000,0.833333,0.541667,0.145835,0.144863
1.000000,0.833333,0.583333,0.141990,0.141135
1.000000,0.833333,0.625000,0.135691,0.134991
1.000000,0.833333,0.666667,0.127066,0.126538
1.000000,0.833333,0.708333,0.116285,0.115919
1.000000,0.833333,0.750000,0.103548,0.103318
1.000000,0.833333,0.791667,0.089085,0.088948
1.000000,0.833333,0.833333,0.073146,0.073057
1.000000,0.833333,0.875000,0.055996,0.055915
1.000000,0.833333,0.916667,0.037908,0.037817
1.000000,0.833333,0.958333,0.019156,0.019072
1.000000,0.833333,1.000000,0.000000,-0.000000
1.000000,0.875000,0.000000,0.000000,0.000000
1.000000,0.875000,0.041667,0.014807,0.014551
1.000000,0.875000,0.083333,0.029075,0.028853
1.000000,0.875000,0.125000,0.042734,0.042661
1.000000,0.875000,0.166667,0.055667,0.055740
1.000000,0.875000,0.208333,0.067721,0.067864
1.000000,0.875000,0.250000,0.078711,0.078828
1.000000,0.875000,0.291667,0.088443,0.088443
1.000000,0.875000,0.333333,0.096722,0.096544
1.000000,0.875000,0.375000,0.103371,0.102994
1.000000,0.875000,0.416667,0.108243,0.107681
1.000000,0.875000,0.458333,0.111227,0.110526
1.000000,0.875000,0.500000,0.112257,0.111480
1.000000,0.875000,0.541667,0.111311,0.110526
1.000000,0.875000,0.583333,0.108411,0.107681
1.000000,0.875000,0.625000,0.103619,0.102994
1.000000,0.875000,0.666667,0.097034,0.096544
1.000000,0.875000,0.708333,0.088790,0.088443
1.000000,0.875000,0.750000,0.079045,0.078828
1.000000,0.875000,0.791667,0.067982,0.067864
1.000000,0.875000,0.833333,0.055798,0.055740
1.000000,0.875000,0.875000,0.042702,0.042661
1.000000,0.875000,0.916667,0.028904,0.028853
1.000000,0.875000,0.958333,0.014607,0.014551
1.000000,0.875000,1.000000,0.000000,-0.000000
1.000000,0.916667,0.000000,0.000000,0.000000
1.000000,0.916667,0.041667,0.010035,0.009819
1.000000,0.916667,0.083333,0.019644,0.019469
1.000000,0.916667,0.125000,0.028804,0.028787
1.000000,0.916667,0.166667,0.037456,0.037612
1.000000,0.916667,0.208333,0.045515,0.045794
1.000000,0.916667,0.250000,0.052871,0.053192
1.000000,0.916667,0.291667,0.059400,0.059679
1.000000,0.916667,0.333333,0.064974,0.065146
1.000000,0.916667,0.375000,0.069472,0.069498
1.000000,0.916667,0.416667,0.072790,0.072661
1.000000,0.916667,0.458333,0.074846,0.074581
1.000000,0.916667,0.500000,0.075586,0.075224
1.000000,0.916667,0.541667,0.074989,0.074581
1.000000,0.916667,0.583333,0.073064,0.072661
1.000000,0.916667,0.625000,0.069852,0.069498
1.000000,0.916667,0.666667,0.065419,0.065146
1.000000,0.916667,0.708333,0.059857,0.059679
1.000000,0.916667,0.750000,0.053279,0.053192
1.000000,0.916667,0.791667,0.045812,0.045794
1.000000,0.916667,0.833333,0.037594,0.037612
1.000000,0.916667,0.875000,0.028769,0.028787
1.000000,0.916667,0.916667,0.019477,0.019469
1.000000,0.916667,0.958333,0.009849,0.009819
1.000000,0.916667,1.000000,0.000000,-0.000000
1.000000,0.958333,0.000000,0.000000,0.000000
1.000000,0.958333,0.041667,0.005075,0.004945
1.000000,0.958333,0.083333,0.009900,0.009805
1.000000,0.958333,0.125000,0.014476,0.014498
1.000000,0.958333,0.166667,0.018783,0.018942
1.000000,0.958333,0.208333,0.022790,0.023062
1.000000,0.958333,0.250000,0.026448,0.026788
1.000000,0.958333,0.291667,0.029702,0.030055
1.000000,0.958333,0.333333,0.032491,0.032808
1.000000,0.958333,0.375000,0.034753,0.035000
1.000000,0.958333,0.416667,0.036433,0.036593
1.000000,0.958333,0.458333,0.037488,0.037560
1.000000,0.958333,0.500000,0.037887,0.037884
1.000000,0.958333,0.541667,0.037613,0.037560
1.000000,0.958333,0.583333,0.036669,0.036593
1.000000,0.958333,0.625000,0.035073,0.035000
1.000000,0.958333,0.666667,0.032858,0.032808
1.000000,0.958333,0.708333,0.030072,0.030055
1.000000,0.958333,0.750000,0.026771,0.026788
1.000000,0.958333,0.791667,0.023024,0.023062
1.000000,0.958333,0.833333,0.018900,0.018942
1.000000,0.958333,0.875000,0.014472,0.014498
1.000000,0.958333,0.916667,0.009807,0.009805
1.000000,0.958333,0.958333,0.004967,0.004945
1.000000,0.958333,1.000000,0.000000,-0.000000
1.000000,1.000000,0.000000,0.000000,0.000000
1.000000,1.000000,0.041667,0.000000,-0.000000
1.000000,1.000000,0.083333,0.000000,-0.000000
1.000000,1.000000,0.125000,0.000000,-0.000000
1.000000,1.000000,0.166667,0.000000,-0.000000
1.000000,1.000000,0.208333,0.000000,-0.000000
1.000000,1.000000,0.250000,0.000000,-0.000000
1.000000,1.000000,0.291667,0.000000,-0.000000
1.000000,1.000000,0.333333,0.000000,-0.000000
1.000000,1.000000,0.375000,0.000000,-0.000000
1.000000,1.000000,0.416667,0.000000,-0.000000
1.000000,1.000000,0.458333,0.000000,-0.000000
1.000000,1.000000,0.500000,0.000000,-0.000000
1.000000,1.000000,0.541667,0.000000,-0.000000
1.000000,1.000000,0.583333,0.000000,-0.000000
1.000000,1.000000,0.625000,0.000000,-0.000000
1.000000,1.000000,0.666667,0.000000,-0.000000
1.000000,1.000000,0.708333,0.000000,-0.000000
1.000000,1.000000,0.750000,0.000000,-0.000000
1.000000,1.000000,0.791667,0.000000,-0.000000
1.000000,1.000000,0.833333,0.000000,-0.000000
1.000000,1.000000,0.875000,0.000000,-0.000000
1.000000,1.000000,0.916667,0.000000,-0.000000
1.000000,1.000000,0.958333,0.000000,-0.000000
1.000000,1.000000,1.000000,0.000000,0.000000
